seqid,timing_pass,TE_ms,ESP_ms,TR_s,peak_gradient_mT_m,peak_slew_T_m_s,gradient_squared_Hz2_m2_s,rf_squared_Hz2_s,gradient_limit_mT_m,slew_limit_T_m_s,RF_energy_is_not_SAR,echo,time_s,b_trace_s_mm2,Bxx,Bxy,Bxz,q_x,Byx,Byy,Byz,q_y,Bzx,Bzy,Bzz,q_z
001328696f624053,True,36.025,16.0,2.0,215.61262788333624,1078.0631394166505,1249520666054.122,6259.044507202143,597.6633937782788,5976.633937782787,True,1,0.047221,1119.6635523327102,1118.8847592088446,0.0,-14.476850987722745,92.58946221253187,0.0,0.0,0.0,0.0,-14.476850987722745,0.0,0.7787931238656026,1592.2654952490716
001328696f624053,True,36.025,16.0,2.0,215.61262788333624,1078.0631394166505,1249520666054.122,6259.044507202143,597.6633937782788,5976.633937782787,True,2,0.063221,1123.8134242405595,1120.747666468604,-0.004814457012098198,-15.591823773417698,-86.73400215127491,-0.004814457012098198,0.00011792176654171804,8.879195109495686e-06,-175.66380182576222,-15.591823773417698,8.879195109495686e-06,3.065639850189,-12.716107432249373
001328696f624053,True,36.025,16.0,2.0,215.61262788333624,1078.0631394166505,1249520666054.122,6259.044507202143,597.6633937782788,5976.633937782787,True,3,0.079221,1128.2632034901658,1122.6087015787732,-0.009624799654693181,-16.95875049201687,92.58946221257735,-0.00962479965469318,0.0007059877106867146,0.002241288815000817,351.3276036515242,-16.95875049201687,0.002241288815000817,5.653795923681895,1592.2654952488856
001328696f624053,True,36.025,16.0,2.0,215.61262788333624,1078.0631394166505,1249520666054.122,6259.044507202143,597.6633937782788,5976.633937782787,True,4,0.095221,1132.4144842876592,1124.4716088385326,-0.014439308096410173,-18.07372327771181,-86.73400215137495,-0.014439308096410171,0.0022327991214746764,0.00446359817205801,-526.9914054772864,-18.07372327771181,0.00446359817205801,7.940642650005274,-12.716107431876935
001328696f624053,True,36.025,16.0,2.0,215.61262788333624,1078.0631394166505,1249520666054.122,6259.044507202143,597.6633937782788,5976.633937782787,True,5,0.111221,1136.8666096294878,1126.3326439487018,-0.019249599309386377,-19.440649996310967,92.58946221267739,-0.019249599309386373,0.005166957287945289,0.008937184918959588,702.6552073030487,-19.440649996310967,0.008937184918959588,10.528798723498152,1592.265495248515
001328696f624053,True,36.025,16.0,2.0,215.61262788333624,1078.0631394166505,1249520666054.122,6259.044507202143,597.6633937782788,5976.633937782787,True,6,0.127221,1141.0211737217817,1128.1955512084612,-0.024064159180722144,-20.55562278200591,-86.73400215147318,-0.02406415918072214,0.009977063499138237,0.013372924437962345,-878.3190091288108,-20.55562278200591,0.013372924437962345,12.815645449821519,-12.71610743149904
001328696f624053,True,36.025,16.0,2.0,215.61262788333624,1078.0631394166505,1249520666054.122,6259.044507202143,597.6633937782788,5976.633937782787,True,7,0.143221,1145.477519560989,1130.0565863186305,-0.02887439896408137,-21.922549500605147,92.58946221263555,-0.028874398964081366,0.01713171904409327,0.020087688311877423,1053.9828109545865,-21.922549500605147,0.020087688311877423,15.403801523314494,1592.2654952490716
001328696f624053,True,36.025,16.0,2.0,215.61262788333624,1078.0631394166505,1249520666054.122,6259.044507202143,597.6633937782788,5976.633937782787,True,8,0.159221,1149.6372413532397,1131.9194935783898,-0.03368901026503589,-23.037522286300103,-86.73400215137131,-0.03368901026503588,0.02709952521185004,0.026736857992833356,-1229.6466127803374,-23.037522286300103,0.026736857992833356,17.69064824963787,-12.716107432243916
005516ff01717d54,True,36.025,16.0,2.0,339.9715566464229,1699.8577832323015,2537897794761.841,7218.391098156113,597.6633937782788,5976.633937782787,True,1,0.047221,999.4441275390449,5.170038849912753,60.05190294965895,-0.4916838007199088,92.58946221235361,60.05190294965895,993.6109144596135,-9.934476634252144,2.0463630789890885e-10,-0.4916838007199088,-9.934476634252144,0.6631742295186049,-12.716107432290073
005516ff01717d54,True,36.025,16.0,2.0,339.9715566464229,1699.8577832323015,2537897794761.841,7218.391098156113,597.6633937782788,5976.633937782787,True,2,0.063221,1004.9082336537115,7.0329461096726,60.04708849264688,0.9892601230470105,-86.73400215153684,60.04708849264688,993.61103238138,-9.93446775505701,-175.66380182555753,0.9892601230470105,-9.93446775505701,4.264255162658867,-12.716107431916498
005516ff01717d54,True,36.025,16.0,2.0,339.9715566464229,1699.8577832323015,2537897794761.841,7218.391098156113,597.6633937782788,5976.633937782787,True,3,0.079221,1011.7678038736029,8.893981219842077,60.04227815000427,-0.7948204696782438,92.58946221236452,60.04227815000427,993.6116204473242,-9.934476745940081,351.32760365172896,-0.7948204696782438,-9.934476745940081,9.262202206436609,-12.71610743228166
005516ff01717d54,True,36.025,16.0,2.0,339.9715566464229,1699.8577832323015,2537897794761.841,7218.391098156113,597.6633937782788,5976.633937782787,True,4,0.095221,1024.2961896136644,10.756888479601924,60.03746364156257,1.776170914257597,-86.73400215153684,60.03746364156257,993.613147258735,-9.934467643368961,-526.9914054770818,1.776170914257597,-9.934467643368961,19.92615387532739,-12.716107431903765
005516ff01717d54,True,36.025,16.0,2.0,339.9715566464229,1699.8577832323015,2537897794761.841,7218.391098156113,597.6633937782788,5976.633937782787,True,5,0.111221,1039.150435417931,12.617923589771403,60.032653350349584,-1.0972184821082203,92.58946221236452,60.032653350349584,993.6160814169016,-9.934476857627992,702.6552073032532,-1.0972184821082203,-9.934476857627992,32.91643041125807,-12.716107432262106
005516ff01717d54,True,36.025,16.0,2.0,339.9715566464229,1699.8577832323015,2537897794761.841,7218.391098156113,597.6633937782788,5976.633937782787,True,6,0.127221,1062.5077194419634,14.480830849531248,60.02783879047826,2.5635718331638553,-86.73400215153684,60.02783879047826,993.620891523113,-9.934467531680868,-878.3190091286062,2.5635718331638553,-9.934467531680868,54.40599706931918,-12.71610743189376
005516ff01717d54,True,36.025,16.0,2.0,339.9715566464229,1699.8577832323015,2537897794761.841,7218.391098156113,597.6633937782788,5976.633937782787,True,7,0.143221,1089.1255509246391,16.341865959700723,60.02302855069488,-1.399374783901562,92.58946221235907,60.02302855069488,993.628046178658,-9.934476969315863,1053.9828109547639,-1.399374783901562,-9.934476969315863,79.15563878628033,-12.71610743135625
005516ff01717d54,True,36.025,16.0,2.0,339.9715566464229,1699.8577832323015,2537897794761.841,7218.391098156113,597.6633937782788,5976.633937782787,True,8,0.159221,1127.0812894579185,18.2047732194606,60.01821393939394,3.3514629915396537,-86.73400215144953,60.01821393939394,993.6380139848256,-9.934467419992767,-1229.6466127801602,3.3514629915396537,-9.934467419992767,115.23850225363222,-12.716107430269403
005e92350e632b1b,True,36.025,16.0,2.0,339.97155664644646,1699.8577832321837,2537897794761.8413,7218.391098156113,597.6633937782788,5976.633937782787,True,1,0.047221,999.5597464333921,5.170038849912754,60.05190294965897,-0.8281769905241686,92.58946221232996,60.05190294965897,993.6109144596137,-13.648673997198577,1.9736035028472543e-10,-0.8281769905241686,-13.648673997198577,0.7787931238656026,1592.2654952490716
005e92350e632b1b,True,36.025,16.0,2.0,339.97155664644646,1699.8577832321837,2537897794761.8413,7218.391098156113,597.6633937782788,5976.633937782787,True,2,0.063221,1005.2227989458422,7.032946109672605,60.04708849264689,0.7817203453705114,-86.73400215147682,60.04708849264689,993.6110323813803,-13.648665118003441,-175.66380182556486,0.7817203453705114,-13.648665118003441,4.5788204547893745,-12.716107432247554
005e92350e632b1b,True,36.025,16.0,2.0,339.97155664644646,1699.8577832321837,2537897794761.8413,7218.391098156113,597.6633937782788,5976.633937782787,True,3,0.079221,1039.711758344368,8.893981219842077,60.042278150004286,-3.853629618268319,92.58946221237544,60.042278150004286,993.6116204473244,-13.646432708383484,351.3276036517216,-3.853629618268319,-13.646432708383484,37.2061566772016,1592.2654952488665
005e92350e632b1b,True,36.025,16.0,2.0,339.97155664644646,1699.8577832321837,2537897794761.8413,7218.391098156113,597.6633937782788,5976.633937782787,True,4,0.095221,1048.502900567618,10.756888479601926,60.03746364156258,-1.698708552289169,-86.73400215157686,60.03746364156258,993.6131472587352,-13.644210399026395,-526.9914054770891,-1.698708552289169,-13.644210399026395,44.132864829280926,-12.716107431903765
005e92350e632b1b,True,36.025,16.0,2.0,339.97155664644646,1699.8577832321837,2537897794761.8413,7218.391098156113,597.6633937782788,5976.633937782787,True,5,0.111221,1075.6339837034343,12.617923589771399,60.0326533503496,-5.789279905578225,92.58946221247366,60.0326533503496,993.6160814169018,-13.639736812279432,702.655207303246,-5.789279905578225,-13.639736812279432,69.39997869676107,1592.2654952484672
005e92350e632b1b,True,36.025,16.0,2.0,339.97155664644646,1699.8577832321837,2537897794761.8413,7218.391098156113,597.6633937782788,5976.633937782787,True,6,0.127221,1088.4965006217803,14.48083084953125,60.02783879047828,-3.0893351095146175,-86.7340021516769,60.02783879047828,993.6208915231132,-13.635301072760392,-878.3190091286134,-3.0893351095146175,-13.635301072760392,80.39477824913587,-12.716107431545424
005e92350e632b1b,True,36.025,16.0,2.0,339.97155664644646,1699.8577832321837,2537897794761.8413,7218.391098156113,597.6633937782788,5976.633937782787,True,7,0.143221,1109.2129924791832,16.34186595970073,60.023028550694896,-6.635127852454017,92.58946221243183,60.023028550694896,993.6280461786582,-13.62858630888642,1053.9828109547839,-6.635127852454017,-13.62858630888642,99.24308034082422,1592.2654952496105
005e92350e632b1b,True,36.025,16.0,2.0,339.97155664644646,1699.8577832321837,2537897794761.8413,7218.391098156113,597.6633937782788,5976.633937782787,True,8,0.159221,1127.0876702202731,18.204773219460595,60.01821393939395,-3.39040785513846,-86.73400215157504,60.01821393939395,993.6380139848259,-13.621937139205421,-1229.64661278014,-3.39040785513846,-13.621937139205421,115.24488301598683,-12.716107430514967
025d91c3b9aa44cf,True,36.025,16.0,2.0,339.9715566464229,1699.8577832323015,2537897794761.841,7218.391098156113,597.6633937782788,5976.633937782787,True,1,0.047221,1119.5479334383626,1118.8847592088441,0.0,-10.426160434972052,92.5894622125628,0.0,0.0,0.0,0.0,-10.426160434972052,0.0,0.6631742295186049,-12.716107432290073
025d91c3b9aa44cf,True,36.025,16.0,2.0,339.9715566464229,1699.8577832323015,2537897794761.841,7218.391098156113,597.6633937782788,5976.633937782787,True,2,0.063221,1125.0120395530291,1120.7476664686037,-0.004814457012098193,-8.94521651120511,-86.73400215132766,-0.004814457012098193,0.00011792176654171839,8.87919510926328e-06,-175.66380182576216,-8.94521651120511,8.87919510926328e-06,4.264255162658867,-12.716107431916498
025d91c3b9aa44cf,True,36.025,16.0,2.0,339.9715566464229,1699.8577832323015,2537897794761.841,7218.391098156113,597.6633937782788,5976.633937782787,True,3,0.079221,1131.8716097729207,1122.6087015787734,-0.00962479965469319,-10.729297103930335,92.58946221257371,-0.00962479965469319,0.0007059877106867148,-1.1168798930480712e-07,351.3276036515243,-10.729297103930335,-1.1168798930480712e-07,9.262202206436609,-12.71610743228166
025d91c3b9aa44cf,True,36.025,16.0,2.0,339.9715566464229,1699.8577832323015,2537897794761.841,7218.391098156113,597.6633937782788,5976.633937782787,True,4,0.095221,1144.3999955129818,1124.471608838533,-0.014439308096410168,-8.15830571999445,-86.73400215132766,-0.014439308096410168,0.002232799121474673,8.990883097017095e-06,-526.9914054772864,-8.15830571999445,8.990883097017095e-06,19.92615387532739,-12.716107431903765
025d91c3b9aa44cf,True,36.025,16.0,2.0,339.9715566464229,1699.8577832323015,2537897794761.841,7218.391098156113,597.6633937782788,5976.633937782787,True,5,0.111221,1159.2542413172487,1126.3326439487028,-0.019249599309386366,-11.03169511636022,92.58946221257371,-0.019249599309386366,0.005166957287945275,-2.2337597964099748e-07,702.6552073030485,-11.03169511636022,-2.2337597964099748e-07,32.91643041125807,-12.716107432262106
025d91c3b9aa44cf,True,36.025,16.0,2.0,339.9715566464229,1699.8577832323015,2537897794761.841,7218.391098156113,597.6633937782788,5976.633937782787,True,6,0.127221,1182.6115253412806,1128.1955512084623,-0.02406415918072214,-7.370904801088082,-86.73400215132766,-0.02406415918072214,0.009977063499138206,9.102571083765066e-06,-878.3190091288109,-7.370904801088082,9.102571083765066e-06,54.40599706931918,-12.71610743189376
025d91c3b9aa44cf,True,36.025,16.0,2.0,339.9715566464229,1699.8577832323015,2537897794761.841,7218.391098156113,597.6633937782788,5976.633937782787,True,7,0.143221,1209.2293568239566,1130.056586318632,-0.028874398964077612,-11.333851418153438,92.58946221256825,-0.028874398964077612,0.017131719044093024,-3.350639713324696e-07,1053.9828109545592,-11.333851418153438,-3.350639713324696e-07,79.15563878628033,-12.71610743135625
025d91c3b9aa44cf,True,36.025,16.0,2.0,339.9715566464229,1699.8577832323015,2537897794761.841,7218.391098156113,597.6633937782788,5976.633937782787,True,8,0.159221,1247.185095357236,1131.9194935783917,-0.03368901026503652,-6.583013642712148,-86.73400215124035,-0.03368901026503652,0.027099525211849825,9.21425905409889e-06,-1229.6466127803649,-6.583013642712148,9.21425905409889e-06,115.23850225363222,-12.716107430269403
035dbf7b3c83e1cf,True,36.025,16.0,2.0,339.97155664644646,1699.8577832321837,2537897794761.8413,7218.391098156113,597.6633937782788,5976.633937782787,True,1,0.047221,999.5597464333921,5.170038849912754,60.05190294965897,-0.8281769905241686,92.58946221232996,60.05190294965897,993.6109144596137,-13.648673997198577,1.9736035028472543e-10,-0.8281769905241686,-13.648673997198577,0.7787931238656026,1592.2654952490716
035dbf7b3c83e1cf,True,36.025,16.0,2.0,339.97155664644646,1699.8577832321837,2537897794761.8413,7218.391098156113,597.6633937782788,5976.633937782787,True,2,0.063221,1005.2227989458422,7.032946109672605,60.04708849264689,0.7817203453705114,-86.73400215147682,60.04708849264689,993.6110323813803,-13.648665118003441,-175.66380182556486,0.7817203453705114,-13.648665118003441,4.5788204547893745,-12.716107432247554
035dbf7b3c83e1cf,True,36.025,16.0,2.0,339.97155664644646,1699.8577832321837,2537897794761.8413,7218.391098156113,597.6633937782788,5976.633937782787,True,3,0.079221,1039.711758344368,8.893981219842077,60.042278150004286,-3.853629618268319,92.58946221237544,60.042278150004286,993.6116204473244,-13.646432708383484,351.3276036517216,-3.853629618268319,-13.646432708383484,37.2061566772016,1592.2654952488665
035dbf7b3c83e1cf,True,36.025,16.0,2.0,339.97155664644646,1699.8577832321837,2537897794761.8413,7218.391098156113,597.6633937782788,5976.633937782787,True,4,0.095221,1048.502900567618,10.756888479601926,60.03746364156258,-1.698708552289169,-86.73400215157686,60.03746364156258,993.6131472587352,-13.644210399026395,-526.9914054770891,-1.698708552289169,-13.644210399026395,44.132864829280926,-12.716107431903765
035dbf7b3c83e1cf,True,36.025,16.0,2.0,339.97155664644646,1699.8577832321837,2537897794761.8413,7218.391098156113,597.6633937782788,5976.633937782787,True,5,0.111221,1075.6339837034343,12.617923589771399,60.0326533503496,-5.789279905578225,92.58946221247366,60.0326533503496,993.6160814169018,-13.639736812279432,702.655207303246,-5.789279905578225,-13.639736812279432,69.39997869676107,1592.2654952484672
035dbf7b3c83e1cf,True,36.025,16.0,2.0,339.97155664644646,1699.8577832321837,2537897794761.8413,7218.391098156113,597.6633937782788,5976.633937782787,True,6,0.127221,1088.4965006217803,14.48083084953125,60.02783879047828,-3.0893351095146175,-86.7340021516769,60.02783879047828,993.6208915231132,-13.635301072760392,-878.3190091286134,-3.0893351095146175,-13.635301072760392,80.39477824913587,-12.716107431545424
035dbf7b3c83e1cf,True,36.025,16.0,2.0,339.97155664644646,1699.8577832321837,2537897794761.8413,7218.391098156113,597.6633937782788,5976.633937782787,True,7,0.143221,1109.2129924791832,16.34186595970073,60.023028550694896,-6.635127852454017,92.58946221243183,60.023028550694896,993.6280461786582,-13.62858630888642,1053.9828109547839,-6.635127852454017,-13.62858630888642,99.24308034082422,1592.2654952496105
035dbf7b3c83e1cf,True,36.025,16.0,2.0,339.97155664644646,1699.8577832321837,2537897794761.8413,7218.391098156113,597.6633937782788,5976.633937782787,True,8,0.159221,1127.0876702202731,18.204773219460595,60.01821393939395,-3.39040785513846,-86.73400215157504,60.01821393939395,993.6380139848259,-13.621937139205421,-1229.64661278014,-3.39040785513846,-13.621937139205421,115.24488301598683,-12.716107430514967
04fa1bcf8950708a,True,36.025,16.0,1.9999999999999998,215.61262788333624,1078.0631394166505,1047299934289.4785,3718.565111171331,597.6633937782788,5976.633937782787,True,1,0.047221,972.2623984389946,5.170038849912754,0.0,59.22372595913476,92.58946221232996,0.0,0.0,0.0,0.0,59.22372595913476,0.0,967.0923595890819,1592.2654952493258
04fa1bcf8950708a,True,36.025,16.0,1.9999999999999998,215.61262788333624,1078.0631394166505,1047299934289.4785,3718.565111171331,597.6633937782788,5976.633937782787,True,2,0.063221,976.4122703468443,7.032946109672605,-0.004814457012098056,58.10875317343986,-86.73400215147682,-0.004814457012098056,0.00011792176654171804,8.879195109317866e-06,-175.66380182576222,58.10875317343986,8.879195109317866e-06,969.3792063154051,-12.716107431994715
04fa1bcf8950708a,True,36.025,16.0,1.9999999999999998,215.61262788333624,1078.0631394166505,1047299934289.4785,3718.565111171331,597.6633937782788,5976.633937782787,True,3,0.079221,980.8620495964507,8.893981219842077,-0.00962479965469318,56.741826454840634,92.58946221237544,-0.00962479965469318,0.0007059877106867146,0.0022412888150008187,351.3276036515242,56.741826454840634,0.0022412888150008187,971.9673623888979,1592.2654952491403
04fa1bcf8950708a,True,36.025,16.0,1.9999999999999998,215.61262788333624,1078.0631394166505,1047299934289.4785,3718.565111171331,597.6633937782788,5976.633937782787,True,4,0.095221,985.0133303939444,10.756888479601926,-0.014439308096410027,55.626853669145746,-86.73400215157686,-0.014439308096410027,0.0022327991214746764,0.004463598172057829,-526.9914054772864,55.626853669145746,0.004463598172057829,974.254209115221,-12.716107431622277
0568fef0c926be0f,True,36.025,16.0,2.0,339.97155664644646,1699.8577832321837,2537897794761.8413,7218.391098156113,597.6633937782788,5976.633937782787,True,1,0.047221,979.5751742705409,5.170038849912753,0.0,59.56021914893904,92.58946221235361,0.0,0.0,0.0,0.0,59.56021914893904,0.0,974.4051354206281,-12.716107432089302
0568fef0c926be0f,True,36.025,16.0,2.0,339.97155664644646,1699.8577832321837,2537897794761.8413,7218.391098156113,597.6633937782788,5976.633937782787,True,2,0.063221,985.0392803852078,7.0329461096726,-0.004814457012098048,61.041163072706,-86.73400215153684,-0.004814457012098048,0.00011792176654171839,8.879195109121024e-06,-175.66380182576216,61.041163072706,8.879195109121024e-06,978.0062163537687,-12.716107431712771
0568fef0c926be0f,True,36.025,16.0,2.0,339.97155664644646,1699.8577832321837,2537897794761.8413,7218.391098156113,597.6633937782788,5976.633937782787,True,3,0.079221,1018.9423437375077,8.893981219842077,-0.009624799654693192,56.53343784529084,92.58946221236452,-0.009624799654693192,0.0007059877106867148,-1.1168798929835773e-07,351.3276036515243,56.53343784529084,-1.1168798929835773e-07,1010.0476565299549,-12.71610743207566
0568fef0c926be0f,True,36.025,16.0,2.0,339.97155664644646,1699.8577832321837,2537897794761.8413,7218.391098156113,597.6633937782788,5976.633937782787,True,4,0.095221,1027.468588820124,10.756888479601924,-0.01443930809641002,58.559405499142265,-86.73400215153684,-0.01443930809641002,0.002232799121474673,8.990883096880488e-06,-526.9914054772864,58.559405499142265,8.990883096880488e-06,1016.7094675414007,-12.716107431699584
0568fef0c926be0f,True,36.025,16.0,2.0,339.97155664644646,1699.8577832321837,2537897794761.8413,7218.391098156113,597.6633937782788,5976.633937782787,True,5,0.111221,1054.082199805421,12.617923589771403,-0.019249599309386373,54.596458882076874,92.58946221236452,-0.019249599309386373,0.005166957287945275,-2.23375979677512e-07,702.6552073030485,54.596458882076874,-2.23375979677512e-07,1041.4591092583617,-12.716107432072931
0568fef0c926be0f,True,36.025,16.0,2.0,339.97155664644646,1699.8577832321837,2537897794761.8413,7218.391098156113,597.6633937782788,5976.633937782787,True,6,0.127221,1066.6138688402827,14.480830849531248,-0.024064159180721998,57.16745026601274,-86.73400215153684,-0.024064159180721998,0.009977063499138206,9.102571083576308e-06,-878.3190091288109,57.16745026601274,9.102571083576308e-06,1052.1230609272523,-12.716107431700038
0568fef0c926be0f,True,36.025,16.0,2.0,339.97155664644646,1699.8577832321837,2537897794761.8413,7218.391098156113,597.6633937782788,5976.633937782787,True,7,0.143221,1086.8813124428732,16.341865959700723,-0.028874398964077622,53.74928225929709,92.58946221235907,-0.028874398964077622,0.017131719044093024,-3.3506397136683233e-07,1053.9828109545592,53.74928225929709,-3.3506397136683233e-07,1070.5223147641284,-12.716107431295313
0568fef0c926be0f,True,36.025,16.0,2.0,339.97155664644646,1699.8577832321837,2537897794761.8413,7218.391098156113,597.6633937782788,5976.633937782787,True,8,0.159221,1104.359221630927,18.2047732194606,-0.033689010265036366,56.865048844484875,-86.73400215144953,-0.033689010265036366,0.027099525211849825,9.21425906005954e-06,-1229.6466127803649,56.865048844484875,9.21425906005954e-06,1086.1273488862546,-12.716107430678676
076e94361f50c758,True,36.025,16.0,2.0,339.97155664644646,1699.8577832321837,2536954393388.381,7218.391098156113,597.6633937782788,5976.633937782787,True,1,0.047221,1051.6895592382034,405.1949933879173,365.37864897022894,356.67601494046147,92.58946221248458,365.37864897022894,330.7323434024535,322.8578863632101,1.3460521586239338e-10,356.67601494046147,322.8578863632101,315.7622224478324,1592.265495249263
076e94361f50c758,True,36.025,16.0,2.0,339.97155664644646,1699.8577832321837,2536954393388.381,7218.391098156113,597.6633937782788,5976.633937782787,True,2,0.063221,1057.3526117506535,407.0579006476771,365.37383451321676,358.28591227635627,-86.7340021513222,365.37383451321676,330.7324613242201,322.8578952424053,-175.66380182562762,358.28591227635627,322.8578952424053,319.56224977875627,-12.71610743205838
076e94361f50c758,True,36.025,16.0,2.0,339.97155664644646,1699.8577832321837,2536954393388.381,7218.391098156113,597.6633937782788,5976.633937782787,True,3,0.079221,1091.8415711491793,408.9189357578467,365.3690241705742,353.65056231271745,92.58946221253005,365.3690241705742,330.73304939016424,322.8601276520252,351.3276036516588,353.65056231271745,322.8601276520252,352.18958600116855,1592.2654952490702
076e94361f50c758,True,36.025,16.0,2.0,339.97155664644646,1699.8577832321837,2536954393388.381,7218.391098156113,597.6633937782788,5976.633937782787,True,4,0.095221,1100.6327133724296,410.78184301760655,365.36420966213245,355.8054833786965,-86.73400215142225,365.36420966213245,330.73457620157507,322.8623499613822,-526.9914054771518,355.8054833786965,322.8623499613822,359.116294153248,-12.716107431700038
076e94361f50c758,True,36.025,16.0,2.0,339.97155664644646,1699.8577832321837,2536954393388.381,7218.391098156113,597.6633937782788,5976.633937782787,True,5,0.111221,1127.7637965082458,412.64287812777616,365.35939937091933,351.7149120254076,92.5894622126301,365.35939937091933,330.7375103597415,322.86682354812916,702.6552073031833,351.7149120254076,322.86682354812916,384.38340802072827,1592.265495248671
076e94361f50c758,True,36.025,16.0,2.0,339.97155664644646,1699.8577832321837,2536954393388.381,7218.391098156113,597.6633937782788,5976.633937782787,True,6,0.127221,1140.6263134265919,414.50578538753604,365.35458481104797,354.41485682147123,-86.73400215152047,365.35458481104797,330.7423204659527,322.87125928764834,-878.3190091286762,354.41485682147123,322.87125928764834,395.37820757310317,-12.716107431341698
076e94361f50c758,True,36.025,16.0,2.0,339.97155664644646,1699.8577832321837,2536954393388.381,7218.391098156113,597.6633937782788,5976.633937782787,True,7,0.143221,1161.342805283995,416.36682049770565,365.34977457126456,350.86906407853166,92.58946221258826,365.34977457126456,330.7494751214977,322.87797405152236,1053.9828109547211,350.86906407853166,322.87797405152236,414.2265096647916,1592.2654952498142
076e94361f50c758,True,36.025,16.0,2.0,339.97155664644646,1699.8577832321837,2536954393388.381,7218.391098156113,597.6633937782788,5976.633937782787,True,8,0.159221,1179.2174830250854,418.2297277574655,365.3449599599636,354.1137840758473,-86.73400215141861,365.3449599599636,330.7594429276655,322.8846232212034,-1229.6466127802028,354.1137840758473,322.8846232212034,430.2283123399543,-12.71610743031124
0829a82ef8bc951b,True,36.025,16.0,2.0,339.97155664644646,1699.8577832321837,2537897794761.8413,7218.391098156113,597.6633937782788,5976.633937782787,True,1,0.047221,1119.6635523327102,1118.8847592088446,0.0,-14.476850987722745,92.58946221253187,0.0,0.0,0.0,0.0,-14.476850987722745,0.0,0.7787931238656026,1592.2654952490716
0829a82ef8bc951b,True,36.025,16.0,2.0,339.97155664644646,1699.8577832321837,2537897794761.8413,7218.391098156113,597.6633937782788,5976.633937782787,True,2,0.063221,1125.3266048451599,1120.747666468604,-0.004814457012098198,-12.866953651828037,-86.73400215127491,-0.004814457012098198,0.00011792176654171804,8.879195109494414e-06,-175.66380182576222,-12.866953651828037,8.879195109494414e-06,4.5788204547893745,-12.716107432247554
0829a82ef8bc951b,True,36.025,16.0,2.0,339.97155664644646,1699.8577832321837,2537897794761.8413,7218.391098156113,597.6633937782788,5976.633937782787,True,3,0.079221,1159.8155642436855,1122.6087015787732,-0.009624799654693181,-17.50230361546679,92.58946221257735,-0.00962479965469318,0.0007059877106867146,0.0022412888150007706,351.3276036515242,-17.50230361546679,0.0022412888150007706,37.2061566772016,1592.2654952488665
0829a82ef8bc951b,True,36.025,16.0,2.0,339.97155664644646,1699.8577832321837,2537897794761.8413,7218.391098156113,597.6633937782788,5976.633937782787,True,4,0.095221,1168.6067064669348,1124.4716088385326,-0.014439308096410173,-15.3473825494876,-86.73400215137495,-0.014439308096410171,0.0022327991214746764,0.0044635981720579625,-526.9914054772864,-15.3473825494876,0.0044635981720579625,44.132864829280926,-12.716107431903765
0829a82ef8bc951b,True,36.025,16.0,2.0,339.97155664644646,1699.8577832321837,2537897794761.8413,7218.391098156113,597.6633937782788,5976.633937782787,True,5,0.111221,1195.7377896027508,1126.3326439487018,-0.019249599309386377,-19.43795390277659,92.58946221267739,-0.019249599309386373,0.005166957287945289,0.008937184918959467,702.6552073030487,-19.43795390277659,0.008937184918959467,69.39997869676107,1592.2654952484672
0829a82ef8bc951b,True,36.025,16.0,2.0,339.97155664644646,1699.8577832321837,2537897794761.8413,7218.391098156113,597.6633937782788,5976.633937782787,True,6,0.127221,1208.6003065210962,1128.1955512084612,-0.024064159180722144,-16.738009106712944,-86.73400215147318,-0.02406415918072214,0.009977063499138237,0.013372924437962258,-878.3190091288108,-16.738009106712944,0.013372924437962258,80.39477824913587,-12.716107431545424
0829a82ef8bc951b,True,36.025,16.0,2.0,339.97155664644646,1699.8577832321837,2537897794761.8413,7218.391098156113,597.6633937782788,5976.633937782787,True,7,0.143221,1229.3167983784988,1130.0565863186305,-0.02887439896408137,-20.283801849652285,92.58946221263555,-0.028874398964081366,0.01713171904409327,0.020087688311882047,1053.9828109545865,-20.283801849652285,0.020087688311882047,99.24308034082422,1592.2654952496105
0829a82ef8bc951b,True,36.025,16.0,2.0,339.97155664644646,1699.8577832321837,2537897794761.8413,7218.391098156113,597.6633937782788,5976.633937782787,True,8,0.159221,1247.1914761195885,1131.9194935783898,-0.03368901026503589,-17.039081852336665,-86.73400215137131,-0.03368901026503588,0.02709952521185004,0.0267368579928309,-1229.6466127803374,-17.039081852336665,0.0267368579928309,115.24488301598683,-12.716107430514967
0b4f6847da427f5d,True,36.025,16.0,2.0,339.97155664651723,1699.8577832323015,2984920893378.836,7218.391098156113,597.6633937782788,5976.633937782787,True,1,0.047221,1119.6635523327102,1118.8847592088446,0.0,-14.476850987722745,92.58946221253187,0.0,0.0,0.0,0.0,-14.476850987722745,0.0,0.7787931238656026,1592.2654952490716
0b4f6847da427f5d,True,36.025,16.0,2.0,339.97155664651723,1699.8577832323015,2984920893378.836,7218.391098156113,597.6633937782788,5976.633937782787,True,2,0.063221,1153.0591925021108,1120.747666468604,-0.004814457012098198,-18.861717625091824,-86.73400215127491,-0.004814457012098198,0.00011792176654171804,8.879195109502672e-06,-175.66380182576222,-18.861717625091824,8.879195109502672e-06,32.311408111740434,-12.716107432259378
0b4f6847da427f5d,True,36.025,16.0,2.0,339.97155664651723,1699.8577832323015,2984920893378.836,7218.391098156113,597.6633937782788,5976.633937782787,True,3,0.079221,1157.5089717517174,1122.6087015787732,-0.009624799654693181,-20.228644343690988,92.58946221257735,-0.00962479965469318,0.0007059877106867146,0.0022412888150008204,351.3276036515242,-20.228644343690988,0.0022412888150008204,34.899564185233324,1592.2654952488783
0b4f6847da427f5d,True,36.025,16.0,2.0,339.97155664651723,1699.8577832323015,2984920893378.836,7218.391098156113,597.6633937782788,5976.633937782787,True,4,0.095221,1190.9060208107621,1124.4716088385326,-0.014439308096410173,-24.613510981060063,-86.73400215137495,-0.014439308096410171,0.0022327991214746764,0.0044635981720580545,-526.9914054772864,-24.613510981060063,0.0044635981720580545,66.43217917310811,-12.716107431886485
0b4f6847da427f5d,True,36.025,16.0,2.0,339.97155664651723,1699.8577832323015,2984920893378.836,7218.391098156113,597.6633937782788,5976.633937782787,True,5,0.111221,1195.3581461525907,1126.3326439487018,-0.019249599309386377,-25.98043769965922,92.58946221267739,-0.019249599309386373,0.005166957287945289,0.008937184918959633,702.6552073030487,-25.98043769965922,0.008937184918959633,69.02033524660101,1592.2654952485077
0b4f6847da427f5d,True,36.025,16.0,2.0,339.97155664651723,1699.8577832323015,2984920893378.836,7218.391098156113,597.6633937782788,5976.633937782787,True,6,0.127221,1228.758478506436,1128.1955512084612,-0.024064159180722144,-30.3653043370283,-86.73400215147318,-0.02406415918072214,0.009977063499138237,0.01337292443796242,-878.3190091288108,-30.3653043370283,0.01337292443796242,100.55295023447579,-12.716107431515411
0b4f6847da427f5d,True,36.025,16.0,2.0,339.97155664651723,1699.8577832323015,2984920893378.836,7218.391098156113,597.6633937782788,5976.633937782787,True,7,0.143221,1233.2148243456434,1130.0565863186305,-0.02887439896408137,-31.732231055627537,92.58946221263555,-0.028874398964081366,0.01713171904409327,0.02008768831187749,1053.9828109545865,-31.732231055627537,0.02008768831187749,103.14110630796878,1592.265495249057
0b4f6847da427f5d,True,36.025,16.0,2.0,339.97155664651723,1699.8577832323015,2984920893378.836,7218.391098156113,597.6633937782788,5976.633937782787,True,8,0.159221,1266.6203143994458,1131.9194935783898,-0.03368901026503589,-36.1170976929967,-86.73400215137131,-0.03368901026503588,0.02709952521185004,0.026736857992838394,-1229.6466127803374,-36.1170976929967,0.026736857992838394,134.67372129584388,-12.716107433143407
0fb1c729b66058aa,True,36.025,16.0,2.0,339.97155664644646,1699.8577832321837,2537897794761.8413,7218.391098156113,597.6633937782788,5976.633937782787,True,1,0.047221,972.2623984389946,5.170038849912754,0.0,59.22372595913476,92.58946221232996,0.0,0.0,0.0,0.0,59.22372595913476,0.0,967.0923595890819,1592.2654952493258
0fb1c729b66058aa,True,36.025,16.0,2.0,339.97155664644646,1699.8577832321837,2537897794761.8413,7218.391098156113,597.6633937782788,5976.633937782787,True,2,0.063221,977.9254509514446,7.032946109672605,-0.004814457012098056,60.83362329502949,-86.73400215147682,-0.004814457012098056,0.00011792176654171804,8.879195109316598e-06,-175.66380182576222,60.83362329502949,8.879195109316598e-06,970.8923869200055,-12.716107431992896
0fb1c729b66058aa,True,36.025,16.0,2.0,339.97155664644646,1699.8577832321837,2537897794761.8413,7218.391098156113,597.6633937782788,5976.633937782787,True,3,0.079221,1012.4144103499708,8.893981219842077,-0.00962479965469318,56.1982733313906,92.58946221237544,-0.00962479965469318,0.0007059877106867146,0.0022412888150007827,351.3276036515242,56.1982733313906,0.0022412888150007827,1003.519723142418,1592.2654952491284
0fb1c729b66058aa,True,36.025,16.0,2.0,339.97155664644646,1699.8577832321837,2537897794761.8413,7218.391098156113,597.6633937782788,5976.633937782787,True,4,0.095221,1021.2055525732205,10.756888479601926,-0.014439308096410027,58.3531943973698,-86.73400215157686,-0.014439308096410027,0.0022327991214746764,0.004463598172057788,-526.9914054772864,58.3531943973698,0.004463598172057788,1010.4464312944971,-12.71610743164183
0fb1c729b66058aa,True,36.025,16.0,2.0,339.97155664644646,1699.8577832321837,2537897794761.8413,7218.391098156113,597.6633937782788,5976.633937782787,True,5,0.111221,1048.3366357090372,12.617923589771399,-0.01924959930938638,54.2626230440807,92.58946221247366,-0.01924959930938638,0.005166957287945289,0.008937184918959477,702.6552073030487,54.2626230440807,0.008937184918959477,1035.713545161978,1592.2654952487292
0fb1c729b66058aa,True,36.025,16.0,2.0,339.97155664644646,1699.8577832321837,2537897794761.8413,7218.391098156113,597.6633937782788,5976.633937782787,True,6,0.127221,1061.1991526273835,14.48083084953125,-0.024064159180721998,56.96256784014434,-86.7340021516769,-0.024064159180721998,0.009977063499138237,0.013372924437962072,-878.3190091288108,56.96256784014434,0.013372924437962072,1046.708344714353,-12.71610743128349
0fb1c729b66058aa,True,36.025,16.0,2.0,339.97155664644646,1699.8577832321837,2537897794761.8413,7218.391098156113,597.6633937782788,5976.633937782787,True,7,0.143221,1081.9156444847863,16.34186595970073,-0.02887439896408137,53.4167750972049,92.58946221243183,-0.02887439896408137,0.01713171904409327,0.020087688311882054,1053.9828109545865,53.4167750972049,0.020087688311882054,1065.5566468060415,1592.2654952498724
0fb1c729b66058aa,True,36.025,16.0,2.0,339.97155664644646,1699.8577832321837,2537897794761.8413,7218.391098156113,597.6633937782788,5976.633937782787,True,8,0.159221,1099.7903222258767,18.204773219460595,-0.03368901026503573,56.66149509452049,-86.73400215157504,-0.03368901026503573,0.02709952521185004,0.026736857992830713,-1229.6466127803374,56.66149509452049,0.026736857992830713,1081.5584494812042,-12.716107430253032
10bd5fae7f938d2e,True,36.025,16.0,2.0,339.97155664644646,1699.8577832321837,2537897794761.841,7218.391098156113,597.6633937782788,5976.633937782787,True,1,0.047221,999.4441275390449,5.170038849912753,60.05190294965895,-0.4916838007199088,92.58946221235361,60.05190294965895,993.6109144596135,-9.934476634252144,2.0463630789890885e-10,-0.4916838007199088,-9.934476634252144,0.6631742295186049,-12.716107432290073
10bd5fae7f938d2e,True,36.025,16.0,2.0,339.97155664644646,1699.8577832321837,2537897794761.841,7218.391098156113,597.6633937782788,5976.633937782787,True,2,0.063221,1004.9082336537115,7.0329461096726,60.04708849264688,0.9892601230470105,-86.73400215153684,60.04708849264688,993.61103238138,-9.93446775505701,-175.66380182555753,0.9892601230470105,-9.93446775505701,4.264255162658867,-12.716107431916498
10bd5fae7f938d2e,True,36.025,16.0,2.0,339.97155664644646,1699.8577832321837,2537897794761.841,7218.391098156113,597.6633937782788,5976.633937782787,True,3,0.079221,1038.811297006011,8.893981219842077,60.04227815000427,-3.518465104368118,92.58946221236452,60.04227815000427,993.6116204473242,-9.934476745940039,351.32760365172896,-3.518465104368118,-9.934476745940039,36.30569533884476,-12.716107432279387
10bd5fae7f938d2e,True,36.025,16.0,2.0,339.97155664644646,1699.8577832321837,2537897794761.841,7218.391098156113,597.6633937782788,5976.633937782787,True,4,0.095221,1047.3375420886273,10.756888479601924,60.03746364156257,-1.4924974505167377,-86.73400215153684,60.03746364156257,993.613147258735,-9.934467643368922,-526.9914054770818,-1.4924974505167377,-9.934467643368922,42.96750635029033,-12.71610743190331
10bd5fae7f938d2e,True,36.025,16.0,2.0,339.97155664644646,1699.8577832321837,2537897794761.841,7218.391098156113,597.6633937782788,5976.633937782787,True,5,0.111221,1073.9511530739242,12.617923589771403,60.032653350349584,-5.455444067582096,92.58946221236452,60.032653350349584,993.6160814169016,-9.934476857627935,702.6552073032532,-5.455444067582096,-9.934476857627935,67.71714806725129,-12.716107432276658
10bd5fae7f938d2e,True,36.025,16.0,2.0,339.97155664644646,1699.8577832321837,2537897794761.841,7218.391098156113,597.6633937782788,5976.633937782787,True,6,0.127221,1086.4828221087864,14.480830849531248,60.02783879047826,-2.8844526836462543,-86.73400215153684,60.02783879047826,993.620891523113,-9.934467531680836,-878.3190091286062,-2.8844526836462543,-9.934467531680836,78.38109973614213,-12.716107431903765
10bd5fae7f938d2e,True,36.025,16.0,2.0,339.97155664644646,1699.8577832321837,2537897794761.841,7218.391098156113,597.6633937782788,5976.633937782787,True,7,0.143221,1106.7502657113769,16.341865959700723,60.02302855069488,-6.3026206903618895,92.58946221235907,60.02302855069488,993.628046178658,-9.934476969315838,1053.9828109547639,-6.3026206903618895,-9.934476969315838,96.78035357301822,-12.71610743149904
10bd5fae7f938d2e,True,36.025,16.0,2.0,339.97155664644646,1699.8577832321837,2537897794761.841,7218.391098156113,597.6633937782788,5976.633937782787,True,8,0.159221,1124.2281748994308,18.2047732194606,60.01821393939394,-3.186854105174122,-86.73400215144953,60.01821393939394,993.6380139848256,-9.934467419992764,-1229.6466127801602,-3.186854105174122,-9.934467419992764,112.38538769514466,-12.716107430882403
11e2e9c194fba4fa,True,36.025,16.0,2.0,339.97155664644646,1699.8577832321837,2537897794761.8413,7218.391098156113,597.6633937782788,5976.633937782787,True,1,0.047221,979.5751742705409,5.170038849912753,0.0,59.56021914893904,92.58946221235361,0.0,0.0,0.0,0.0,59.56021914893904,0.0,974.4051354206281,-12.716107432089302
11e2e9c194fba4fa,True,36.025,16.0,2.0,339.97155664644646,1699.8577832321837,2537897794761.8413,7218.391098156113,597.6633937782788,5976.633937782787,True,2,0.063221,985.0392803852078,7.0329461096726,-0.004814457012098048,61.041163072706,-86.73400215153684,-0.004814457012098048,0.00011792176654171839,8.879195109121024e-06,-175.66380182576216,61.041163072706,8.879195109121024e-06,978.0062163537687,-12.716107431712771
11e2e9c194fba4fa,True,36.025,16.0,2.0,339.97155664644646,1699.8577832321837,2537897794761.8413,7218.391098156113,597.6633937782788,5976.633937782787,True,3,0.079221,1018.9423437375077,8.893981219842077,-0.009624799654693192,56.53343784529084,92.58946221236452,-0.009624799654693192,0.0007059877106867148,-1.1168798929835773e-07,351.3276036515243,56.53343784529084,-1.1168798929835773e-07,1010.0476565299549,-12.71610743207566
11e2e9c194fba4fa,True,36.025,16.0,2.0,339.97155664644646,1699.8577832321837,2537897794761.8413,7218.391098156113,597.6633937782788,5976.633937782787,True,4,0.095221,1027.468588820124,10.756888479601924,-0.01443930809641002,58.559405499142265,-86.73400215153684,-0.01443930809641002,0.002232799121474673,8.990883096880488e-06,-526.9914054772864,58.559405499142265,8.990883096880488e-06,1016.7094675414007,-12.716107431699584
11e2e9c194fba4fa,True,36.025,16.0,2.0,339.97155664644646,1699.8577832321837,2537897794761.8413,7218.391098156113,597.6633937782788,5976.633937782787,True,5,0.111221,1054.082199805421,12.617923589771403,-0.019249599309386373,54.596458882076874,92.58946221236452,-0.019249599309386373,0.005166957287945275,-2.23375979677512e-07,702.6552073030485,54.596458882076874,-2.23375979677512e-07,1041.4591092583617,-12.716107432072931
11e2e9c194fba4fa,True,36.025,16.0,2.0,339.97155664644646,1699.8577832321837,2537897794761.8413,7218.391098156113,597.6633937782788,5976.633937782787,True,6,0.127221,1066.6138688402827,14.480830849531248,-0.024064159180721998,57.16745026601274,-86.73400215153684,-0.024064159180721998,0.009977063499138206,9.102571083576308e-06,-878.3190091288109,57.16745026601274,9.102571083576308e-06,1052.1230609272523,-12.716107431700038
11e2e9c194fba4fa,True,36.025,16.0,2.0,339.97155664644646,1699.8577832321837,2537897794761.8413,7218.391098156113,597.6633937782788,5976.633937782787,True,7,0.143221,1086.8813124428732,16.341865959700723,-0.028874398964077622,53.74928225929709,92.58946221235907,-0.028874398964077622,0.017131719044093024,-3.3506397136683233e-07,1053.9828109545592,53.74928225929709,-3.3506397136683233e-07,1070.5223147641284,-12.716107431295313
11e2e9c194fba4fa,True,36.025,16.0,2.0,339.97155664644646,1699.8577832321837,2537897794761.8413,7218.391098156113,597.6633937782788,5976.633937782787,True,8,0.159221,1104.359221630927,18.2047732194606,-0.033689010265036366,56.865048844484875,-86.73400215144953,-0.033689010265036366,0.027099525211849825,9.21425906005954e-06,-1229.6466127803649,56.865048844484875,9.21425906005954e-06,1086.1273488862546,-12.716107430678676
124dc95412c6283c,True,36.025,16.0,2.0,219.9719391145372,1099.8596955728071,1744153653676.379,7218.391098156113,597.6633937782788,5976.633937782787,True,1,0.047221,999.4441275390449,5.170038849912753,60.05190294965895,-0.4916838007199088,92.58946221235361,60.05190294965895,993.6109144596135,-9.934476634252144,2.0463630789890885e-10,-0.4916838007199088,-9.934476634252144,0.6631742295186049,-12.716107432290073
124dc95412c6283c,True,36.025,16.0,2.0,219.9719391145372,1099.8596955728071,1744153653676.379,7218.391098156113,597.6633937782788,5976.633937782787,True,2,0.063221,1003.7247766900641,7.0329461096726,60.04708849264688,-1.735609998542605,-86.73400215153684,60.04708849264688,993.61103238138,-9.934467755057057,-175.66380182555753,-1.735609998542605,-9.934467755057057,3.080798199011468,-12.716107431918317
124dc95412c6283c,True,36.025,16.0,2.0,219.9719391145372,1099.8596955728071,1744153653676.379,7218.391098156113,597.6633937782788,5976.633937782787,True,3,0.079221,1009.1734937752251,8.893981219842077,60.04227815000427,-3.2471770775634825,92.58946221236452,60.04227815000427,993.6116204473242,-9.934476745940131,351.32760365172896,-3.2471770775634825,-9.934476745940131,6.667892108058814,-12.716107432284844
124dc95412c6283c,True,36.025,16.0,2.0,219.9719391145372,1099.8596955728071,1744153653676.379,7218.391098156113,597.6633937782788,5976.633937782787,True,4,0.095221,1016.0428559326327,10.756888479601924,60.03746364156257,-5.036127005470639,-86.73400215153684,60.03746364156257,993.613147258735,-9.934467643369075,-526.9914054770818,-5.036127005470639,-9.934467643369075,11.672820194295767,-12.716107431913315
124dc95412c6283c,True,36.025,16.0,2.0,219.9719391145372,1099.8596955728071,1744153653676.379,7218.391098156113,597.6633937782788,5976.633937782787,True,5,0.111221,1024.5495846030065,12.617923589771403,60.032653350349584,-7.092472694841286,92.58946221236452,60.032653350349584,993.6160814169016,-9.93447685762812,702.6552073032532,-7.092472694841286,-9.93447685762812,18.315579596333542,-12.716107432288482
124dc95412c6283c,True,36.025,16.0,2.0,219.9719391145372,1099.8596955728071,1744153653676.379,7218.391098156113,597.6633937782788,5976.633937782787,True,6,0.127221,1034.9509447510986,14.480830849531248,60.02783879047826,-9.426446352832901,-86.73400215153684,60.02783879047826,993.620891523113,-9.934467531681088,-878.3190091286062,-9.426446352832901,-9.934467531681088,26.849222378454446,-12.71610743191286
124dc95412c6283c,True,36.025,16.0,2.0,219.9719391145372,1099.8596955728071,1744153653676.379,7218.391098156113,597.6633937782788,5976.633937782787,True,7,0.143221,1047.4589699909814,16.341865959700723,60.02302855069488,-12.027570652553354,92.58946221235907,60.02302855069488,993.628046178658,-9.934476969316105,1053.9828109547639,-12.027570652553354,-9.934476969316105,37.48905785262259,-12.716107431739147
124dc95412c6283c,True,36.025,16.0,2.0,219.9719391145372,1099.8596955728071,1744153653676.379,7218.391098156113,597.6633937782788,5976.633937782787,True,8,0.159221,1062.333360211215,18.2047732194606,60.01821393939394,-14.906319511796774,-86.73400215144953,60.01821393939394,993.6380139848256,-9.934467419993094,-1229.6466127801602,-14.906319511796774,-9.934467419993094,50.49057300692889,-12.716107432745048
13f9f8dfb21bbe93,True,36.025,16.0,2.0,339.97155664644646,1699.8577832321837,1422105802061.2073,5468.478104663722,597.6633937782788,5976.633937782787,True,1,0.047221,5.843380396970075,5.1802061674514706,0.0,-0.4925242098760083,92.58946221235361,0.0,0.0,0.0,0.0,-0.4925242098760083,0.0,0.6631742295186049,-12.716107432290073
13f9f8dfb21bbe93,True,36.025,16.0,2.0,339.97155664644646,1699.8577832321837,1422105802061.2073,5468.478104663722,597.6633937782788,5976.633937782787,True,2,0.063221,11.307486511636725,7.043113427211317,-0.004814457012098048,0.9884197138909111,-86.73400215153684,-0.004814457012098048,0.00011792176654171839,8.87919510926328e-06,-175.66380182576216,0.9884197138909111,8.87919510926328e-06,4.264255162658867,-12.716107431916498
13f9f8dfb21bbe93,True,36.025,16.0,2.0,339.97155664644646,1699.8577832321837,1422105802061.2073,5468.478104663722,597.6633937782788,5976.633937782787,True,3,0.079221,19.81186908978812,8.904148537380793,-0.009624799654693192,-1.0679259754797368,92.58946221236452,-0.009624799654693192,0.0007059877106867148,-1.1168798932434662e-07,351.3276036515243,-1.0679259754797368,-1.1168798932434662e-07,10.907014564696642,-12.716107432295757
13f9f8dfb21bbe93,True,36.025,16.0,2.0,339.97155664644646,1699.8577832321837,1422105802061.2073,5468.478104663722,597.6633937782788,5976.633937782787,True,4,0.095221,37.281337283084746,10.76705579714064,-0.01443930809641002,2.0478406097078734,-86.73400215153684,-0.01443930809641002,0.002232799121474673,8.990883097027054e-06,-526.9914054772864,2.0478406097078734,8.990883097027054e-06,26.51204868682263,-12.716107431927412
13f9f8dfb21bbe93,True,36.025,16.0,2.0,339.97155664644646,1699.8577832321837,1422105802061.2073,5468.478104663722,597.6633937782788,5976.633937782787,True,5,0.111221,60.603525907268995,12.628090907310119,-0.019249599309386373,-1.642840910712087,92.58946221236452,-0.019249599309386373,0.005166957287945275,-2.2337597964753716e-07,702.6552073030485,-1.642840910712087,-2.2337597964753716e-07,47.97026804267093,-12.716107432283934
13f9f8dfb21bbe93,True,36.025,16.0,2.0,339.97155664644646,1699.8577832321837,1422105802061.2073,5468.478104663722,597.6633937782788,5976.633937782787,True,6,0.127221,98.55410674059097,14.490998167069964,-0.024064159180721998,3.107996864728906,-86.73400215153684,-0.024064159180721998,0.009977063499138206,9.102571083822949e-06,-878.3190091288109,3.107996864728906,9.102571083822949e-06,84.05313151002187,-12.71610743193014
19a93b617ae19dae,True,36.025,16.0,2.0,215.61262788333624,1078.0631394166505,1249520666054.122,7218.391098156113,597.6633937782788,5976.633937782787,True,1,0.047221,1119.6635523327102,1118.8847592088446,0.0,-14.476850987722745,92.58946221253187,0.0,0.0,0.0,0.0,-14.476850987722745,0.0,0.7787931238656026,1592.2654952490716
19a93b617ae19dae,True,36.025,16.0,2.0,215.61262788333624,1078.0631394166505,1249520666054.122,7218.391098156113,597.6633937782788,5976.633937782787,True,2,0.063221,1125.3266048451599,1120.747666468604,-0.004814457012098198,-12.866953651828037,-86.73400215127491,-0.004814457012098198,0.00011792176654171804,8.879195109494414e-06,-175.66380182576222,-12.866953651828037,8.879195109494414e-06,4.5788204547893745,-12.716107432247554
19a93b617ae19dae,True,36.025,16.0,2.0,215.61262788333624,1078.0631394166505,1249520666054.122,7218.391098156113,597.6633937782788,5976.633937782787,True,3,0.079221,1129.7763840947662,1122.6087015787732,-0.009624799654693181,-14.233880370427206,92.58946221257735,-0.00962479965469318,0.0007059877106867146,0.0022412888150008243,351.3276036515242,-14.233880370427206,0.0022412888150008243,7.16697652828227,1592.2654952488929
19a93b617ae19dae,True,36.025,16.0,2.0,215.61262788333624,1078.0631394166505,1249520666054.122,7218.391098156113,597.6633937782788,5976.633937782787,True,4,0.095221,1135.44084549686,1124.4716088385326,-0.014439308096410173,-12.623983034532488,-86.73400215137495,-0.014439308096410171,0.0022327991214746764,0.004463598172058002,-526.9914054772864,-12.623983034532488,0.004463598172058002,10.967003859206065,-12.716107431877845
19a93b617ae19dae,True,36.025,16.0,2.0,215.61262788333624,1078.0631394166505,1249520666054.122,7218.391098156113,597.6633937782788,5976.633937782787,True,5,0.111221,1139.8929708386886,1126.3326439487018,-0.019249599309386377,-13.990909753131657,92.58946221267739,-0.019249599309386373,0.005166957287945289,0.008937184918959581,702.6552073030487,-13.990909753131657,0.008937184918959581,13.555159932698947,1592.265495248515
19a93b617ae19dae,True,36.025,16.0,2.0,215.61262788333624,1078.0631394166505,1249520666054.122,7218.391098156113,597.6633937782788,5976.633937782787,True,6,0.127221,1145.5607155355829,1128.1955512084612,-0.024064159180722144,-12.381012417236938,-86.73400215147318,-0.02406415918072214,0.009977063499138237,0.013372924437962366,-878.3190091288108,-12.381012417236938,0.013372924437962366,17.35518726362272,-12.716107431506316
19a93b617ae19dae,True,36.025,16.0,2.0,215.61262788333624,1078.0631394166505,1249520666054.122,7218.391098156113,597.6633937782788,5976.633937782787,True,7,0.143221,1150.0170613747903,1130.0565863186305,-0.02887439896408137,-13.747939135836177,92.58946221263555,-0.028874398964081366,0.01713171904409327,0.020087688311877436,1053.9828109545865,-13.747939135836177,0.020087688311877436,19.943343337115685,1592.2654952490643
19a93b617ae19dae,True,36.025,16.0,2.0,215.61262788333624,1078.0631394166505,1249520666054.122,7218.391098156113,597.6633937782788,5976.633937782787,True,8,0.159221,1155.6899637716413,1131.9194935783898,-0.03368901026503589,-12.138041799941407,-86.73400215137131,-0.03368901026503588,0.02709952521185004,0.02673685799282922,-1229.6466127803374,-12.138041799941407,0.02673685799282922,23.743370668039535,-12.716107431510864
1a462b744aaf5bfa,True,36.025,16.0,2.0,215.61262788333624,1078.0631394166505,1249520666054.122,5820.21601732172,597.6633937782788,5976.633937782787,True,1,0.047221,1119.6635523327102,1118.8847592088446,0.0,-14.476850987722745,92.58946221253187,0.0,0.0,0.0,0.0,-14.476850987722745,0.0,0.7787931238656026,1592.2654952490716
1a462b744aaf5bfa,True,36.025,16.0,2.0,215.61262788333624,1078.0631394166505,1249520666054.122,5820.21601732172,597.6633937782788,5976.633937782787,True,2,0.063221,1123.8134242405595,1120.747666468604,-0.004814457012098198,-15.591823773417698,-86.73400215127491,-0.004814457012098198,0.00011792176654171804,8.879195109495686e-06,-175.66380182576222,-15.591823773417698,8.879195109495686e-06,3.065639850189,-12.716107432249373
1a462b744aaf5bfa,True,36.025,16.0,2.0,215.61262788333624,1078.0631394166505,1249520666054.122,5820.21601732172,597.6633937782788,5976.633937782787,True,3,0.079221,1128.2632034901658,1122.6087015787732,-0.009624799654693181,-16.95875049201687,92.58946221257735,-0.00962479965469318,0.0007059877106867146,0.002241288815000817,351.3276036515242,-16.95875049201687,0.002241288815000817,5.653795923681895,1592.2654952488856
1a462b744aaf5bfa,True,36.025,16.0,2.0,215.61262788333624,1078.0631394166505,1249520666054.122,5820.21601732172,597.6633937782788,5976.633937782787,True,4,0.095221,1132.4144842876592,1124.4716088385326,-0.014439308096410173,-18.07372327771181,-86.73400215137495,-0.014439308096410171,0.0022327991214746764,0.00446359817205801,-526.9914054772864,-18.07372327771181,0.00446359817205801,7.940642650005274,-12.716107431876935
1a462b744aaf5bfa,True,36.025,16.0,2.0,215.61262788333624,1078.0631394166505,1249520666054.122,5820.21601732172,597.6633937782788,5976.633937782787,True,5,0.111221,1136.8666096294878,1126.3326439487018,-0.019249599309386377,-19.440649996310967,92.58946221267739,-0.019249599309386373,0.005166957287945289,0.008937184918959588,702.6552073030487,-19.440649996310967,0.008937184918959588,10.528798723498152,1592.265495248515
1a462b744aaf5bfa,True,36.025,16.0,2.0,215.61262788333624,1078.0631394166505,1249520666054.122,5820.21601732172,597.6633937782788,5976.633937782787,True,6,0.127221,1141.0211737217817,1128.1955512084612,-0.024064159180722144,-20.55562278200591,-86.73400215147318,-0.02406415918072214,0.009977063499138237,0.013372924437962345,-878.3190091288108,-20.55562278200591,0.013372924437962345,12.815645449821519,-12.71610743149904
1a462b744aaf5bfa,True,36.025,16.0,2.0,215.61262788333624,1078.0631394166505,1249520666054.122,5820.21601732172,597.6633937782788,5976.633937782787,True,7,0.143221,1145.477519560989,1130.0565863186305,-0.02887439896408137,-21.922549500605147,92.58946221263555,-0.028874398964081366,0.01713171904409327,0.020087688311877423,1053.9828109545865,-21.922549500605147,0.020087688311877423,15.403801523314494,1592.2654952490716
1a462b744aaf5bfa,True,36.025,16.0,2.0,215.61262788333624,1078.0631394166505,1249520666054.122,5820.21601732172,597.6633937782788,5976.633937782787,True,8,0.159221,1149.6372413532397,1131.9194935783898,-0.03368901026503589,-23.037522286300103,-86.73400215137131,-0.03368901026503588,0.02709952521185004,0.026736857992833356,-1229.6466127803374,-23.037522286300103,0.026736857992833356,17.69064824963787,-12.716107432243916
1a71dc69e9c7763f,True,36.025,16.0,2.0,339.97155664644646,1699.8577832321837,2537897794761.8413,7218.391098156113,597.6633937782788,5976.633937782787,True,1,0.047221,1119.5479334383626,1118.8847592088441,0.0,-10.426160434972052,92.5894622125628,0.0,0.0,0.0,0.0,-10.426160434972052,0.0,0.6631742295186049,-12.716107432290073
1a71dc69e9c7763f,True,36.025,16.0,2.0,339.97155664644646,1699.8577832321837,2537897794761.8413,7218.391098156113,597.6633937782788,5976.633937782787,True,2,0.063221,1125.0120395530291,1120.7476664686037,-0.004814457012098193,-8.94521651120511,-86.73400215132766,-0.004814457012098193,0.00011792176654171839,8.87919510926328e-06,-175.66380182576216,-8.94521651120511,8.87919510926328e-06,4.264255162658867,-12.716107431916498
1a71dc69e9c7763f,True,36.025,16.0,2.0,339.97155664644646,1699.8577832321837,2537897794761.8413,7218.391098156113,597.6633937782788,5976.633937782787,True,3,0.079221,1158.915102905329,1122.6087015787734,-0.00962479965469319,-13.452941738620169,92.58946221257371,-0.00962479965469319,0.0007059877106867148,-1.1168798930014201e-07,351.3276036515243,-13.452941738620169,-1.1168798930014201e-07,36.30569533884476,-12.716107432279387
1a71dc69e9c7763f,True,36.025,16.0,2.0,339.97155664644646,1699.8577832321837,2537897794761.8413,7218.391098156113,597.6633937782788,5976.633937782787,True,4,0.095221,1167.4413479879447,1124.471608838533,-0.014439308096410168,-11.426974084768753,-86.73400215132766,-0.014439308096410168,0.002232799121474673,8.990883097024535e-06,-526.9914054772864,-11.426974084768753,8.990883097024535e-06,42.96750635029033,-12.71610743190331
1a71dc69e9c7763f,True,36.025,16.0,2.0,339.97155664644646,1699.8577832321837,2537897794761.8413,7218.391098156113,597.6633937782788,5976.633937782787,True,5,0.111221,1194.0549589732418,1126.3326439487028,-0.019249599309386366,-15.389920701834047,92.58946221257371,-0.019249599309386366,0.005166957287945275,-2.2337597968109078e-07,702.6552073030485,-15.389920701834047,-2.2337597968109078e-07,67.71714806725129,-12.716107432276658
1a71dc69e9c7763f,True,36.025,16.0,2.0,339.97155664644646,1699.8577832321837,2537897794761.8413,7218.391098156113,597.6633937782788,5976.633937782787,True,6,0.127221,1206.5866280081036,1128.1955512084623,-0.02406415918072214,-12.818929317898162,-86.73400215132766,-0.02406415918072214,0.009977063499138206,9.102571083722152e-06,-878.3190091288109,-12.818929317898162,9.102571083722152e-06,78.38109973614213,-12.716107431903765
1a71dc69e9c7763f,True,36.025,16.0,2.0,339.97155664644646,1699.8577832321837,2537897794761.8413,7218.391098156113,597.6633937782788,5976.633937782787,True,7,0.143221,1226.8540716106943,1130.056586318632,-0.028874398964077612,-16.237097324613742,92.58946221256825,-0.028874398964077612,0.017131719044093024,-3.3506397137217335e-07,1053.9828109545592,-16.237097324613742,-3.3506397137217335e-07,96.78035357301822,-12.71610743149904
1a71dc69e9c7763f,True,36.025,16.0,2.0,339.97155664644646,1699.8577832321837,2537897794761.8413,7218.391098156113,597.6633937782788,5976.633937782787,True,8,0.159221,1244.3319807987482,1131.9194935783917,-0.03368901026503652,-13.121330739425927,-86.73400215124035,-0.03368901026503652,0.027099525211849825,9.21425906020719e-06,-1229.6466127803649,-13.121330739425927,9.21425906020719e-06,112.38538769514466,-12.716107430882403
1b5c4a6ebf16969e,True,36.025,16.0,2.0,339.9715566464229,1699.8577832323015,2537897794761.841,7218.391098156113,597.6633937782788,5976.633937782787,True,1,0.047221,1119.5479334383626,1118.8847592088441,0.0,-10.426160434972052,92.5894622125628,0.0,0.0,0.0,0.0,-10.426160434972052,0.0,0.6631742295186049,-12.716107432290073
1b5c4a6ebf16969e,True,36.025,16.0,2.0,339.9715566464229,1699.8577832323015,2537897794761.841,7218.391098156113,597.6633937782788,5976.633937782787,True,2,0.063221,1123.8285825893818,1120.7476664686037,-0.004814457012098193,-11.670086632794767,-86.73400215132766,-0.004814457012098193,0.00011792176654171839,8.879195109264549e-06,-175.66380182576216,-11.670086632794767,8.879195109264549e-06,3.080798199011468,-12.716107431918317
1b5c4a6ebf16969e,True,36.025,16.0,2.0,339.9715566464229,1699.8577832323015,2537897794761.841,7218.391098156113,597.6633937782788,5976.633937782787,True,3,0.079221,1130.6881528092733,1122.6087015787734,-0.00962479965469319,-13.454167225519992,92.58946221257371,-0.00962479965469319,0.0007059877106867148,-1.116879893124435e-07,351.3276036515243,-13.454167225519992,-1.116879893124435e-07,8.078745242789209,-12.716107432288936
1b5c4a6ebf16969e,True,36.025,16.0,2.0,339.9715566464229,1699.8577832323015,2537897794761.841,7218.391098156113,597.6633937782788,5976.633937782787,True,4,0.095221,1141.0862296625646,1124.471608838533,-0.014439308096410168,-15.788140883511643,-86.73400215132766,-0.014439308096410168,0.002232799121474673,8.990883097023827e-06,-526.9914054772864,-15.788140883511643,8.990883097023827e-06,16.612388024910114,-12.71610743191286
1b5c4a6ebf16969e,True,36.025,16.0,2.0,339.9715566464229,1699.8577832323015,2537897794761.841,7218.391098156113,597.6633937782788,5976.633937782787,True,5,0.111221,1155.9404754668315,1126.3326439487028,-0.019249599309386366,-18.66153027987741,92.58946221257371,-0.019249599309386366,0.005166957287945275,-2.233759796154442e-07,702.6552073030485,-18.66153027987741,-2.233759796154442e-07,29.602664560840793,-12.716107432262106
1b5c4a6ebf16969e,True,36.025,16.0,2.0,339.9715566464229,1699.8577832323015,2537897794761.841,7218.391098156113,597.6633937782788,5976.633937782787,True,6,0.127221,1176.2208145614823,1128.1955512084623,-0.02406415918072214,-22.085302869205307,-86.73400215132766,-0.02406415918072214,0.009977063499138206,9.102571083806096e-06,-878.3190091288109,-22.085302869205307,9.102571083806096e-06,48.01528628952094,-12.71610743189376
1b5c4a6ebf16969e,True,36.025,16.0,2.0,339.9715566464229,1699.8577832323015,2537897794761.841,7218.391098156113,597.6633937782788,5976.633937782787,True,7,0.143221,1202.8386460441582,1130.056586318632,-0.028874398964077612,-26.048249486270656,92.58946221256825,-0.028874398964077612,0.017131719044093024,-3.350639712914393e-07,1053.9828109545592,-26.048249486270656,-3.350639712914393e-07,72.7649280064821,-12.71610743135625
1b5c4a6ebf16969e,True,36.025,16.0,2.0,339.9715566464229,1699.8577832323015,2537897794761.841,7218.391098156113,597.6633937782788,5976.633937782787,True,8,0.159221,1236.7705877249332,1131.9194935783917,-0.03368901026503652,-30.56206953576751,-86.73400215124035,-0.03368901026503652,0.027099525211849825,9.2142590878106e-06,-1229.6466127803649,-30.56206953576751,9.2142590878106e-06,104.82399462132955,-12.716107432819626
1b6331729c140095,True,36.025,16.0,2.0,339.9715566464229,1699.8577832323015,2537897794761.841,7218.391098156113,597.6633937782788,5976.633937782787,True,1,0.047221,1119.5479334383626,1118.8847592088441,0.0,-10.426160434972052,92.5894622125628,0.0,0.0,0.0,0.0,-10.426160434972052,0.0,0.6631742295186049,-12.716107432290073
1b6331729c140095,True,36.025,16.0,2.0,339.9715566464229,1699.8577832323015,2537897794761.841,7218.391098156113,597.6633937782788,5976.633937782787,True,2,0.063221,1125.0120395530291,1120.7476664686037,-0.004814457012098193,-8.94521651120511,-86.73400215132766,-0.004814457012098193,0.00011792176654171839,8.87919510926328e-06,-175.66380182576216,-8.94521651120511,8.87919510926328e-06,4.264255162658867,-12.716107431916498
1b6331729c140095,True,36.025,16.0,2.0,339.9715566464229,1699.8577832323015,2537897794761.841,7218.391098156113,597.6633937782788,5976.633937782787,True,3,0.079221,1131.8716097729207,1122.6087015787734,-0.00962479965469319,-10.729297103930335,92.58946221257371,-0.00962479965469319,0.0007059877106867148,-1.1168798930480712e-07,351.3276036515243,-10.729297103930335,-1.1168798930480712e-07,9.262202206436609,-12.71610743228166
1b6331729c140095,True,36.025,16.0,2.0,339.9715566464229,1699.8577832323015,2537897794761.841,7218.391098156113,597.6633937782788,5976.633937782787,True,4,0.095221,1144.3999955129818,1124.471608838533,-0.014439308096410168,-8.15830571999445,-86.73400215132766,-0.014439308096410168,0.002232799121474673,8.990883097017095e-06,-526.9914054772864,-8.15830571999445,8.990883097017095e-06,19.92615387532739,-12.716107431903765
1b6331729c140095,True,36.025,16.0,2.0,339.9715566464229,1699.8577832323015,2537897794761.841,7218.391098156113,597.6633937782788,5976.633937782787,True,5,0.111221,1159.2542413172487,1126.3326439487028,-0.019249599309386366,-11.03169511636022,92.58946221257371,-0.019249599309386366,0.005166957287945275,-2.2337597964099748e-07,702.6552073030485,-11.03169511636022,-2.2337597964099748e-07,32.91643041125807,-12.716107432262106
1b6331729c140095,True,36.025,16.0,2.0,339.9715566464229,1699.8577832323015,2537897794761.841,7218.391098156113,597.6633937782788,5976.633937782787,True,6,0.127221,1182.6115253412806,1128.1955512084623,-0.02406415918072214,-7.370904801088082,-86.73400215132766,-0.02406415918072214,0.009977063499138206,9.102571083765066e-06,-878.3190091288109,-7.370904801088082,9.102571083765066e-06,54.40599706931918,-12.71610743189376
1b6331729c140095,True,36.025,16.0,2.0,339.9715566464229,1699.8577832323015,2537897794761.841,7218.391098156113,597.6633937782788,5976.633937782787,True,7,0.143221,1209.2293568239566,1130.056586318632,-0.028874398964077612,-11.333851418153438,92.58946221256825,-0.028874398964077612,0.017131719044093024,-3.350639713324696e-07,1053.9828109545592,-11.333851418153438,-3.350639713324696e-07,79.15563878628033,-12.71610743135625
1b6331729c140095,True,36.025,16.0,2.0,339.9715566464229,1699.8577832323015,2537897794761.841,7218.391098156113,597.6633937782788,5976.633937782787,True,8,0.159221,1247.185095357236,1131.9194935783917,-0.03368901026503652,-6.583013642712148,-86.73400215124035,-0.03368901026503652,0.027099525211849825,9.21425905409889e-06,-1229.6466127803649,-6.583013642712148,9.21425905409889e-06,115.23850225363222,-12.716107430269403
1bb6270288da2a93,True,36.025,16.0,1.9999999999999998,219.97193911455247,1099.859695572731,1269131879211.67,3718.565111171331,597.6633937782788,5976.633937782787,True,1,0.047221,979.5751742705409,5.170038849912753,0.0,59.56021914893904,92.58946221235361,0.0,0.0,0.0,0.0,59.56021914893904,0.0,974.4051354206281,-12.716107432089302
1bb6270288da2a93,True,36.025,16.0,1.9999999999999998,219.97193911455247,1099.859695572731,1269131879211.67,3718.565111171331,597.6633937782788,5976.633937782787,True,2,0.063221,983.8558234215603,7.0329461096726,-0.004814457012098048,58.31629295111638,-86.73400215153684,-0.004814457012098048,0.00011792176654171839,8.879195109127376e-06,-175.66380182576216,58.31629295111638,8.879195109127376e-06,976.8227593901212,-12.716107431721866
1bb6270288da2a93,True,36.025,16.0,1.9999999999999998,219.97193911455247,1099.859695572731,1269131879211.67,3718.565111171331,597.6633937782788,5976.633937782787,True,3,0.079221,992.3602059997122,8.893981219842077,-0.009624799654693192,56.25994726174571,92.58946221236452,-0.009624799654693192,0.0007059877106867148,-1.1168798932009191e-07,351.3276036515243,56.25994726174571,-1.1168798932009191e-07,983.4655187921594,-12.716107432099307
1bb6270288da2a93,True,36.025,16.0,1.9999999999999998,219.97193911455247,1099.859695572731,1269131879211.67,3718.565111171331,597.6633937782788,5976.633937782787,True,4,0.095221,1007.2261552251891,10.756888479601924,-0.01443930809641002,53.381198402502356,-86.73400215153684,-0.01443930809641002,0.002232799121474673,8.990883096923907e-06,-526.9914054772864,53.381198402502356,8.990883096923907e-06,996.4670339464658,-12.716107431743694
1df2750894ba0904,True,36.025,16.0,2.0,339.9715566464229,1699.8577832323015,2537897794761.841,7218.391098156113,597.6633937782788,5976.633937782787,True,1,0.047221,999.4441275390449,5.170038849912753,60.05190294965895,-0.4916838007199088,92.58946221235361,60.05190294965895,993.6109144596135,-9.934476634252144,2.0463630789890885e-10,-0.4916838007199088,-9.934476634252144,0.6631742295186049,-12.716107432290073
1df2750894ba0904,True,36.025,16.0,2.0,339.9715566464229,1699.8577832323015,2537897794761.841,7218.391098156113,597.6633937782788,5976.633937782787,True,2,0.063221,1004.9082336537115,7.0329461096726,60.04708849264688,0.9892601230470105,-86.73400215153684,60.04708849264688,993.61103238138,-9.93446775505701,-175.66380182555753,0.9892601230470105,-9.93446775505701,4.264255162658867,-12.716107431916498
1df2750894ba0904,True,36.025,16.0,2.0,339.9715566464229,1699.8577832323015,2537897794761.841,7218.391098156113,597.6633937782788,5976.633937782787,True,3,0.079221,1011.7678038736029,8.893981219842077,60.04227815000427,-0.7948204696782438,92.58946221236452,60.04227815000427,993.6116204473242,-9.934476745940081,351.32760365172896,-0.7948204696782438,-9.934476745940081,9.262202206436609,-12.71610743228166
1df2750894ba0904,True,36.025,16.0,2.0,339.9715566464229,1699.8577832323015,2537897794761.841,7218.391098156113,597.6633937782788,5976.633937782787,True,4,0.095221,1024.2961896136644,10.756888479601924,60.03746364156257,1.776170914257597,-86.73400215153684,60.03746364156257,993.613147258735,-9.934467643368961,-526.9914054770818,1.776170914257597,-9.934467643368961,19.92615387532739,-12.716107431903765
1df2750894ba0904,True,36.025,16.0,2.0,339.9715566464229,1699.8577832323015,2537897794761.841,7218.391098156113,597.6633937782788,5976.633937782787,True,5,0.111221,1039.150435417931,12.617923589771403,60.032653350349584,-1.0972184821082203,92.58946221236452,60.032653350349584,993.6160814169016,-9.934476857627992,702.6552073032532,-1.0972184821082203,-9.934476857627992,32.91643041125807,-12.716107432262106
1df2750894ba0904,True,36.025,16.0,2.0,339.9715566464229,1699.8577832323015,2537897794761.841,7218.391098156113,597.6633937782788,5976.633937782787,True,6,0.127221,1062.5077194419634,14.480830849531248,60.02783879047826,2.5635718331638553,-86.73400215153684,60.02783879047826,993.620891523113,-9.934467531680868,-878.3190091286062,2.5635718331638553,-9.934467531680868,54.40599706931918,-12.71610743189376
1df2750894ba0904,True,36.025,16.0,2.0,339.9715566464229,1699.8577832323015,2537897794761.841,7218.391098156113,597.6633937782788,5976.633937782787,True,7,0.143221,1089.1255509246391,16.341865959700723,60.02302855069488,-1.399374783901562,92.58946221235907,60.02302855069488,993.628046178658,-9.934476969315863,1053.9828109547639,-1.399374783901562,-9.934476969315863,79.15563878628033,-12.71610743135625
1df2750894ba0904,True,36.025,16.0,2.0,339.9715566464229,1699.8577832323015,2537897794761.841,7218.391098156113,597.6633937782788,5976.633937782787,True,8,0.159221,1127.0812894579185,18.2047732194606,60.01821393939394,3.3514629915396537,-86.73400215144953,60.01821393939394,993.6380139848256,-9.934467419992767,-1229.6466127801602,3.3514629915396537,-9.934467419992767,115.23850225363222,-12.716107430269403
1ef7cd6ed013bce1,True,36.025,16.0,2.0,339.97155664647005,1699.8577832323015,2537897794761.841,7218.391098156113,597.6633937782788,5976.633937782787,True,1,0.047221,1119.6635523327102,1118.8847592088446,0.0,-14.476850987722745,92.58946221253187,0.0,0.0,0.0,0.0,-14.476850987722745,0.0,0.7787931238656026,1592.2654952490716
1ef7cd6ed013bce1,True,36.025,16.0,2.0,339.97155664647005,1699.8577832323015,2537897794761.841,7218.391098156113,597.6633937782788,5976.633937782787,True,2,0.063221,1123.8134242405595,1120.747666468604,-0.004814457012098198,-15.591823773417698,-86.73400215127491,-0.004814457012098198,0.00011792176654171804,8.879195109495686e-06,-175.66380182576222,-15.591823773417698,8.879195109495686e-06,3.065639850189,-12.716107432249373
1ef7cd6ed013bce1,True,36.025,16.0,2.0,339.97155664647005,1699.8577832323015,2537897794761.841,7218.391098156113,597.6633937782788,5976.633937782787,True,3,0.079221,1130.9168022291883,1122.6087015787732,-0.009624799654693181,-17.503529102366635,92.58946221257735,-0.00962479965469318,0.0007059877106867146,0.0022412888150008343,351.3276036515242,-17.503529102366635,0.0022412888150008343,8.307394662704409,1592.2654952489006
1ef7cd6ed013bce1,True,36.025,16.0,2.0,339.97155664647005,1699.8577832323015,2537897794761.841,7218.391098156113,597.6633937782788,5976.633937782787,True,4,0.095221,1141.0522003536094,1124.4716088385326,-0.014439308096410173,-19.70854934823051,-86.73400215137495,-0.014439308096410171,0.0022327991214746764,0.004463598172058041,-526.9914054772864,-19.70854934823051,0.004463598172058041,16.57835871595535,-12.716107431867385
1ef7cd6ed013bce1,True,36.025,16.0,2.0,339.97155664647005,1699.8577832323015,2537897794761.841,7218.391098156113,597.6633937782788,5976.633937782787,True,5,0.111221,1156.2870705169807,1126.3326439487018,-0.019249599309386377,-22.709563480819984,92.58946221267739,-0.019249599309386373,0.005166957287945289,0.00893718491895968,702.6552073030487,-22.709563480819984,0.00893718491895968,29.94925961099106,1592.2654952485436
1ef7cd6ed013bce1,True,36.025,16.0,2.0,339.97155664647005,1699.8577832323015,2537897794761.841,7218.391098156113,597.6633937782788,5976.633937782787,True,6,0.127221,1176.172859470359,1128.1955512084612,-0.024064159180722144,-26.004382658020113,-86.73400215147318,-0.02406415918072214,0.009977063499138237,0.013372924437962487,-878.3190091288108,-26.004382658020113,0.013372924437962487,47.967331198398924,-12.716107431492674
1ef7cd6ed013bce1,True,36.025,16.0,2.0,339.97155664647005,1699.8577832323015,2537897794761.841,7218.391098156113,597.6633937782788,5976.633937782787,True,7,0.143221,1203.308163103554,1130.0565863186305,-0.02887439896408137,-30.09495401130924,92.58946221263555,-0.028874398964081366,0.01713171904409327,0.020087688311883546,1053.9828109545865,-30.09495401130924,0.020087688311883546,73.23444506587954,1592.2654952498187
1ef7cd6ed013bce1,True,36.025,16.0,2.0,339.97155664647005,1699.8577832323015,2537897794761.841,7218.391098156113,597.6633937782788,5976.633937782787,True,8,0.159221,1236.713653157356,1131.9194935783898,-0.03368901026503589,-34.47982064867827,-86.73400215137131,-0.03368901026503588,0.02709952521185004,0.02673685799284383,-1229.6466127803374,-34.47982064867827,0.02673685799284383,104.76706005375411,-12.716107432372155
21437b3f86737ccf,True,36.025,16.0,2.0,109.43877567890463,547.1938783944315,485397100712.818,5468.478104663722,597.6633937782788,5976.633937782787,True,1,0.047221,5.958999291317077,5.180206167451474,0.0,-0.8293316029932659,92.58946221232996,0.0,0.0,0.0,0.0,-0.8293316029932659,0.0,0.7787931238656026,1592.2654952490716
21437b3f86737ccf,True,36.025,16.0,2.0,109.43877567890463,547.1938783944315,485397100712.818,5468.478104663722,597.6633937782788,5976.633937782787,True,2,0.063221,10.108871199166867,7.043113427211325,-0.004814457012098056,-1.9443043886882039,-86.73400215147682,-0.004814457012098056,0.00011792176654171804,8.879195109495686e-06,-175.66380182576222,-1.9443043886882039,8.879195109495686e-06,3.065639850189,-12.716107432249373
21437b3f86737ccf,True,36.025,16.0,2.0,109.43877567890463,547.1938783944315,485397100712.818,5468.478104663722,597.6633937782788,5976.633937782787,True,3,0.079221,14.558650448773378,8.904148537380797,-0.00962479965469318,-3.3112311072873934,92.58946221237544,-0.00962479965469318,0.0007059877106867146,0.002241288815000817,351.3276036515242,-3.3112311072873934,0.002241288815000817,5.653795923681895,1592.2654952488856
21437b3f86737ccf,True,36.025,16.0,2.0,109.43877567890463,547.1938783944315,485397100712.818,5468.478104663722,597.6633937782788,5976.633937782787,True,4,0.095221,18.709931246267395,10.767055797140646,-0.014439308096410027,-4.4262038929823175,-86.73400215157686,-0.014439308096410027,0.0022327991214746764,0.00446359817205801,-526.9914054772864,-4.4262038929823175,0.00446359817205801,7.940642650005274,-12.716107431876935
21437b3f86737ccf,True,36.025,16.0,2.0,109.43877567890463,547.1938783944315,485397100712.818,5468.478104663722,597.6633937782788,5976.633937782787,True,5,0.111221,23.162056588096217,12.628090907310119,-0.01924959930938638,-5.793130611581505,92.58946221247366,-0.01924959930938638,0.005166957287945289,0.008937184918959588,702.6552073030487,-5.793130611581505,0.008937184918959588,10.528798723498152,1592.265495248515
21437b3f86737ccf,True,36.025,16.0,2.0,109.43877567890463,547.1938783944315,485397100712.818,5468.478104663722,597.6633937782788,5976.633937782787,True,6,0.127221,27.316620680390628,14.49099816706997,-0.024064159180721998,-6.908103397276428,-86.7340021516769,-0.024064159180721998,0.009977063499138237,0.013372924437962345,-878.3190091288108,-6.908103397276428,0.013372924437962345,12.815645449821519,-12.71610743149904
22d8a8a79ab10414,True,36.025,16.0,2.0,339.97155664644646,1699.8577832321837,2536954393388.381,7218.391098156113,597.6633937782788,5976.633937782787,True,1,0.047221,1055.8596735331455,405.1949933879172,365.378648970229,359.1553747249105,92.58946221251004,365.378648970229,330.73234340245347,325.00075295785484,1.368789526168257e-10,359.1553747249105,325.00075295785484,319.9323367427748,-12.71610743215706
22d8a8a79ab10414,True,36.025,16.0,2.0,339.97155664644646,1699.8577832321837,2536954393388.381,7218.391098156113,597.6633937782788,5976.633937782787,True,2,0.063221,1061.3237796478122,407.0579006476771,365.3738345132168,360.63631864867756,-86.73400215138041,365.3738345132168,330.73246132422,325.00076183705,-175.66380182562528,360.63631864867756,325.00076183705,323.5334176759151,-12.716107431778255
22d8a8a79ab10414,True,36.025,16.0,2.0,339.97155664644646,1699.8577832321837,2536954393388.381,7218.391098156113,597.6633937782788,5976.633937782787,True,3,0.079221,1095.2268430001118,408.9189357578468,365.3690241705743,356.12859342126245,92.58946221252096,365.3690241705743,330.7330493901642,325.00075284616696,351.3276036516612,356.12859342126245,325.00075284616696,355.57485785210093,-12.71610743214842
22d8a8a79ab10414,True,36.025,16.0,2.0,339.97155664644646,1699.8577832321837,2536954393388.381,7218.391098156113,597.6633937782788,5976.633937782787,True,4,0.095221,1103.753088082728,410.7818430176067,365.3642096621325,358.15456107511386,-86.73400215138041,365.3642096621325,330.734576201575,325.0007619487381,-526.9914054771496,358.15456107511386,325.0007619487381,362.2366688635464,-12.716107431772343
22d8a8a79ab10414,True,36.025,16.0,2.0,339.97155664644646,1699.8577832321837,2536954393388.381,7218.391098156113,597.6633937782788,5976.633937782787,True,5,0.111221,1130.3666990680251,412.6428781277764,365.3593993709194,354.19161445804855,92.58946221252096,365.3593993709194,330.73751035974146,325.00075273447897,702.6552073031854,354.19161445804855,325.00075273447897,386.98631058050734,-12.71610743214569
22d8a8a79ab10414,True,36.025,16.0,2.0,339.97155664644646,1699.8577832321837,2536954393388.381,7218.391098156113,597.6633937782788,5976.633937782787,True,6,0.127221,1142.898368102887,414.5057853875363,365.354584811048,356.76260584198445,-86.73400215138041,365.354584811048,330.7423204659526,325.0007620604261,-878.319009128674,356.76260584198445,325.0007620604261,397.650262249398,-12.716107431772798
22d8a8a79ab10414,True,36.025,16.0,2.0,339.97155664644646,1699.8577832321837,2536954393388.381,7218.391098156113,597.6633937782788,5976.633937782787,True,7,0.143221,1163.1658117054776,416.366820497706,365.3497745712646,353.3444378352687,92.5894622125155,365.3497745712646,330.74947512149765,325.0007526227911,1053.982810954696,353.3444378352687,325.0007526227911,416.0495160862739,-12.716107431368073
22d8a8a79ab10414,True,36.025,16.0,2.0,339.97155664644646,1699.8577832321837,2536954393388.381,7218.391098156113,597.6633937782788,5976.633937782787,True,8,0.159221,1180.6437208935317,418.229727757466,365.34495995996366,356.4602044204565,-86.7340021512931,365.34495995996366,330.7594429276654,325.0007621721142,-1229.646612780228,356.4602044204565,325.0007621721142,431.65455020840034,-12.716107430736884
248d2cd0736afc45,True,36.025,16.0,2.0,339.9715566464229,1699.8577832323015,1874919978024.0603,7218.391098156113,597.6633937782788,5976.633937782787,True,1,0.047221,5.843380396970075,5.1802061674514706,0.0,-0.4925242098760083,92.58946221235361,0.0,0.0,0.0,0.0,-0.4925242098760083,0.0,0.6631742295186049,-12.716107432290073
248d2cd0736afc45,True,36.025,16.0,2.0,339.9715566464229,1699.8577832323015,1874919978024.0603,7218.391098156113,597.6633937782788,5976.633937782787,True,2,0.063221,11.307486511636725,7.043113427211317,-0.004814457012098048,0.9884197138909111,-86.73400215153684,-0.004814457012098048,0.00011792176654171839,8.87919510926328e-06,-175.66380182576216,0.9884197138909111,8.87919510926328e-06,4.264255162658867,-12.716107431916498
248d2cd0736afc45,True,36.025,16.0,2.0,339.9715566464229,1699.8577832323015,1874919978024.0603,7218.391098156113,597.6633937782788,5976.633937782787,True,3,0.079221,18.16705673152809,8.904148537380793,-0.009624799654693192,-0.7956608788343432,92.58946221236452,-0.009624799654693192,0.0007059877106867148,-1.1168798930480712e-07,351.3276036515243,-0.7956608788343432,-1.1168798930480712e-07,9.262202206436609,-12.71610743228166
248d2cd0736afc45,True,36.025,16.0,2.0,339.9715566464229,1699.8577832323015,1874919978024.0603,7218.391098156113,597.6633937782788,5976.633937782787,True,4,0.095221,30.695442471589505,10.76705579714064,-0.01443930809641002,1.7753305051014976,-86.73400215153684,-0.01443930809641002,0.002232799121474673,8.990883097017095e-06,-526.9914054772864,1.7753305051014976,8.990883097017095e-06,19.92615387532739,-12.716107431903765
248d2cd0736afc45,True,36.025,16.0,2.0,339.9715566464229,1699.8577832323015,1874919978024.0603,7218.391098156113,597.6633937782788,5976.633937782787,True,5,0.111221,45.549688275856134,12.628090907310119,-0.019249599309386373,-1.0980588912643197,92.58946221236452,-0.019249599309386373,0.005166957287945275,-2.2337597964099748e-07,702.6552073030485,-1.0980588912643197,-2.2337597964099748e-07,32.91643041125807,-12.716107432262106
248d2cd0736afc45,True,36.025,16.0,2.0,339.9715566464229,1699.8577832323015,1874919978024.0603,7218.391098156113,597.6633937782788,5976.633937782787,True,6,0.127221,68.90697229988828,14.490998167069964,-0.024064159180721998,2.562731424007756,-86.73400215153684,-0.024064159180721998,0.009977063499138206,9.102571083765066e-06,-878.3190091288109,2.562731424007756,9.102571083765066e-06,54.40599706931918,-12.71610743189376
248d2cd0736afc45,True,36.025,16.0,2.0,339.9715566464229,1699.8577832323015,1874919978024.0603,7218.391098156113,597.6633937782788,5976.633937782787,True,7,0.143221,95.52480378256386,16.35203327723944,-0.028874398964077622,-1.4002151930576614,92.58946221235907,-0.028874398964077622,0.017131719044093024,-3.350639713324696e-07,1053.9828109545592,-1.4002151930576614,-3.350639713324696e-07,79.15563878628033,-12.71610743135625
248d2cd0736afc45,True,36.025,16.0,2.0,339.9715566464229,1699.8577832323015,1874919978024.0603,7218.391098156113,597.6633937782788,5976.633937782787,True,8,0.159221,133.4805423158434,18.214940536999315,-0.033689010265036366,3.3506225823835543,-86.73400215144953,-0.033689010265036366,0.027099525211849825,9.21425905409889e-06,-1229.6466127803649,3.3506225823835543,9.21425905409889e-06,115.23850225363222,-12.716107430269403
24b35d819ad7066b,True,36.025,16.0,2.0,339.97155664644646,1699.8577832321837,2537706154867.268,7218.391098156113,597.6633937782788,5976.633937782787,True,1,0.047221,1070.5338637472016,586.6811839488106,381.2163716969757,370.73909830220583,92.58946221250277,381.2163716969757,248.3607030296274,241.53694333726267,9.00399754755199e-11,370.73909830220583,241.53694333726267,235.4919767687636,1592.2654952491748
24b35d819ad7066b,True,36.025,16.0,2.0,339.97155664644646,1699.8577832321837,2537706154867.268,7218.391098156113,597.6633937782788,5976.633937782787,True,2,0.063221,1076.1969162596515,588.5440912085702,381.21155723996355,372.3489956381005,-86.73400215130401,381.21155723996355,248.36082095139395,241.53695221645776,-175.66380182567218,372.3489956381005,241.53695221645776,239.2920040996874,-12.71610743214569
24b35d819ad7066b,True,36.025,16.0,2.0,339.97155664644646,1699.8577832321837,2537706154867.268,7218.391098156113,597.6633937782788,5976.633937782787,True,3,0.079221,1110.6858756581776,590.4051263187398,381.206746897321,367.71364567446176,92.58946221254824,381.206746897321,248.3614090173381,241.53918462607766,351.32760365161425,367.71364567446176,241.53918462607766,271.91934032209963,1592.265495248983
24b35d819ad7066b,True,36.025,16.0,2.0,339.97155664644646,1699.8577832321837,2537706154867.268,7218.391098156113,597.6633937782788,5976.633937782787,True,4,0.095221,1119.4770178814274,592.2680335784994,381.20193238887924,369.8685667404408,-86.73400215140406,381.20193238887924,248.3629358287489,241.54140693543476,-526.9914054771964,369.8685667404408,241.54140693543476,278.84604847417904,-12.71610743178735
24b35d819ad7066b,True,36.025,16.0,2.0,339.97155664644646,1699.8577832321837,2537706154867.268,7218.391098156113,597.6633937782788,5976.633937782787,True,5,0.111221,1146.6081010172438,594.129068688669,381.1971220976661,365.7779953871519,92.58946221264829,381.1971220976661,248.3658699869154,241.54588052218165,702.6552073031387,365.7779953871519,241.54588052218165,304.1131623416593,1592.2654952485836
24b35d819ad7066b,True,36.025,16.0,2.0,339.97155664644646,1699.8577832321837,2537706154867.268,7218.391098156113,597.6633937782788,5976.633937782787,True,6,0.127221,1159.4706179355894,595.9919759484286,381.19230753779476,368.47794018321554,-86.73400215150228,381.19230753779476,248.3706800931266,241.55031626170063,-878.3190091287207,368.47794018321554,241.55031626170063,315.1079618940342,-12.716107431429009
24b35d819ad7066b,True,36.025,16.0,2.0,339.97155664644646,1699.8577832321837,2537706154867.268,7218.391098156113,597.6633937782788,5976.633937782787,True,7,0.143221,1180.1871097929923,597.8530110585982,381.18749729801135,364.932147440276,92.58946221260645,381.18749729801135,248.37783474867152,241.55703102557456,1053.9828109546766,364.932147440276,241.55703102557456,333.9562639857226,1592.2654952497269
24b35d819ad7066b,True,36.025,16.0,2.0,339.97155664644646,1699.8577832321837,2537706154867.268,7218.391098156113,597.6633937782788,5976.633937782787,True,8,0.159221,1198.0617875340824,599.7159183183578,381.1826826867104,368.1768674375917,-86.73400215140042,381.1826826867104,248.38780255483925,241.56368019525553,-1229.6466127802473,368.1768674375917,241.56368019525553,349.9580666608853,-12.716107430398552
25c878f207743488,True,36.025,16.0,2.0,152.42997472473064,762.1498736236314,1451935751246.3936,10718.217085140896,597.6633937782788,5976.633937782787,True,1,0.047221,1070.5338637472016,586.6811839488106,381.2163716969757,370.73909830220583,92.58946221250277,381.2163716969757,248.3607030296274,241.53694333726267,9.00399754755199e-11,370.73909830220583,241.53694333726267,235.4919767687636,1592.2654952491748
25c878f207743488,True,36.025,16.0,2.0,152.42997472473064,762.1498736236314,1451935751246.3936,10718.217085140896,597.6633937782788,5976.633937782787,True,2,0.063221,1074.6837356550511,588.5440912085702,381.21155723996355,369.62412551651084,-86.73400215130401,381.21155723996355,248.36082095139395,241.53695221645776,-175.66380182567218,369.62412551651084,241.53695221645776,237.77882349508698,-12.716107432140234
25c878f207743488,True,36.025,16.0,2.0,152.42997472473064,762.1498736236314,1451935751246.3936,10718.217085140896,597.6633937782788,5976.633937782787,True,3,0.079221,1079.1335149046577,590.4051263187398,381.206746897321,368.2571987979117,92.58946221254824,381.206746897321,248.3614090173381,241.53918462607766,351.32760365161425,368.2571987979117,241.53918462607766,240.36697956857984,1592.2654952489947
25c878f207743488,True,36.025,16.0,2.0,152.42997472473064,762.1498736236314,1451935751246.3936,10718.217085140896,597.6633937782788,5976.633937782787,True,4,0.095221,1083.2847957021515,592.2680335784994,381.20193238887924,367.1422260122167,-86.73400215140406,381.20193238887924,248.3629358287489,241.54140693543476,-526.9914054771964,367.1422260122167,241.54140693543476,242.65382629490324,-12.716107431767796
25c878f207743488,True,36.025,16.0,2.0,152.42997472473064,762.1498736236314,1451935751246.3936,10718.217085140896,597.6633937782788,5976.633937782787,True,5,0.111221,1087.7369210439806,594.129068688669,381.1971220976661,365.7752992936176,92.58946221264829,381.1971220976661,248.3658699869154,241.54588052218165,702.6552073031387,365.7752992936176,241.54588052218165,245.24198236839612,1592.2654952486241
25c878f207743488,True,36.025,16.0,2.0,152.42997472473064,762.1498736236314,1451935751246.3936,10718.217085140896,597.6633937782788,5976.633937782787,True,6,0.127221,1091.8914851362747,595.9919759484286,381.19230753779476,364.6603265079226,-86.73400215150228,381.19230753779476,248.3706800931266,241.55031626170063,-878.3190091287207,364.6603265079226,241.55031626170063,247.52882909471947,-12.7161074313899
25c878f207743488,True,36.025,16.0,2.0,152.42997472473064,762.1498736236314,1451935751246.3936,10718.217085140896,597.6633937782788,5976.633937782787,True,7,0.143221,1096.347830975482,597.8530110585982,381.18749729801135,363.2933997893233,92.58946221260645,381.18749729801135,248.37783474867152,241.55703102557456,1053.9828109546766,363.2933997893233,241.55703102557456,250.11698516821244,1592.2654952491807
25c878f207743488,True,36.025,16.0,2.0,152.42997472473064,762.1498736236314,1451935751246.3936,10718.217085140896,597.6633937782788,5976.633937782787,True,8,0.159221,1100.507552767733,599.7159183183578,381.1826826867104,362.1784270036284,-86.73400215140042,381.1826826867104,248.38780255483925,241.56368019525556,-1229.6466127802473,362.1784270036284,241.56368019525556,252.40383189453578,-12.716107432134777
25c878f207743488,True,36.025,16.0,2.0,152.42997472473064,762.1498736236314,1451935751246.3936,10718.217085140896,597.6633937782788,5976.633937782787,True,9,0.175221,1104.969993509475,601.5769534285274,381.17787249835663,360.8115002850292,92.58946221251004,381.17787249835663,248.40105211291885,241.57263613625645,1405.3104146062042,360.8115002850292,241.57263613625645,254.99198796802867,1592.2654952491803
25c878f207743488,True,36.025,16.0,2.0,152.42997472473064,762.1498736236314,1451935751246.3936,10718.217085140896,597.6633937782788,5976.633937782787,True,10,0.191221,1109.1367474068384,603.439860688287,381.17305783562614,359.6965274993342,-86.73400215129855,381.17305783562614,248.41805202419928,241.58149873609932,-1580.9742164317745,359.6965274993342,241.58149873609932,257.27883469435204,-12.7161074328842
25c878f207743488,True,36.025,16.0,2.0,152.42997472473064,762.1498736236314,1451935751246.3936,10718.217085140896,597.6633937782788,5976.633937782787,True,11,0.207221,1113.6071574562711,605.3008957984566,381.16824769870203,358.329600780735,92.58946221241364,381.16824769870203,248.43927088996966,241.59269585422732,1756.6380182577311,358.329600780735,241.59269585422732,259.86699076784487,1592.265495249172
25c878f207743488,True,36.025,16.0,2.0,152.42997472473064,762.1498736236314,1451935751246.3936,10718.217085140896,597.6633937782788,5976.633937782787,True,12,0.223221,1117.7828178639036,607.1638030582162,381.16343298454194,357.21462799503996,-86.73400215119487,381.16343298454194,248.46517731151906,241.6037718842322,-1932.301820083302,357.21462799503996,241.6037718842322,262.1538374941684,-12.71610743363317
26060cd426fd168a,True,36.025,16.0,2.0,215.61262788333624,1078.0631394166505,1249520666054.122,6259.044507202143,597.6633937782788,5976.633937782787,True,1,0.047221,1119.6635523327102,1118.8847592088446,0.0,-14.476850987722745,92.58946221253187,0.0,0.0,0.0,0.0,-14.476850987722745,0.0,0.7787931238656026,1592.2654952490716
26060cd426fd168a,True,36.025,16.0,2.0,215.61262788333624,1078.0631394166505,1249520666054.122,6259.044507202143,597.6633937782788,5976.633937782787,True,2,0.063221,1123.8134242405595,1120.747666468604,-0.004814457012098198,-15.591823773417698,-86.73400215127491,-0.004814457012098198,0.00011792176654171804,8.879195109495686e-06,-175.66380182576222,-15.591823773417698,8.879195109495686e-06,3.065639850189,-12.716107432249373
26060cd426fd168a,True,36.025,16.0,2.0,215.61262788333624,1078.0631394166505,1249520666054.122,6259.044507202143,597.6633937782788,5976.633937782787,True,3,0.079221,1128.2632034901658,1122.6087015787732,-0.009624799654693181,-16.95875049201687,92.58946221257735,-0.00962479965469318,0.0007059877106867146,0.002241288815000817,351.3276036515242,-16.95875049201687,0.002241288815000817,5.653795923681895,1592.2654952488856
26060cd426fd168a,True,36.025,16.0,2.0,215.61262788333624,1078.0631394166505,1249520666054.122,6259.044507202143,597.6633937782788,5976.633937782787,True,4,0.095221,1132.4144842876592,1124.4716088385326,-0.014439308096410173,-18.07372327771181,-86.73400215137495,-0.014439308096410171,0.0022327991214746764,0.00446359817205801,-526.9914054772864,-18.07372327771181,0.00446359817205801,7.940642650005274,-12.716107431876935
26060cd426fd168a,True,36.025,16.0,2.0,215.61262788333624,1078.0631394166505,1249520666054.122,6259.044507202143,597.6633937782788,5976.633937782787,True,5,0.111221,1136.8666096294878,1126.3326439487018,-0.019249599309386377,-19.440649996310967,92.58946221267739,-0.019249599309386373,0.005166957287945289,0.008937184918959588,702.6552073030487,-19.440649996310967,0.008937184918959588,10.528798723498152,1592.265495248515
26060cd426fd168a,True,36.025,16.0,2.0,215.61262788333624,1078.0631394166505,1249520666054.122,6259.044507202143,597.6633937782788,5976.633937782787,True,6,0.127221,1141.0211737217817,1128.1955512084612,-0.024064159180722144,-20.55562278200591,-86.73400215147318,-0.02406415918072214,0.009977063499138237,0.013372924437962345,-878.3190091288108,-20.55562278200591,0.013372924437962345,12.815645449821519,-12.71610743149904
26060cd426fd168a,True,36.025,16.0,2.0,215.61262788333624,1078.0631394166505,1249520666054.122,6259.044507202143,597.6633937782788,5976.633937782787,True,7,0.143221,1145.477519560989,1130.0565863186305,-0.02887439896408137,-21.922549500605147,92.58946221263555,-0.028874398964081366,0.01713171904409327,0.020087688311877423,1053.9828109545865,-21.922549500605147,0.020087688311877423,15.403801523314494,1592.2654952490716
26060cd426fd168a,True,36.025,16.0,2.0,215.61262788333624,1078.0631394166505,1249520666054.122,6259.044507202143,597.6633937782788,5976.633937782787,True,8,0.159221,1149.6372413532397,1131.9194935783898,-0.03368901026503589,-23.037522286300103,-86.73400215137131,-0.03368901026503588,0.02709952521185004,0.026736857992833356,-1229.6466127803374,-23.037522286300103,0.026736857992833356,17.69064824963787,-12.716107432243916
2a23a8c41b42d5d4,True,36.025,16.0,2.0,215.6126278833437,1078.0631394166505,1249520666054.122,7218.391098156113,597.6633937782788,5976.633937782787,True,1,0.047221,1119.5479334383626,1118.8847592088441,0.0,-10.426160434972052,92.5894622125628,0.0,0.0,0.0,0.0,-10.426160434972052,0.0,0.6631742295186049,-12.716107432290073
2a23a8c41b42d5d4,True,36.025,16.0,2.0,215.6126278833437,1078.0631394166505,1249520666054.122,7218.391098156113,597.6633937782788,5976.633937782787,True,2,0.063221,1125.0120395530291,1120.7476664686037,-0.004814457012098193,-8.94521651120511,-86.73400215132766,-0.004814457012098193,0.00011792176654171839,8.87919510926328e-06,-175.66380182576216,-8.94521651120511,8.87919510926328e-06,4.264255162658867,-12.716107431916498
2a23a8c41b42d5d4,True,36.025,16.0,2.0,215.6126278833437,1078.0631394166505,1249520666054.122,7218.391098156113,597.6633937782788,5976.633937782787,True,3,0.079221,1129.2864349296053,1122.6087015787734,-0.00962479965469319,-10.184518493580576,92.58946221257371,-0.00962479965469319,0.0007059877106867148,-1.1168798931082143e-07,351.3276036515243,-10.184518493580576,-1.1168798931082143e-07,6.677027363121192,-12.716107432285753
2a23a8c41b42d5d4,True,36.025,16.0,2.0,215.6126278833437,1078.0631394166505,1249520666054.122,7218.391098156113,597.6633937782788,5976.633937782787,True,4,0.095221,1134.751949933916,1124.471608838533,-0.014439308096410168,-8.703574569813632,-86.73400215132766,-0.014439308096410168,0.002232799121474673,8.990883097044732e-06,-526.9914054772864,-8.703574569813632,8.990883097044732e-06,10.278108296261452,-12.716107431921955
2a23a8c41b42d5d4,True,36.025,16.0,2.0,215.6126278833437,1078.0631394166505,1249520666054.122,7218.391098156113,597.6633937782788,5976.633937782787,True,5,0.111221,1139.0286914027145,1126.3326439487028,-0.019249599309386366,-9.942876552189098,92.58946221257371,-0.019249599309386366,0.005166957287945275,-2.2337597965316876e-07,702.6552073030485,-9.942876552189098,-2.2337597965316876e-07,12.690880496723784,-12.716107432293029
2a23a8c41b42d5d4,True,36.025,16.0,2.0,215.6126278833437,1078.0631394166505,1249520666054.122,7218.391098156113,597.6633937782788,5976.633937782787,True,6,0.127221,1144.4974897018253,1128.1955512084623,-0.02406415918072214,-8.461932628422158,-86.73400215132766,-0.02406415918072214,0.009977063499138206,9.10257108379623e-06,-878.3190091288109,-8.461932628422158,9.10257108379623e-06,16.29196142986404,-12.716107431929231
2a23a8c41b42d5d4,True,36.025,16.0,2.0,215.6126278833437,1078.0631394166505,1249520666054.122,7218.391098156113,597.6633937782788,5976.633937782787,True,7,0.143221,1148.7784516680026,1130.056586318632,-0.028874398964077612,-9.701234610797629,92.58946221256825,-0.028874398964077612,0.017131719044093024,-3.350639715377338e-07,1053.9828109545592,-9.701234610797629,-3.350639715377338e-07,18.704733630326363,-12.716107432118406
2a23a8c41b42d5d4,True,36.025,16.0,2.0,215.6126278833437,1078.0631394166505,1249520666054.122,7218.391098156113,597.6633937782788,5976.633937782787,True,8,0.159221,1154.2524076670702,1131.9194935783917,-0.03368901026503652,-8.22029068703067,-86.73400215124035,-0.03368901026503652,0.027099525211849825,9.214259066391334e-06,-1229.6466127803649,-8.22029068703067,9.214259066391334e-06,22.30581456346664,-12.716107431940145
2a870393320db0c2,True,36.025,16.0,2.0,339.97155664644646,1699.8577832321837,1874919973279.559,7218.391098156113,597.6633937782788,5976.633937782787,True,1,0.047221,5.948831973778368,5.170038849912755,0.0,-0.8281769905241952,92.58946221232996,0.0,0.0,0.0,0.0,-0.8281769905241952,0.0,0.7787931238656132,1592.2654952492062
2a870393320db0c2,True,36.025,16.0,2.0,339.97155664644646,1699.8577832321837,1874919973279.559,7218.391098156113,597.6633937782788,5976.633937782787,True,2,0.063221,11.611884486228568,7.032946109672606,-0.004814457012098056,0.781720345370506,-86.73400215147682,-0.004814457012098056,0.00011792176654171804,8.879195109402966e-06,-175.66380182576222,0.781720345370506,8.879195109402966e-06,4.57882045478942,-12.716107432116587
2a870393320db0c2,True,36.025,16.0,2.0,339.97155664644646,1699.8577832321837,1874919973279.559,7218.391098156113,597.6633937782788,5976.633937782787,True,3,0.079221,46.10084388475452,8.893981219842079,-0.00962479965469318,-3.8536296182683465,92.58946221237544,-0.00962479965469318,0.0007059877106867146,0.0022412888150007922,351.3276036515242,-3.8536296182683465,0.0022412888150007922,37.206156677201754,1592.265495249012
2a870393320db0c2,True,36.025,16.0,2.0,339.97155664644646,1699.8577832321837,1874919973279.559,7218.391098156113,597.6633937782788,5976.633937782787,True,4,0.095221,54.891986108004545,10.756888479601928,-0.014439308096410027,-1.6987085522891736,-86.73400215157686,-0.014439308096410027,0.0022327991214746764,0.004463598172057881,-526.9914054772864,-1.6987085522891736,0.004463598172057881,44.13286482928114,-12.716107431758246
2a870393320db0c2,True,36.025,16.0,2.0,339.97155664644646,1699.8577832321837,1874919973279.559,7218.391098156113,597.6633937782788,5976.633937782787,True,5,0.111221,82.02306924382073,12.6179235897714,-0.01924959930938638,-5.789279905578255,92.58946221247366,-0.01924959930938638,0.005166957287945289,0.008937184918959487,702.6552073030487,-5.789279905578255,0.008937184918959487,69.39997869676138,1592.2654952486128
2a870393320db0c2,True,36.025,16.0,2.0,339.97155664644646,1699.8577832321837,1874919973279.559,7218.391098156113,597.6633937782788,5976.633937782787,True,6,0.127221,94.88558616216665,14.480830849531252,-0.024064159180721998,-3.0893351095146233,-86.7340021516769,-0.024064159180721998,0.009977063499138237,0.013372924437962171,-878.3190091288108,-3.0893351095146233,0.013372924437962171,80.39477824913625,-12.716107431399905
2a870393320db0c2,True,36.025,16.0,2.0,339.97155664644646,1699.8577832321837,1874919973279.559,7218.391098156113,597.6633937782788,5976.633937782787,True,7,0.143221,115.60207801956952,16.341865959700733,-0.02887439896408137,-6.635127852454048,92.58946221243183,-0.02887439896408137,0.01713171904409327,0.02008768831188207,1053.9828109545865,-6.635127852454048,0.02008768831188207,99.24308034082469,1592.265495249756
2a870393320db0c2,True,36.025,16.0,2.0,339.97155664644646,1699.8577832321837,1874919973279.559,7218.391098156113,597.6633937782788,5976.633937782787,True,8,0.159221,133.4767557606598,18.2047732194606,-0.03368901026503573,-3.3904078551384655,-86.73400215157504,-0.03368901026503573,0.02709952521185004,0.026736857992830824,-1229.6466127803374,-3.3904078551384655,0.026736857992830824,115.24488301598737,-12.716107430369448
2d2f4765ae50fff9,True,36.025,16.0,2.0,219.9719391145372,1099.8596955728071,1744153653676.379,7218.391098156113,597.6633937782788,5976.633937782787,True,1,0.047221,1119.5479334383626,1118.8847592088441,0.0,-10.426160434972052,92.5894622125628,0.0,0.0,0.0,0.0,-10.426160434972052,0.0,0.6631742295186049,-12.716107432290073
2d2f4765ae50fff9,True,36.025,16.0,2.0,219.9719391145372,1099.8596955728071,1744153653676.379,7218.391098156113,597.6633937782788,5976.633937782787,True,2,0.063221,1123.8285825893818,1120.7476664686037,-0.004814457012098193,-11.670086632794767,-86.73400215132766,-0.004814457012098193,0.00011792176654171839,8.879195109264549e-06,-175.66380182576216,-11.670086632794767,8.879195109264549e-06,3.080798199011468,-12.716107431918317
2d2f4765ae50fff9,True,36.025,16.0,2.0,219.9719391145372,1099.8596955728071,1744153653676.379,7218.391098156113,597.6633937782788,5976.633937782787,True,3,0.079221,1129.277299674543,1122.6087015787734,-0.00962479965469319,-13.181653711815624,92.58946221257371,-0.00962479965469319,0.0007059877106867148,-1.1168798930687812e-07,351.3276036515243,-13.181653711815624,-1.1168798930687812e-07,6.667892108058814,-12.716107432284844
2d2f4765ae50fff9,True,36.025,16.0,2.0,219.9719391145372,1099.8596955728071,1744153653676.379,7218.391098156113,597.6633937782788,5976.633937782787,True,4,0.095221,1136.1466618319503,1124.471608838533,-0.014439308096410168,-14.97060363972281,-86.73400215132766,-0.014439308096410168,0.002232799121474673,8.990883097035404e-06,-526.9914054772864,-14.97060363972281,8.990883097035404e-06,11.672820194295767,-12.716107431913315
2d2f4765ae50fff9,True,36.025,16.0,2.0,219.9719391145372,1099.8596955728071,1744153653676.379,7218.391098156113,597.6633937782788,5976.633937782787,True,5,0.111221,1144.653390502324,1126.3326439487028,-0.019249599309386366,-17.02694932909342,92.58946221257371,-0.019249599309386366,0.005166957287945275,-2.2337597967213698e-07,702.6552073030485,-17.02694932909342,-2.2337597967213698e-07,18.315579596333542,-12.716107432288482
2d2f4765ae50fff9,True,36.025,16.0,2.0,219.9719391145372,1099.8596955728071,1744153653676.379,7218.391098156113,597.6633937782788,5976.633937782787,True,6,0.127221,1155.0547506504158,1128.1955512084623,-0.02406415918072214,-19.360922987085086,-86.73400215132766,-0.02406415918072214,0.009977063499138206,9.102571083740942e-06,-878.3190091288109,-19.360922987085086,9.102571083740942e-06,26.849222378454446,-12.71610743191286
2d2f4765ae50fff9,True,36.025,16.0,2.0,219.9719391145372,1099.8596955728071,1744153653676.379,7218.391098156113,597.6633937782788,5976.633937782787,True,7,0.143221,1167.5627758902988,1130.056586318632,-0.028874398964077612,-21.962047286805493,92.58946221256825,-0.028874398964077612,0.017131719044093024,-3.3506397147773165e-07,1053.9828109545592,-21.962047286805493,-3.3506397147773165e-07,37.48905785262259,-12.716107431739147
2d2f4765ae50fff9,True,36.025,16.0,2.0,219.9719391145372,1099.8596955728071,1744153653676.379,7218.391098156113,597.6633937782788,5976.633937782787,True,8,0.159221,1182.4371661105324,1131.9194935783917,-0.03368901026503652,-24.840796146048955,-86.73400215124035,-0.03368901026503652,0.027099525211849825,9.214259081933294e-06,-1229.6466127803649,-24.840796146048955,9.214259081933294e-06,50.49057300692889,-12.716107432745048
2d91eacc773011dd,True,36.025,16.0,2.0,109.43877567888944,547.1938783944315,586542849316.3416,7218.391098156113,597.6633937782788,5976.633937782787,True,1,0.047221,5.958999291317077,5.180206167451474,0.0,-0.8293316029932659,92.58946221232996,0.0,0.0,0.0,0.0,-0.8293316029932659,0.0,0.7787931238656026,1592.2654952490716
2d91eacc773011dd,True,36.025,16.0,2.0,109.43877567888944,547.1938783944315,586542849316.3416,7218.391098156113,597.6633937782788,5976.633937782787,True,2,0.063221,10.108871199166867,7.043113427211325,-0.004814457012098056,-1.9443043886882039,-86.73400215147682,-0.004814457012098056,0.00011792176654171804,8.879195109495686e-06,-175.66380182576222,-1.9443043886882039,8.879195109495686e-06,3.065639850189,-12.716107432249373
2d91eacc773011dd,True,36.025,16.0,2.0,109.43877567888944,547.1938783944315,586542849316.3416,7218.391098156113,597.6633937782788,5976.633937782787,True,3,0.079221,14.558650448773378,8.904148537380797,-0.00962479965469318,-3.3112311072873934,92.58946221237544,-0.00962479965469318,0.0007059877106867146,0.002241288815000817,351.3276036515242,-3.3112311072873934,0.002241288815000817,5.653795923681895,1592.2654952488856
2d91eacc773011dd,True,36.025,16.0,2.0,109.43877567888944,547.1938783944315,586542849316.3416,7218.391098156113,597.6633937782788,5976.633937782787,True,4,0.095221,18.709931246267395,10.767055797140646,-0.014439308096410027,-4.4262038929823175,-86.73400215157686,-0.014439308096410027,0.0022327991214746764,0.00446359817205801,-526.9914054772864,-4.4262038929823175,0.00446359817205801,7.940642650005274,-12.716107431876935
2d91eacc773011dd,True,36.025,16.0,2.0,109.43877567888944,547.1938783944315,586542849316.3416,7218.391098156113,597.6633937782788,5976.633937782787,True,5,0.111221,23.162056588096217,12.628090907310119,-0.01924959930938638,-5.793130611581505,92.58946221247366,-0.01924959930938638,0.005166957287945289,0.008937184918959588,702.6552073030487,-5.793130611581505,0.008937184918959588,10.528798723498152,1592.265495248515
2d91eacc773011dd,True,36.025,16.0,2.0,109.43877567888944,547.1938783944315,586542849316.3416,7218.391098156113,597.6633937782788,5976.633937782787,True,6,0.127221,27.316620680390628,14.49099816706997,-0.024064159180721998,-6.908103397276428,-86.7340021516769,-0.024064159180721998,0.009977063499138237,0.013372924437962345,-878.3190091288108,-6.908103397276428,0.013372924437962345,12.815645449821519,-12.71610743149904
2d91eacc773011dd,True,36.025,16.0,2.0,109.43877567888944,547.1938783944315,586542849316.3416,7218.391098156113,597.6633937782788,5976.633937782787,True,7,0.143221,31.772966519598036,16.35203327723945,-0.02887439896408137,-8.27503011587569,92.58946221243183,-0.02887439896408137,0.01713171904409327,0.020087688311877423,1053.9828109545865,-8.27503011587569,0.020087688311877423,15.403801523314494,1592.2654952490716
2d91eacc773011dd,True,36.025,16.0,2.0,109.43877567888944,547.1938783944315,586542849316.3416,7218.391098156113,597.6633937782788,5976.633937782787,True,8,0.159221,35.932688311849034,18.214940536999315,-0.03368901026503573,-9.390002901570627,-86.73400215157504,-0.03368901026503573,0.02709952521185004,0.026736857992833356,-1229.6466127803374,-9.390002901570627,0.026736857992833356,17.69064824963787,-12.716107432243916
2e76c6c8d156e9d1,True,36.025,16.0,2.0,339.97155664647005,1699.8577832323015,2298162618871.2544,7218.391098156113,597.6633937782788,5976.633937782787,True,1,0.047221,1119.6635523327102,1118.8847592088446,0.0,-14.476850987722745,92.58946221253187,0.0,0.0,0.0,0.0,-14.476850987722745,0.0,0.7787931238656026,1592.2654952490716
2e76c6c8d156e9d1,True,36.025,16.0,2.0,339.97155664647005,1699.8577832323015,2298162618871.2544,7218.391098156113,597.6633937782788,5976.633937782787,True,2,0.063221,1123.8134242405595,1120.747666468604,-0.004814457012098198,-15.591823773417698,-86.73400215127491,-0.004814457012098198,0.00011792176654171804,8.879195109495686e-06,-175.66380182576222,-15.591823773417698,8.879195109495686e-06,3.065639850189,-12.716107432249373
2e76c6c8d156e9d1,True,36.025,16.0,2.0,339.97155664647005,1699.8577832323015,2298162618871.2544,7218.391098156113,597.6633937782788,5976.633937782787,True,3,0.079221,1129.647981501911,1122.6087015787732,-0.009624799654693181,-17.26678764515581,92.58946221257735,-0.00962479965469318,0.0007059877106867146,0.0022412888150008057,351.3276036515242,-17.26678764515581,0.0022412888150008057,7.038573935427203,1592.2654952488788
2e76c6c8d156e9d1,True,36.025,16.0,2.0,339.97155664647005,1699.8577832323015,2298162618871.2544,7218.391098156113,597.6633937782788,5976.633937782787,True,4,0.095221,1137.1271534308487,1124.4716088385326,-0.014439308096410173,-19.06794853790192,-86.73400215137495,-0.014439308096410171,0.0022327991214746764,0.004463598172058037,-526.9914054772864,-19.06794853790192,0.004463598172058037,12.653311793194655,-12.716107431896944
2e76c6c8d156e9d1,True,36.025,16.0,2.0,339.97155664647005,1699.8577832323015,2298162618871.2544,7218.391098156113,597.6633937782788,5976.633937782787,True,5,0.111221,1148.2784726774698,1126.3326439487018,-0.019249599309386377,-21.58405257135653,92.58946221267739,-0.019249599309386373,0.005166957287945289,0.008937184918959618,702.6552073030487,-21.58405257135653,0.008937184918959618,21.94066177148002,1592.2654952485009
2e76c6c8d156e9d1,True,36.025,16.0,2.0,339.97155664647005,1699.8577832323015,2298162618871.2544,7218.391098156113,597.6633937782788,5976.633937782787,True,6,0.127221,1163.5747049300871,1128.1955512084612,-0.024064159180722144,-24.417105177422624,-86.73400215147318,-0.02406415918072214,0.009977063499138237,0.013372924437962385,-878.3190091288108,-24.417105177422624,0.013372924437962385,35.36917665812689,-12.716107431515411
2e76c6c8d156e9d1,True,36.025,16.0,2.0,339.97155664647005,1699.8577832323015,2298162618871.2544,7218.391098156113,597.6633937782788,5976.633937782787,True,7,0.143221,1186.9475341481739,1130.0565863186305,-0.02887439896408137,-28.1981488752189,92.58946221263555,-0.028874398964081366,0.01713171904409327,0.020087688311882755,1053.9828109545865,-28.1981488752189,0.020087688311882755,56.87381611049927,1592.265495249715
2e76c6c8d156e9d1,True,36.025,16.0,2.0,339.97155664647005,1699.8577832323015,2298162618871.2544,7218.391098156113,597.6633937782788,5976.633937782787,True,8,0.159221,1220.3530242019756,1131.9194935783898,-0.03368901026503589,-32.58301551258795,-86.73400215137131,-0.03368901026503588,0.02709952521185004,0.02673685799284311,-1229.6466127803374,-32.58301551258795,0.02673685799284311,88.40643109837387,-12.716107432474018
2fa904ad8dfa73ed,True,36.025,16.0,2.0,339.97155664644646,1699.8577832321837,1874919978024.0605,7218.391098156113,597.6633937782788,5976.633937782787,True,1,0.047221,5.843380396970075,5.1802061674514706,0.0,-0.4925242098760083,92.58946221235361,0.0,0.0,0.0,0.0,-0.4925242098760083,0.0,0.6631742295186049,-12.716107432290073
2fa904ad8dfa73ed,True,36.025,16.0,2.0,339.97155664644646,1699.8577832321837,1874919978024.0605,7218.391098156113,597.6633937782788,5976.633937782787,True,2,0.063221,11.307486511636725,7.043113427211317,-0.004814457012098048,0.9884197138909111,-86.73400215153684,-0.004814457012098048,0.00011792176654171839,8.87919510926328e-06,-175.66380182576216,0.9884197138909111,8.87919510926328e-06,4.264255162658867,-12.716107431916498
2fa904ad8dfa73ed,True,36.025,16.0,2.0,339.97155664644646,1699.8577832321837,1874919978024.0605,7218.391098156113,597.6633937782788,5976.633937782787,True,3,0.079221,45.21054986393624,8.904148537380793,-0.009624799654693192,-3.5193055135242175,92.58946221236452,-0.009624799654693192,0.0007059877106867148,-1.1168798930014201e-07,351.3276036515243,-3.5193055135242175,-1.1168798930014201e-07,36.30569533884476,-12.716107432279387
2fa904ad8dfa73ed,True,36.025,16.0,2.0,339.97155664644646,1699.8577832321837,1874919978024.0605,7218.391098156113,597.6633937782788,5976.633937782787,True,4,0.095221,53.73679494655244,10.76705579714064,-0.01443930809641002,-1.493337859672837,-86.73400215153684,-0.01443930809641002,0.002232799121474673,8.990883097024535e-06,-526.9914054772864,-1.493337859672837,8.990883097024535e-06,42.96750635029033,-12.71610743190331
2fa904ad8dfa73ed,True,36.025,16.0,2.0,339.97155664644646,1699.8577832321837,1874919978024.0605,7218.391098156113,597.6633937782788,5976.633937782787,True,5,0.111221,80.35040593184935,12.628090907310119,-0.019249599309386373,-5.456284476738196,92.58946221236452,-0.019249599309386373,0.005166957287945275,-2.2337597968109078e-07,702.6552073030485,-5.456284476738196,-2.2337597968109078e-07,67.71714806725129,-12.716107432276658
2fa904ad8dfa73ed,True,36.025,16.0,2.0,339.97155664644646,1699.8577832321837,1874919978024.0605,7218.391098156113,597.6633937782788,5976.633937782787,True,6,0.127221,92.88207496671123,14.490998167069964,-0.024064159180721998,-2.8852930928023537,-86.73400215153684,-0.024064159180721998,0.009977063499138206,9.102571083722152e-06,-878.3190091288109,-2.8852930928023537,9.102571083722152e-06,78.38109973614213,-12.716107431903765
2fa904ad8dfa73ed,True,36.025,16.0,2.0,339.97155664644646,1699.8577832321837,1874919978024.0605,7218.391098156113,597.6633937782788,5976.633937782787,True,7,0.143221,113.14951856930175,16.35203327723944,-0.028874398964077622,-6.303461099517989,92.58946221235907,-0.028874398964077622,0.017131719044093024,-3.3506397137217335e-07,1053.9828109545592,-6.303461099517989,-3.3506397137217335e-07,96.78035357301822,-12.71610743149904
2fa904ad8dfa73ed,True,36.025,16.0,2.0,339.97155664644646,1699.8577832321837,1874919978024.0605,7218.391098156113,597.6633937782788,5976.633937782787,True,8,0.159221,130.62742775735583,18.214940536999315,-0.033689010265036366,-3.1876945143302216,-86.73400215144953,-0.033689010265036366,0.027099525211849825,9.21425906020719e-06,-1229.6466127803649,-3.1876945143302216,9.21425906020719e-06,112.38538769514466,-12.716107430882403
2fce845511804024,True,36.025,16.0,2.0,339.9715566464229,1699.8577832323015,2537897794761.841,7218.391098156113,597.6633937782788,5976.633937782787,True,1,0.047221,1119.5479334383626,1118.8847592088441,0.0,-10.426160434972052,92.5894622125628,0.0,0.0,0.0,0.0,-10.426160434972052,0.0,0.6631742295186049,-12.716107432290073
2fce845511804024,True,36.025,16.0,2.0,339.9715566464229,1699.8577832323015,2537897794761.841,7218.391098156113,597.6633937782788,5976.633937782787,True,2,0.063221,1123.8285825893818,1120.7476664686037,-0.004814457012098193,-11.670086632794767,-86.73400215132766,-0.004814457012098193,0.00011792176654171839,8.879195109264549e-06,-175.66380182576216,-11.670086632794767,8.879195109264549e-06,3.080798199011468,-12.716107431918317
2fce845511804024,True,36.025,16.0,2.0,339.9715566464229,1699.8577832323015,2537897794761.841,7218.391098156113,597.6633937782788,5976.633937782787,True,3,0.079221,1130.6881528092733,1122.6087015787734,-0.00962479965469319,-13.454167225519992,92.58946221257371,-0.00962479965469319,0.0007059877106867148,-1.116879893124435e-07,351.3276036515243,-13.454167225519992,-1.116879893124435e-07,8.078745242789209,-12.716107432288936
2fce845511804024,True,36.025,16.0,2.0,339.9715566464229,1699.8577832323015,2537897794761.841,7218.391098156113,597.6633937782788,5976.633937782787,True,4,0.095221,1141.0862296625646,1124.471608838533,-0.014439308096410168,-15.788140883511643,-86.73400215132766,-0.014439308096410168,0.002232799121474673,8.990883097023827e-06,-526.9914054772864,-15.788140883511643,8.990883097023827e-06,16.612388024910114,-12.71610743191286
2fce845511804024,True,36.025,16.0,2.0,339.9715566464229,1699.8577832323015,2537897794761.841,7218.391098156113,597.6633937782788,5976.633937782787,True,5,0.111221,1155.9404754668315,1126.3326439487028,-0.019249599309386366,-18.66153027987741,92.58946221257371,-0.019249599309386366,0.005166957287945275,-2.233759796154442e-07,702.6552073030485,-18.66153027987741,-2.233759796154442e-07,29.602664560840793,-12.716107432262106
2fce845511804024,True,36.025,16.0,2.0,339.9715566464229,1699.8577832323015,2537897794761.841,7218.391098156113,597.6633937782788,5976.633937782787,True,6,0.127221,1176.2208145614823,1128.1955512084623,-0.02406415918072214,-22.085302869205307,-86.73400215132766,-0.02406415918072214,0.009977063499138206,9.102571083806096e-06,-878.3190091288109,-22.085302869205307,9.102571083806096e-06,48.01528628952094,-12.71610743189376
2fce845511804024,True,36.025,16.0,2.0,339.9715566464229,1699.8577832323015,2537897794761.841,7218.391098156113,597.6633937782788,5976.633937782787,True,7,0.143221,1202.8386460441582,1130.056586318632,-0.028874398964077612,-26.048249486270656,92.58946221256825,-0.028874398964077612,0.017131719044093024,-3.350639712914393e-07,1053.9828109545592,-26.048249486270656,-3.350639712914393e-07,72.7649280064821,-12.71610743135625
2fce845511804024,True,36.025,16.0,2.0,339.9715566464229,1699.8577832323015,2537897794761.841,7218.391098156113,597.6633937782788,5976.633937782787,True,8,0.159221,1236.7705877249332,1131.9194935783917,-0.03368901026503652,-30.56206953576751,-86.73400215124035,-0.03368901026503652,0.027099525211849825,9.2142590878106e-06,-1229.6466127803649,-30.56206953576751,9.2142590878106e-06,104.82399462132955,-12.716107432819626
3157c766f8db77d3,True,36.025,16.0,2.0,339.9715566464229,1699.8577832323015,2537897794761.841,5820.21601732172,597.6633937782788,5976.633937782787,True,1,0.047221,1119.5479334383626,1118.8847592088441,0.0,-10.426160434972052,92.5894622125628,0.0,0.0,0.0,0.0,-10.426160434972052,0.0,0.6631742295186049,-12.716107432290073
3157c766f8db77d3,True,36.025,16.0,2.0,339.9715566464229,1699.8577832323015,2537897794761.841,5820.21601732172,597.6633937782788,5976.633937782787,True,2,0.063221,1125.0120395530291,1120.7476664686037,-0.004814457012098193,-8.94521651120511,-86.73400215132766,-0.004814457012098193,0.00011792176654171839,8.87919510926328e-06,-175.66380182576216,-8.94521651120511,8.87919510926328e-06,4.264255162658867,-12.716107431916498
3157c766f8db77d3,True,36.025,16.0,2.0,339.9715566464229,1699.8577832323015,2537897794761.841,5820.21601732172,597.6633937782788,5976.633937782787,True,3,0.079221,1131.8716097729207,1122.6087015787734,-0.00962479965469319,-10.729297103930335,92.58946221257371,-0.00962479965469319,0.0007059877106867148,-1.1168798930480712e-07,351.3276036515243,-10.729297103930335,-1.1168798930480712e-07,9.262202206436609,-12.71610743228166
3157c766f8db77d3,True,36.025,16.0,2.0,339.9715566464229,1699.8577832323015,2537897794761.841,5820.21601732172,597.6633937782788,5976.633937782787,True,4,0.095221,1144.3999955129818,1124.471608838533,-0.014439308096410168,-8.15830571999445,-86.73400215132766,-0.014439308096410168,0.002232799121474673,8.990883097017095e-06,-526.9914054772864,-8.15830571999445,8.990883097017095e-06,19.92615387532739,-12.716107431903765
3157c766f8db77d3,True,36.025,16.0,2.0,339.9715566464229,1699.8577832323015,2537897794761.841,5820.21601732172,597.6633937782788,5976.633937782787,True,5,0.111221,1159.2542413172487,1126.3326439487028,-0.019249599309386366,-11.03169511636022,92.58946221257371,-0.019249599309386366,0.005166957287945275,-2.2337597964099748e-07,702.6552073030485,-11.03169511636022,-2.2337597964099748e-07,32.91643041125807,-12.716107432262106
3157c766f8db77d3,True,36.025,16.0,2.0,339.9715566464229,1699.8577832323015,2537897794761.841,5820.21601732172,597.6633937782788,5976.633937782787,True,6,0.127221,1182.6115253412806,1128.1955512084623,-0.02406415918072214,-7.370904801088082,-86.73400215132766,-0.02406415918072214,0.009977063499138206,9.102571083765066e-06,-878.3190091288109,-7.370904801088082,9.102571083765066e-06,54.40599706931918,-12.71610743189376
3157c766f8db77d3,True,36.025,16.0,2.0,339.9715566464229,1699.8577832323015,2537897794761.841,5820.21601732172,597.6633937782788,5976.633937782787,True,7,0.143221,1209.2293568239566,1130.056586318632,-0.028874398964077612,-11.333851418153438,92.58946221256825,-0.028874398964077612,0.017131719044093024,-3.350639713324696e-07,1053.9828109545592,-11.333851418153438,-3.350639713324696e-07,79.15563878628033,-12.71610743135625
3157c766f8db77d3,True,36.025,16.0,2.0,339.9715566464229,1699.8577832323015,2537897794761.841,5820.21601732172,597.6633937782788,5976.633937782787,True,8,0.159221,1247.185095357236,1131.9194935783917,-0.03368901026503652,-6.583013642712148,-86.73400215124035,-0.03368901026503652,0.027099525211849825,9.21425905409889e-06,-1229.6466127803649,-6.583013642712148,9.21425905409889e-06,115.23850225363222,-12.716107430269403
3252cb8723e7479a,True,36.025,16.0,2.0,339.9715566464229,1699.8577832323015,2537706154867.2676,7218.391098156113,597.6633937782788,5976.633937782787,True,1,0.047221,1074.1321280124876,586.6811839488104,381.21637169697567,373.70138857873224,92.58946221250459,381.21637169697567,248.36070302962733,243.3938849170793,9.367795428261161e-11,373.70138857873224,243.3938849170793,239.09024103404985,-12.716107432171157
3252cb8723e7479a,True,36.025,16.0,2.0,339.9715566464229,1699.8577832323015,2537706154867.2676,7218.391098156113,597.6633937782788,5976.633937782787,True,2,0.063221,1078.4127771635062,588.5440912085699,381.2115572399635,372.45746238090965,-86.73400215138587,381.2115572399635,248.3608209513939,243.3938937962744,-175.6638018256685,372.45746238090965,243.3938937962744,241.5078650035426,-12.716107431801902
3252cb8723e7479a,True,36.025,16.0,2.0,339.9715566464229,1699.8577832323015,2537706154867.2676,7218.391098156113,597.6633937782788,5976.633937782787,True,3,0.079221,1085.2723473833978,590.4051263187395,381.20674689732095,370.6733817881843,92.5894622125155,381.20674689732095,248.36140901733805,243.39388480539125,351.327603651618,370.6733817881843,243.39388480539125,246.50581204732035,-12.716107432172521
3252cb8723e7479a,True,36.025,16.0,2.0,339.9715566464229,1699.8577832323015,2537706154867.2676,7218.391098156113,597.6633937782788,5976.633937782787,True,4,0.095221,1095.6704242366889,592.268033578499,381.2019323888792,368.3394081301928,-86.73400215138587,381.2019323888792,248.36293582874885,243.39389390796234,-526.9914054771928,368.3394081301928,243.39389390796234,255.03945482944115,-12.716107431796445
3252cb8723e7479a,True,36.025,16.0,2.0,339.9715566464229,1699.8577832323015,2537706154867.2676,7218.391098156113,597.6633937782788,5976.633937782787,True,5,0.111221,1110.5246700409557,594.1290686886686,381.19712209766607,365.46601873382696,92.5894622125155,381.19712209766607,248.36586998691536,243.39388469370326,702.6552073031422,365.46601873382696,243.39388469370326,268.0297313653718,-12.71610743214569
3252cb8723e7479a,True,36.025,16.0,2.0,339.9715566464229,1699.8577832323015,2537706154867.2676,7218.391098156113,597.6633937782788,5976.633937782787,True,6,0.127221,1130.8050091356063,595.991975948428,381.1923075377947,362.0422461444991,-86.73400215138587,381.1923075377947,248.37068009312654,243.3938940196503,-878.3190091287172,362.0422461444991,243.3938940196503,286.44235309405167,-12.716107431777345
3252cb8723e7479a,True,36.025,16.0,2.0,339.9715566464229,1699.8577832323015,2537706154867.2676,7218.391098156113,597.6633937782788,5976.633937782787,True,7,0.143221,1157.422840618282,597.8530110585976,381.1874972980113,358.07929952743376,92.58946221251004,381.1874972980113,248.37783474867146,243.3938845820152,1053.982810954653,358.07929952743376,243.3938845820152,311.1919948110128,-12.716107431239834
3252cb8723e7479a,True,36.025,16.0,2.0,339.9715566464229,1699.8577832323015,2537706154867.2676,7218.391098156113,597.6633937782788,5976.633937782787,True,8,0.159221,1191.3547822990563,599.7159183183571,381.18268268671034,353.56547947793695,-86.73400215129855,381.18268268671034,248.3878025548392,243.39389413133821,-1229.6466127802712,353.56547947793695,243.39389413133821,343.2510614258599,-12.716107432703211
33417967bdd0d740,True,36.025,16.0,2.0,339.9715566464229,1699.8577832323015,2537897794761.841,7218.391098156113,597.6633937782788,5976.633937782787,True,1,0.047221,979.5751742705409,5.170038849912753,0.0,59.56021914893904,92.58946221235361,0.0,0.0,0.0,0.0,59.56021914893904,0.0,974.4051354206281,-12.716107432089302
33417967bdd0d740,True,36.025,16.0,2.0,339.9715566464229,1699.8577832323015,2537897794761.841,7218.391098156113,597.6633937782788,5976.633937782787,True,2,0.063221,985.0392803852078,7.0329461096726,-0.004814457012098048,61.041163072706,-86.73400215153684,-0.004814457012098048,0.00011792176654171839,8.879195109121024e-06,-175.66380182576216,61.041163072706,8.879195109121024e-06,978.0062163537687,-12.716107431712771
33417967bdd0d740,True,36.025,16.0,2.0,339.9715566464229,1699.8577832323015,2537897794761.841,7218.391098156113,597.6633937782788,5976.633937782787,True,3,0.079221,991.8988506050994,8.893981219842077,-0.009624799654693192,59.25708247998071,92.58946221236452,-0.009624799654693192,0.0007059877106867148,-1.1168798930301266e-07,351.3276036515243,59.25708247998071,-1.1168798930301266e-07,983.0041633975466,-12.716107432077933
33417967bdd0d740,True,36.025,16.0,2.0,339.9715566464229,1699.8577832323015,2537897794761.841,7218.391098156113,597.6633937782788,5976.633937782787,True,4,0.095221,1004.4272363451612,10.756888479601924,-0.01443930809641002,61.82807386391658,-86.73400215153684,-0.01443930809641002,0.002232799121474673,8.990883096873062e-06,-526.9914054772864,61.82807386391658,8.990883096873062e-06,993.6681150664377,-12.716107431700038
33417967bdd0d740,True,36.025,16.0,2.0,339.9715566464229,1699.8577832323015,2537897794761.841,7218.391098156113,597.6633937782788,5976.633937782787,True,5,0.111221,1019.281482149428,12.617923589771403,-0.019249599309386373,58.954684467550734,92.58946221236452,-0.019249599309386373,0.005166957287945275,-2.2337597963739505e-07,702.6552073030485,58.954684467550734,-2.2337597963739505e-07,1006.6583916023687,-12.71610743205838
33417967bdd0d740,True,36.025,16.0,2.0,339.9715566464229,1699.8577832323015,2537897794761.841,7218.391098156113,597.6633937782788,5976.633937782787,True,6,0.127221,1042.6387661734605,14.480830849531248,-0.024064159180721998,62.61547478282286,-86.73400215153684,-0.024064159180721998,0.009977063499138206,9.102571083619256e-06,-878.3190091288109,62.61547478282286,9.102571083619256e-06,1028.14795826043,-12.716107431690034
33417967bdd0d740,True,36.025,16.0,2.0,339.9715566464229,1699.8577832323015,2537897794761.841,7218.391098156113,597.6633937782788,5976.633937782787,True,7,0.143221,1069.256597656136,16.341865959700723,-0.028874398964077622,58.65252816575741,92.58946221235907,-0.028874398964077622,0.017131719044093024,-3.350639713270811e-07,1053.9828109545592,58.65252816575741,-3.350639713270811e-07,1052.897599977391,-12.716107431152523
33417967bdd0d740,True,36.025,16.0,2.0,339.9715566464229,1699.8577832323015,2537897794761.841,7218.391098156113,597.6633937782788,5976.633937782787,True,8,0.159221,1107.2123361894155,18.2047732194606,-0.033689010265036366,63.40336594119866,-86.73400215144953,-0.033689010265036366,0.027099525211849825,9.214259053951288e-06,-1229.6466127803649,63.40336594119866,9.214259053951288e-06,1088.980463444743,-12.716107430065676
345b2b1c4709d8a0,True,36.025,16.0,2.0,219.9719391145372,1099.8596955728071,1744153653676.379,7218.391098156113,597.6633937782788,5976.633937782787,True,1,0.047221,1119.5479334383626,1118.8847592088441,0.0,-10.426160434972052,92.5894622125628,0.0,0.0,0.0,0.0,-10.426160434972052,0.0,0.6631742295186049,-12.716107432290073
345b2b1c4709d8a0,True,36.025,16.0,2.0,219.9719391145372,1099.8596955728071,1744153653676.379,7218.391098156113,597.6633937782788,5976.633937782787,True,2,0.063221,1123.8285825893818,1120.7476664686037,-0.004814457012098193,-11.670086632794767,-86.73400215132766,-0.004814457012098193,0.00011792176654171839,8.879195109264549e-06,-175.66380182576216,-11.670086632794767,8.879195109264549e-06,3.080798199011468,-12.716107431918317
345b2b1c4709d8a0,True,36.025,16.0,2.0,219.9719391145372,1099.8596955728071,1744153653676.379,7218.391098156113,597.6633937782788,5976.633937782787,True,3,0.079221,1129.277299674543,1122.6087015787734,-0.00962479965469319,-13.181653711815624,92.58946221257371,-0.00962479965469319,0.0007059877106867148,-1.1168798930687812e-07,351.3276036515243,-13.181653711815624,-1.1168798930687812e-07,6.667892108058814,-12.716107432284844
345b2b1c4709d8a0,True,36.025,16.0,2.0,219.9719391145372,1099.8596955728071,1744153653676.379,7218.391098156113,597.6633937782788,5976.633937782787,True,4,0.095221,1136.1466618319503,1124.471608838533,-0.014439308096410168,-14.97060363972281,-86.73400215132766,-0.014439308096410168,0.002232799121474673,8.990883097035404e-06,-526.9914054772864,-14.97060363972281,8.990883097035404e-06,11.672820194295767,-12.716107431913315
345b2b1c4709d8a0,True,36.025,16.0,2.0,219.9719391145372,1099.8596955728071,1744153653676.379,7218.391098156113,597.6633937782788,5976.633937782787,True,5,0.111221,1144.653390502324,1126.3326439487028,-0.019249599309386366,-17.02694932909342,92.58946221257371,-0.019249599309386366,0.005166957287945275,-2.2337597967213698e-07,702.6552073030485,-17.02694932909342,-2.2337597967213698e-07,18.315579596333542,-12.716107432288482
345b2b1c4709d8a0,True,36.025,16.0,2.0,219.9719391145372,1099.8596955728071,1744153653676.379,7218.391098156113,597.6633937782788,5976.633937782787,True,6,0.127221,1155.0547506504158,1128.1955512084623,-0.02406415918072214,-19.360922987085086,-86.73400215132766,-0.02406415918072214,0.009977063499138206,9.102571083740942e-06,-878.3190091288109,-19.360922987085086,9.102571083740942e-06,26.849222378454446,-12.71610743191286
345b2b1c4709d8a0,True,36.025,16.0,2.0,219.9719391145372,1099.8596955728071,1744153653676.379,7218.391098156113,597.6633937782788,5976.633937782787,True,7,0.143221,1167.5627758902988,1130.056586318632,-0.028874398964077612,-21.962047286805493,92.58946221256825,-0.028874398964077612,0.017131719044093024,-3.3506397147773165e-07,1053.9828109545592,-21.962047286805493,-3.3506397147773165e-07,37.48905785262259,-12.716107431739147
345b2b1c4709d8a0,True,36.025,16.0,2.0,219.9719391145372,1099.8596955728071,1744153653676.379,7218.391098156113,597.6633937782788,5976.633937782787,True,8,0.159221,1182.4371661105324,1131.9194935783917,-0.03368901026503652,-24.840796146048955,-86.73400215124035,-0.03368901026503652,0.027099525211849825,9.214259081933294e-06,-1229.6466127803649,-24.840796146048955,9.214259081933294e-06,50.49057300692889,-12.716107432745048
346754e6d6faa501,True,36.025,16.0,2.0,339.97155664644646,1699.8577832321837,2537897794761.8413,7218.391098156113,597.6633937782788,5976.633937782787,True,1,0.047221,1119.5479334383626,1118.8847592088441,0.0,-10.426160434972052,92.5894622125628,0.0,0.0,0.0,0.0,-10.426160434972052,0.0,0.6631742295186049,-12.716107432290073
346754e6d6faa501,True,36.025,16.0,2.0,339.97155664644646,1699.8577832321837,2537897794761.8413,7218.391098156113,597.6633937782788,5976.633937782787,True,2,0.063221,1125.0120395530291,1120.7476664686037,-0.004814457012098193,-8.94521651120511,-86.73400215132766,-0.004814457012098193,0.00011792176654171839,8.87919510926328e-06,-175.66380182576216,-8.94521651120511,8.87919510926328e-06,4.264255162658867,-12.716107431916498
346754e6d6faa501,True,36.025,16.0,2.0,339.97155664644646,1699.8577832321837,2537897794761.8413,7218.391098156113,597.6633937782788,5976.633937782787,True,3,0.079221,1158.915102905329,1122.6087015787734,-0.00962479965469319,-13.452941738620169,92.58946221257371,-0.00962479965469319,0.0007059877106867148,-1.1168798930014201e-07,351.3276036515243,-13.452941738620169,-1.1168798930014201e-07,36.30569533884476,-12.716107432279387
346754e6d6faa501,True,36.025,16.0,2.0,339.97155664644646,1699.8577832321837,2537897794761.8413,7218.391098156113,597.6633937782788,5976.633937782787,True,4,0.095221,1167.4413479879447,1124.471608838533,-0.014439308096410168,-11.426974084768753,-86.73400215132766,-0.014439308096410168,0.002232799121474673,8.990883097024535e-06,-526.9914054772864,-11.426974084768753,8.990883097024535e-06,42.96750635029033,-12.71610743190331
346754e6d6faa501,True,36.025,16.0,2.0,339.97155664644646,1699.8577832321837,2537897794761.8413,7218.391098156113,597.6633937782788,5976.633937782787,True,5,0.111221,1194.0549589732418,1126.3326439487028,-0.019249599309386366,-15.389920701834047,92.58946221257371,-0.019249599309386366,0.005166957287945275,-2.2337597968109078e-07,702.6552073030485,-15.389920701834047,-2.2337597968109078e-07,67.71714806725129,-12.716107432276658
346754e6d6faa501,True,36.025,16.0,2.0,339.97155664644646,1699.8577832321837,2537897794761.8413,7218.391098156113,597.6633937782788,5976.633937782787,True,6,0.127221,1206.5866280081036,1128.1955512084623,-0.02406415918072214,-12.818929317898162,-86.73400215132766,-0.02406415918072214,0.009977063499138206,9.102571083722152e-06,-878.3190091288109,-12.818929317898162,9.102571083722152e-06,78.38109973614213,-12.716107431903765
346754e6d6faa501,True,36.025,16.0,2.0,339.97155664644646,1699.8577832321837,2537897794761.8413,7218.391098156113,597.6633937782788,5976.633937782787,True,7,0.143221,1226.8540716106943,1130.056586318632,-0.028874398964077612,-16.237097324613742,92.58946221256825,-0.028874398964077612,0.017131719044093024,-3.3506397137217335e-07,1053.9828109545592,-16.237097324613742,-3.3506397137217335e-07,96.78035357301822,-12.71610743149904
346754e6d6faa501,True,36.025,16.0,2.0,339.97155664644646,1699.8577832321837,2537897794761.8413,7218.391098156113,597.6633937782788,5976.633937782787,True,8,0.159221,1244.3319807987482,1131.9194935783917,-0.03368901026503652,-13.121330739425927,-86.73400215124035,-0.03368901026503652,0.027099525211849825,9.21425906020719e-06,-1229.6466127803649,-13.121330739425927,9.21425906020719e-06,112.38538769514466,-12.716107430882403
34f71b4c992f8a04,True,36.025,16.0,2.0,339.9715566464229,1699.8577832323015,2537706154867.2676,7218.391098156113,597.6633937782788,5976.633937782787,True,1,0.047221,1074.1321280124876,586.6811839488104,381.21637169697567,373.70138857873224,92.58946221250459,381.21637169697567,248.36070302962733,243.3938849170793,9.367795428261161e-11,373.70138857873224,243.3938849170793,239.09024103404985,-12.716107432171157
34f71b4c992f8a04,True,36.025,16.0,2.0,339.9715566464229,1699.8577832323015,2537706154867.2676,7218.391098156113,597.6633937782788,5976.633937782787,True,2,0.063221,1079.5962341271538,588.5440912085699,381.2115572399635,375.1823325024993,-86.73400215138587,381.2115572399635,248.3608209513939,243.3938937962744,-175.6638018256685,375.1823325024993,243.3938937962744,242.69132196719005,-12.716107431792807
34f71b4c992f8a04,True,36.025,16.0,2.0,339.9715566464229,1699.8577832323015,2537706154867.2676,7218.391098156113,597.6633937782788,5976.633937782787,True,3,0.079221,1086.4558043470452,590.4051263187395,381.20674689732095,373.398251909774,92.5894622125155,381.20674689732095,248.36140901733805,243.39388480539125,351.327603651618,373.398251909774,243.39388480539125,247.6892690109678,-12.716107432157969
34f71b4c992f8a04,True,36.025,16.0,2.0,339.9715566464229,1699.8577832323015,2537706154867.2676,7218.391098156113,597.6633937782788,5976.633937782787,True,4,0.095221,1098.9841900871063,592.268033578499,381.2019323888792,375.9692432937099,-86.73400215138587,381.2019323888792,248.36293582874885,243.39389390796234,-526.9914054771928,375.9692432937099,243.39389390796234,258.3532206798585,-12.71610743178735
34f71b4c992f8a04,True,36.025,16.0,2.0,339.9715566464229,1699.8577832323015,2537706154867.2676,7218.391098156113,597.6633937782788,5976.633937782787,True,5,0.111221,1113.838435891373,594.1290686886686,381.19712209766607,373.09585389734406,92.5894622125155,381.19712209766607,248.36586998691536,243.39388469370326,702.6552073031422,373.09585389734406,243.39388469370326,271.3434972157891,-12.71610743214569
34f71b4c992f8a04,True,36.025,16.0,2.0,339.9715566464229,1699.8577832323015,2537706154867.2676,7218.391098156113,597.6633937782788,5976.633937782787,True,6,0.127221,1137.1957199154049,595.991975948428,381.1923075377947,376.75664421261615,-86.73400215138587,381.1923075377947,248.37068009312654,243.3938940196503,-878.3190091287172,376.75664421261615,243.3938940196503,292.8330638738502,-12.716107431777345
34f71b4c992f8a04,True,36.025,16.0,2.0,339.9715566464229,1699.8577832323015,2537706154867.2676,7218.391098156113,597.6633937782788,5976.633937782787,True,7,0.143221,1163.8135513980806,597.8530110585976,381.1874972980113,372.79369759555084,92.58946221251004,381.1874972980113,248.37783474867146,243.3938845820152,1053.982810954653,372.79369759555084,243.3938845820152,317.5827055908114,-12.716107431239834
34f71b4c992f8a04,True,36.025,16.0,2.0,339.9715566464229,1699.8577832323015,2537706154867.2676,7218.391098156113,597.6633937782788,5976.633937782787,True,8,0.159221,1201.7692899313597,599.7159183183571,381.18268268671034,377.54453537099215,-86.73400215129855,381.18268268671034,248.3878025548392,243.3938941313382,-1229.6466127802712,377.54453537099215,243.3938941313382,353.6655690581632,-12.716107430152988
364196377889f30e,True,36.025,16.0,2.0,339.9715566464229,1699.8577832323015,2537897794761.841,7218.391098156113,597.6633937782788,5976.633937782787,True,1,0.047221,979.5751742705409,5.170038849912753,0.0,59.56021914893904,92.58946221235361,0.0,0.0,0.0,0.0,59.56021914893904,0.0,974.4051354206281,-12.716107432089302
364196377889f30e,True,36.025,16.0,2.0,339.9715566464229,1699.8577832323015,2537897794761.841,7218.391098156113,597.6633937782788,5976.633937782787,True,2,0.063221,983.8558234215603,7.0329461096726,-0.004814457012098048,58.31629295111638,-86.73400215153684,-0.004814457012098048,0.00011792176654171839,8.879195109127376e-06,-175.66380182576216,58.31629295111638,8.879195109127376e-06,976.8227593901212,-12.716107431721866
364196377889f30e,True,36.025,16.0,2.0,339.9715566464229,1699.8577832323015,2537897794761.841,7218.391098156113,597.6633937782788,5976.633937782787,True,3,0.079221,990.7153936414519,8.893981219842077,-0.009624799654693192,56.53221235839109,92.58946221236452,-0.009624799654693192,0.0007059877106867148,-1.1168798931071463e-07,351.3276036515243,56.53221235839109,-1.1168798931071463e-07,981.8207064338991,-12.716107432092485
364196377889f30e,True,36.025,16.0,2.0,339.9715566464229,1699.8577832323015,2537897794761.841,7218.391098156113,597.6633937782788,5976.633937782787,True,4,0.095221,1001.1134704947438,10.756888479601924,-0.01443930809641002,54.19823870039951,-86.73400215153684,-0.01443930809641002,0.002232799121474673,8.990883096900175e-06,-526.9914054772864,54.19823870039951,8.990883096900175e-06,990.3543492160203,-12.716107431723685
364196377889f30e,True,36.025,16.0,2.0,339.9715566464229,1699.8577832323015,2537897794761.841,7218.391098156113,597.6633937782788,5976.633937782787,True,5,0.111221,1015.9677162990106,12.617923589771403,-0.019249599309386373,51.32484930403366,92.58946221236452,-0.019249599309386373,0.005166957287945275,-2.23375979602038e-07,702.6552073030485,51.32484930403366,-2.23375979602038e-07,1003.3446257519513,-12.716107432072931
364196377889f30e,True,36.025,16.0,2.0,339.9715566464229,1699.8577832323015,2537897794761.841,7218.391098156113,597.6633937782788,5976.633937782787,True,6,0.127221,1036.2480553936623,14.480830849531248,-0.024064159180721998,47.901076714705844,-86.73400215153684,-0.024064159180721998,0.009977063499138206,9.102571083680766e-06,-878.3190091288109,47.901076714705844,9.102571083680766e-06,1021.7572474806318,-12.716107431704586
364196377889f30e,True,36.025,16.0,2.0,339.9715566464229,1699.8577832323015,2537897794761.841,7218.391098156113,597.6633937782788,5976.633937782787,True,7,0.143221,1062.865886876338,16.341865959700723,-0.028874398964077622,43.9381300976404,92.58946221235907,-0.028874398964077622,0.017131719044093024,-3.350639712763512e-07,1053.9828109545592,43.9381300976404,-3.350639712763512e-07,1046.5068891975932,-12.716107431167075
364196377889f30e,True,36.025,16.0,2.0,339.9715566464229,1699.8577832323015,2537897794761.841,7218.391098156113,597.6633937782788,5976.633937782787,True,8,0.159221,1096.7978285571128,18.2047732194606,-0.033689010265036366,39.424310048143674,-86.73400215144953,-0.033689010265036366,0.027099525211849825,9.214259087683618e-06,-1229.6466127803649,39.424310048143674,9.214259087683618e-06,1078.5659558124403,-12.716107432630452
371c128c6dde3d6f,True,36.025,16.0,2.0,215.61262788333624,1078.0631394166505,1249520666054.122,7218.391098156113,597.6633937782788,5976.633937782787,True,1,0.047221,1119.6635523327102,1118.8847592088446,0.0,-14.476850987722745,92.58946221253187,0.0,0.0,0.0,0.0,-14.476850987722745,0.0,0.7787931238656026,1592.2654952490716
371c128c6dde3d6f,True,36.025,16.0,2.0,215.61262788333624,1078.0631394166505,1249520666054.122,7218.391098156113,597.6633937782788,5976.633937782787,True,2,0.063221,1123.8134242405595,1120.747666468604,-0.004814457012098198,-15.591823773417698,-86.73400215127491,-0.004814457012098198,0.00011792176654171804,8.879195109495686e-06,-175.66380182576222,-15.591823773417698,8.879195109495686e-06,3.065639850189,-12.716107432249373
371c128c6dde3d6f,True,36.025,16.0,2.0,215.61262788333624,1078.0631394166505,1249520666054.122,7218.391098156113,597.6633937782788,5976.633937782787,True,3,0.079221,1128.2632034901658,1122.6087015787732,-0.009624799654693181,-16.95875049201687,92.58946221257735,-0.00962479965469318,0.0007059877106867146,0.002241288815000817,351.3276036515242,-16.95875049201687,0.002241288815000817,5.653795923681895,1592.2654952488856
371c128c6dde3d6f,True,36.025,16.0,2.0,215.61262788333624,1078.0631394166505,1249520666054.122,7218.391098156113,597.6633937782788,5976.633937782787,True,4,0.095221,1132.4144842876592,1124.4716088385326,-0.014439308096410173,-18.07372327771181,-86.73400215137495,-0.014439308096410171,0.0022327991214746764,0.00446359817205801,-526.9914054772864,-18.07372327771181,0.00446359817205801,7.940642650005274,-12.716107431876935
371c128c6dde3d6f,True,36.025,16.0,2.0,215.61262788333624,1078.0631394166505,1249520666054.122,7218.391098156113,597.6633937782788,5976.633937782787,True,5,0.111221,1136.8666096294878,1126.3326439487018,-0.019249599309386377,-19.440649996310967,92.58946221267739,-0.019249599309386373,0.005166957287945289,0.008937184918959588,702.6552073030487,-19.440649996310967,0.008937184918959588,10.528798723498152,1592.265495248515
371c128c6dde3d6f,True,36.025,16.0,2.0,215.61262788333624,1078.0631394166505,1249520666054.122,7218.391098156113,597.6633937782788,5976.633937782787,True,6,0.127221,1141.0211737217817,1128.1955512084612,-0.024064159180722144,-20.55562278200591,-86.73400215147318,-0.02406415918072214,0.009977063499138237,0.013372924437962345,-878.3190091288108,-20.55562278200591,0.013372924437962345,12.815645449821519,-12.71610743149904
371c128c6dde3d6f,True,36.025,16.0,2.0,215.61262788333624,1078.0631394166505,1249520666054.122,7218.391098156113,597.6633937782788,5976.633937782787,True,7,0.143221,1145.477519560989,1130.0565863186305,-0.02887439896408137,-21.922549500605147,92.58946221263555,-0.028874398964081366,0.01713171904409327,0.020087688311877423,1053.9828109545865,-21.922549500605147,0.020087688311877423,15.403801523314494,1592.2654952490716
371c128c6dde3d6f,True,36.025,16.0,2.0,215.61262788333624,1078.0631394166505,1249520666054.122,7218.391098156113,597.6633937782788,5976.633937782787,True,8,0.159221,1149.6372413532397,1131.9194935783898,-0.03368901026503589,-23.037522286300103,-86.73400215137131,-0.03368901026503588,0.02709952521185004,0.026736857992833356,-1229.6466127803374,-23.037522286300103,0.026736857992833356,17.69064824963787,-12.716107432243916
3777a467ecaf9b4f,True,36.025,16.0,2.0,339.9715566464229,1699.8577832323015,2537706154867.2676,7218.391098156113,597.6633937782788,5976.633937782787,True,1,0.047221,1074.1321280124876,586.6811839488104,381.21637169697567,373.70138857873224,92.58946221250459,381.21637169697567,248.36070302962733,243.3938849170793,9.367795428261161e-11,373.70138857873224,243.3938849170793,239.09024103404985,-12.716107432171157
3777a467ecaf9b4f,True,36.025,16.0,2.0,339.9715566464229,1699.8577832323015,2537706154867.2676,7218.391098156113,597.6633937782788,5976.633937782787,True,2,0.063221,1078.4127771635062,588.5440912085699,381.2115572399635,372.45746238090965,-86.73400215138587,381.2115572399635,248.3608209513939,243.3938937962744,-175.6638018256685,372.45746238090965,243.3938937962744,241.5078650035426,-12.716107431801902
3777a467ecaf9b4f,True,36.025,16.0,2.0,339.9715566464229,1699.8577832323015,2537706154867.2676,7218.391098156113,597.6633937782788,5976.633937782787,True,3,0.079221,1085.2723473833978,590.4051263187395,381.20674689732095,370.6733817881843,92.5894622125155,381.20674689732095,248.36140901733805,243.39388480539125,351.327603651618,370.6733817881843,243.39388480539125,246.50581204732035,-12.716107432172521
3777a467ecaf9b4f,True,36.025,16.0,2.0,339.9715566464229,1699.8577832323015,2537706154867.2676,7218.391098156113,597.6633937782788,5976.633937782787,True,4,0.095221,1095.6704242366889,592.268033578499,381.2019323888792,368.3394081301928,-86.73400215138587,381.2019323888792,248.36293582874885,243.39389390796234,-526.9914054771928,368.3394081301928,243.39389390796234,255.03945482944115,-12.716107431796445
3777a467ecaf9b4f,True,36.025,16.0,2.0,339.9715566464229,1699.8577832323015,2537706154867.2676,7218.391098156113,597.6633937782788,5976.633937782787,True,5,0.111221,1110.5246700409557,594.1290686886686,381.19712209766607,365.46601873382696,92.5894622125155,381.19712209766607,248.36586998691536,243.39388469370326,702.6552073031422,365.46601873382696,243.39388469370326,268.0297313653718,-12.71610743214569
3777a467ecaf9b4f,True,36.025,16.0,2.0,339.9715566464229,1699.8577832323015,2537706154867.2676,7218.391098156113,597.6633937782788,5976.633937782787,True,6,0.127221,1130.8050091356063,595.991975948428,381.1923075377947,362.0422461444991,-86.73400215138587,381.1923075377947,248.37068009312654,243.3938940196503,-878.3190091287172,362.0422461444991,243.3938940196503,286.44235309405167,-12.716107431777345
3777a467ecaf9b4f,True,36.025,16.0,2.0,339.9715566464229,1699.8577832323015,2537706154867.2676,7218.391098156113,597.6633937782788,5976.633937782787,True,7,0.143221,1157.422840618282,597.8530110585976,381.1874972980113,358.07929952743376,92.58946221251004,381.1874972980113,248.37783474867146,243.3938845820152,1053.982810954653,358.07929952743376,243.3938845820152,311.1919948110128,-12.716107431239834
3777a467ecaf9b4f,True,36.025,16.0,2.0,339.9715566464229,1699.8577832323015,2537706154867.2676,7218.391098156113,597.6633937782788,5976.633937782787,True,8,0.159221,1191.3547822990563,599.7159183183571,381.18268268671034,353.56547947793695,-86.73400215129855,381.18268268671034,248.3878025548392,243.39389413133821,-1229.6466127802712,353.56547947793695,243.39389413133821,343.2510614258599,-12.716107432703211
3bf36ee0c40a6366,True,36.025,16.0,2.0,300.08112291155646,1500.4056145575312,2538049210292.307,7218.391098156113,597.6633937782788,5976.633937782787,True,1,0.047221,1119.6635523327102,1118.8847592088446,0.0,-14.476850987722745,92.58946221253187,0.0,0.0,0.0,0.0,-14.476850987722745,0.0,0.7787931238656026,1592.2654952490716
3bf36ee0c40a6366,True,36.025,16.0,2.0,300.08112291155646,1500.4056145575312,2538049210292.307,7218.391098156113,597.6633937782788,5976.633937782787,True,2,0.063221,1145.8497067832777,1120.747666468604,-0.004814457012098198,-18.318185068003487,-86.73400215127491,-0.004814457012098198,0.00011792176654171804,8.879195109498862e-06,-175.66380182576222,-18.318185068003487,8.879195109498862e-06,25.10192239290724,-12.71610743225392
3bf36ee0c40a6366,True,36.025,16.0,2.0,300.08112291155646,1500.4056145575312,2538049210292.307,7218.391098156113,597.6633937782788,5976.633937782787,True,3,0.079221,1149.699915655282,1122.6087015787732,-0.009624799654693181,-19.52537961767657,92.58946221257735,-0.00962479965469318,0.0007059877106867146,0.0022412888150008135,351.3276036515242,-19.52537961767657,0.0022412888150008135,27.090508088798092,1592.2654952488783
3bf36ee0c40a6366,True,36.025,16.0,2.0,300.08112291155646,1500.4056145575312,2538049210292.307,7218.391098156113,597.6633937782788,5976.633937782787,True,4,0.095221,1175.8874789954937,1124.4716088385326,-0.014439308096410173,-23.366713697957305,-86.73400215137495,-0.014439308096410171,0.0022327991214746764,0.004463598172058065,-526.9914054772864,-23.366713697957305,0.004463598172058065,51.41363735783968,-12.71610743189649
3bf36ee0c40a6366,True,36.025,16.0,2.0,300.08112291155646,1500.4056145575312,2538049210292.307,7218.391098156113,597.6633937782788,5976.633937782787,True,5,0.111221,1179.7400339597202,1126.3326439487018,-0.019249599309386377,-24.573908247630385,92.58946221267739,-0.019249599309386373,0.005166957287945289,0.008937184918959638,702.6552073030487,-24.573908247630385,0.008937184918959638,53.40222305373051,1592.2654952484982
3bf36ee0c40a6366,True,36.025,16.0,2.0,300.08112291155646,1500.4056145575312,2538049210292.307,7218.391098156113,597.6633937782788,5976.633937782787,True,6,0.127221,1205.9308805947323,1128.1955512084612,-0.024064159180722144,-28.41524232791112,-86.73400215147318,-0.02406415918072214,0.009977063499138237,0.01337292443796242,-878.3190091288108,-28.41524232791112,0.01337292443796242,77.7253523227721,-12.716107431521777
3bf36ee0c40a6366,True,36.025,16.0,2.0,300.08112291155646,1500.4056145575312,2538049210292.307,7218.391098156113,597.6633937782788,5976.633937782787,True,7,0.143221,1209.7876560563377,1130.0565863186305,-0.02887439896408137,-29.62243687758427,92.58946221263555,-0.028874398964081366,0.01713171904409327,0.020087688311877152,1053.9828109545865,-29.62243687758427,0.020087688311877152,79.71393801866304,1592.2654952490102
3bf36ee0c40a6366,True,36.025,16.0,2.0,300.08112291155646,1500.4056145575312,2538049210292.307,7218.391098156113,597.6633937782788,5976.633937782787,True,8,0.159221,1235.9836603913068,1131.9194935783898,-0.03368901026503589,-33.46377095786507,-86.73400215137131,-0.03368901026503588,0.02709952521185004,0.026736857992837305,-1229.6466127803374,-33.46377095786507,0.026736857992837305,104.03706728770489,-12.716107433050638
3c645498b9004a58,True,36.025,16.0,2.0,215.61262788333624,1078.0631394166505,1249520666054.122,7218.391098156113,597.6633937782788,5976.633937782787,True,1,0.047221,1119.6635523327102,1118.8847592088446,0.0,-14.476850987722745,92.58946221253187,0.0,0.0,0.0,0.0,-14.476850987722745,0.0,0.7787931238656026,1592.2654952490716
3c645498b9004a58,True,36.025,16.0,2.0,215.61262788333624,1078.0631394166505,1249520666054.122,7218.391098156113,597.6633937782788,5976.633937782787,True,2,0.063221,1123.8134242405595,1120.747666468604,-0.004814457012098198,-15.591823773417698,-86.73400215127491,-0.004814457012098198,0.00011792176654171804,8.879195109495686e-06,-175.66380182576222,-15.591823773417698,8.879195109495686e-06,3.065639850189,-12.716107432249373
3c645498b9004a58,True,36.025,16.0,2.0,215.61262788333624,1078.0631394166505,1249520666054.122,7218.391098156113,597.6633937782788,5976.633937782787,True,3,0.079221,1128.2632034901658,1122.6087015787732,-0.009624799654693181,-16.95875049201687,92.58946221257735,-0.00962479965469318,0.0007059877106867146,0.002241288815000817,351.3276036515242,-16.95875049201687,0.002241288815000817,5.653795923681895,1592.2654952488856
3c645498b9004a58,True,36.025,16.0,2.0,215.61262788333624,1078.0631394166505,1249520666054.122,7218.391098156113,597.6633937782788,5976.633937782787,True,4,0.095221,1132.4144842876592,1124.4716088385326,-0.014439308096410173,-18.07372327771181,-86.73400215137495,-0.014439308096410171,0.0022327991214746764,0.00446359817205801,-526.9914054772864,-18.07372327771181,0.00446359817205801,7.940642650005274,-12.716107431876935
3c645498b9004a58,True,36.025,16.0,2.0,215.61262788333624,1078.0631394166505,1249520666054.122,7218.391098156113,597.6633937782788,5976.633937782787,True,5,0.111221,1136.8666096294878,1126.3326439487018,-0.019249599309386377,-19.440649996310967,92.58946221267739,-0.019249599309386373,0.005166957287945289,0.008937184918959588,702.6552073030487,-19.440649996310967,0.008937184918959588,10.528798723498152,1592.265495248515
3c645498b9004a58,True,36.025,16.0,2.0,215.61262788333624,1078.0631394166505,1249520666054.122,7218.391098156113,597.6633937782788,5976.633937782787,True,6,0.127221,1141.0211737217817,1128.1955512084612,-0.024064159180722144,-20.55562278200591,-86.73400215147318,-0.02406415918072214,0.009977063499138237,0.013372924437962345,-878.3190091288108,-20.55562278200591,0.013372924437962345,12.815645449821519,-12.71610743149904
3c645498b9004a58,True,36.025,16.0,2.0,215.61262788333624,1078.0631394166505,1249520666054.122,7218.391098156113,597.6633937782788,5976.633937782787,True,7,0.143221,1145.477519560989,1130.0565863186305,-0.02887439896408137,-21.922549500605147,92.58946221263555,-0.028874398964081366,0.01713171904409327,0.020087688311877423,1053.9828109545865,-21.922549500605147,0.020087688311877423,15.403801523314494,1592.2654952490716
3c645498b9004a58,True,36.025,16.0,2.0,215.61262788333624,1078.0631394166505,1249520666054.122,7218.391098156113,597.6633937782788,5976.633937782787,True,8,0.159221,1149.6372413532397,1131.9194935783898,-0.03368901026503589,-23.037522286300103,-86.73400215137131,-0.03368901026503588,0.02709952521185004,0.026736857992833356,-1229.6466127803374,-23.037522286300103,0.026736857992833356,17.69064824963787,-12.716107432243916
3d8263d5c044b494,True,36.025,16.0,2.0,339.9715566464229,1699.8577832323015,2537897794761.841,7218.391098156113,597.6633937782788,5976.633937782787,True,1,0.047221,1119.5479334383626,1118.8847592088441,0.0,-10.426160434972052,92.5894622125628,0.0,0.0,0.0,0.0,-10.426160434972052,0.0,0.6631742295186049,-12.716107432290073
3d8263d5c044b494,True,36.025,16.0,2.0,339.9715566464229,1699.8577832323015,2537897794761.841,7218.391098156113,597.6633937782788,5976.633937782787,True,2,0.063221,1123.8285825893818,1120.7476664686037,-0.004814457012098193,-11.670086632794767,-86.73400215132766,-0.004814457012098193,0.00011792176654171839,8.879195109264549e-06,-175.66380182576216,-11.670086632794767,8.879195109264549e-06,3.080798199011468,-12.716107431918317
3d8263d5c044b494,True,36.025,16.0,2.0,339.9715566464229,1699.8577832323015,2537897794761.841,7218.391098156113,597.6633937782788,5976.633937782787,True,3,0.079221,1130.6881528092733,1122.6087015787734,-0.00962479965469319,-13.454167225519992,92.58946221257371,-0.00962479965469319,0.0007059877106867148,-1.116879893124435e-07,351.3276036515243,-13.454167225519992,-1.116879893124435e-07,8.078745242789209,-12.716107432288936
3d8263d5c044b494,True,36.025,16.0,2.0,339.9715566464229,1699.8577832323015,2537897794761.841,7218.391098156113,597.6633937782788,5976.633937782787,True,4,0.095221,1141.0862296625646,1124.471608838533,-0.014439308096410168,-15.788140883511643,-86.73400215132766,-0.014439308096410168,0.002232799121474673,8.990883097023827e-06,-526.9914054772864,-15.788140883511643,8.990883097023827e-06,16.612388024910114,-12.71610743191286
3d8263d5c044b494,True,36.025,16.0,2.0,339.9715566464229,1699.8577832323015,2537897794761.841,7218.391098156113,597.6633937782788,5976.633937782787,True,5,0.111221,1155.9404754668315,1126.3326439487028,-0.019249599309386366,-18.66153027987741,92.58946221257371,-0.019249599309386366,0.005166957287945275,-2.233759796154442e-07,702.6552073030485,-18.66153027987741,-2.233759796154442e-07,29.602664560840793,-12.716107432262106
3d8263d5c044b494,True,36.025,16.0,2.0,339.9715566464229,1699.8577832323015,2537897794761.841,7218.391098156113,597.6633937782788,5976.633937782787,True,6,0.127221,1176.2208145614823,1128.1955512084623,-0.02406415918072214,-22.085302869205307,-86.73400215132766,-0.02406415918072214,0.009977063499138206,9.102571083806096e-06,-878.3190091288109,-22.085302869205307,9.102571083806096e-06,48.01528628952094,-12.71610743189376
3d8263d5c044b494,True,36.025,16.0,2.0,339.9715566464229,1699.8577832323015,2537897794761.841,7218.391098156113,597.6633937782788,5976.633937782787,True,7,0.143221,1202.8386460441582,1130.056586318632,-0.028874398964077612,-26.048249486270656,92.58946221256825,-0.028874398964077612,0.017131719044093024,-3.350639712914393e-07,1053.9828109545592,-26.048249486270656,-3.350639712914393e-07,72.7649280064821,-12.71610743135625
3d8263d5c044b494,True,36.025,16.0,2.0,339.9715566464229,1699.8577832323015,2537897794761.841,7218.391098156113,597.6633937782788,5976.633937782787,True,8,0.159221,1236.7705877249332,1131.9194935783917,-0.03368901026503652,-30.56206953576751,-86.73400215124035,-0.03368901026503652,0.027099525211849825,9.2142590878106e-06,-1229.6466127803649,-30.56206953576751,9.2142590878106e-06,104.82399462132955,-12.716107432819626
3e0625c4e6420063,True,36.025,16.0,2.0,219.9719391145372,1099.8596955728071,1743962013781.806,7218.391098156113,597.6633937782788,5976.633937782787,True,1,0.047221,1074.1321280124876,586.6811839488104,381.21637169697567,373.70138857873224,92.58946221250459,381.21637169697567,248.36070302962733,243.3938849170793,9.367795428261161e-11,373.70138857873224,243.3938849170793,239.09024103404985,-12.716107432171157
3e0625c4e6420063,True,36.025,16.0,2.0,219.9719391145372,1099.8596955728071,1743962013781.806,7218.391098156113,597.6633937782788,5976.633937782787,True,2,0.063221,1078.4127771635062,588.5440912085699,381.2115572399635,372.45746238090965,-86.73400215138587,381.2115572399635,248.3608209513939,243.3938937962744,-175.6638018256685,372.45746238090965,243.3938937962744,241.5078650035426,-12.716107431801902
3e0625c4e6420063,True,36.025,16.0,2.0,219.9719391145372,1099.8596955728071,1743962013781.806,7218.391098156113,597.6633937782788,5976.633937782787,True,3,0.079221,1083.8614942486674,590.4051263187395,381.20674689732095,370.94589530188864,92.5894622125155,381.20674689732095,248.36140901733805,243.39388480539125,351.327603651618,370.94589530188864,243.39388480539125,245.0949589125899,-12.716107432168428
3e0625c4e6420063,True,36.025,16.0,2.0,219.9719391145372,1099.8596955728071,1743962013781.806,7218.391098156113,597.6633937782788,5976.633937782787,True,4,0.095221,1090.7308564060745,592.268033578499,381.2019323888792,369.1569453739815,-86.73400215138587,381.2019323888792,248.36293582874885,243.39389390796234,-526.9914054771928,369.1569453739815,243.39389390796234,250.0998869988268,-12.7161074317969
3e0625c4e6420063,True,36.025,16.0,2.0,219.9719391145372,1099.8596955728071,1743962013781.806,7218.391098156113,597.6633937782788,5976.633937782787,True,5,0.111221,1099.2375850764483,594.1290686886686,381.19712209766607,367.10059968461087,92.5894622125155,381.19712209766607,248.36586998691536,243.39388469370326,702.6552073031422,367.10059968461087,243.39388469370326,256.7426464008645,-12.716107432172066
3e0625c4e6420063,True,36.025,16.0,2.0,219.9719391145372,1099.8596955728071,1743962013781.806,7218.391098156113,597.6633937782788,5976.633937782787,True,6,0.127221,1109.6389452245396,595.991975948428,381.1923075377947,364.76662602661935,-86.73400215138587,381.1923075377947,248.37068009312654,243.3938940196503,-878.3190091287172,364.76662602661935,243.3938940196503,265.27628918298507,-12.716107431796445
3e0625c4e6420063,True,36.025,16.0,2.0,219.9719391145372,1099.8596955728071,1743962013781.806,7218.391098156113,597.6633937782788,5976.633937782787,True,7,0.143221,1122.1469704644223,597.8530110585976,381.1874972980113,362.1655017268989,92.58946221251004,381.1874972980113,248.37783474867146,243.3938845820152,1053.982810954653,362.1655017268989,243.3938845820152,275.9161246571532,-12.716107431622731
3e0625c4e6420063,True,36.025,16.0,2.0,219.9719391145372,1099.8596955728071,1743962013781.806,7218.391098156113,597.6633937782788,5976.633937782787,True,8,0.159221,1137.0213606846557,599.7159183183571,381.18268268671034,359.28675286765554,-86.73400215129855,381.18268268671034,248.3878025548392,243.39389413133821,-1229.6466127802712,359.28675286765554,243.39389413133821,288.9176398114594,-12.716107432628633
3f914b953c79abcd,True,36.025,16.0,2.0,215.61262788333624,1078.0631394166505,1249520666054.122,7218.391098156113,597.6633937782788,5976.633937782787,True,1,0.047221,1119.6635523327102,1118.8847592088446,0.0,-14.476850987722745,92.58946221253187,0.0,0.0,0.0,0.0,-14.476850987722745,0.0,0.7787931238656026,1592.2654952490716
3f914b953c79abcd,True,36.025,16.0,2.0,215.61262788333624,1078.0631394166505,1249520666054.122,7218.391098156113,597.6633937782788,5976.633937782787,True,2,0.063221,1125.3266048451599,1120.747666468604,-0.004814457012098198,-12.866953651828037,-86.73400215127491,-0.004814457012098198,0.00011792176654171804,8.879195109494414e-06,-175.66380182576222,-12.866953651828037,8.879195109494414e-06,4.5788204547893745,-12.716107432247554
3f914b953c79abcd,True,36.025,16.0,2.0,215.61262788333624,1078.0631394166505,1249520666054.122,7218.391098156113,597.6633937782788,5976.633937782787,True,3,0.079221,1129.7763840947662,1122.6087015787732,-0.009624799654693181,-14.233880370427206,92.58946221257735,-0.00962479965469318,0.0007059877106867146,0.0022412888150008243,351.3276036515242,-14.233880370427206,0.0022412888150008243,7.16697652828227,1592.2654952488929
3f914b953c79abcd,True,36.025,16.0,2.0,215.61262788333624,1078.0631394166505,1249520666054.122,7218.391098156113,597.6633937782788,5976.633937782787,True,4,0.095221,1135.44084549686,1124.4716088385326,-0.014439308096410173,-12.623983034532488,-86.73400215137495,-0.014439308096410171,0.0022327991214746764,0.004463598172058002,-526.9914054772864,-12.623983034532488,0.004463598172058002,10.967003859206065,-12.716107431877845
3f914b953c79abcd,True,36.025,16.0,2.0,215.61262788333624,1078.0631394166505,1249520666054.122,7218.391098156113,597.6633937782788,5976.633937782787,True,5,0.111221,1139.8929708386886,1126.3326439487018,-0.019249599309386377,-13.990909753131657,92.58946221267739,-0.019249599309386373,0.005166957287945289,0.008937184918959581,702.6552073030487,-13.990909753131657,0.008937184918959581,13.555159932698947,1592.265495248515
3f914b953c79abcd,True,36.025,16.0,2.0,215.61262788333624,1078.0631394166505,1249520666054.122,7218.391098156113,597.6633937782788,5976.633937782787,True,6,0.127221,1145.5607155355829,1128.1955512084612,-0.024064159180722144,-12.381012417236938,-86.73400215147318,-0.02406415918072214,0.009977063499138237,0.013372924437962366,-878.3190091288108,-12.381012417236938,0.013372924437962366,17.35518726362272,-12.716107431506316
3f914b953c79abcd,True,36.025,16.0,2.0,215.61262788333624,1078.0631394166505,1249520666054.122,7218.391098156113,597.6633937782788,5976.633937782787,True,7,0.143221,1150.0170613747903,1130.0565863186305,-0.02887439896408137,-13.747939135836177,92.58946221263555,-0.028874398964081366,0.01713171904409327,0.020087688311877436,1053.9828109545865,-13.747939135836177,0.020087688311877436,19.943343337115685,1592.2654952490643
3f914b953c79abcd,True,36.025,16.0,2.0,215.61262788333624,1078.0631394166505,1249520666054.122,7218.391098156113,597.6633937782788,5976.633937782787,True,8,0.159221,1155.6899637716413,1131.9194935783898,-0.03368901026503589,-12.138041799941407,-86.73400215137131,-0.03368901026503588,0.02709952521185004,0.02673685799282922,-1229.6466127803374,-12.138041799941407,0.02673685799282922,23.743370668039535,-12.716107431510864
42110b7ebaad7151,True,36.025,16.0,2.0,219.9719391145372,1099.8596955728071,1744153653676.379,7218.391098156113,597.6633937782788,5976.633937782787,True,1,0.047221,1119.5479334383626,1118.8847592088441,0.0,-10.426160434972052,92.5894622125628,0.0,0.0,0.0,0.0,-10.426160434972052,0.0,0.6631742295186049,-12.716107432290073
42110b7ebaad7151,True,36.025,16.0,2.0,219.9719391145372,1099.8596955728071,1744153653676.379,7218.391098156113,597.6633937782788,5976.633937782787,True,2,0.063221,1123.8285825893818,1120.7476664686037,-0.004814457012098193,-11.670086632794767,-86.73400215132766,-0.004814457012098193,0.00011792176654171839,8.879195109264549e-06,-175.66380182576216,-11.670086632794767,8.879195109264549e-06,3.080798199011468,-12.716107431918317
42110b7ebaad7151,True,36.025,16.0,2.0,219.9719391145372,1099.8596955728071,1744153653676.379,7218.391098156113,597.6633937782788,5976.633937782787,True,3,0.079221,1129.277299674543,1122.6087015787734,-0.00962479965469319,-13.181653711815624,92.58946221257371,-0.00962479965469319,0.0007059877106867148,-1.1168798930687812e-07,351.3276036515243,-13.181653711815624,-1.1168798930687812e-07,6.667892108058814,-12.716107432284844
42110b7ebaad7151,True,36.025,16.0,2.0,219.9719391145372,1099.8596955728071,1744153653676.379,7218.391098156113,597.6633937782788,5976.633937782787,True,4,0.095221,1136.1466618319503,1124.471608838533,-0.014439308096410168,-14.97060363972281,-86.73400215132766,-0.014439308096410168,0.002232799121474673,8.990883097035404e-06,-526.9914054772864,-14.97060363972281,8.990883097035404e-06,11.672820194295767,-12.716107431913315
42110b7ebaad7151,True,36.025,16.0,2.0,219.9719391145372,1099.8596955728071,1744153653676.379,7218.391098156113,597.6633937782788,5976.633937782787,True,5,0.111221,1144.653390502324,1126.3326439487028,-0.019249599309386366,-17.02694932909342,92.58946221257371,-0.019249599309386366,0.005166957287945275,-2.2337597967213698e-07,702.6552073030485,-17.02694932909342,-2.2337597967213698e-07,18.315579596333542,-12.716107432288482
42110b7ebaad7151,True,36.025,16.0,2.0,219.9719391145372,1099.8596955728071,1744153653676.379,7218.391098156113,597.6633937782788,5976.633937782787,True,6,0.127221,1155.0547506504158,1128.1955512084623,-0.02406415918072214,-19.360922987085086,-86.73400215132766,-0.02406415918072214,0.009977063499138206,9.102571083740942e-06,-878.3190091288109,-19.360922987085086,9.102571083740942e-06,26.849222378454446,-12.71610743191286
42110b7ebaad7151,True,36.025,16.0,2.0,219.9719391145372,1099.8596955728071,1744153653676.379,7218.391098156113,597.6633937782788,5976.633937782787,True,7,0.143221,1167.5627758902988,1130.056586318632,-0.028874398964077612,-21.962047286805493,92.58946221256825,-0.028874398964077612,0.017131719044093024,-3.3506397147773165e-07,1053.9828109545592,-21.962047286805493,-3.3506397147773165e-07,37.48905785262259,-12.716107431739147
42110b7ebaad7151,True,36.025,16.0,2.0,219.9719391145372,1099.8596955728071,1744153653676.379,7218.391098156113,597.6633937782788,5976.633937782787,True,8,0.159221,1182.4371661105324,1131.9194935783917,-0.03368901026503652,-24.840796146048955,-86.73400215124035,-0.03368901026503652,0.027099525211849825,9.214259081933294e-06,-1229.6466127803649,-24.840796146048955,9.214259081933294e-06,50.49057300692889,-12.716107432745048
424ca9e0e4a7c2b2,True,36.025,16.0,2.0,339.97155664644646,1699.8577832321837,2537897794761.841,7218.391098156113,597.6633937782788,5976.633937782787,True,1,0.047221,999.4441275390449,5.170038849912753,60.05190294965895,-0.4916838007199088,92.58946221235361,60.05190294965895,993.6109144596135,-9.934476634252144,2.0463630789890885e-10,-0.4916838007199088,-9.934476634252144,0.6631742295186049,-12.716107432290073
424ca9e0e4a7c2b2,True,36.025,16.0,2.0,339.97155664644646,1699.8577832321837,2537897794761.841,7218.391098156113,597.6633937782788,5976.633937782787,True,2,0.063221,1004.9082336537115,7.0329461096726,60.04708849264688,0.9892601230470105,-86.73400215153684,60.04708849264688,993.61103238138,-9.93446775505701,-175.66380182555753,0.9892601230470105,-9.93446775505701,4.264255162658867,-12.716107431916498
424ca9e0e4a7c2b2,True,36.025,16.0,2.0,339.97155664644646,1699.8577832321837,2537897794761.841,7218.391098156113,597.6633937782788,5976.633937782787,True,3,0.079221,1038.811297006011,8.893981219842077,60.04227815000427,-3.518465104368118,92.58946221236452,60.04227815000427,993.6116204473242,-9.934476745940039,351.32760365172896,-3.518465104368118,-9.934476745940039,36.30569533884476,-12.716107432279387
424ca9e0e4a7c2b2,True,36.025,16.0,2.0,339.97155664644646,1699.8577832321837,2537897794761.841,7218.391098156113,597.6633937782788,5976.633937782787,True,4,0.095221,1047.3375420886273,10.756888479601924,60.03746364156257,-1.4924974505167377,-86.73400215153684,60.03746364156257,993.613147258735,-9.934467643368922,-526.9914054770818,-1.4924974505167377,-9.934467643368922,42.96750635029033,-12.71610743190331
424ca9e0e4a7c2b2,True,36.025,16.0,2.0,339.97155664644646,1699.8577832321837,2537897794761.841,7218.391098156113,597.6633937782788,5976.633937782787,True,5,0.111221,1073.9511530739242,12.617923589771403,60.032653350349584,-5.455444067582096,92.58946221236452,60.032653350349584,993.6160814169016,-9.934476857627935,702.6552073032532,-5.455444067582096,-9.934476857627935,67.71714806725129,-12.716107432276658
424ca9e0e4a7c2b2,True,36.025,16.0,2.0,339.97155664644646,1699.8577832321837,2537897794761.841,7218.391098156113,597.6633937782788,5976.633937782787,True,6,0.127221,1086.4828221087864,14.480830849531248,60.02783879047826,-2.8844526836462543,-86.73400215153684,60.02783879047826,993.620891523113,-9.934467531680836,-878.3190091286062,-2.8844526836462543,-9.934467531680836,78.38109973614213,-12.716107431903765
424ca9e0e4a7c2b2,True,36.025,16.0,2.0,339.97155664644646,1699.8577832321837,2537897794761.841,7218.391098156113,597.6633937782788,5976.633937782787,True,7,0.143221,1106.7502657113769,16.341865959700723,60.02302855069488,-6.3026206903618895,92.58946221235907,60.02302855069488,993.628046178658,-9.934476969315838,1053.9828109547639,-6.3026206903618895,-9.934476969315838,96.78035357301822,-12.71610743149904
424ca9e0e4a7c2b2,True,36.025,16.0,2.0,339.97155664644646,1699.8577832321837,2537897794761.841,7218.391098156113,597.6633937782788,5976.633937782787,True,8,0.159221,1124.2281748994308,18.2047732194606,60.01821393939394,-3.186854105174122,-86.73400215144953,60.01821393939394,993.6380139848256,-9.934467419992764,-1229.6466127801602,-3.186854105174122,-9.934467419992764,112.38538769514466,-12.716107430882403
434f15e1c7fe25d7,True,36.025,16.0,2.0,339.9715566464229,1699.8577832323015,2537897794761.841,6259.044507202143,597.6633937782788,5976.633937782787,True,1,0.047221,1119.5479334383626,1118.8847592088441,0.0,-10.426160434972052,92.5894622125628,0.0,0.0,0.0,0.0,-10.426160434972052,0.0,0.6631742295186049,-12.716107432290073
434f15e1c7fe25d7,True,36.025,16.0,2.0,339.9715566464229,1699.8577832323015,2537897794761.841,6259.044507202143,597.6633937782788,5976.633937782787,True,2,0.063221,1123.8285825893818,1120.7476664686037,-0.004814457012098193,-11.670086632794767,-86.73400215132766,-0.004814457012098193,0.00011792176654171839,8.879195109264549e-06,-175.66380182576216,-11.670086632794767,8.879195109264549e-06,3.080798199011468,-12.716107431918317
434f15e1c7fe25d7,True,36.025,16.0,2.0,339.9715566464229,1699.8577832323015,2537897794761.841,6259.044507202143,597.6633937782788,5976.633937782787,True,3,0.079221,1130.6881528092733,1122.6087015787734,-0.00962479965469319,-13.454167225519992,92.58946221257371,-0.00962479965469319,0.0007059877106867148,-1.116879893124435e-07,351.3276036515243,-13.454167225519992,-1.116879893124435e-07,8.078745242789209,-12.716107432288936
434f15e1c7fe25d7,True,36.025,16.0,2.0,339.9715566464229,1699.8577832323015,2537897794761.841,6259.044507202143,597.6633937782788,5976.633937782787,True,4,0.095221,1141.0862296625646,1124.471608838533,-0.014439308096410168,-15.788140883511643,-86.73400215132766,-0.014439308096410168,0.002232799121474673,8.990883097023827e-06,-526.9914054772864,-15.788140883511643,8.990883097023827e-06,16.612388024910114,-12.71610743191286
434f15e1c7fe25d7,True,36.025,16.0,2.0,339.9715566464229,1699.8577832323015,2537897794761.841,6259.044507202143,597.6633937782788,5976.633937782787,True,5,0.111221,1155.9404754668315,1126.3326439487028,-0.019249599309386366,-18.66153027987741,92.58946221257371,-0.019249599309386366,0.005166957287945275,-2.233759796154442e-07,702.6552073030485,-18.66153027987741,-2.233759796154442e-07,29.602664560840793,-12.716107432262106
434f15e1c7fe25d7,True,36.025,16.0,2.0,339.9715566464229,1699.8577832323015,2537897794761.841,6259.044507202143,597.6633937782788,5976.633937782787,True,6,0.127221,1176.2208145614823,1128.1955512084623,-0.02406415918072214,-22.085302869205307,-86.73400215132766,-0.02406415918072214,0.009977063499138206,9.102571083806096e-06,-878.3190091288109,-22.085302869205307,9.102571083806096e-06,48.01528628952094,-12.71610743189376
434f15e1c7fe25d7,True,36.025,16.0,2.0,339.9715566464229,1699.8577832323015,2537897794761.841,6259.044507202143,597.6633937782788,5976.633937782787,True,7,0.143221,1202.8386460441582,1130.056586318632,-0.028874398964077612,-26.048249486270656,92.58946221256825,-0.028874398964077612,0.017131719044093024,-3.350639712914393e-07,1053.9828109545592,-26.048249486270656,-3.350639712914393e-07,72.7649280064821,-12.71610743135625
434f15e1c7fe25d7,True,36.025,16.0,2.0,339.9715566464229,1699.8577832323015,2537897794761.841,6259.044507202143,597.6633937782788,5976.633937782787,True,8,0.159221,1236.7705877249332,1131.9194935783917,-0.03368901026503652,-30.56206953576751,-86.73400215124035,-0.03368901026503652,0.027099525211849825,9.2142590878106e-06,-1229.6466127803649,-30.56206953576751,9.2142590878106e-06,104.82399462132955,-12.716107432819626
43eed8aa5517d4ab,True,36.025,16.0,2.0,339.9715566464229,1699.8577832323015,2537897794761.841,7218.391098156113,597.6633937782788,5976.633937782787,True,1,0.047221,1119.5479334383626,1118.8847592088441,0.0,-10.426160434972052,92.5894622125628,0.0,0.0,0.0,0.0,-10.426160434972052,0.0,0.6631742295186049,-12.716107432290073
43eed8aa5517d4ab,True,36.025,16.0,2.0,339.9715566464229,1699.8577832323015,2537897794761.841,7218.391098156113,597.6633937782788,5976.633937782787,True,2,0.063221,1123.8285825893818,1120.7476664686037,-0.004814457012098193,-11.670086632794767,-86.73400215132766,-0.004814457012098193,0.00011792176654171839,8.879195109264549e-06,-175.66380182576216,-11.670086632794767,8.879195109264549e-06,3.080798199011468,-12.716107431918317
43eed8aa5517d4ab,True,36.025,16.0,2.0,339.9715566464229,1699.8577832323015,2537897794761.841,7218.391098156113,597.6633937782788,5976.633937782787,True,3,0.079221,1130.6881528092733,1122.6087015787734,-0.00962479965469319,-13.454167225519992,92.58946221257371,-0.00962479965469319,0.0007059877106867148,-1.116879893124435e-07,351.3276036515243,-13.454167225519992,-1.116879893124435e-07,8.078745242789209,-12.716107432288936
43eed8aa5517d4ab,True,36.025,16.0,2.0,339.9715566464229,1699.8577832323015,2537897794761.841,7218.391098156113,597.6633937782788,5976.633937782787,True,4,0.095221,1141.0862296625646,1124.471608838533,-0.014439308096410168,-15.788140883511643,-86.73400215132766,-0.014439308096410168,0.002232799121474673,8.990883097023827e-06,-526.9914054772864,-15.788140883511643,8.990883097023827e-06,16.612388024910114,-12.71610743191286
43eed8aa5517d4ab,True,36.025,16.0,2.0,339.9715566464229,1699.8577832323015,2537897794761.841,7218.391098156113,597.6633937782788,5976.633937782787,True,5,0.111221,1155.9404754668315,1126.3326439487028,-0.019249599309386366,-18.66153027987741,92.58946221257371,-0.019249599309386366,0.005166957287945275,-2.233759796154442e-07,702.6552073030485,-18.66153027987741,-2.233759796154442e-07,29.602664560840793,-12.716107432262106
43eed8aa5517d4ab,True,36.025,16.0,2.0,339.9715566464229,1699.8577832323015,2537897794761.841,7218.391098156113,597.6633937782788,5976.633937782787,True,6,0.127221,1176.2208145614823,1128.1955512084623,-0.02406415918072214,-22.085302869205307,-86.73400215132766,-0.02406415918072214,0.009977063499138206,9.102571083806096e-06,-878.3190091288109,-22.085302869205307,9.102571083806096e-06,48.01528628952094,-12.71610743189376
43eed8aa5517d4ab,True,36.025,16.0,2.0,339.9715566464229,1699.8577832323015,2537897794761.841,7218.391098156113,597.6633937782788,5976.633937782787,True,7,0.143221,1202.8386460441582,1130.056586318632,-0.028874398964077612,-26.048249486270656,92.58946221256825,-0.028874398964077612,0.017131719044093024,-3.350639712914393e-07,1053.9828109545592,-26.048249486270656,-3.350639712914393e-07,72.7649280064821,-12.71610743135625
43eed8aa5517d4ab,True,36.025,16.0,2.0,339.9715566464229,1699.8577832323015,2537897794761.841,7218.391098156113,597.6633937782788,5976.633937782787,True,8,0.159221,1236.7705877249332,1131.9194935783917,-0.03368901026503652,-30.56206953576751,-86.73400215124035,-0.03368901026503652,0.027099525211849825,9.2142590878106e-06,-1229.6466127803649,-30.56206953576751,9.2142590878106e-06,104.82399462132955,-12.716107432819626
447b9bc779bda74f,True,36.025,16.0,2.0,339.97155664651723,1699.8577832323015,3447583062032.129,10718.217085140896,597.6633937782788,5976.633937782787,True,1,0.047221,1074.1321280124876,586.6811839488104,381.21637169697567,373.70138857873224,92.58946221250459,381.21637169697567,248.36070302962733,243.3938849170793,9.367795428261161e-11,373.70138857873224,243.3938849170793,239.09024103404985,-12.716107432171157
447b9bc779bda74f,True,36.025,16.0,2.0,339.97155664651723,1699.8577832323015,3447583062032.129,10718.217085140896,597.6633937782788,5976.633937782787,True,2,0.063221,1078.4127771635062,588.5440912085699,381.2115572399635,372.45746238090965,-86.73400215138587,381.2115572399635,248.3608209513939,243.3938937962744,-175.6638018256685,372.45746238090965,243.3938937962744,241.5078650035426,-12.716107431801902
447b9bc779bda74f,True,36.025,16.0,2.0,339.97155664651723,1699.8577832323015,3447583062032.129,10718.217085140896,597.6633937782788,5976.633937782787,True,3,0.079221,1084.1255525321453,590.4051263187395,381.20674689732095,370.8912435489125,92.5894622125155,381.20674689732095,248.36140901733805,243.39388480539125,351.327603651618,370.8912435489125,243.39388480539125,245.35901719606775,-12.716107432172976
447b9bc779bda74f,True,36.025,16.0,2.0,339.97155664651723,1699.8577832323015,3447583062032.129,10718.217085140896,597.6633937782788,5976.633937782787,True,4,0.095221,1091.624456639378,592.268033578499,381.2019323888792,368.9934379922881,-86.73400215138587,381.2019323888792,248.36293582874885,243.39389390796234,-526.9914054771928,368.9934379922881,243.39389390796234,250.99348723213012,-12.716107431801902
447b9bc779bda74f,True,36.025,16.0,2.0,339.97155664651723,1699.8577832323015,3447583062032.129,10718.217085140896,597.6633937782788,5976.633937782787,True,5,0.111221,1101.2316337011748,594.1290686886686,381.19712209766607,366.7736338781065,92.5894622125155,381.19712209766607,248.36586998691536,243.39388469370326,702.6552073031422,366.7736338781065,243.39388469370326,258.736695025591,-12.716107432177523
447b9bc779bda74f,True,36.025,16.0,2.0,339.97155664651723,1699.8577832323015,3447583062032.129,10718.217085140896,597.6633937782788,5976.633937782787,True,6,0.127221,1113.3076756071262,595.991975948428,381.1923075377947,364.22170043384784,-86.73400215138587,381.1923075377947,248.37068009312654,243.3938940196503,-878.3190091287172,364.22170043384784,243.3938940196503,268.9450195655715,-12.716107431801902
447b9bc779bda74f,True,36.025,16.0,2.0,339.97155664651723,1699.8577832323015,3447583062032.129,10718.217085140896,597.6633937782788,5976.633937782787,True,7,0.143221,1128.1661419087714,597.8530110585976,381.1874972980113,361.34831103748195,92.58946221251004,381.1874972980113,248.37783474867146,243.3938845820152,1053.982810954653,361.34831103748195,243.3938845820152,281.9352961015022,-12.716107431548153
447b9bc779bda74f,True,36.025,16.0,2.0,339.97155664651723,1699.8577832323015,3447583062032.129,10718.217085140896,597.6633937782788,5976.633937782787,True,8,0.159221,1146.1747288826148,599.7159183183571,381.18268268671034,358.14249823442134,-86.73400215129855,381.18268268671034,248.3878025548392,243.39389413133821,-1229.6466127802712,358.14249823442134,243.39389413133821,298.07100800941845,-12.71610743265137
447b9bc779bda74f,True,36.025,16.0,2.0,339.97155664651723,1699.8577832323015,3447583062032.129,10718.217085140896,597.6633937782788,5976.633937782787,True,9,0.175221,1167.6441389209936,601.5769534285267,381.1778724983566,354.6152751388122,92.58946221241364,381.1778724983566,248.4010521129188,243.39388447032718,1405.31041460618,354.6152751388122,243.39388447032718,317.66613337954806,-12.716107431471755
447b9bc779bda74f,True,36.025,16.0,2.0,339.97155664651723,1699.8577832323015,3447583062032.129,10718.217085140896,597.6633937782788,5976.633937782787,True,10,0.191221,1192.9421585094194,603.4398606882862,381.1730578356261,350.75558297694977,-86.73400215119487,381.1730578356261,248.41805202419923,243.39389424302624,-1580.9742164317984,350.75558297694977,243.39389424302624,341.084245796934,-12.716107433499928
447b9bc779bda74f,True,36.025,16.0,2.0,339.97155664651723,1699.8577832323015,3447583062032.129,10718.217085140896,597.6633937782788,5976.633937782787,True,11,0.207221,1222.3771478993244,605.3008957984558,381.168247698702,346.57477459915634,92.58946221231723,381.168247698702,248.4392708899696,243.39388435863924,1756.6380182577072,346.57477459915634,243.39388435863924,368.6369812108991,-12.716107431413548
447b9bc779bda74f,True,36.025,16.0,2.0,339.97155664651723,1699.8577832323015,3447583062032.129,10718.217085140896,597.6633937782788,5976.633937782787,True,12,0.223221,1256.325028195481,607.1638030582153,381.1634329845419,342.0609545496593,-86.73400215109301,381.1634329845419,248.465177311519,243.3938943547143,-1932.3018200833255,342.0609545496593,243.3938943547143,400.6960478257468,-12.716107434358491
467256441bd3be5f,True,36.025,16.0,2.0,339.9715566464229,1699.8577832323015,2537897794761.841,7218.391098156113,597.6633937782788,5976.633937782787,True,1,0.047221,1119.5479334383626,1118.8847592088441,0.0,-10.426160434972052,92.5894622125628,0.0,0.0,0.0,0.0,-10.426160434972052,0.0,0.6631742295186049,-12.716107432290073
467256441bd3be5f,True,36.025,16.0,2.0,339.9715566464229,1699.8577832323015,2537897794761.841,7218.391098156113,597.6633937782788,5976.633937782787,True,2,0.063221,1123.8285825893818,1120.7476664686037,-0.004814457012098193,-11.670086632794767,-86.73400215132766,-0.004814457012098193,0.00011792176654171839,8.879195109264549e-06,-175.66380182576216,-11.670086632794767,8.879195109264549e-06,3.080798199011468,-12.716107431918317
467256441bd3be5f,True,36.025,16.0,2.0,339.9715566464229,1699.8577832323015,2537897794761.841,7218.391098156113,597.6633937782788,5976.633937782787,True,3,0.079221,1130.6881528092733,1122.6087015787734,-0.00962479965469319,-13.454167225519992,92.58946221257371,-0.00962479965469319,0.0007059877106867148,-1.116879893124435e-07,351.3276036515243,-13.454167225519992,-1.116879893124435e-07,8.078745242789209,-12.716107432288936
467256441bd3be5f,True,36.025,16.0,2.0,339.9715566464229,1699.8577832323015,2537897794761.841,7218.391098156113,597.6633937782788,5976.633937782787,True,4,0.095221,1141.0862296625646,1124.471608838533,-0.014439308096410168,-15.788140883511643,-86.73400215132766,-0.014439308096410168,0.002232799121474673,8.990883097023827e-06,-526.9914054772864,-15.788140883511643,8.990883097023827e-06,16.612388024910114,-12.71610743191286
467256441bd3be5f,True,36.025,16.0,2.0,339.9715566464229,1699.8577832323015,2537897794761.841,7218.391098156113,597.6633937782788,5976.633937782787,True,5,0.111221,1155.9404754668315,1126.3326439487028,-0.019249599309386366,-18.66153027987741,92.58946221257371,-0.019249599309386366,0.005166957287945275,-2.233759796154442e-07,702.6552073030485,-18.66153027987741,-2.233759796154442e-07,29.602664560840793,-12.716107432262106
467256441bd3be5f,True,36.025,16.0,2.0,339.9715566464229,1699.8577832323015,2537897794761.841,7218.391098156113,597.6633937782788,5976.633937782787,True,6,0.127221,1176.2208145614823,1128.1955512084623,-0.02406415918072214,-22.085302869205307,-86.73400215132766,-0.02406415918072214,0.009977063499138206,9.102571083806096e-06,-878.3190091288109,-22.085302869205307,9.102571083806096e-06,48.01528628952094,-12.71610743189376
467256441bd3be5f,True,36.025,16.0,2.0,339.9715566464229,1699.8577832323015,2537897794761.841,7218.391098156113,597.6633937782788,5976.633937782787,True,7,0.143221,1202.8386460441582,1130.056586318632,-0.028874398964077612,-26.048249486270656,92.58946221256825,-0.028874398964077612,0.017131719044093024,-3.350639712914393e-07,1053.9828109545592,-26.048249486270656,-3.350639712914393e-07,72.7649280064821,-12.71610743135625
467256441bd3be5f,True,36.025,16.0,2.0,339.9715566464229,1699.8577832323015,2537897794761.841,7218.391098156113,597.6633937782788,5976.633937782787,True,8,0.159221,1236.7705877249332,1131.9194935783917,-0.03368901026503652,-30.56206953576751,-86.73400215124035,-0.03368901026503652,0.027099525211849825,9.2142590878106e-06,-1229.6466127803649,-30.56206953576751,9.2142590878106e-06,104.82399462132955,-12.716107432819626
46f7bbad12de8435,True,36.025,16.0,2.0,124.3954083549914,621.9770417749392,1248577264680.6616,7218.391098156113,597.6633937782788,5976.633937782787,True,1,0.047221,1051.6895592382034,405.1949933879173,365.37864897022894,356.67601494046147,92.58946221248458,365.37864897022894,330.7323434024535,322.8578863632101,1.3460521586239338e-10,356.67601494046147,322.8578863632101,315.7622224478324,1592.265495249263
46f7bbad12de8435,True,36.025,16.0,2.0,124.3954083549914,621.9770417749392,1248577264680.6616,7218.391098156113,597.6633937782788,5976.633937782787,True,2,0.063221,1055.839431146053,407.0579006476771,365.37383451321676,355.5610421547666,-86.7340021513222,365.37383451321676,330.7324613242201,322.8578952424053,-175.66380182562762,355.5610421547666,322.8578952424053,318.0490691741557,-12.716107432052922
46f7bbad12de8435,True,36.025,16.0,2.0,124.3954083549914,621.9770417749392,1248577264680.6616,7218.391098156113,597.6633937782788,5976.633937782787,True,3,0.079221,1060.2892103956597,408.9189357578467,365.3690241705742,354.1941154361674,92.58946221253005,365.3690241705742,330.73304939016424,322.8601276520252,351.3276036516588,354.1941154361674,322.8601276520252,320.6372252476487,1592.265495249082
46f7bbad12de8435,True,36.025,16.0,2.0,124.3954083549914,621.9770417749392,1248577264680.6616,7218.391098156113,597.6633937782788,5976.633937782787,True,4,0.095221,1064.4404911931538,410.78184301760655,365.36420966213245,353.0791426504724,-86.73400215142225,365.36420966213245,330.73457620157507,322.8623499613822,-526.9914054771518,353.0791426504724,322.8623499613822,322.924071973972,-12.716107431680484
46f7bbad12de8435,True,36.025,16.0,2.0,124.3954083549914,621.9770417749392,1248577264680.6616,7218.391098156113,597.6633937782788,5976.633937782787,True,5,0.111221,1068.8926165349826,412.64287812777616,365.35939937091933,351.7122159318733,92.5894622126301,365.35939937091933,330.7375103597415,322.86682354812916,702.6552073031833,351.7122159318733,322.86682354812916,325.51222804746493,1592.2654952487114
46f7bbad12de8435,True,36.025,16.0,2.0,124.3954083549914,621.9770417749392,1248577264680.6616,7218.391098156113,597.6633937782788,5976.633937782787,True,6,0.127221,1073.047180627277,414.50578538753604,365.35458481104797,350.59724314617836,-86.73400215152047,365.35458481104797,330.7423204659527,322.87125928764834,-878.3190091286762,350.59724314617836,322.87125928764834,327.7990747737883,-12.71610743130259
46f7bbad12de8435,True,36.025,16.0,2.0,124.3954083549914,621.9770417749392,1248577264680.6616,7218.391098156113,597.6633937782788,5976.633937782787,True,7,0.143221,1077.5035264664846,416.36682049770565,365.34977457126456,349.230316427579,92.58946221258826,365.34977457126456,330.7494751214977,322.87797405152236,1053.9828109547211,349.230316427579,322.87797405152236,330.3872308472813,1592.265495249268
46f7bbad12de8435,True,36.025,16.0,2.0,124.3954083549914,621.9770417749392,1248577264680.6616,7218.391098156113,597.6633937782788,5976.633937782787,True,8,0.159221,1081.6632482587356,418.2297277574655,365.3449599599636,348.1153436418842,-86.73400215141861,365.3449599599636,330.7594429276655,322.8846232212034,-1229.6466127802028,348.1153436418842,322.8846232212034,332.6740775736047,-12.716107432047465
49c554e65c5a8f35,True,36.025,16.0,2.0,339.97155664644646,1699.8577832321837,1874919978024.0605,7218.391098156113,597.6633937782788,5976.633937782787,True,1,0.047221,5.958999291317077,5.180206167451474,0.0,-0.8293316029932659,92.58946221232996,0.0,0.0,0.0,0.0,-0.8293316029932659,0.0,0.7787931238656026,1592.2654952490716
49c554e65c5a8f35,True,36.025,16.0,2.0,339.97155664644646,1699.8577832321837,1874919978024.0605,7218.391098156113,597.6633937782788,5976.633937782787,True,2,0.063221,11.622051803767242,7.043113427211325,-0.004814457012098056,0.7805657329014141,-86.73400215147682,-0.004814457012098056,0.00011792176654171804,8.879195109494414e-06,-175.66380182576222,0.7805657329014141,8.879195109494414e-06,4.5788204547893745,-12.716107432247554
49c554e65c5a8f35,True,36.025,16.0,2.0,339.97155664644646,1699.8577832321837,1874919978024.0605,7218.391098156113,597.6633937782788,5976.633937782787,True,3,0.079221,46.111011202293085,8.904148537380797,-0.00962479965469318,-3.8547842307374163,92.58946221237544,-0.00962479965469318,0.0007059877106867146,0.0022412888150007706,351.3276036515242,-3.8547842307374163,0.0022412888150007706,37.2061566772016,1592.2654952488665
49c554e65c5a8f35,True,36.025,16.0,2.0,339.97155664644646,1699.8577832321837,1874919978024.0605,7218.391098156113,597.6633937782788,5976.633937782787,True,4,0.095221,54.90215342554305,10.767055797140646,-0.014439308096410027,-1.6998631647582663,-86.73400215157686,-0.014439308096410027,0.0022327991214746764,0.0044635981720579625,-526.9914054772864,-1.6998631647582663,0.0044635981720579625,44.132864829280926,-12.716107431903765
49c554e65c5a8f35,True,36.025,16.0,2.0,339.97155664644646,1699.8577832321837,1874919978024.0605,7218.391098156113,597.6633937782788,5976.633937782787,True,5,0.111221,82.03323656135913,12.628090907310119,-0.01924959930938638,-5.790434518047323,92.58946221247366,-0.01924959930938638,0.005166957287945289,0.008937184918959467,702.6552073030487,-5.790434518047323,0.008937184918959467,69.39997869676107,1592.2654952484672
49c554e65c5a8f35,True,36.025,16.0,2.0,339.97155664644646,1699.8577832321837,1874919978024.0605,7218.391098156113,597.6633937782788,5976.633937782787,True,6,0.127221,94.89575347970498,14.49099816706997,-0.024064159180721998,-3.090489721983715,-86.7340021516769,-0.024064159180721998,0.009977063499138237,0.013372924437962258,-878.3190091288108,-3.090489721983715,0.013372924437962258,80.39477824913587,-12.716107431545424
49c554e65c5a8f35,True,36.025,16.0,2.0,339.97155664644646,1699.8577832321837,1874919978024.0605,7218.391098156113,597.6633937782788,5976.633937782787,True,7,0.143221,115.61224533710777,16.35203327723945,-0.02887439896408137,-6.636282464923115,92.58946221243183,-0.02887439896408137,0.01713171904409327,0.020087688311882047,1053.9828109545865,-6.636282464923115,0.020087688311882047,99.24308034082422,1592.2654952496105
49c554e65c5a8f35,True,36.025,16.0,2.0,339.97155664644646,1699.8577832321837,1874919978024.0605,7218.391098156113,597.6633937782788,5976.633937782787,True,8,0.159221,133.486923078198,18.214940536999315,-0.03368901026503573,-3.3915624676075575,-86.73400215157504,-0.03368901026503573,0.02709952521185004,0.0267368579928309,-1229.6466127803374,-3.3915624676075575,0.0267368579928309,115.24488301598683,-12.716107430514967
50d3353c9290bdcb,True,36.025,16.0,2.0,339.97155664647005,1699.8577832323015,2537897794761.841,7218.391098156113,597.6633937782788,5976.633937782787,True,1,0.047221,1119.6635523327102,1118.8847592088446,0.0,-14.476850987722745,92.58946221253187,0.0,0.0,0.0,0.0,-14.476850987722745,0.0,0.7787931238656026,1592.2654952490716
50d3353c9290bdcb,True,36.025,16.0,2.0,339.97155664647005,1699.8577832323015,2537897794761.841,7218.391098156113,597.6633937782788,5976.633937782787,True,2,0.063221,1125.3266048451599,1120.747666468604,-0.004814457012098198,-12.866953651828037,-86.73400215127491,-0.004814457012098198,0.00011792176654171804,8.879195109494414e-06,-175.66380182576222,-12.866953651828037,8.879195109494414e-06,4.5788204547893745,-12.716107432247554
50d3353c9290bdcb,True,36.025,16.0,2.0,339.97155664647005,1699.8577832323015,2537897794761.841,7218.391098156113,597.6633937782788,5976.633937782787,True,3,0.079221,1132.4299828337887,1122.6087015787732,-0.009624799654693181,-14.778658980776969,92.58946221257735,-0.00962479965469318,0.0007059877106867146,0.002241288815000832,351.3276036515242,-14.778658980776969,0.002241288815000832,9.820575267304784,1592.2654952489006
50d3353c9290bdcb,True,36.025,16.0,2.0,339.97155664647005,1699.8577832323015,2537897794761.841,7218.391098156113,597.6633937782788,5976.633937782787,True,4,0.095221,1145.2892164573336,1124.4716088385326,-0.014439308096410173,-12.07871418471331,-86.73400215137495,-0.014439308096410171,0.0022327991214746764,0.004463598172057977,-526.9914054772864,-12.07871418471331,0.004463598172057977,20.815374819679565,-12.716107431861928
50d3353c9290bdcb,True,36.025,16.0,2.0,339.97155664647005,1699.8577832323015,2537897794761.841,7218.391098156113,597.6633937782788,5976.633937782787,True,5,0.111221,1160.524086620705,1126.3326439487018,-0.019249599309386377,-15.079728317302786,92.58946221267739,-0.019249599309386373,0.005166957287945289,0.008937184918959607,702.6552073030487,-15.079728317302786,0.008937184918959607,34.18627571471528,1592.2654952485436
50d3353c9290bdcb,True,36.025,16.0,2.0,339.97155664647005,1699.8577832323015,2537897794761.841,7218.391098156113,597.6633937782788,5976.633937782787,True,6,0.127221,1184.344089940623,1128.1955512084612,-0.024064159180722144,-11.289984589902868,-86.73400215147318,-0.02406415918072214,0.009977063499138237,0.013372924437962334,-878.3190091288108,-11.289984589902868,0.013372924437962334,56.13856166866269,-12.716107431465389
50d3353c9290bdcb,True,36.025,16.0,2.0,339.97155664647005,1699.8577832323015,2537897794761.841,7218.391098156113,597.6633937782788,5976.633937782787,True,7,0.143221,1211.4793935738178,1130.0565863186305,-0.02887439896408137,-15.380555943192002,92.58946221263555,-0.028874398964081366,0.01713171904409327,0.020087688311883418,1053.9828109545865,-15.380555943192002,0.020087688311883418,81.40567553614332,1592.2654952498478
50d3353c9290bdcb,True,36.025,16.0,2.0,339.97155664647005,1699.8577832323015,2537897794761.841,7218.391098156113,597.6633937782788,5976.633937782787,True,8,0.159221,1250.029752888684,1131.9194935783898,-0.03368901026503589,-10.500764755622907,-86.73400215137131,-0.03368901026503588,0.02709952521185004,0.026736857992829655,-1229.6466127803374,-10.500764755622907,0.026736857992829655,118.08315978508215,-12.71610742984376
5223a098a378cbc1,True,36.025,16.0,2.0,342.5980872627872,1712.9904363136488,2537874232121.1484,7218.391098156113,597.6633937782788,5976.633937782787,True,1,0.047221,1119.6635523327102,1118.8847592088446,0.0,-14.476850987722745,92.58946221253187,0.0,0.0,0.0,0.0,-14.476850987722745,0.0,0.7787931238656026,1592.2654952490716
5223a098a378cbc1,True,36.025,16.0,2.0,342.5980872627872,1712.9904363136488,2537874232121.1484,7218.391098156113,597.6633937782788,5976.633937782787,True,2,0.063221,1124.5084446315007,1120.747666468604,-0.004814457012098198,-15.764054254470382,-86.73400215127491,-0.004814457012098198,0.00011792176654171804,8.879195109497908e-06,-175.66380182576222,-15.764054254470382,8.879195109497908e-06,3.760660241130261,-12.716107432252556
5223a098a378cbc1,True,36.025,16.0,2.0,342.5980872627872,1712.9904363136488,2537874232121.1484,7218.391098156113,597.6633937782788,5976.633937782787,True,3,0.079221,1137.2490343090112,1122.6087015787732,-0.009624799654693181,-18.479885603347345,92.58946221257735,-0.00962479965469318,0.0007059877106867146,0.002241288815000796,351.3276036515242,-18.479885603347345,0.002241288815000796,14.639626742527273,1592.2654952488729
5223a098a378cbc1,True,36.025,16.0,2.0,342.5980872627872,1712.9904363136488,2537874232121.1484,7218.391098156113,597.6633937782788,5976.633937782787,True,4,0.095221,1155.9092752800082,1124.4716088385326,-0.014439308096410173,-21.658144758016867,-86.73400215137495,-0.014439308096410171,0.0022327991214746764,0.004463598172058001,-526.9914054772864,-21.658144758016867,0.004463598172058001,31.43543364235407,-12.716107431881028
5223a098a378cbc1,True,36.025,16.0,2.0,342.5980872627872,1712.9904363136488,2537874232121.1484,7218.391098156113,597.6633937782788,5976.633937782787,True,5,0.111221,1190.9168162261456,1126.3326439487018,-0.019249599309386377,-26.329266778149172,92.58946221267739,-0.019249599309386373,0.005166957287945289,0.008937184918959595,702.6552073030487,-26.329266778149172,0.008937184918959595,64.57900532015591,1592.2654952485173
5223a098a378cbc1,True,36.025,16.0,2.0,342.5980872627872,1712.9904363136488,2537874232121.1484,7218.391098156113,597.6633937782788,5976.633937782787,True,6,0.127221,1196.3332560962272,1128.1955512084612,-0.024064159180722144,-27.742225634236856,-86.73400215147318,-0.02406415918072214,0.009977063499138237,0.013372924437962374,-878.3190091288108,-27.742225634236856,0.013372924437962374,68.12772782426684,-12.716107431503588
5223a098a378cbc1,True,36.025,16.0,2.0,342.5980872627872,1712.9904363136488,2537874232121.1484,7218.391098156113,597.6633937782788,5976.633937782787,True,7,0.143221,1229.029622466325,1130.0565863186305,-0.02887439896408137,-32.25063448073543,92.58946221263555,-0.028874398964081366,0.01713171904409327,0.020087688311884344,1053.9828109545865,-32.25063448073543,0.020087688311884344,98.95590442865053,1592.2654952499233
5223a098a378cbc1,True,36.025,16.0,2.0,342.5980872627872,1712.9904363136488,2537874232121.1484,7218.391098156113,597.6633937782788,5976.633937782787,True,8,0.159221,1237.5578285370289,1131.9194935783898,-0.03368901026503589,-34.21955233554575,-86.73400215137131,-0.03368901026503588,0.02709952521185004,0.026736857992840906,-1229.6466127803374,-34.21955233554575,0.026736857992840906,105.61123543342711,-12.716107431620003
549e8ad1b8690c9e,True,36.025,16.0,2.0,339.9715566464229,1699.8577832323015,2537897794761.841,7218.391098156113,597.6633937782788,5976.633937782787,True,1,0.047221,1119.5479334383626,1118.8847592088441,0.0,-10.426160434972052,92.5894622125628,0.0,0.0,0.0,0.0,-10.426160434972052,0.0,0.6631742295186049,-12.716107432290073
549e8ad1b8690c9e,True,36.025,16.0,2.0,339.9715566464229,1699.8577832323015,2537897794761.841,7218.391098156113,597.6633937782788,5976.633937782787,True,2,0.063221,1125.0120395530291,1120.7476664686037,-0.004814457012098193,-8.94521651120511,-86.73400215132766,-0.004814457012098193,0.00011792176654171839,8.87919510926328e-06,-175.66380182576216,-8.94521651120511,8.87919510926328e-06,4.264255162658867,-12.716107431916498
549e8ad1b8690c9e,True,36.025,16.0,2.0,339.9715566464229,1699.8577832323015,2537897794761.841,7218.391098156113,597.6633937782788,5976.633937782787,True,3,0.079221,1131.8716097729207,1122.6087015787734,-0.00962479965469319,-10.729297103930335,92.58946221257371,-0.00962479965469319,0.0007059877106867148,-1.1168798930480712e-07,351.3276036515243,-10.729297103930335,-1.1168798930480712e-07,9.262202206436609,-12.71610743228166
549e8ad1b8690c9e,True,36.025,16.0,2.0,339.9715566464229,1699.8577832323015,2537897794761.841,7218.391098156113,597.6633937782788,5976.633937782787,True,4,0.095221,1144.3999955129818,1124.471608838533,-0.014439308096410168,-8.15830571999445,-86.73400215132766,-0.014439308096410168,0.002232799121474673,8.990883097017095e-06,-526.9914054772864,-8.15830571999445,8.990883097017095e-06,19.92615387532739,-12.716107431903765
549e8ad1b8690c9e,True,36.025,16.0,2.0,339.9715566464229,1699.8577832323015,2537897794761.841,7218.391098156113,597.6633937782788,5976.633937782787,True,5,0.111221,1159.2542413172487,1126.3326439487028,-0.019249599309386366,-11.03169511636022,92.58946221257371,-0.019249599309386366,0.005166957287945275,-2.2337597964099748e-07,702.6552073030485,-11.03169511636022,-2.2337597964099748e-07,32.91643041125807,-12.716107432262106
549e8ad1b8690c9e,True,36.025,16.0,2.0,339.9715566464229,1699.8577832323015,2537897794761.841,7218.391098156113,597.6633937782788,5976.633937782787,True,6,0.127221,1182.6115253412806,1128.1955512084623,-0.02406415918072214,-7.370904801088082,-86.73400215132766,-0.02406415918072214,0.009977063499138206,9.102571083765066e-06,-878.3190091288109,-7.370904801088082,9.102571083765066e-06,54.40599706931918,-12.71610743189376
549e8ad1b8690c9e,True,36.025,16.0,2.0,339.9715566464229,1699.8577832323015,2537897794761.841,7218.391098156113,597.6633937782788,5976.633937782787,True,7,0.143221,1209.2293568239566,1130.056586318632,-0.028874398964077612,-11.333851418153438,92.58946221256825,-0.028874398964077612,0.017131719044093024,-3.350639713324696e-07,1053.9828109545592,-11.333851418153438,-3.350639713324696e-07,79.15563878628033,-12.71610743135625
549e8ad1b8690c9e,True,36.025,16.0,2.0,339.9715566464229,1699.8577832323015,2537897794761.841,7218.391098156113,597.6633937782788,5976.633937782787,True,8,0.159221,1247.185095357236,1131.9194935783917,-0.03368901026503652,-6.583013642712148,-86.73400215124035,-0.03368901026503652,0.027099525211849825,9.21425905409889e-06,-1229.6466127803649,-6.583013642712148,9.21425905409889e-06,115.23850225363222,-12.716107430269403
57df3010b632b06a,True,36.025,16.0,2.0,215.61262788333624,1078.0631394166505,1249520666054.122,7218.391098156113,597.6633937782788,5976.633937782787,True,1,0.047221,972.2623984389946,5.170038849912754,0.0,59.22372595913476,92.58946221232996,0.0,0.0,0.0,0.0,59.22372595913476,0.0,967.0923595890819,1592.2654952493258
57df3010b632b06a,True,36.025,16.0,2.0,215.61262788333624,1078.0631394166505,1249520666054.122,7218.391098156113,597.6633937782788,5976.633937782787,True,2,0.063221,976.4122703468443,7.032946109672605,-0.004814457012098056,58.10875317343986,-86.73400215147682,-0.004814457012098056,0.00011792176654171804,8.879195109317866e-06,-175.66380182576222,58.10875317343986,8.879195109317866e-06,969.3792063154051,-12.716107431994715
57df3010b632b06a,True,36.025,16.0,2.0,215.61262788333624,1078.0631394166505,1249520666054.122,7218.391098156113,597.6633937782788,5976.633937782787,True,3,0.079221,980.8620495964507,8.893981219842077,-0.00962479965469318,56.741826454840634,92.58946221237544,-0.00962479965469318,0.0007059877106867146,0.0022412888150008187,351.3276036515242,56.741826454840634,0.0022412888150008187,971.9673623888979,1592.2654952491403
57df3010b632b06a,True,36.025,16.0,2.0,215.61262788333624,1078.0631394166505,1249520666054.122,7218.391098156113,597.6633937782788,5976.633937782787,True,4,0.095221,985.0133303939444,10.756888479601926,-0.014439308096410027,55.626853669145746,-86.73400215157686,-0.014439308096410027,0.0022327991214746764,0.004463598172057829,-526.9914054772864,55.626853669145746,0.004463598172057829,974.254209115221,-12.716107431622277
57df3010b632b06a,True,36.025,16.0,2.0,215.61262788333624,1078.0631394166505,1249520666054.122,7218.391098156113,597.6633937782788,5976.633937782787,True,5,0.111221,989.4654557357732,12.617923589771399,-0.01924959930938638,54.25992695054651,92.58946221247366,-0.01924959930938638,0.005166957287945289,0.008937184918959593,702.6552073030487,54.25992695054651,0.008937184918959593,976.8423651887139,1592.2654952487696
57df3010b632b06a,True,36.025,16.0,2.0,215.61262788333624,1078.0631394166505,1249520666054.122,7218.391098156113,597.6633937782788,5976.633937782787,True,6,0.127221,993.6200198280674,14.48083084953125,-0.024064159180721998,53.144954164851626,-86.7340021516769,-0.024064159180721998,0.009977063499138237,0.013372924437962163,-878.3190091288108,53.144954164851626,0.013372924437962163,979.129211915037,-12.716107431244382
57df3010b632b06a,True,36.025,16.0,2.0,215.61262788333624,1078.0631394166505,1249520666054.122,7218.391098156113,597.6633937782788,5976.633937782787,True,7,0.143221,998.0763656672748,16.34186595970073,-0.02887439896408137,51.77802744625233,92.58946221243183,-0.02887439896408137,0.01713171904409327,0.020087688311877426,1053.9828109545865,51.77802744625233,0.020087688311877426,981.71736798853,1592.2654952493262
57df3010b632b06a,True,36.025,16.0,2.0,215.61262788333624,1078.0631394166505,1249520666054.122,7218.391098156113,597.6633937782788,5976.633937782787,True,8,0.159221,1002.2360874595256,18.204773219460595,-0.03368901026503573,50.66305466055743,-86.73400215157504,-0.03368901026503573,0.02709952521185004,0.026736857992833166,-1229.6466127803374,50.66305466055743,0.026736857992833166,984.0042147148531,-12.716107431989258
584809ec2fc9768f,True,36.025,16.0,2.0,219.97193911455247,1099.859695572731,842817493205.2002,5468.478104663722,597.6633937782788,5976.633937782787,True,1,0.047221,5.843380396970075,5.1802061674514706,0.0,-0.4925242098760083,92.58946221235361,0.0,0.0,0.0,0.0,-0.4925242098760083,0.0,0.6631742295186049,-12.716107432290073
584809ec2fc9768f,True,36.025,16.0,2.0,219.97193911455247,1099.859695572731,842817493205.2002,5468.478104663722,597.6633937782788,5976.633937782787,True,2,0.063221,10.124029547989327,7.043113427211317,-0.004814457012098048,-1.7364504076987044,-86.73400215153684,-0.004814457012098048,0.00011792176654171839,8.879195109264549e-06,-175.66380182576216,-1.7364504076987044,8.879195109264549e-06,3.080798199011468,-12.716107431918317
584809ec2fc9768f,True,36.025,16.0,2.0,219.97193911455247,1099.859695572731,842817493205.2002,5468.478104663722,597.6633937782788,5976.633937782787,True,3,0.079221,16.249370358935998,8.904148537380793,-0.009624799654693192,-3.3843984521012613,92.58946221236452,-0.009624799654693192,0.0007059877106867148,-1.1168798930871291e-07,351.3276036515243,-3.3843984521012613,-1.1168798930871291e-07,7.344515833844519,-12.716107432286208
584809ec2fc9768f,True,36.025,16.0,2.0,219.97193911455247,1099.859695572731,842817493205.2002,5468.478104663722,597.6633937782788,5976.633937782787,True,4,0.095221,24.7646090258475,10.76705579714064,-0.01443930809641002,-5.445735980634304,-86.73400215153684,-0.01443930809641002,0.002232799121474673,8.990883097017694e-06,-526.9914054772864,-5.445735980634304,8.990883097017694e-06,13.995320429585382,-12.716107431906494
584809ec2fc9768f,True,36.025,16.0,2.0,219.97193911455247,1099.859695572731,842817493205.2002,5468.478104663722,597.6633937782788,5976.633937782787,True,5,0.111221,36.18137000765556,12.628090907310119,-0.019249599309386373,-7.910727732032029,92.58946221236452,-0.019249599309386373,0.005166957287945275,-2.2337597968332986e-07,702.6552073030485,-7.910727732032029,-2.2337597968332986e-07,23.548112143057498,-12.716107432280296
584809ec2fc9768f,True,36.025,16.0,2.0,219.97193911455247,1099.859695572731,842817493205.2002,5468.478104663722,597.6633937782788,5976.633937782787,True,6,0.127221,51.05060252793291,14.490998167069964,-0.024064159180721998,-10.789476591275418,-86.73400215153684,-0.024064159180721998,0.009977063499138206,9.10257108377258e-06,-878.3190091288109,-10.789476591275418,9.10257108377258e-06,36.549627297363806,-12.716107431918317
5dd811482568c653,True,36.025,16.0,2.0,339.97155664644646,1699.8577832321837,2537897794761.8413,7218.391098156113,597.6633937782788,5976.633937782787,True,1,0.047221,1119.5479334383626,1118.8847592088441,0.0,-10.426160434972052,92.5894622125628,0.0,0.0,0.0,0.0,-10.426160434972052,0.0,0.6631742295186049,-12.716107432290073
5dd811482568c653,True,36.025,16.0,2.0,339.97155664644646,1699.8577832321837,2537897794761.8413,7218.391098156113,597.6633937782788,5976.633937782787,True,2,0.063221,1125.0120395530291,1120.7476664686037,-0.004814457012098193,-8.94521651120511,-86.73400215132766,-0.004814457012098193,0.00011792176654171839,8.87919510926328e-06,-175.66380182576216,-8.94521651120511,8.87919510926328e-06,4.264255162658867,-12.716107431916498
5dd811482568c653,True,36.025,16.0,2.0,339.97155664644646,1699.8577832321837,2537897794761.8413,7218.391098156113,597.6633937782788,5976.633937782787,True,3,0.079221,1158.915102905329,1122.6087015787734,-0.00962479965469319,-13.452941738620169,92.58946221257371,-0.00962479965469319,0.0007059877106867148,-1.1168798930014201e-07,351.3276036515243,-13.452941738620169,-1.1168798930014201e-07,36.30569533884476,-12.716107432279387
5dd811482568c653,True,36.025,16.0,2.0,339.97155664644646,1699.8577832321837,2537897794761.8413,7218.391098156113,597.6633937782788,5976.633937782787,True,4,0.095221,1167.4413479879447,1124.471608838533,-0.014439308096410168,-11.426974084768753,-86.73400215132766,-0.014439308096410168,0.002232799121474673,8.990883097024535e-06,-526.9914054772864,-11.426974084768753,8.990883097024535e-06,42.96750635029033,-12.71610743190331
5dd811482568c653,True,36.025,16.0,2.0,339.97155664644646,1699.8577832321837,2537897794761.8413,7218.391098156113,597.6633937782788,5976.633937782787,True,5,0.111221,1194.0549589732418,1126.3326439487028,-0.019249599309386366,-15.389920701834047,92.58946221257371,-0.019249599309386366,0.005166957287945275,-2.2337597968109078e-07,702.6552073030485,-15.389920701834047,-2.2337597968109078e-07,67.71714806725129,-12.716107432276658
5dd811482568c653,True,36.025,16.0,2.0,339.97155664644646,1699.8577832321837,2537897794761.8413,7218.391098156113,597.6633937782788,5976.633937782787,True,6,0.127221,1206.5866280081036,1128.1955512084623,-0.02406415918072214,-12.818929317898162,-86.73400215132766,-0.02406415918072214,0.009977063499138206,9.102571083722152e-06,-878.3190091288109,-12.818929317898162,9.102571083722152e-06,78.38109973614213,-12.716107431903765
5dd811482568c653,True,36.025,16.0,2.0,339.97155664644646,1699.8577832321837,2537897794761.8413,7218.391098156113,597.6633937782788,5976.633937782787,True,7,0.143221,1226.8540716106943,1130.056586318632,-0.028874398964077612,-16.237097324613742,92.58946221256825,-0.028874398964077612,0.017131719044093024,-3.3506397137217335e-07,1053.9828109545592,-16.237097324613742,-3.3506397137217335e-07,96.78035357301822,-12.71610743149904
5dd811482568c653,True,36.025,16.0,2.0,339.97155664644646,1699.8577832321837,2537897794761.8413,7218.391098156113,597.6633937782788,5976.633937782787,True,8,0.159221,1244.3319807987482,1131.9194935783917,-0.03368901026503652,-13.121330739425927,-86.73400215124035,-0.03368901026503652,0.027099525211849825,9.21425906020719e-06,-1229.6466127803649,-13.121330739425927,9.21425906020719e-06,112.38538769514466,-12.716107430882403
5ef6cf54a543e4db,True,36.025,16.0,2.0,339.97155664651723,1699.8577832323015,2984920893378.836,7218.391098156113,597.6633937782788,5976.633937782787,True,1,0.047221,1119.6635523327102,1118.8847592088446,0.0,-14.476850987722745,92.58946221253187,0.0,0.0,0.0,0.0,-14.476850987722745,0.0,0.7787931238656026,1592.2654952490716
5ef6cf54a543e4db,True,36.025,16.0,2.0,339.97155664651723,1699.8577832323015,2984920893378.836,7218.391098156113,597.6633937782788,5976.633937782787,True,2,0.063221,1158.2040617631737,1120.747666468604,-0.004814457012098198,-9.597059800153907,-86.73400215127491,-0.004814457012098198,0.00011792176654171804,8.879195109479809e-06,-175.66380182576222,-9.597059800153907,8.879195109479809e-06,37.45627737280327,-12.716107432226636
5ef6cf54a543e4db,True,36.025,16.0,2.0,339.97155664651723,1699.8577832323015,2984920893378.836,7218.391098156113,597.6633937782788,5976.633937782787,True,3,0.079221,1162.65384101278,1122.6087015787732,-0.009624799654693181,-10.96398651875308,92.58946221257735,-0.00962479965469318,0.0007059877106867146,0.002241288815000816,351.3276036515242,-10.96398651875308,0.002241288815000816,40.04443344629617,1592.2654952489074
5ef6cf54a543e4db,True,36.025,16.0,2.0,339.97155664651723,1699.8577832323015,2984920893378.836,7218.391098156113,597.6633937782788,5976.633937782787,True,4,0.095221,1201.195759332888,1124.4716088385326,-0.014439308096410173,-6.084195331184231,-86.73400215137495,-0.014439308096410171,0.0022327991214746764,0.004463598172057941,-526.9914054772864,-6.084195331184231,0.004463598172057941,76.72191769523394,-12.716107431857381
5ef6cf54a543e4db,True,36.025,16.0,2.0,339.97155664651723,1699.8577832323015,2984920893378.836,7218.391098156113,597.6633937782788,5976.633937782787,True,5,0.111221,1205.6478846747166,1126.3326439487018,-0.019249599309386377,-7.451122049783402,92.58946221267739,-0.019249599309386373,0.005166957287945289,0.008937184918959541,702.6552073030487,-7.451122049783402,0.008937184918959541,79.31007376872684,1592.2654952485368
5ef6cf54a543e4db,True,36.025,16.0,2.0,339.97155664651723,1699.8577832323015,2984920893378.836,7218.391098156113,597.6633937782788,5976.633937782787,True,6,0.127221,1244.193086289625,1128.1955512084612,-0.024064159180722144,-2.5713308622145497,-86.73400215147318,-0.02406415918072214,0.009977063499138237,0.01337292443796227,-878.3190091288108,-2.5713308622145497,0.01337292443796227,115.98755801766461,-12.716107431471755
5ef6cf54a543e4db,True,36.025,16.0,2.0,339.97155664651723,1699.8577832323015,2984920893378.836,7218.391098156113,597.6633937782788,5976.633937782787,True,7,0.143221,1248.6494321288321,1130.0565863186305,-0.02887439896408137,-3.938257580813794,92.58946221263555,-0.028874398964081366,0.01713171904409327,0.02008768831187737,1053.9828109545865,-3.938257580813794,0.02008768831187737,118.57571409115762,1592.2654952491007
5ef6cf54a543e4db,True,36.025,16.0,2.0,339.97155664651723,1699.8577832323015,2984920893378.836,7218.391098156113,597.6633937782788,5976.633937782787,True,8,0.159221,1287.1997914436977,1131.9194935783898,-0.03368901026503589,0.9415336067551778,-86.73400215137131,-0.03368901026503588,0.02709952521185004,0.02673685799282414,-1229.6466127803374,0.9415336067551778,0.02673685799282414,155.25319834009585,-12.716107430585907
6375ab99156984d6,True,36.025,16.0,2.0,339.9715566464229,1699.8577832323015,2536954393388.3804,7218.391098156113,597.6633937782788,5976.633937782787,True,1,0.047221,1055.8596735331455,405.1949933879172,365.378648970229,359.1553747249105,92.58946221251004,365.378648970229,330.73234340245347,325.00075295785484,1.368789526168257e-10,359.1553747249105,325.00075295785484,319.9323367427748,-12.71610743215706
6375ab99156984d6,True,36.025,16.0,2.0,339.9715566464229,1699.8577832323015,2536954393388.3804,7218.391098156113,597.6633937782788,5976.633937782787,True,2,0.063221,1061.3237796478122,407.0579006476771,365.3738345132168,360.63631864867756,-86.73400215138041,365.3738345132168,330.73246132422,325.00076183705,-175.66380182562528,360.63631864867756,325.00076183705,323.5334176759151,-12.716107431778255
6375ab99156984d6,True,36.025,16.0,2.0,339.9715566464229,1699.8577832323015,2536954393388.3804,7218.391098156113,597.6633937782788,5976.633937782787,True,3,0.079221,1068.1833498677038,408.9189357578468,365.3690241705743,358.8522380559522,92.58946221252096,365.3690241705743,330.7330493901642,325.00075284616696,351.3276036516612,358.8522380559522,325.00075284616696,328.53136471969276,-12.716107432143417
6375ab99156984d6,True,36.025,16.0,2.0,339.9715566464229,1699.8577832323015,2536954393388.3804,7218.391098156113,597.6633937782788,5976.633937782787,True,4,0.095221,1080.7117356077651,410.7818430176067,365.3642096621325,361.42322943988813,-86.73400215138041,365.3642096621325,330.734576201575,325.0007619487381,-526.9914054771496,361.42322943988813,325.0007619487381,339.1953163885834,-12.716107431772798
6375ab99156984d6,True,36.025,16.0,2.0,339.9715566464229,1699.8577832323015,2536954393388.3804,7218.391098156113,597.6633937782788,5976.633937782787,True,5,0.111221,1095.5659814120318,412.6428781277764,365.3593993709194,358.5498400435223,92.58946221252096,365.3593993709194,330.73751035974146,325.00075273447897,702.6552073031854,358.5498400435223,325.00075273447897,352.185592924514,-12.716107432131139
6375ab99156984d6,True,36.025,16.0,2.0,339.9715566464229,1699.8577832323015,2536954393388.3804,7218.391098156113,597.6633937782788,5976.633937782787,True,6,0.127221,1118.923265436064,414.5057853875363,365.354584811048,362.2106303587944,-86.73400215138041,365.354584811048,330.7423204659526,325.0007620604261,-878.319009128674,362.2106303587944,325.0007620604261,373.67515958257513,-12.716107431777345
6375ab99156984d6,True,36.025,16.0,2.0,339.9715566464229,1699.8577832323015,2536954393388.3804,7218.391098156113,597.6633937782788,5976.633937782787,True,7,0.143221,1145.5410969187399,416.366820497706,365.3497745712646,358.2476837417291,92.5894622125155,365.3497745712646,330.74947512149765,325.0007526227911,1053.982810954696,358.2476837417291,325.0007526227911,398.4248012995363,-12.716107431239834
6375ab99156984d6,True,36.025,16.0,2.0,339.9715566464229,1699.8577832323015,2536954393388.3804,7218.391098156113,597.6633937782788,5976.633937782787,True,8,0.159221,1183.4968354520195,418.229727757466,365.34495995996366,362.9985215171704,-86.7340021512931,365.34495995996366,330.7594429276654,325.0007621721142,-1229.646612780228,362.9985215171704,325.0007621721142,434.5076647668881,-12.716107430152988
63df1e5ea8c19f01,True,36.025,16.0,2.0,339.97155664647005,1699.8577832323015,2163395641565.6353,7218.391098156113,597.6633937782788,5976.633937782787,True,1,0.047221,1119.6635523327102,1118.8847592088446,0.0,-14.476850987722745,92.58946221253187,0.0,0.0,0.0,0.0,-14.476850987722745,0.0,0.7787931238656026,1592.2654952490716
63df1e5ea8c19f01,True,36.025,16.0,2.0,339.97155664647005,1699.8577832323015,2163395641565.6353,7218.391098156113,597.6633937782788,5976.633937782787,True,2,0.063221,1123.8134242405595,1120.747666468604,-0.004814457012098198,-15.591823773417698,-86.73400215127491,-0.004814457012098198,0.00011792176654171804,8.879195109495686e-06,-175.66380182576222,-15.591823773417698,8.879195109495686e-06,3.065639850189,-12.716107432249373
63df1e5ea8c19f01,True,36.025,16.0,2.0,339.97155664647005,1699.8577832323015,2163395641565.6353,7218.391098156113,597.6633937782788,5976.633937782787,True,3,0.079221,1128.6395607674351,1122.6087015787732,-0.009624799654693181,-17.049422718545667,92.58946221257735,-0.00962479965469318,0.0007059877106867146,0.0022412888150008105,351.3276036515242,-17.049422718545667,0.0022412888150008105,6.030153200951177,1592.2654952488815
63df1e5ea8c19f01,True,36.025,16.0,2.0,339.97155664647005,1699.8577832323015,2163395641565.6353,7218.391098156113,597.6633937782788,5976.633937782787,True,4,0.095221,1134.3671426387311,1124.4716088385326,-0.014439308096410173,-18.52774465763025,-86.73400215137495,-0.014439308096410171,0.0022327991214746764,0.004463598172058009,-526.9914054772864,-18.52774465763025,0.004463598172058009,9.893301001077141,-12.716107431880573
63df1e5ea8c19f01,True,36.025,16.0,2.0,339.97155664647005,1699.8577832323015,2163395641565.6353,7218.391098156113,597.6633937782788,5976.633937782787,True,5,0.111221,1143.1518754251724,1126.3326439487018,-0.019249599309386377,-20.71171508322457,92.58946221267739,-0.019249599309386373,0.005166957287945289,0.008937184918959552,702.6552073030487,-20.71171508322457,0.008937184918959552,16.814064519182704,1592.265495248499
63df1e5ea8c19f01,True,36.025,16.0,2.0,339.97155664647005,1699.8577832323015,2163395641565.6353,7218.391098156113,597.6633937782788,5976.633937782787,True,6,0.127221,1156.1199922874393,1128.1955512084612,-0.024064159180722144,-23.279835953645414,-86.73400215147318,-0.02406415918072214,0.009977063499138237,0.013372924437962327,-878.3190091288108,-23.279835953645414,0.013372924437962327,27.914464015479044,-12.716107431519049
63df1e5ea8c19f01,True,36.025,16.0,2.0,339.97155664647005,1699.8577832323015,2163395641565.6353,7218.391098156113,597.6633937782788,5976.633937782787,True,7,0.143221,1177.8423023280257,1130.0565863186305,-0.02887439896408137,-26.916549340172548,92.58946221263555,-0.028874398964081366,0.01713171904409327,0.02008768831188234,1053.9828109545865,-26.916549340172548,0.02008768831188234,47.7685842903511,1592.2654952496614
63df1e5ea8c19f01,True,36.025,16.0,2.0,339.97155664647005,1699.8577832323015,2163395641565.6353,7218.391098156113,597.6633937782788,5976.633937782787,True,8,0.159221,1211.2477923818276,1131.9194935783898,-0.03368901026503589,-31.301415977541605,-86.73400215137131,-0.03368901026503588,0.02709952521185004,0.02673685799284275,-1229.6466127803374,-31.301415977541605,0.02673685799284275,79.30119927822577,-12.716107432532226
64beec5f2629990b,True,36.025,16.0,2.0,339.97155664647005,1699.8577832323015,2537897794761.841,6259.044507202143,597.6633937782788,5976.633937782787,True,1,0.047221,1119.6635523327102,1118.8847592088446,0.0,-14.476850987722745,92.58946221253187,0.0,0.0,0.0,0.0,-14.476850987722745,0.0,0.7787931238656026,1592.2654952490716
64beec5f2629990b,True,36.025,16.0,2.0,339.97155664647005,1699.8577832323015,2537897794761.841,6259.044507202143,597.6633937782788,5976.633937782787,True,2,0.063221,1123.8134242405595,1120.747666468604,-0.004814457012098198,-15.591823773417698,-86.73400215127491,-0.004814457012098198,0.00011792176654171804,8.879195109495686e-06,-175.66380182576222,-15.591823773417698,8.879195109495686e-06,3.065639850189,-12.716107432249373
64beec5f2629990b,True,36.025,16.0,2.0,339.97155664647005,1699.8577832323015,2537897794761.841,6259.044507202143,597.6633937782788,5976.633937782787,True,3,0.079221,1130.9168022291883,1122.6087015787732,-0.009624799654693181,-17.503529102366635,92.58946221257735,-0.00962479965469318,0.0007059877106867146,0.0022412888150008343,351.3276036515242,-17.503529102366635,0.0022412888150008343,8.307394662704409,1592.2654952489006
64beec5f2629990b,True,36.025,16.0,2.0,339.97155664647005,1699.8577832323015,2537897794761.841,6259.044507202143,597.6633937782788,5976.633937782787,True,4,0.095221,1141.0522003536094,1124.4716088385326,-0.014439308096410173,-19.70854934823051,-86.73400215137495,-0.014439308096410171,0.0022327991214746764,0.004463598172058041,-526.9914054772864,-19.70854934823051,0.004463598172058041,16.57835871595535,-12.716107431867385
64beec5f2629990b,True,36.025,16.0,2.0,339.97155664647005,1699.8577832323015,2537897794761.841,6259.044507202143,597.6633937782788,5976.633937782787,True,5,0.111221,1156.2870705169807,1126.3326439487018,-0.019249599309386377,-22.709563480819984,92.58946221267739,-0.019249599309386373,0.005166957287945289,0.00893718491895968,702.6552073030487,-22.709563480819984,0.00893718491895968,29.94925961099106,1592.2654952485436
64beec5f2629990b,True,36.025,16.0,2.0,339.97155664647005,1699.8577832323015,2537897794761.841,6259.044507202143,597.6633937782788,5976.633937782787,True,6,0.127221,1176.172859470359,1128.1955512084612,-0.024064159180722144,-26.004382658020113,-86.73400215147318,-0.02406415918072214,0.009977063499138237,0.013372924437962487,-878.3190091288108,-26.004382658020113,0.013372924437962487,47.967331198398924,-12.716107431492674
64beec5f2629990b,True,36.025,16.0,2.0,339.97155664647005,1699.8577832323015,2537897794761.841,6259.044507202143,597.6633937782788,5976.633937782787,True,7,0.143221,1203.308163103554,1130.0565863186305,-0.02887439896408137,-30.09495401130924,92.58946221263555,-0.028874398964081366,0.01713171904409327,0.020087688311883546,1053.9828109545865,-30.09495401130924,0.020087688311883546,73.23444506587954,1592.2654952498187
64beec5f2629990b,True,36.025,16.0,2.0,339.97155664647005,1699.8577832323015,2537897794761.841,6259.044507202143,597.6633937782788,5976.633937782787,True,8,0.159221,1236.713653157356,1131.9194935783898,-0.03368901026503589,-34.47982064867827,-86.73400215137131,-0.03368901026503588,0.02709952521185004,0.02673685799284383,-1229.6466127803374,-34.47982064867827,0.02673685799284383,104.76706005375411,-12.716107432372155
670e36a34ab9b168,True,36.025,16.0,2.0,215.61262788333624,1078.0631394166505,1249520666054.122,5749.32833818719,597.6633937782788,5976.633937782787,True,1,0.047221,1119.6635523327102,1118.8847592088446,0.0,-14.476850987722745,92.58946221253187,0.0,0.0,0.0,0.0,-14.476850987722745,0.0,0.7787931238656026,1592.2654952490716
670e36a34ab9b168,True,36.025,16.0,2.0,215.61262788333624,1078.0631394166505,1249520666054.122,5749.32833818719,597.6633937782788,5976.633937782787,True,2,0.063221,1123.8134242405595,1120.747666468604,-0.004814457012098198,-15.591823773417698,-86.73400215127491,-0.004814457012098198,0.00011792176654171804,8.879195109495686e-06,-175.66380182576222,-15.591823773417698,8.879195109495686e-06,3.065639850189,-12.716107432249373
670e36a34ab9b168,True,36.025,16.0,2.0,215.61262788333624,1078.0631394166505,1249520666054.122,5749.32833818719,597.6633937782788,5976.633937782787,True,3,0.079221,1128.2632034901658,1122.6087015787732,-0.009624799654693181,-16.95875049201687,92.58946221257735,-0.00962479965469318,0.0007059877106867146,0.002241288815000817,351.3276036515242,-16.95875049201687,0.002241288815000817,5.653795923681895,1592.2654952488856
670e36a34ab9b168,True,36.025,16.0,2.0,215.61262788333624,1078.0631394166505,1249520666054.122,5749.32833818719,597.6633937782788,5976.633937782787,True,4,0.095221,1132.4144842876592,1124.4716088385326,-0.014439308096410173,-18.07372327771181,-86.73400215137495,-0.014439308096410171,0.0022327991214746764,0.00446359817205801,-526.9914054772864,-18.07372327771181,0.00446359817205801,7.940642650005274,-12.716107431876935
670e36a34ab9b168,True,36.025,16.0,2.0,215.61262788333624,1078.0631394166505,1249520666054.122,5749.32833818719,597.6633937782788,5976.633937782787,True,5,0.111221,1136.8666096294878,1126.3326439487018,-0.019249599309386377,-19.440649996310967,92.58946221267739,-0.019249599309386373,0.005166957287945289,0.008937184918959588,702.6552073030487,-19.440649996310967,0.008937184918959588,10.528798723498152,1592.265495248515
670e36a34ab9b168,True,36.025,16.0,2.0,215.61262788333624,1078.0631394166505,1249520666054.122,5749.32833818719,597.6633937782788,5976.633937782787,True,6,0.127221,1141.0211737217817,1128.1955512084612,-0.024064159180722144,-20.55562278200591,-86.73400215147318,-0.02406415918072214,0.009977063499138237,0.013372924437962345,-878.3190091288108,-20.55562278200591,0.013372924437962345,12.815645449821519,-12.71610743149904
670e36a34ab9b168,True,36.025,16.0,2.0,215.61262788333624,1078.0631394166505,1249520666054.122,5749.32833818719,597.6633937782788,5976.633937782787,True,7,0.143221,1145.477519560989,1130.0565863186305,-0.02887439896408137,-21.922549500605147,92.58946221263555,-0.028874398964081366,0.01713171904409327,0.020087688311877423,1053.9828109545865,-21.922549500605147,0.020087688311877423,15.403801523314494,1592.2654952490716
670e36a34ab9b168,True,36.025,16.0,2.0,215.61262788333624,1078.0631394166505,1249520666054.122,5749.32833818719,597.6633937782788,5976.633937782787,True,8,0.159221,1149.6372413532397,1131.9194935783898,-0.03368901026503589,-23.037522286300103,-86.73400215137131,-0.03368901026503588,0.02709952521185004,0.026736857992833356,-1229.6466127803374,-23.037522286300103,0.026736857992833356,17.69064824963787,-12.716107432243916
67b97bd9255aa42d,True,36.025,16.0,2.0,339.9715566464229,1699.8577832323015,2537897794761.841,6259.044507202143,597.6633937782788,5976.633937782787,True,1,0.047221,1119.5479334383626,1118.8847592088441,0.0,-10.426160434972052,92.5894622125628,0.0,0.0,0.0,0.0,-10.426160434972052,0.0,0.6631742295186049,-12.716107432290073
67b97bd9255aa42d,True,36.025,16.0,2.0,339.9715566464229,1699.8577832323015,2537897794761.841,6259.044507202143,597.6633937782788,5976.633937782787,True,2,0.063221,1123.8285825893818,1120.7476664686037,-0.004814457012098193,-11.670086632794767,-86.73400215132766,-0.004814457012098193,0.00011792176654171839,8.879195109264549e-06,-175.66380182576216,-11.670086632794767,8.879195109264549e-06,3.080798199011468,-12.716107431918317
67b97bd9255aa42d,True,36.025,16.0,2.0,339.9715566464229,1699.8577832323015,2537897794761.841,6259.044507202143,597.6633937782788,5976.633937782787,True,3,0.079221,1130.6881528092733,1122.6087015787734,-0.00962479965469319,-13.454167225519992,92.58946221257371,-0.00962479965469319,0.0007059877106867148,-1.116879893124435e-07,351.3276036515243,-13.454167225519992,-1.116879893124435e-07,8.078745242789209,-12.716107432288936
67b97bd9255aa42d,True,36.025,16.0,2.0,339.9715566464229,1699.8577832323015,2537897794761.841,6259.044507202143,597.6633937782788,5976.633937782787,True,4,0.095221,1141.0862296625646,1124.471608838533,-0.014439308096410168,-15.788140883511643,-86.73400215132766,-0.014439308096410168,0.002232799121474673,8.990883097023827e-06,-526.9914054772864,-15.788140883511643,8.990883097023827e-06,16.612388024910114,-12.71610743191286
67b97bd9255aa42d,True,36.025,16.0,2.0,339.9715566464229,1699.8577832323015,2537897794761.841,6259.044507202143,597.6633937782788,5976.633937782787,True,5,0.111221,1155.9404754668315,1126.3326439487028,-0.019249599309386366,-18.66153027987741,92.58946221257371,-0.019249599309386366,0.005166957287945275,-2.233759796154442e-07,702.6552073030485,-18.66153027987741,-2.233759796154442e-07,29.602664560840793,-12.716107432262106
67b97bd9255aa42d,True,36.025,16.0,2.0,339.9715566464229,1699.8577832323015,2537897794761.841,6259.044507202143,597.6633937782788,5976.633937782787,True,6,0.127221,1176.2208145614823,1128.1955512084623,-0.02406415918072214,-22.085302869205307,-86.73400215132766,-0.02406415918072214,0.009977063499138206,9.102571083806096e-06,-878.3190091288109,-22.085302869205307,9.102571083806096e-06,48.01528628952094,-12.71610743189376
67b97bd9255aa42d,True,36.025,16.0,2.0,339.9715566464229,1699.8577832323015,2537897794761.841,6259.044507202143,597.6633937782788,5976.633937782787,True,7,0.143221,1202.8386460441582,1130.056586318632,-0.028874398964077612,-26.048249486270656,92.58946221256825,-0.028874398964077612,0.017131719044093024,-3.350639712914393e-07,1053.9828109545592,-26.048249486270656,-3.350639712914393e-07,72.7649280064821,-12.71610743135625
67b97bd9255aa42d,True,36.025,16.0,2.0,339.9715566464229,1699.8577832323015,2537897794761.841,6259.044507202143,597.6633937782788,5976.633937782787,True,8,0.159221,1236.7705877249332,1131.9194935783917,-0.03368901026503652,-30.56206953576751,-86.73400215124035,-0.03368901026503652,0.027099525211849825,9.2142590878106e-06,-1229.6466127803649,-30.56206953576751,9.2142590878106e-06,104.82399462132955,-12.716107432819626
6a2e3fc8cfdbc4ad,True,36.025,16.0,2.0,339.9715566464229,1699.8577832321837,1874919973279.559,7218.391098156113,597.6633937782788,5976.633937782787,True,1,0.047221,5.833213079431364,5.170038849912755,0.0,-0.49168380071991924,92.58946221232996,0.0,0.0,0.0,0.0,-0.49168380071991924,0.0,0.6631742295186088,-12.7161074322471
6a2e3fc8cfdbc4ad,True,36.025,16.0,2.0,339.9715566464229,1699.8577832321837,1874919973279.559,7218.391098156113,597.6633937782788,5976.633937782787,True,2,0.063221,11.297319194098005,7.032946109672604,-0.004814457012098056,0.9892601230469932,-86.73400215150046,-0.004814457012098056,0.00011792176654171819,8.87919510936424e-06,-175.66380182576216,0.9892601230469932,8.87919510936424e-06,4.264255162658859,-12.716107432061108
6a2e3fc8cfdbc4ad,True,36.025,16.0,2.0,339.9715566464229,1699.8577832321837,1874919973279.559,7218.391098156113,597.6633937782788,5976.633937782787,True,3,0.079221,45.20038254639754,8.893981219842079,-0.009624799654693188,-3.518465104368137,92.58946221232814,-0.009624799654693188,0.0007059877106867132,-1.1168798879187145e-07,351.3276036515243,-3.518465104368137,-1.1168798879187145e-07,36.30569533884478,-12.71610743205565
6a2e3fc8cfdbc4ad,True,36.025,16.0,2.0,339.9715566464229,1699.8577832321837,1874919973279.559,7218.391098156113,597.6633937782788,5976.633937782787,True,4,0.095221,53.72662762901377,10.756888479601933,-0.014439308096410017,-1.4924974505167499,-86.734002151475,-0.014439308096410017,0.0022327991214746686,8.990883098172488e-06,-526.9914054772863,-1.4924974505167499,8.990883098172488e-06,42.967506350290364,-12.716107432058834
6a2e3fc8cfdbc4ad,True,36.025,16.0,2.0,339.9715566464229,1699.8577832321837,1874919973279.559,7218.391098156113,597.6633937782788,5976.633937782787,True,5,0.111221,80.3402386143107,12.617923589771406,-0.01924959930938638,-5.455444067582112,92.58946221232814,-0.01924959930938638,0.005166957287945267,-2.2337597748613508e-07,702.6552073030487,-5.455444067582112,-2.2337597748613508e-07,67.71714806725136,-12.716107432035642
6a2e3fc8cfdbc4ad,True,36.025,16.0,2.0,339.9715566464229,1699.8577832321837,1874919973279.559,7218.391098156113,597.6633937782788,5976.633937782787,True,6,0.127221,92.87190764917263,14.480830849531259,-0.024064159180722,-2.8844526836462596,-86.734002151475,-0.024064159180722,0.009977063499138194,9.102571087024579e-06,-878.3190091288109,-2.8844526836462596,9.102571087024579e-06,78.38109973614223,-12.716107432027457
6a2e3fc8cfdbc4ad,True,36.025,16.0,2.0,339.9715566464229,1699.8577832321837,1874919973279.559,7218.391098156113,597.6633937782788,5976.633937782787,True,7,0.143221,113.13935125176329,16.341865959700733,-0.02887439896408134,-6.302620690361943,92.5894622122372,-0.02887439896408134,0.01713171904409321,-3.350639578305105e-07,1053.9828109545863,-6.302620690361943,-3.350639578305105e-07,96.78035357301846,-12.716107430853299
6a2e3fc8cfdbc4ad,True,36.025,16.0,2.0,339.9715566464229,1699.8577832321837,1874919973279.559,7218.391098156113,597.6633937782788,5976.633937782787,True,8,0.159221,130.61726043981747,18.204773219460602,-0.03368901026503574,-3.1868541051741395,-86.73400215137131,-0.03368901026503574,0.027099525211849957,9.214259083483535e-06,-1229.6466127803378,-3.1868541051741395,9.214259083483535e-06,112.38538769514503,-12.716107431002456
6be912d1732fa68c,True,36.025,16.0,2.0,339.97155664649364,1699.8577832321837,2513757326649.4927,7218.391098156113,597.6633937782788,5976.633937782787,True,1,0.047221,1119.6635523327102,1118.8847592088446,0.0,-14.476850987722745,92.58946221253187,0.0,0.0,0.0,0.0,-14.476850987722745,0.0,0.7787931238656026,1592.2654952490716
6be912d1732fa68c,True,36.025,16.0,2.0,339.97155664649364,1699.8577832321837,2513757326649.4927,7218.391098156113,597.6633937782788,5976.633937782787,True,2,0.063221,1124.4572744807215,1120.747666468604,-0.004814457012098198,-15.752124870501364,-86.73400215127491,-0.004814457012098198,0.00011792176654171804,8.879195109496003e-06,-175.66380182576222,-15.752124870501364,8.879195109496003e-06,3.709490090350874,-12.716107432249828
6be912d1732fa68c,True,36.025,16.0,2.0,339.97155664649364,1699.8577832321837,2513757326649.4927,7218.391098156113,597.6633937782788,5976.633937782787,True,3,0.079221,1137.0256563842229,1122.6087015787732,-0.009624799654693181,-18.447089186423757,92.58946221257735,-0.00962479965469318,0.0007059877106867146,0.0022412888150008066,351.3276036515242,-18.447089186423757,0.0022412888150008066,14.41624881773897,1592.2654952488829
6be912d1732fa68c,True,36.025,16.0,2.0,339.97155664649364,1699.8577832321837,2513757326649.4927,7218.391098156113,597.6633937782788,5976.633937782787,True,4,0.095221,1155.4156153809818,1124.4716088385326,-0.014439308096410173,-21.599004284828368,-86.73400215137495,-0.014439308096410171,0.0022327991214746764,0.004463598172058079,-526.9914054772864,-21.599004284828368,0.004463598172058079,30.94177374332775,-12.716107431907403
6be912d1732fa68c,True,36.025,16.0,2.0,339.97155664649364,1699.8577832321837,2513757326649.4927,7218.391098156113,597.6633937782788,5976.633937782787,True,5,0.111221,1189.9069208717297,1126.3326439487018,-0.019249599309386377,-26.23435424846712,92.58946221267739,-0.019249599309386373,0.005166957287945289,0.008937184918959677,702.6552073030487,-26.23435424846712,0.008937184918959677,63.56910996573995,1592.265495248499
6be912d1732fa68c,True,36.025,16.0,2.0,339.97155664649364,1699.8577832321837,2513757326649.4927,7218.391098156113,597.6633937782788,5976.633937782787,True,6,0.127221,1195.2639559065155,1128.1955512084612,-0.024064159180722144,-27.634638134087723,-86.73400215147318,-0.02406415918072214,0.009977063499138237,0.013372924437962428,-878.3190091288108,-27.634638134087723,0.013372924437962428,67.05842763455523,-12.716107431510409
6be912d1732fa68c,True,36.025,16.0,2.0,339.97155664649364,1699.8577832321837,2513757326649.4927,7218.391098156113,597.6633937782788,5976.633937782787,True,7,0.143221,1227.479765700698,1130.0565863186305,-0.02887439896408137,-32.108517009387654,92.58946221263555,-0.028874398964081366,0.01713171904409327,0.02008768831188428,1053.9828109545865,-32.108517009387654,0.02008768831188428,97.40604766302337,1592.2654952498979
6be912d1732fa68c,True,36.025,16.0,2.0,339.97155664649364,1699.8577832321837,2513757326649.4927,7218.391098156113,597.6633937782788,5976.633937782787,True,8,0.159221,1235.8975074818554,1131.9194935783898,-0.03368901026503589,-34.06028637474252,-86.73400215137131,-0.03368901026503588,0.02709952521185004,0.02673685799284086,-1229.6466127803374,-34.06028637474252,0.02673685799284086,103.95091437825354,-12.716107431645469
70bccb690eab1867,True,36.025,16.0,2.0,339.97155664651723,1699.8577832323015,2984920893378.836,7218.391098156113,597.6633937782788,5976.633937782787,True,1,0.047221,1119.6635523327102,1118.8847592088446,0.0,-14.476850987722745,92.58946221253187,0.0,0.0,0.0,0.0,-14.476850987722745,0.0,0.7787931238656026,1592.2654952490716
70bccb690eab1867,True,36.025,16.0,2.0,339.97155664651723,1699.8577832323015,2984920893378.836,7218.391098156113,597.6633937782788,5976.633937782787,True,2,0.063221,1153.0591925021108,1120.747666468604,-0.004814457012098198,-18.861717625091824,-86.73400215127491,-0.004814457012098198,0.00011792176654171804,8.879195109502672e-06,-175.66380182576222,-18.861717625091824,8.879195109502672e-06,32.311408111740434,-12.716107432259378
70bccb690eab1867,True,36.025,16.0,2.0,339.97155664651723,1699.8577832323015,2984920893378.836,7218.391098156113,597.6633937782788,5976.633937782787,True,3,0.079221,1157.5089717517174,1122.6087015787732,-0.009624799654693181,-20.228644343690988,92.58946221257735,-0.00962479965469318,0.0007059877106867146,0.0022412888150008204,351.3276036515242,-20.228644343690988,0.0022412888150008204,34.899564185233324,1592.2654952488783
70bccb690eab1867,True,36.025,16.0,2.0,339.97155664651723,1699.8577832323015,2984920893378.836,7218.391098156113,597.6633937782788,5976.633937782787,True,4,0.095221,1190.9060208107621,1124.4716088385326,-0.014439308096410173,-24.613510981060063,-86.73400215137495,-0.014439308096410171,0.0022327991214746764,0.0044635981720580545,-526.9914054772864,-24.613510981060063,0.0044635981720580545,66.43217917310811,-12.716107431886485
70bccb690eab1867,True,36.025,16.0,2.0,339.97155664651723,1699.8577832323015,2984920893378.836,7218.391098156113,597.6633937782788,5976.633937782787,True,5,0.111221,1195.3581461525907,1126.3326439487018,-0.019249599309386377,-25.98043769965922,92.58946221267739,-0.019249599309386373,0.005166957287945289,0.008937184918959633,702.6552073030487,-25.98043769965922,0.008937184918959633,69.02033524660101,1592.2654952485077
70bccb690eab1867,True,36.025,16.0,2.0,339.97155664651723,1699.8577832323015,2984920893378.836,7218.391098156113,597.6633937782788,5976.633937782787,True,6,0.127221,1228.758478506436,1128.1955512084612,-0.024064159180722144,-30.3653043370283,-86.73400215147318,-0.02406415918072214,0.009977063499138237,0.01337292443796242,-878.3190091288108,-30.3653043370283,0.01337292443796242,100.55295023447579,-12.716107431515411
70bccb690eab1867,True,36.025,16.0,2.0,339.97155664651723,1699.8577832323015,2984920893378.836,7218.391098156113,597.6633937782788,5976.633937782787,True,7,0.143221,1233.2148243456434,1130.0565863186305,-0.02887439896408137,-31.732231055627537,92.58946221263555,-0.028874398964081366,0.01713171904409327,0.02008768831187749,1053.9828109545865,-31.732231055627537,0.02008768831187749,103.14110630796878,1592.265495249057
70bccb690eab1867,True,36.025,16.0,2.0,339.97155664651723,1699.8577832323015,2984920893378.836,7218.391098156113,597.6633937782788,5976.633937782787,True,8,0.159221,1266.6203143994458,1131.9194935783898,-0.03368901026503589,-36.1170976929967,-86.73400215137131,-0.03368901026503588,0.02709952521185004,0.026736857992838394,-1229.6466127803374,-36.1170976929967,0.026736857992838394,134.67372129584388,-12.716107433143407
7335cc78a92eb995,True,36.025,16.0,2.0,339.97155664647005,1699.8577832323015,2537897794761.841,7218.391098156113,597.6633937782788,5976.633937782787,True,1,0.047221,1119.6635523327102,1118.8847592088446,0.0,-14.476850987722745,92.58946221253187,0.0,0.0,0.0,0.0,-14.476850987722745,0.0,0.7787931238656026,1592.2654952490716
7335cc78a92eb995,True,36.025,16.0,2.0,339.97155664647005,1699.8577832323015,2537897794761.841,7218.391098156113,597.6633937782788,5976.633937782787,True,2,0.063221,1123.8134242405595,1120.747666468604,-0.004814457012098198,-15.591823773417698,-86.73400215127491,-0.004814457012098198,0.00011792176654171804,8.879195109495686e-06,-175.66380182576222,-15.591823773417698,8.879195109495686e-06,3.065639850189,-12.716107432249373
7335cc78a92eb995,True,36.025,16.0,2.0,339.97155664647005,1699.8577832323015,2537897794761.841,7218.391098156113,597.6633937782788,5976.633937782787,True,3,0.079221,1130.9168022291883,1122.6087015787732,-0.009624799654693181,-17.503529102366635,92.58946221257735,-0.00962479965469318,0.0007059877106867146,0.0022412888150008343,351.3276036515242,-17.503529102366635,0.0022412888150008343,8.307394662704409,1592.2654952489006
7335cc78a92eb995,True,36.025,16.0,2.0,339.97155664647005,1699.8577832323015,2537897794761.841,7218.391098156113,597.6633937782788,5976.633937782787,True,4,0.095221,1141.0522003536094,1124.4716088385326,-0.014439308096410173,-19.70854934823051,-86.73400215137495,-0.014439308096410171,0.0022327991214746764,0.004463598172058041,-526.9914054772864,-19.70854934823051,0.004463598172058041,16.57835871595535,-12.716107431867385
7335cc78a92eb995,True,36.025,16.0,2.0,339.97155664647005,1699.8577832323015,2537897794761.841,7218.391098156113,597.6633937782788,5976.633937782787,True,5,0.111221,1156.2870705169807,1126.3326439487018,-0.019249599309386377,-22.709563480819984,92.58946221267739,-0.019249599309386373,0.005166957287945289,0.00893718491895968,702.6552073030487,-22.709563480819984,0.00893718491895968,29.94925961099106,1592.2654952485436
7335cc78a92eb995,True,36.025,16.0,2.0,339.97155664647005,1699.8577832323015,2537897794761.841,7218.391098156113,597.6633937782788,5976.633937782787,True,6,0.127221,1176.172859470359,1128.1955512084612,-0.024064159180722144,-26.004382658020113,-86.73400215147318,-0.02406415918072214,0.009977063499138237,0.013372924437962487,-878.3190091288108,-26.004382658020113,0.013372924437962487,47.967331198398924,-12.716107431492674
7335cc78a92eb995,True,36.025,16.0,2.0,339.97155664647005,1699.8577832323015,2537897794761.841,7218.391098156113,597.6633937782788,5976.633937782787,True,7,0.143221,1203.308163103554,1130.0565863186305,-0.02887439896408137,-30.09495401130924,92.58946221263555,-0.028874398964081366,0.01713171904409327,0.020087688311883546,1053.9828109545865,-30.09495401130924,0.020087688311883546,73.23444506587954,1592.2654952498187
7335cc78a92eb995,True,36.025,16.0,2.0,339.97155664647005,1699.8577832323015,2537897794761.841,7218.391098156113,597.6633937782788,5976.633937782787,True,8,0.159221,1236.713653157356,1131.9194935783898,-0.03368901026503589,-34.47982064867827,-86.73400215137131,-0.03368901026503588,0.02709952521185004,0.02673685799284383,-1229.6466127803374,-34.47982064867827,0.02673685799284383,104.76706005375411,-12.716107432372155
74311545513df6dd,True,36.025,16.0,2.0,219.9719391145372,1099.8596955728071,1744153653676.379,7218.391098156113,597.6633937782788,5976.633937782787,True,1,0.047221,979.5751742705409,5.170038849912753,0.0,59.56021914893904,92.58946221235361,0.0,0.0,0.0,0.0,59.56021914893904,0.0,974.4051354206281,-12.716107432089302
74311545513df6dd,True,36.025,16.0,2.0,219.9719391145372,1099.8596955728071,1744153653676.379,7218.391098156113,597.6633937782788,5976.633937782787,True,2,0.063221,983.8558234215603,7.0329461096726,-0.004814457012098048,58.31629295111638,-86.73400215153684,-0.004814457012098048,0.00011792176654171839,8.879195109127376e-06,-175.66380182576216,58.31629295111638,8.879195109127376e-06,976.8227593901212,-12.716107431721866
74311545513df6dd,True,36.025,16.0,2.0,219.9719391145372,1099.8596955728071,1744153653676.379,7218.391098156113,597.6633937782788,5976.633937782787,True,3,0.079221,989.3045405067217,8.893981219842077,-0.009624799654693192,56.80472587209547,92.58946221236452,-0.009624799654693192,0.0007059877106867148,-1.1168798931531658e-07,351.3276036515243,56.80472587209547,-1.1168798931531658e-07,980.4098532991688,-12.716107432095669
74311545513df6dd,True,36.025,16.0,2.0,219.9719391145372,1099.8596955728071,1744153653676.379,7218.391098156113,597.6633937782788,5976.633937782787,True,4,0.095221,996.1739026641296,10.756888479601924,-0.01443930809641002,55.01577594418833,-86.73400215153684,-0.01443930809641002,0.002232799121474673,8.990883096891546e-06,-526.9914054772864,55.01577594418833,8.990883096891546e-06,985.4147813854062,-12.71610743172414
74311545513df6dd,True,36.025,16.0,2.0,219.9719391145372,1099.8596955728071,1744153653676.379,7218.391098156113,597.6633937782788,5976.633937782787,True,5,0.111221,1004.6806313345037,12.617923589771403,-0.019249599309386373,52.959430254817654,92.58946221236452,-0.019249599309386373,0.005166957287945275,-2.2337597967892404e-07,702.6552073030485,52.959430254817654,-2.2337597967892404e-07,992.0575407874444,-12.716107432099307
74311545513df6dd,True,36.025,16.0,2.0,219.9719391145372,1099.8596955728071,1744153653676.379,7218.391098156113,597.6633937782788,5976.633937782787,True,6,0.127221,1015.081991482596,14.480830849531248,-0.024064159180721998,50.62545659682607,-86.73400215153684,-0.024064159180721998,0.009977063499138206,9.102571083595419e-06,-878.3190091288109,50.62545659682607,9.102571083595419e-06,1000.5911835695656,-12.716107431723685
74311545513df6dd,True,36.025,16.0,2.0,219.9719391145372,1099.8596955728071,1744153653676.379,7218.391098156113,597.6633937782788,5976.633937782787,True,7,0.143221,1027.5900167224788,16.341865959700723,-0.028874398964077622,48.02433229710559,92.58946221235907,-0.028874398964077622,0.017131719044093024,-3.3506397148285043e-07,1053.9828109545592,48.02433229710559,-3.3506397148285043e-07,1011.231019043734,-12.716107431549972
74311545513df6dd,True,36.025,16.0,2.0,219.9719391145372,1099.8596955728071,1744153653676.379,7218.391098156113,597.6633937782788,5976.633937782787,True,8,0.159221,1042.4644069427127,18.2047732194606,-0.033689010265036366,45.14558343786221,-86.73400215144953,-0.033689010265036366,0.027099525211849825,9.214259081714988e-06,-1229.6466127803649,45.14558343786221,9.214259081714988e-06,1024.2325341980402,-12.716107432541321
749d98b6da75deee,True,36.025,16.0,2.0,339.97155664644646,1699.8577832321837,1874919978024.0605,7218.391098156113,597.6633937782788,5976.633937782787,True,1,0.047221,5.831539371746506,5.170038849912753,0.0,-0.48660369726422303,92.58946221235361,0.0,0.0,0.0,0.0,-0.48660369726422303,0.0,0.6615005218337525,-12.716107432290775
749d98b6da75deee,True,36.025,16.0,2.0,339.97155664644646,1699.8577832321837,1874919978024.0605,7218.391098156113,597.6633937782788,5976.633937782787,True,2,0.063221,11.295645486413157,7.0329461096726,-0.004814457012098048,0.9943402265026963,-86.73400215153684,-0.004814457012098048,0.00011792176654171839,8.87919510926328e-06,-175.66380182576216,0.9943402265026963,8.87919510926328e-06,4.262581454974015,-12.716107431916498
749d98b6da75deee,True,36.025,16.0,2.0,339.97155664644646,1699.8577832321837,1874919978024.0605,7218.391098156113,597.6633937782788,5976.633937782787,True,3,0.079221,45.19870883871267,8.893981219842077,-0.009624799654693192,-3.5133850009124323,92.58946221236452,-0.009624799654693192,0.0007059877106867148,-1.1168798930014201e-07,351.3276036515243,-3.5133850009124323,-1.1168798930014201e-07,36.304021631159905,-12.716107432279387
749d98b6da75deee,True,36.025,16.0,2.0,339.97155664644646,1699.8577832321837,1874919978024.0605,7218.391098156113,597.6633937782788,5976.633937782787,True,4,0.095221,53.724953921328876,10.756888479601924,-0.01443930809641002,-1.4874173470610523,-86.73400215153684,-0.01443930809641002,0.002232799121474673,8.990883097024535e-06,-526.9914054772864,-1.4874173470610523,8.990883097024535e-06,42.96583264260548,-12.71610743190331
749d98b6da75deee,True,36.025,16.0,2.0,339.97155664644646,1699.8577832321837,1874919978024.0605,7218.391098156113,597.6633937782788,5976.633937782787,True,5,0.111221,80.33856490662579,12.617923589771403,-0.019249599309386373,-5.450363964126412,92.58946221236452,-0.019249599309386373,0.005166957287945275,-2.2337597968109078e-07,702.6552073030485,-5.450363964126412,-2.2337597968109078e-07,67.71547435956644,-12.716107432276658
749d98b6da75deee,True,36.025,16.0,2.0,339.97155664644646,1699.8577832321837,1874919978024.0605,7218.391098156113,597.6633937782788,5976.633937782787,True,6,0.127221,92.87023394148767,14.480830849531248,-0.024064159180721998,-2.87937258019057,-86.73400215153684,-0.024064159180721998,0.009977063499138206,9.102571083722152e-06,-878.3190091288109,-2.87937258019057,9.102571083722152e-06,78.37942602845729,-12.716107431903765
749d98b6da75deee,True,36.025,16.0,2.0,339.97155664644646,1699.8577832321837,1874919978024.0605,7218.391098156113,597.6633937782788,5976.633937782787,True,7,0.143221,113.13767754407819,16.341865959700723,-0.028874398964077622,-6.297540586906205,92.58946221235907,-0.028874398964077622,0.017131719044093024,-3.3506397137217335e-07,1053.9828109545592,-6.297540586906205,-3.3506397137217335e-07,96.77867986533337,-12.71610743149904
749d98b6da75deee,True,36.025,16.0,2.0,339.97155664644646,1699.8577832321837,1874919978024.0605,7218.391098156113,597.6633937782788,5976.633937782787,True,8,0.159221,130.61558673213227,18.2047732194606,-0.033689010265036366,-3.1817740017184377,-86.73400215144953,-0.033689010265036366,0.027099525211849825,9.21425906020719e-06,-1229.6466127803649,-3.1817740017184377,9.21425906020719e-06,112.38371398745981,-12.716107430882403
754ddbb95367babc,True,36.025,16.0,2.0,215.61262788333624,1078.0631394166505,1434251707165.0005,7218.391098156113,597.6633937782788,5976.633937782787,True,1,0.047221,1119.6635523327102,1118.8847592088446,0.0,-14.476850987722745,92.58946221253187,0.0,0.0,0.0,0.0,-14.476850987722745,0.0,0.7787931238656026,1592.2654952490716
754ddbb95367babc,True,36.025,16.0,2.0,215.61262788333624,1078.0631394166505,1434251707165.0005,7218.391098156113,597.6633937782788,5976.633937782787,True,2,0.063221,1123.4917302098047,1120.747666468604,-0.004814457012098198,-15.382896409266044,-86.73400215127491,-0.004814457012098198,0.00011792176654171804,8.87919510949632e-06,-175.66380182576222,-15.382896409266044,8.87919510949632e-06,2.743945819434099,-12.716107432250283
754ddbb95367babc,True,36.025,16.0,2.0,215.61262788333624,1078.0631394166505,1434251707165.0005,7218.391098156113,597.6633937782788,5976.633937782787,True,3,0.079221,1127.5691209835659,1122.6087015787732,-0.009624799654693181,-16.54098972699855,92.58946221257735,-0.00962479965469318,0.0007059877106867146,0.0022412888150009536,351.3276036515242,-16.54098972699855,0.0022412888150009536,4.959713417081932,1592.265495248982
754ddbb95367babc,True,36.025,16.0,2.0,215.61262788333624,1078.0631394166505,1434251707165.0005,7218.391098156113,597.6633937782788,5976.633937782787,True,4,0.095221,1131.3987077503043,1124.4716088385326,-0.014439308096410173,-17.447035148541826,-86.73400215137495,-0.014439308096410171,0.0022327991214746764,0.004463598172058276,-526.9914054772864,-17.447035148541826,0.004463598172058276,6.9248661126504025,-12.71610743187648
754ddbb95367babc,True,36.025,16.0,2.0,215.61262788333624,1078.0631394166505,1434251707165.0005,7218.391098156113,597.6633937782788,5976.633937782787,True,5,0.111221,1135.478444616288,1126.3326439487018,-0.019249599309386377,-18.605128466274333,92.58946221267739,-0.019249599309386373,0.005166957287945289,0.008937184918960124,702.6552073030487,-18.605128466274333,0.008937184918960124,9.140633710298223,1592.2654952486118
754ddbb95367babc,True,36.025,16.0,2.0,215.61262788333624,1078.0631394166505,1434251707165.0005,7218.391098156113,597.6633937782788,5976.633937782787,True,6,0.127221,1139.3113146778269,1128.1955512084612,-0.024064159180722144,-19.511173887817616,-86.73400215147318,-0.02406415918072214,0.009977063499138237,0.013372924437963158,-878.3190091288108,-19.511173887817616,0.013372924437963158,11.105786405866684,-12.716107431502678
754ddbb95367babc,True,36.025,16.0,2.0,215.61262788333624,1078.0631394166505,1434251707165.0005,7218.391098156113,597.6633937782788,5976.633937782787,True,7,0.143221,1143.3952720411892,1130.0565863186305,-0.02887439896408137,-20.669267205550213,92.58946221263555,-0.028874398964081366,0.01713171904409327,0.020087688311879164,1053.9828109545865,-20.669267205550213,0.020087688311879164,13.321554003514606,1592.265495249343
754ddbb95367babc,True,36.025,16.0,2.0,215.61262788333624,1078.0631394166505,1434251707165.0005,7218.391098156113,597.6633937782788,5976.633937782787,True,8,0.159221,1147.233299802685,1131.9194935783898,-0.03368901026503589,-21.575312627093492,-86.73400215137131,-0.03368901026503588,0.02709952521185004,0.026736857992836156,-1229.6466127803374,-21.575312627093492,0.026736857992836156,15.286706699083084,-12.716107432241188
7564fc3fc1893ea7,True,36.025,16.0,2.0,219.9719391145372,1099.8596955728071,1743962013781.806,7218.391098156113,597.6633937782788,5976.633937782787,True,1,0.047221,1074.1321280124876,586.6811839488104,381.21637169697567,373.70138857873224,92.58946221250459,381.21637169697567,248.36070302962733,243.3938849170793,9.367795428261161e-11,373.70138857873224,243.3938849170793,239.09024103404985,-12.716107432171157
7564fc3fc1893ea7,True,36.025,16.0,2.0,219.9719391145372,1099.8596955728071,1743962013781.806,7218.391098156113,597.6633937782788,5976.633937782787,True,2,0.063221,1078.4127771635062,588.5440912085699,381.2115572399635,372.45746238090965,-86.73400215138587,381.2115572399635,248.3608209513939,243.3938937962744,-175.6638018256685,372.45746238090965,243.3938937962744,241.5078650035426,-12.716107431801902
7564fc3fc1893ea7,True,36.025,16.0,2.0,219.9719391145372,1099.8596955728071,1743962013781.806,7218.391098156113,597.6633937782788,5976.633937782787,True,3,0.079221,1083.8614942486674,590.4051263187395,381.20674689732095,370.94589530188864,92.5894622125155,381.20674689732095,248.36140901733805,243.39388480539125,351.327603651618,370.94589530188864,243.39388480539125,245.0949589125899,-12.716107432168428
7564fc3fc1893ea7,True,36.025,16.0,2.0,219.9719391145372,1099.8596955728071,1743962013781.806,7218.391098156113,597.6633937782788,5976.633937782787,True,4,0.095221,1090.7308564060745,592.268033578499,381.2019323888792,369.1569453739815,-86.73400215138587,381.2019323888792,248.36293582874885,243.39389390796234,-526.9914054771928,369.1569453739815,243.39389390796234,250.0998869988268,-12.7161074317969
7564fc3fc1893ea7,True,36.025,16.0,2.0,219.9719391145372,1099.8596955728071,1743962013781.806,7218.391098156113,597.6633937782788,5976.633937782787,True,5,0.111221,1099.2375850764483,594.1290686886686,381.19712209766607,367.10059968461087,92.5894622125155,381.19712209766607,248.36586998691536,243.39388469370326,702.6552073031422,367.10059968461087,243.39388469370326,256.7426464008645,-12.716107432172066
7564fc3fc1893ea7,True,36.025,16.0,2.0,219.9719391145372,1099.8596955728071,1743962013781.806,7218.391098156113,597.6633937782788,5976.633937782787,True,6,0.127221,1109.6389452245396,595.991975948428,381.1923075377947,364.76662602661935,-86.73400215138587,381.1923075377947,248.37068009312654,243.3938940196503,-878.3190091287172,364.76662602661935,243.3938940196503,265.27628918298507,-12.716107431796445
7564fc3fc1893ea7,True,36.025,16.0,2.0,219.9719391145372,1099.8596955728071,1743962013781.806,7218.391098156113,597.6633937782788,5976.633937782787,True,7,0.143221,1122.1469704644223,597.8530110585976,381.1874972980113,362.1655017268989,92.58946221251004,381.1874972980113,248.37783474867146,243.3938845820152,1053.982810954653,362.1655017268989,243.3938845820152,275.9161246571532,-12.716107431622731
7564fc3fc1893ea7,True,36.025,16.0,2.0,219.9719391145372,1099.8596955728071,1743962013781.806,7218.391098156113,597.6633937782788,5976.633937782787,True,8,0.159221,1137.0213606846557,599.7159183183571,381.18268268671034,359.28675286765554,-86.73400215129855,381.18268268671034,248.3878025548392,243.39389413133821,-1229.6466127802712,359.28675286765554,243.39389413133821,288.9176398114594,-12.716107432628633
75a5080b80b31025,True,36.025,16.0,2.0,339.9715566464229,1699.8577832323015,2537897794761.841,7218.391098156113,597.6633937782788,5976.633937782787,True,1,0.047221,979.5751742705409,5.170038849912753,0.0,59.56021914893904,92.58946221235361,0.0,0.0,0.0,0.0,59.56021914893904,0.0,974.4051354206281,-12.716107432089302
75a5080b80b31025,True,36.025,16.0,2.0,339.9715566464229,1699.8577832323015,2537897794761.841,7218.391098156113,597.6633937782788,5976.633937782787,True,2,0.063221,985.0392803852078,7.0329461096726,-0.004814457012098048,61.041163072706,-86.73400215153684,-0.004814457012098048,0.00011792176654171839,8.879195109121024e-06,-175.66380182576216,61.041163072706,8.879195109121024e-06,978.0062163537687,-12.716107431712771
75a5080b80b31025,True,36.025,16.0,2.0,339.9715566464229,1699.8577832323015,2537897794761.841,7218.391098156113,597.6633937782788,5976.633937782787,True,3,0.079221,991.8988506050994,8.893981219842077,-0.009624799654693192,59.25708247998071,92.58946221236452,-0.009624799654693192,0.0007059877106867148,-1.1168798930301266e-07,351.3276036515243,59.25708247998071,-1.1168798930301266e-07,983.0041633975466,-12.716107432077933
75a5080b80b31025,True,36.025,16.0,2.0,339.9715566464229,1699.8577832323015,2537897794761.841,7218.391098156113,597.6633937782788,5976.633937782787,True,4,0.095221,1004.4272363451612,10.756888479601924,-0.01443930809641002,61.82807386391658,-86.73400215153684,-0.01443930809641002,0.002232799121474673,8.990883096873062e-06,-526.9914054772864,61.82807386391658,8.990883096873062e-06,993.6681150664377,-12.716107431700038
75a5080b80b31025,True,36.025,16.0,2.0,339.9715566464229,1699.8577832323015,2537897794761.841,7218.391098156113,597.6633937782788,5976.633937782787,True,5,0.111221,1019.281482149428,12.617923589771403,-0.019249599309386373,58.954684467550734,92.58946221236452,-0.019249599309386373,0.005166957287945275,-2.2337597963739505e-07,702.6552073030485,58.954684467550734,-2.2337597963739505e-07,1006.6583916023687,-12.71610743205838
75a5080b80b31025,True,36.025,16.0,2.0,339.9715566464229,1699.8577832323015,2537897794761.841,7218.391098156113,597.6633937782788,5976.633937782787,True,6,0.127221,1042.6387661734605,14.480830849531248,-0.024064159180721998,62.61547478282286,-86.73400215153684,-0.024064159180721998,0.009977063499138206,9.102571083619256e-06,-878.3190091288109,62.61547478282286,9.102571083619256e-06,1028.14795826043,-12.716107431690034
75a5080b80b31025,True,36.025,16.0,2.0,339.9715566464229,1699.8577832323015,2537897794761.841,7218.391098156113,597.6633937782788,5976.633937782787,True,7,0.143221,1069.256597656136,16.341865959700723,-0.028874398964077622,58.65252816575741,92.58946221235907,-0.028874398964077622,0.017131719044093024,-3.350639713270811e-07,1053.9828109545592,58.65252816575741,-3.350639713270811e-07,1052.897599977391,-12.716107431152523
75a5080b80b31025,True,36.025,16.0,2.0,339.9715566464229,1699.8577832323015,2537897794761.841,7218.391098156113,597.6633937782788,5976.633937782787,True,8,0.159221,1107.2123361894155,18.2047732194606,-0.033689010265036366,63.40336594119866,-86.73400215144953,-0.033689010265036366,0.027099525211849825,9.214259053951288e-06,-1229.6466127803649,63.40336594119866,9.214259053951288e-06,1088.980463444743,-12.716107430065676
782b06a986f9fc2e,True,36.025,16.0,2.0,339.9715566464229,1699.8577832323015,2537897794761.841,5820.21601732172,597.6633937782788,5976.633937782787,True,1,0.047221,1119.5479334383626,1118.8847592088441,0.0,-10.426160434972052,92.5894622125628,0.0,0.0,0.0,0.0,-10.426160434972052,0.0,0.6631742295186049,-12.716107432290073
782b06a986f9fc2e,True,36.025,16.0,2.0,339.9715566464229,1699.8577832323015,2537897794761.841,5820.21601732172,597.6633937782788,5976.633937782787,True,2,0.063221,1125.0120395530291,1120.7476664686037,-0.004814457012098193,-8.94521651120511,-86.73400215132766,-0.004814457012098193,0.00011792176654171839,8.87919510926328e-06,-175.66380182576216,-8.94521651120511,8.87919510926328e-06,4.264255162658867,-12.716107431916498
782b06a986f9fc2e,True,36.025,16.0,2.0,339.9715566464229,1699.8577832323015,2537897794761.841,5820.21601732172,597.6633937782788,5976.633937782787,True,3,0.079221,1131.8716097729207,1122.6087015787734,-0.00962479965469319,-10.729297103930335,92.58946221257371,-0.00962479965469319,0.0007059877106867148,-1.1168798930480712e-07,351.3276036515243,-10.729297103930335,-1.1168798930480712e-07,9.262202206436609,-12.71610743228166
782b06a986f9fc2e,True,36.025,16.0,2.0,339.9715566464229,1699.8577832323015,2537897794761.841,5820.21601732172,597.6633937782788,5976.633937782787,True,4,0.095221,1144.3999955129818,1124.471608838533,-0.014439308096410168,-8.15830571999445,-86.73400215132766,-0.014439308096410168,0.002232799121474673,8.990883097017095e-06,-526.9914054772864,-8.15830571999445,8.990883097017095e-06,19.92615387532739,-12.716107431903765
782b06a986f9fc2e,True,36.025,16.0,2.0,339.9715566464229,1699.8577832323015,2537897794761.841,5820.21601732172,597.6633937782788,5976.633937782787,True,5,0.111221,1159.2542413172487,1126.3326439487028,-0.019249599309386366,-11.03169511636022,92.58946221257371,-0.019249599309386366,0.005166957287945275,-2.2337597964099748e-07,702.6552073030485,-11.03169511636022,-2.2337597964099748e-07,32.91643041125807,-12.716107432262106
782b06a986f9fc2e,True,36.025,16.0,2.0,339.9715566464229,1699.8577832323015,2537897794761.841,5820.21601732172,597.6633937782788,5976.633937782787,True,6,0.127221,1182.6115253412806,1128.1955512084623,-0.02406415918072214,-7.370904801088082,-86.73400215132766,-0.02406415918072214,0.009977063499138206,9.102571083765066e-06,-878.3190091288109,-7.370904801088082,9.102571083765066e-06,54.40599706931918,-12.71610743189376
782b06a986f9fc2e,True,36.025,16.0,2.0,339.9715566464229,1699.8577832323015,2537897794761.841,5820.21601732172,597.6633937782788,5976.633937782787,True,7,0.143221,1209.2293568239566,1130.056586318632,-0.028874398964077612,-11.333851418153438,92.58946221256825,-0.028874398964077612,0.017131719044093024,-3.350639713324696e-07,1053.9828109545592,-11.333851418153438,-3.350639713324696e-07,79.15563878628033,-12.71610743135625
782b06a986f9fc2e,True,36.025,16.0,2.0,339.9715566464229,1699.8577832323015,2537897794761.841,5820.21601732172,597.6633937782788,5976.633937782787,True,8,0.159221,1247.185095357236,1131.9194935783917,-0.03368901026503652,-6.583013642712148,-86.73400215124035,-0.03368901026503652,0.027099525211849825,9.21425905409889e-06,-1229.6466127803649,-6.583013642712148,9.21425905409889e-06,115.23850225363222,-12.716107430269403
790db2d2c7545ded,True,36.025,16.0,2.0,219.9719391145983,1099.8596955728071,2222018179456.9,10718.217085140896,597.6633937782788,5976.633937782787,True,1,0.047221,1074.1321280124876,586.6811839488104,381.21637169697567,373.70138857873224,92.58946221250459,381.21637169697567,248.36070302962733,243.3938849170793,9.367795428261161e-11,373.70138857873224,243.3938849170793,239.09024103404985,-12.716107432171157
790db2d2c7545ded,True,36.025,16.0,2.0,219.9719391145983,1099.8596955728071,2222018179456.9,10718.217085140896,597.6633937782788,5976.633937782787,True,2,0.063221,1078.4127771635062,588.5440912085699,381.2115572399635,372.45746238090965,-86.73400215138587,381.2115572399635,248.3608209513939,243.3938937962744,-175.6638018256685,372.45746238090965,243.3938937962744,241.5078650035426,-12.716107431801902
790db2d2c7545ded,True,36.025,16.0,2.0,219.9719391145983,1099.8596955728071,2222018179456.9,10718.217085140896,597.6633937782788,5976.633937782787,True,3,0.079221,1083.36398618068,590.4051263187395,381.20674689732095,371.0547019737233,92.5894622125155,381.20674689732095,248.36140901733805,243.39388480539125,351.327603651618,371.0547019737233,243.39388480539125,244.5974508446026,-12.716107432175704
790db2d2c7545ded,True,36.025,16.0,2.0,219.9719391145983,1099.8596955728071,2222018179456.9,10718.217085140896,597.6633937782788,5976.633937782787,True,4,0.095221,1089.0857019716514,592.268033578499,381.2019323888792,369.4837118320834,-86.73400215138587,381.2019323888792,248.36293582874885,243.39389390796234,-526.9914054771928,369.4837118320834,243.39389390796234,248.45473256440366,-12.71610743180372
790db2d2c7545ded,True,36.025,16.0,2.0,219.9719391145983,1099.8596955728071,2222018179456.9,10718.217085140896,597.6633937782788,5976.633937782787,True,5,0.111221,1095.6471424948454,594.1290686886686,381.19712209766607,367.75403457527534,92.5894622125155,381.19712209766607,248.36586998691536,243.39388469370326,702.6552073031422,367.75403457527534,243.39388469370326,253.15220381926144,-12.716107432165245
790db2d2c7545ded,True,36.025,16.0,2.0,219.9719391145983,1099.8596955728071,2222018179456.9,10718.217085140896,597.6633937782788,5976.633937782787,True,6,0.127221,1103.1493298968785,595.991975948428,381.1923075377947,365.85622901865094,-86.73400215138587,381.1923075377947,248.37068009312654,243.3938940196503,-878.3190091287172,365.85622901865094,243.3938940196503,258.7866738553238,-12.716107431794626
790db2d2c7545ded,True,36.025,16.0,2.0,219.9719391145983,1099.8596955728071,2222018179456.9,10718.217085140896,597.6633937782788,5976.633937782787,True,7,0.143221,1111.6602790646307,597.8530110585976,381.1874972980113,363.79988332928025,92.58946221251004,381.1874972980113,248.37783474867146,243.3938845820152,1053.982810954653,363.79988332928025,243.3938845820152,265.4294332573615,-12.716107431765522
790db2d2c7545ded,True,36.025,16.0,2.0,219.9719391145983,1099.8596955728071,2222018179456.9,10718.217085140896,597.6633937782788,5976.633937782787,True,8,0.159221,1121.2850459968445,599.7159183183571,381.18268268671034,361.5750138288385,-86.73400215129855,381.18268268671034,248.3878025548392,243.39389413133821,-1229.6466127802712,361.5750138288385,243.39389413133821,273.18132512364804,-12.71610743257861
790db2d2c7545ded,True,36.025,16.0,2.0,219.9719391145983,1099.8596955728071,2222018179456.9,10718.217085140896,597.6633937782788,5976.633937782787,True,9,0.175221,1132.087739560845,601.5769534285267,381.1778724983566,359.19175128984625,92.58946221241364,381.1778724983566,248.4010521129188,243.39388447032718,1405.31041460618,359.19175128984625,243.39388447032718,282.1097340193994,-12.71610743171641
790db2d2c7545ded,True,36.025,16.0,2.0,219.9719391145983,1099.8596955728071,2222018179456.9,10718.217085140896,597.6633937782788,5976.633937782787,True,10,0.191221,1144.1759712718656,603.4398606882862,381.1730578356261,356.63981784558734,-86.73400215119487,381.1730578356261,248.41805202419923,243.39389424302624,-1580.9742164317984,356.63981784558734,243.39389424302624,292.3180585593801,-12.716107433359866
790db2d2c7545ded,True,36.025,16.0,2.0,219.9719391145983,1099.8596955728071,2222018179456.9,10718.217085140896,597.6633937782788,5976.633937782787,True,11,0.207221,1157.6112944807403,605.3008957984558,381.168247698702,353.92963845697335,92.58946221231723,381.168247698702,248.4392708899696,243.39388435863924,1756.6380182577072,353.92963845697335,243.39388435863924,303.8711277923149,-12.716107431667297
790db2d2c7545ded,True,36.025,16.0,2.0,219.9719391145983,1099.8596955728071,2222018179456.9,10718.217085140896,597.6633937782788,5976.633937782787,True,12,0.223221,1172.5016233163558,607.1638030582153,381.1634329845419,351.0508895977298,-86.73400215109301,381.1634329845419,248.465177311519,243.39389435471426,-1932.3018200833255,351.0508895977298,243.39389435471426,316.8726429466214,-12.71610743416204
7a1ebf6345b3046e,True,36.025,16.0,2.0,339.9715566464229,1699.8577832323015,1874919978024.0603,7218.391098156113,597.6633937782788,5976.633937782787,True,1,0.047221,5.831539371746506,5.170038849912753,0.0,-0.48660369726422303,92.58946221235361,0.0,0.0,0.0,0.0,-0.48660369726422303,0.0,0.6615005218337525,-12.716107432290775
7a1ebf6345b3046e,True,36.025,16.0,2.0,339.9715566464229,1699.8577832323015,1874919978024.0603,7218.391098156113,597.6633937782788,5976.633937782787,True,2,0.063221,11.295645486413157,7.0329461096726,-0.004814457012098048,0.9943402265026963,-86.73400215153684,-0.004814457012098048,0.00011792176654171839,8.87919510926328e-06,-175.66380182576216,0.9943402265026963,8.87919510926328e-06,4.262581454974015,-12.716107431916498
7a1ebf6345b3046e,True,36.025,16.0,2.0,339.9715566464229,1699.8577832323015,1874919978024.0603,7218.391098156113,597.6633937782788,5976.633937782787,True,3,0.079221,18.15521570630452,8.893981219842077,-0.009624799654693192,-0.789740366222558,92.58946221236452,-0.009624799654693192,0.0007059877106867148,-1.1168798930480712e-07,351.3276036515243,-0.789740366222558,-1.1168798930480712e-07,9.260528498751757,-12.71610743228166
7a1ebf6345b3046e,True,36.025,16.0,2.0,339.9715566464229,1699.8577832323015,1874919978024.0603,7218.391098156113,597.6633937782788,5976.633937782787,True,4,0.095221,30.683601446365937,10.756888479601924,-0.01443930809641002,1.7812510177132828,-86.73400215153684,-0.01443930809641002,0.002232799121474673,8.990883097017095e-06,-526.9914054772864,1.7812510177132828,8.990883097017095e-06,19.92448016764254,-12.716107431903765
7a1ebf6345b3046e,True,36.025,16.0,2.0,339.9715566464229,1699.8577832323015,1874919978024.0603,7218.391098156113,597.6633937782788,5976.633937782787,True,5,0.111221,45.537847250632566,12.617923589771403,-0.019249599309386373,-1.0921383786525345,92.58946221236452,-0.019249599309386373,0.005166957287945275,-2.2337597964099748e-07,702.6552073030485,-1.0921383786525345,-2.2337597964099748e-07,32.91475670357322,-12.716107432262106
7a1ebf6345b3046e,True,36.025,16.0,2.0,339.9715566464229,1699.8577832323015,1874919978024.0603,7218.391098156113,597.6633937782788,5976.633937782787,True,6,0.127221,68.89513127466472,14.480830849531248,-0.024064159180721998,2.5686519366195415,-86.73400215153684,-0.024064159180721998,0.009977063499138206,9.102571083765066e-06,-878.3190091288109,2.5686519366195415,9.102571083765066e-06,54.40432336163433,-12.71610743189376
7a1ebf6345b3046e,True,36.025,16.0,2.0,339.9715566464229,1699.8577832323015,1874919978024.0603,7218.391098156113,597.6633937782788,5976.633937782787,True,7,0.143221,95.5129627573403,16.341865959700723,-0.028874398964077622,-1.3942946804458758,92.58946221235907,-0.028874398964077622,0.017131719044093024,-3.350639713324696e-07,1053.9828109545592,-1.3942946804458758,-3.350639713324696e-07,79.15396507859549,-12.71610743135625
7a1ebf6345b3046e,True,36.025,16.0,2.0,339.9715566464229,1699.8577832323015,1874919978024.0603,7218.391098156113,597.6633937782788,5976.633937782787,True,8,0.159221,133.46870129061983,18.2047732194606,-0.033689010265036366,3.35654309499534,-86.73400215144953,-0.033689010265036366,0.027099525211849825,9.21425905409889e-06,-1229.6466127803649,3.35654309499534,9.21425905409889e-06,115.23682854594738,-12.716107430269403
7aeb7ef291cd123f,True,36.025,16.0,2.0,339.97155664642287,1699.8577832321246,2537897794761.841,7218.391098156113,597.6633937782788,5976.633937782787,True,1,0.047221,1119.6635523327102,1118.8847592088446,0.0,-14.476850987722745,92.58946221253187,0.0,0.0,0.0,0.0,-14.476850987722745,0.0,0.7787931238656026,1592.2654952490716
7aeb7ef291cd123f,True,36.025,16.0,2.0,339.97155664642287,1699.8577832321246,2537897794761.841,7218.391098156113,597.6633937782788,5976.633937782787,True,2,0.063221,1153.0591925021108,1120.747666468604,-0.004814457012098198,-18.861717625091824,-86.73400215127491,-0.004814457012098198,0.00011792176654171804,8.879195109502672e-06,-175.66380182576222,-18.861717625091824,8.879195109502672e-06,32.311408111740434,-12.716107432259378
7aeb7ef291cd123f,True,36.025,16.0,2.0,339.97155664642287,1699.8577832321246,2537897794761.841,7218.391098156113,597.6633937782788,5976.633937782787,True,3,0.079221,1180.1879295457045,1122.6087015787732,-0.009624799654693181,-22.95228897838081,92.58946221257735,-0.00962479965469318,0.0007059877106867146,0.0022412888150007935,351.3276036515242,-22.95228897838081,0.0022412888150007935,57.57852197922062,1592.2654952488692
7aeb7ef291cd123f,True,36.025,16.0,2.0,339.97155664642287,1699.8577832321246,2537897794761.841,7218.391098156113,597.6633937782788,5976.633937782787,True,4,0.095221,1200.0704352042826,1124.4716088385326,-0.014439308096410173,-26.24710815558094,-86.73400215137495,-0.014439308096410171,0.0022327991214746764,0.004463598172058048,-526.9914054772864,-26.24710815558094,0.004463598172058048,75.59659356662856,-12.716107431907403
7aeb7ef291cd123f,True,36.025,16.0,2.0,339.97155664642287,1699.8577832321246,2537897794761.841,7218.391098156113,597.6633937782788,5976.633937782787,True,5,0.111221,1215.305305367654,1126.3326439487018,-0.019249599309386377,-29.248122288170407,92.58946221267739,-0.019249599309386373,0.005166957287945289,0.00893718491895965,702.6552073030487,-29.248122288170407,0.00893718491895965,88.9674944616643,1592.2654952485
7aeb7ef291cd123f,True,36.025,16.0,2.0,339.97155664642287,1699.8577832321246,2537897794761.841,7218.391098156113,597.6633937782788,5976.633937782787,True,6,0.127221,1225.4439867868755,1128.1955512084612,-0.024064159180722144,-31.453142534034292,-86.73400215147318,-0.02406415918072214,0.009977063499138237,0.013372924437962468,-878.3190091288108,-31.453142534034292,0.013372924437962468,97.23845851491528,-12.716107431529053
7aeb7ef291cd123f,True,36.025,16.0,2.0,339.97155664642287,1699.8577832321246,2537897794761.841,7218.391098156113,597.6633937782788,5976.633937782787,True,7,0.143221,1232.5539313651054,1130.0565863186305,-0.02887439896408137,-33.36484786298331,92.58946221263555,-0.028874398964081366,0.01713171904409327,0.02008768831187871,1053.9828109545865,-33.36484786298331,0.02008768831187871,102.48021332743083,1592.2654952491885
7aeb7ef291cd123f,True,36.025,16.0,2.0,339.97155664642287,1699.8577832321246,2537897794761.841,7218.391098156113,597.6633937782788,5976.633937782787,True,8,0.159221,1236.713653157356,1131.9194935783898,-0.03368901026503589,-34.47982064867825,-86.73400215137131,-0.03368901026503588,0.02709952521185004,0.02673685799283455,-1229.6466127803374,-34.47982064867825,0.02673685799283455,104.76706005375424,-12.716107432127501
7b0b85eaf6f8f7f4,True,36.025,16.0,2.0,299.97168413581517,1499.8584206790324,1325120987320.0898,5468.478104663722,597.6633937782788,5976.633937782787,True,1,0.047221,5.843380396970075,5.1802061674514706,0.0,-0.4925242098760083,92.58946221235361,0.0,0.0,0.0,0.0,-0.4925242098760083,0.0,0.6631742295186049,-12.716107432290073
7b0b85eaf6f8f7f4,True,36.025,16.0,2.0,299.97168413581517,1499.8584206790324,1325120987320.0898,5468.478104663722,597.6633937782788,5976.633937782787,True,2,0.063221,11.307486511636725,7.043113427211317,-0.004814457012098048,0.9884197138909111,-86.73400215153684,-0.004814457012098048,0.00011792176654171839,8.87919510926328e-06,-175.66380182576216,0.9884197138909111,8.87919510926328e-06,4.264255162658867,-12.716107431916498
7b0b85eaf6f8f7f4,True,36.025,16.0,2.0,299.97168413581517,1499.8584206790324,1325120987320.0898,5468.478104663722,597.6633937782788,5976.633937782787,True,3,0.079221,28.74743181318861,8.904148537380793,-0.009624799654693192,-2.1574831961792813,92.58946221236452,-0.009624799654693192,0.0007059877106867148,-1.1168798929327038e-07,351.3276036515243,-2.1574831961792813,-1.1168798929327038e-07,19.84257728809713,-12.71610743227393
7b0b85eaf6f8f7f4,True,36.025,16.0,2.0,299.97168413581517,1499.8584206790324,1325120987320.0898,5468.478104663722,597.6633937782788,5976.633937782787,True,4,0.095221,58.92737565749531,10.76705579714064,-0.01443930809641002,2.0483308491772525,-86.73400215153684,-0.01443930809641002,0.002232799121474673,8.990883097087044e-06,-526.9914054772864,2.0483308491772525,8.990883097087044e-06,48.158087061233196,-12.716107431927412
7b0b85eaf6f8f7f4,True,36.025,16.0,2.0,299.97168413581517,1499.8584206790324,1325120987320.0898,5468.478104663722,597.6633937782788,5976.633937782787,True,5,0.111221,73.78162146176192,12.628090907310119,-0.019249599309386373,-0.8250585471885612,92.58946221236452,-0.019249599309386373,0.005166957287945275,-2.2337597956277044e-07,702.6552073030485,-0.8250585471885612,-2.2337597956277044e-07,61.14836359716386,-12.716107432276658
7b0b85eaf6f8f7f4,True,36.025,16.0,2.0,299.97168413581517,1499.8584206790324,1325120987320.0898,5468.478104663722,597.6633937782788,5976.633937782787,True,6,0.127221,91.25437294985898,14.490998167069964,-0.024064159180721998,2.290708037999053,-86.73400215153684,-0.024064159180721998,0.009977063499138206,9.102571083820206e-06,-878.3190091288109,2.290708037999053,9.102571083820206e-06,76.75339771928988,-12.716107431898308
7bc4cedd2f6a7810,True,36.025,16.0,2.0,339.97155664647005,1699.8577832323015,2537897794761.841,7218.391098156113,597.6633937782788,5976.633937782787,True,1,0.047221,1119.6635523327102,1118.8847592088446,0.0,-14.476850987722745,92.58946221253187,0.0,0.0,0.0,0.0,-14.476850987722745,0.0,0.7787931238656026,1592.2654952490716
7bc4cedd2f6a7810,True,36.025,16.0,2.0,339.97155664647005,1699.8577832323015,2537897794761.841,7218.391098156113,597.6633937782788,5976.633937782787,True,2,0.063221,1123.8134242405595,1120.747666468604,-0.004814457012098198,-15.591823773417698,-86.73400215127491,-0.004814457012098198,0.00011792176654171804,8.879195109495686e-06,-175.66380182576222,-15.591823773417698,8.879195109495686e-06,3.065639850189,-12.716107432249373
7bc4cedd2f6a7810,True,36.025,16.0,2.0,339.97155664647005,1699.8577832323015,2537897794761.841,7218.391098156113,597.6633937782788,5976.633937782787,True,3,0.079221,1130.9168022291883,1122.6087015787732,-0.009624799654693181,-17.503529102366635,92.58946221257735,-0.00962479965469318,0.0007059877106867146,0.0022412888150008343,351.3276036515242,-17.503529102366635,0.0022412888150008343,8.307394662704409,1592.2654952489006
7bc4cedd2f6a7810,True,36.025,16.0,2.0,339.97155664647005,1699.8577832323015,2537897794761.841,7218.391098156113,597.6633937782788,5976.633937782787,True,4,0.095221,1141.0522003536094,1124.4716088385326,-0.014439308096410173,-19.70854934823051,-86.73400215137495,-0.014439308096410171,0.0022327991214746764,0.004463598172058041,-526.9914054772864,-19.70854934823051,0.004463598172058041,16.57835871595535,-12.716107431867385
7bc4cedd2f6a7810,True,36.025,16.0,2.0,339.97155664647005,1699.8577832323015,2537897794761.841,7218.391098156113,597.6633937782788,5976.633937782787,True,5,0.111221,1156.2870705169807,1126.3326439487018,-0.019249599309386377,-22.709563480819984,92.58946221267739,-0.019249599309386373,0.005166957287945289,0.00893718491895968,702.6552073030487,-22.709563480819984,0.00893718491895968,29.94925961099106,1592.2654952485436
7bc4cedd2f6a7810,True,36.025,16.0,2.0,339.97155664647005,1699.8577832323015,2537897794761.841,7218.391098156113,597.6633937782788,5976.633937782787,True,6,0.127221,1176.172859470359,1128.1955512084612,-0.024064159180722144,-26.004382658020113,-86.73400215147318,-0.02406415918072214,0.009977063499138237,0.013372924437962487,-878.3190091288108,-26.004382658020113,0.013372924437962487,47.967331198398924,-12.716107431492674
7bc4cedd2f6a7810,True,36.025,16.0,2.0,339.97155664647005,1699.8577832323015,2537897794761.841,7218.391098156113,597.6633937782788,5976.633937782787,True,7,0.143221,1203.308163103554,1130.0565863186305,-0.02887439896408137,-30.09495401130924,92.58946221263555,-0.028874398964081366,0.01713171904409327,0.020087688311883546,1053.9828109545865,-30.09495401130924,0.020087688311883546,73.23444506587954,1592.2654952498187
7bc4cedd2f6a7810,True,36.025,16.0,2.0,339.97155664647005,1699.8577832323015,2537897794761.841,7218.391098156113,597.6633937782788,5976.633937782787,True,8,0.159221,1236.713653157356,1131.9194935783898,-0.03368901026503589,-34.47982064867827,-86.73400215137131,-0.03368901026503588,0.02709952521185004,0.02673685799284383,-1229.6466127803374,-34.47982064867827,0.02673685799284383,104.76706005375411,-12.716107432372155
7e5ff0f1d1c5da8b,True,36.025,16.0,2.0,339.97155664644646,1699.8577832321837,1874919978024.0605,7218.391098156113,597.6633937782788,5976.633937782787,True,1,0.047221,5.946529859467509,5.170038849912754,0.0,-0.8230968870684829,92.58946221232996,0.0,0.0,0.0,0.0,-0.8230968870684829,0.0,0.7764910095547548,1592.2654952490707
7e5ff0f1d1c5da8b,True,36.025,16.0,2.0,339.97155664644646,1699.8577832321837,1874919978024.0605,7218.391098156113,597.6633937782788,5976.633937782787,True,2,0.063221,11.609582371917675,7.032946109672605,-0.004814457012098056,0.786800448826197,-86.73400215147682,-0.004814457012098056,0.00011792176654171804,8.879195109494414e-06,-175.66380182576222,0.786800448826197,8.879195109494414e-06,4.576518340478527,-12.716107432247554
7e5ff0f1d1c5da8b,True,36.025,16.0,2.0,339.97155664644646,1699.8577832321837,1874919978024.0605,7218.391098156113,597.6633937782788,5976.633937782787,True,3,0.079221,46.09854177044352,8.893981219842077,-0.00962479965469318,-3.848549514812633,92.58946221237544,-0.00962479965469318,0.0007059877106867146,0.0022412888150007706,351.3276036515242,-3.848549514812633,0.0022412888150007706,37.203854562890754,1592.2654952488665
7e5ff0f1d1c5da8b,True,36.025,16.0,2.0,339.97155664644646,1699.8577832321837,1874919978024.0605,7218.391098156113,597.6633937782788,5976.633937782787,True,4,0.095221,54.88968399369348,10.756888479601926,-0.014439308096410027,-1.6936284488334832,-86.73400215157686,-0.014439308096410027,0.0022327991214746764,0.0044635981720579625,-526.9914054772864,-1.6936284488334832,0.0044635981720579625,44.13056271497008,-12.716107431903765
7e5ff0f1d1c5da8b,True,36.025,16.0,2.0,339.97155664644646,1699.8577832321837,1874919978024.0605,7218.391098156113,597.6633937782788,5976.633937782787,True,5,0.111221,82.02076712950957,12.617923589771399,-0.01924959930938638,-5.784199802122539,92.58946221247366,-0.01924959930938638,0.005166957287945289,0.008937184918959467,702.6552073030487,-5.784199802122539,0.008937184918959467,69.39767658245022,1592.2654952484672
7e5ff0f1d1c5da8b,True,36.025,16.0,2.0,339.97155664644646,1699.8577832321837,1874919978024.0605,7218.391098156113,597.6633937782788,5976.633937782787,True,6,0.127221,94.8832840478554,14.48083084953125,-0.024064159180721998,-3.0842550060589313,-86.7340021516769,-0.024064159180721998,0.009977063499138237,0.013372924437962258,-878.3190091288108,-3.0842550060589313,0.013372924437962258,80.39247613482502,-12.716107431545424
7e5ff0f1d1c5da8b,True,36.025,16.0,2.0,339.97155664644646,1699.8577832321837,1874919978024.0605,7218.391098156113,597.6633937782788,5976.633937782787,True,7,0.143221,115.5997759052582,16.34186595970073,-0.02887439896408137,-6.630047748998331,92.58946221243183,-0.02887439896408137,0.01713171904409327,0.020087688311882047,1053.9828109545865,-6.630047748998331,0.020087688311882047,99.24077822651337,1592.2654952496105
7e5ff0f1d1c5da8b,True,36.025,16.0,2.0,339.97155664644646,1699.8577832321837,1874919978024.0605,7218.391098156113,597.6633937782788,5976.633937782787,True,8,0.159221,133.47445364634842,18.204773219460595,-0.03368901026503573,-3.385327751682774,-86.73400215157504,-0.03368901026503573,0.02709952521185004,0.0267368579928309,-1229.6466127803374,-3.385327751682774,0.0267368579928309,115.24258090167598,-12.716107430514967
812ca3ee83497824,True,36.025,16.0,2.0,215.61262788333624,1078.0631394166505,1434251707165.0005,7218.391098156113,597.6633937782788,5976.633937782787,True,1,0.047221,1119.6635523327102,1118.8847592088446,0.0,-14.476850987722745,92.58946221253187,0.0,0.0,0.0,0.0,-14.476850987722745,0.0,0.7787931238656026,1592.2654952490716
812ca3ee83497824,True,36.025,16.0,2.0,215.61262788333624,1078.0631394166505,1434251707165.0005,7218.391098156113,597.6633937782788,5976.633937782787,True,2,0.063221,1123.4917302098047,1120.747666468604,-0.004814457012098198,-15.382896409266044,-86.73400215127491,-0.004814457012098198,0.00011792176654171804,8.87919510949632e-06,-175.66380182576222,-15.382896409266044,8.87919510949632e-06,2.743945819434099,-12.716107432250283
812ca3ee83497824,True,36.025,16.0,2.0,215.61262788333624,1078.0631394166505,1434251707165.0005,7218.391098156113,597.6633937782788,5976.633937782787,True,3,0.079221,1127.5691209835659,1122.6087015787732,-0.009624799654693181,-16.54098972699855,92.58946221257735,-0.00962479965469318,0.0007059877106867146,0.0022412888150009536,351.3276036515242,-16.54098972699855,0.0022412888150009536,4.959713417081932,1592.265495248982
812ca3ee83497824,True,36.025,16.0,2.0,215.61262788333624,1078.0631394166505,1434251707165.0005,7218.391098156113,597.6633937782788,5976.633937782787,True,4,0.095221,1131.3987077503043,1124.4716088385326,-0.014439308096410173,-17.447035148541826,-86.73400215137495,-0.014439308096410171,0.0022327991214746764,0.004463598172058276,-526.9914054772864,-17.447035148541826,0.004463598172058276,6.9248661126504025,-12.71610743187648
812ca3ee83497824,True,36.025,16.0,2.0,215.61262788333624,1078.0631394166505,1434251707165.0005,7218.391098156113,597.6633937782788,5976.633937782787,True,5,0.111221,1135.478444616288,1126.3326439487018,-0.019249599309386377,-18.605128466274333,92.58946221267739,-0.019249599309386373,0.005166957287945289,0.008937184918960124,702.6552073030487,-18.605128466274333,0.008937184918960124,9.140633710298223,1592.2654952486118
812ca3ee83497824,True,36.025,16.0,2.0,215.61262788333624,1078.0631394166505,1434251707165.0005,7218.391098156113,597.6633937782788,5976.633937782787,True,6,0.127221,1139.3113146778269,1128.1955512084612,-0.024064159180722144,-19.511173887817616,-86.73400215147318,-0.02406415918072214,0.009977063499138237,0.013372924437963158,-878.3190091288108,-19.511173887817616,0.013372924437963158,11.105786405866684,-12.716107431502678
812ca3ee83497824,True,36.025,16.0,2.0,215.61262788333624,1078.0631394166505,1434251707165.0005,7218.391098156113,597.6633937782788,5976.633937782787,True,7,0.143221,1143.3952720411892,1130.0565863186305,-0.02887439896408137,-20.669267205550213,92.58946221263555,-0.028874398964081366,0.01713171904409327,0.020087688311879164,1053.9828109545865,-20.669267205550213,0.020087688311879164,13.321554003514606,1592.265495249343
812ca3ee83497824,True,36.025,16.0,2.0,215.61262788333624,1078.0631394166505,1434251707165.0005,7218.391098156113,597.6633937782788,5976.633937782787,True,8,0.159221,1147.233299802685,1131.9194935783898,-0.03368901026503589,-21.575312627093492,-86.73400215137131,-0.03368901026503588,0.02709952521185004,0.026736857992836156,-1229.6466127803374,-21.575312627093492,0.026736857992836156,15.286706699083084,-12.716107432241188
815887437e9e0e8b,True,36.025,16.0,2.0,339.9715566464229,1699.8577832323015,1874919978024.0603,7218.391098156113,597.6633937782788,5976.633937782787,True,1,0.047221,5.843380396970075,5.1802061674514706,0.0,-0.4925242098760083,92.58946221235361,0.0,0.0,0.0,0.0,-0.4925242098760083,0.0,0.6631742295186049,-12.716107432290073
815887437e9e0e8b,True,36.025,16.0,2.0,339.9715566464229,1699.8577832323015,1874919978024.0603,7218.391098156113,597.6633937782788,5976.633937782787,True,2,0.063221,10.124029547989327,7.043113427211317,-0.004814457012098048,-1.7364504076987044,-86.73400215153684,-0.004814457012098048,0.00011792176654171839,8.879195109264549e-06,-175.66380182576216,-1.7364504076987044,8.879195109264549e-06,3.080798199011468,-12.716107431918317
815887437e9e0e8b,True,36.025,16.0,2.0,339.9715566464229,1699.8577832323015,1874919978024.0603,7218.391098156113,597.6633937782788,5976.633937782787,True,3,0.079221,16.98359976788069,8.904148537380793,-0.009624799654693192,-3.5205310004239587,92.58946221236452,-0.009624799654693192,0.0007059877106867148,-1.116879893124435e-07,351.3276036515243,-3.5205310004239587,-1.116879893124435e-07,8.078745242789209,-12.716107432288936
815887437e9e0e8b,True,36.025,16.0,2.0,339.9715566464229,1699.8577832323015,1874919978024.0603,7218.391098156113,597.6633937782788,5976.633937782787,True,4,0.095221,27.38167662117223,10.76705579714064,-0.01443930809641002,-5.854504658415576,-86.73400215153684,-0.01443930809641002,0.002232799121474673,8.990883097023827e-06,-526.9914054772864,-5.854504658415576,8.990883097023827e-06,16.612388024910114,-12.71610743191286
815887437e9e0e8b,True,36.025,16.0,2.0,339.9715566464229,1699.8577832323015,1874919978024.0603,7218.391098156113,597.6633937782788,5976.633937782787,True,5,0.111221,42.23592242543886,12.628090907310119,-0.019249599309386373,-8.727894054781391,92.58946221236452,-0.019249599309386373,0.005166957287945275,-2.233759796154442e-07,702.6552073030485,-8.727894054781391,-2.233759796154442e-07,29.602664560840793,-12.716107432262106
815887437e9e0e8b,True,36.025,16.0,2.0,339.9715566464229,1699.8577832323015,1874919978024.0603,7218.391098156113,597.6633937782788,5976.633937782787,True,6,0.127221,62.51626152009004,14.490998167069964,-0.024064159180721998,-12.15166664410924,-86.73400215153684,-0.024064159180721998,0.009977063499138206,9.102571083806096e-06,-878.3190091288109,-12.15166664410924,9.102571083806096e-06,48.01528628952094,-12.71610743189376
815887437e9e0e8b,True,36.025,16.0,2.0,339.9715566464229,1699.8577832323015,1874919978024.0603,7218.391098156113,597.6633937782788,5976.633937782787,True,7,0.143221,89.13409300276562,16.35203327723944,-0.028874398964077622,-16.114613261174654,92.58946221235907,-0.028874398964077622,0.017131719044093024,-3.350639712914393e-07,1053.9828109545592,-16.114613261174654,-3.350639712914393e-07,72.7649280064821,-12.71610743135625
815887437e9e0e8b,True,36.025,16.0,2.0,339.9715566464229,1699.8577832323015,1874919978024.0603,7218.391098156113,597.6633937782788,5976.633937782787,True,8,0.159221,123.0660346835407,18.214940536999315,-0.033689010265036366,-20.62843331067143,-86.73400215144953,-0.033689010265036366,0.027099525211849825,9.2142590878106e-06,-1229.6466127803649,-20.62843331067143,9.2142590878106e-06,104.82399462132955,-12.716107432819626
817d04f3f17dfe0b,True,36.025,16.0,2.0,215.61262788333624,1078.0631394166505,1249520666054.122,7218.391098156113,597.6633937782788,5976.633937782787,True,1,0.047221,1119.6635523327102,1118.8847592088446,0.0,-14.476850987722745,92.58946221253187,0.0,0.0,0.0,0.0,-14.476850987722745,0.0,0.7787931238656026,1592.2654952490716
817d04f3f17dfe0b,True,36.025,16.0,2.0,215.61262788333624,1078.0631394166505,1249520666054.122,7218.391098156113,597.6633937782788,5976.633937782787,True,2,0.063221,1123.8134242405595,1120.747666468604,-0.004814457012098198,-15.591823773417698,-86.73400215127491,-0.004814457012098198,0.00011792176654171804,8.879195109495686e-06,-175.66380182576222,-15.591823773417698,8.879195109495686e-06,3.065639850189,-12.716107432249373
817d04f3f17dfe0b,True,36.025,16.0,2.0,215.61262788333624,1078.0631394166505,1249520666054.122,7218.391098156113,597.6633937782788,5976.633937782787,True,3,0.079221,1128.2632034901658,1122.6087015787732,-0.009624799654693181,-16.95875049201687,92.58946221257735,-0.00962479965469318,0.0007059877106867146,0.002241288815000817,351.3276036515242,-16.95875049201687,0.002241288815000817,5.653795923681895,1592.2654952488856
817d04f3f17dfe0b,True,36.025,16.0,2.0,215.61262788333624,1078.0631394166505,1249520666054.122,7218.391098156113,597.6633937782788,5976.633937782787,True,4,0.095221,1132.4144842876592,1124.4716088385326,-0.014439308096410173,-18.07372327771181,-86.73400215137495,-0.014439308096410171,0.0022327991214746764,0.00446359817205801,-526.9914054772864,-18.07372327771181,0.00446359817205801,7.940642650005274,-12.716107431876935
817d04f3f17dfe0b,True,36.025,16.0,2.0,215.61262788333624,1078.0631394166505,1249520666054.122,7218.391098156113,597.6633937782788,5976.633937782787,True,5,0.111221,1136.8666096294878,1126.3326439487018,-0.019249599309386377,-19.440649996310967,92.58946221267739,-0.019249599309386373,0.005166957287945289,0.008937184918959588,702.6552073030487,-19.440649996310967,0.008937184918959588,10.528798723498152,1592.265495248515
817d04f3f17dfe0b,True,36.025,16.0,2.0,215.61262788333624,1078.0631394166505,1249520666054.122,7218.391098156113,597.6633937782788,5976.633937782787,True,6,0.127221,1141.0211737217817,1128.1955512084612,-0.024064159180722144,-20.55562278200591,-86.73400215147318,-0.02406415918072214,0.009977063499138237,0.013372924437962345,-878.3190091288108,-20.55562278200591,0.013372924437962345,12.815645449821519,-12.71610743149904
817d04f3f17dfe0b,True,36.025,16.0,2.0,215.61262788333624,1078.0631394166505,1249520666054.122,7218.391098156113,597.6633937782788,5976.633937782787,True,7,0.143221,1145.477519560989,1130.0565863186305,-0.02887439896408137,-21.922549500605147,92.58946221263555,-0.028874398964081366,0.01713171904409327,0.020087688311877423,1053.9828109545865,-21.922549500605147,0.020087688311877423,15.403801523314494,1592.2654952490716
817d04f3f17dfe0b,True,36.025,16.0,2.0,215.61262788333624,1078.0631394166505,1249520666054.122,7218.391098156113,597.6633937782788,5976.633937782787,True,8,0.159221,1149.6372413532397,1131.9194935783898,-0.03368901026503589,-23.037522286300103,-86.73400215137131,-0.03368901026503588,0.02709952521185004,0.026736857992833356,-1229.6466127803374,-23.037522286300103,0.026736857992833356,17.69064824963787,-12.716107432243916
823de6099de30e8c,True,36.025,16.0,2.0,339.97155664644646,1699.8577832321837,2537897794761.8413,7218.391098156113,597.6633937782788,5976.633937782787,True,1,0.047221,1119.6635523327102,1118.8847592088446,0.0,-14.476850987722745,92.58946221253187,0.0,0.0,0.0,0.0,-14.476850987722745,0.0,0.7787931238656026,1592.2654952490716
823de6099de30e8c,True,36.025,16.0,2.0,339.97155664644646,1699.8577832321837,2537897794761.8413,7218.391098156113,597.6633937782788,5976.633937782787,True,2,0.063221,1125.3266048451599,1120.747666468604,-0.004814457012098198,-12.866953651828037,-86.73400215127491,-0.004814457012098198,0.00011792176654171804,8.879195109494414e-06,-175.66380182576222,-12.866953651828037,8.879195109494414e-06,4.5788204547893745,-12.716107432247554
823de6099de30e8c,True,36.025,16.0,2.0,339.97155664644646,1699.8577832321837,2537897794761.8413,7218.391098156113,597.6633937782788,5976.633937782787,True,3,0.079221,1159.8155642436855,1122.6087015787732,-0.009624799654693181,-17.50230361546679,92.58946221257735,-0.00962479965469318,0.0007059877106867146,0.0022412888150007706,351.3276036515242,-17.50230361546679,0.0022412888150007706,37.2061566772016,1592.2654952488665
823de6099de30e8c,True,36.025,16.0,2.0,339.97155664644646,1699.8577832321837,2537897794761.8413,7218.391098156113,597.6633937782788,5976.633937782787,True,4,0.095221,1168.6067064669348,1124.4716088385326,-0.014439308096410173,-15.3473825494876,-86.73400215137495,-0.014439308096410171,0.0022327991214746764,0.0044635981720579625,-526.9914054772864,-15.3473825494876,0.0044635981720579625,44.132864829280926,-12.716107431903765
823de6099de30e8c,True,36.025,16.0,2.0,339.97155664644646,1699.8577832321837,2537897794761.8413,7218.391098156113,597.6633937782788,5976.633937782787,True,5,0.111221,1195.7377896027508,1126.3326439487018,-0.019249599309386377,-19.43795390277659,92.58946221267739,-0.019249599309386373,0.005166957287945289,0.008937184918959467,702.6552073030487,-19.43795390277659,0.008937184918959467,69.39997869676107,1592.2654952484672
823de6099de30e8c,True,36.025,16.0,2.0,339.97155664644646,1699.8577832321837,2537897794761.8413,7218.391098156113,597.6633937782788,5976.633937782787,True,6,0.127221,1208.6003065210962,1128.1955512084612,-0.024064159180722144,-16.738009106712944,-86.73400215147318,-0.02406415918072214,0.009977063499138237,0.013372924437962258,-878.3190091288108,-16.738009106712944,0.013372924437962258,80.39477824913587,-12.716107431545424
823de6099de30e8c,True,36.025,16.0,2.0,339.97155664644646,1699.8577832321837,2537897794761.8413,7218.391098156113,597.6633937782788,5976.633937782787,True,7,0.143221,1229.3167983784988,1130.0565863186305,-0.02887439896408137,-20.283801849652285,92.58946221263555,-0.028874398964081366,0.01713171904409327,0.020087688311882047,1053.9828109545865,-20.283801849652285,0.020087688311882047,99.24308034082422,1592.2654952496105
823de6099de30e8c,True,36.025,16.0,2.0,339.97155664644646,1699.8577832321837,2537897794761.8413,7218.391098156113,597.6633937782788,5976.633937782787,True,8,0.159221,1247.1914761195885,1131.9194935783898,-0.03368901026503589,-17.039081852336665,-86.73400215137131,-0.03368901026503588,0.02709952521185004,0.0267368579928309,-1229.6466127803374,-17.039081852336665,0.0267368579928309,115.24488301598683,-12.716107430514967
826dd7bbb3fabe8c,True,36.025,16.0,2.0,219.9719391145372,1099.8596955728071,1744153653676.379,7218.391098156113,597.6633937782788,5976.633937782787,True,1,0.047221,999.4441275390449,5.170038849912753,60.05190294965895,-0.4916838007199088,92.58946221235361,60.05190294965895,993.6109144596135,-9.934476634252144,2.0463630789890885e-10,-0.4916838007199088,-9.934476634252144,0.6631742295186049,-12.716107432290073
826dd7bbb3fabe8c,True,36.025,16.0,2.0,219.9719391145372,1099.8596955728071,1744153653676.379,7218.391098156113,597.6633937782788,5976.633937782787,True,2,0.063221,1003.7247766900641,7.0329461096726,60.04708849264688,-1.735609998542605,-86.73400215153684,60.04708849264688,993.61103238138,-9.934467755057057,-175.66380182555753,-1.735609998542605,-9.934467755057057,3.080798199011468,-12.716107431918317
826dd7bbb3fabe8c,True,36.025,16.0,2.0,219.9719391145372,1099.8596955728071,1744153653676.379,7218.391098156113,597.6633937782788,5976.633937782787,True,3,0.079221,1009.1734937752251,8.893981219842077,60.04227815000427,-3.2471770775634825,92.58946221236452,60.04227815000427,993.6116204473242,-9.934476745940131,351.32760365172896,-3.2471770775634825,-9.934476745940131,6.667892108058814,-12.716107432284844
826dd7bbb3fabe8c,True,36.025,16.0,2.0,219.9719391145372,1099.8596955728071,1744153653676.379,7218.391098156113,597.6633937782788,5976.633937782787,True,4,0.095221,1016.0428559326327,10.756888479601924,60.03746364156257,-5.036127005470639,-86.73400215153684,60.03746364156257,993.613147258735,-9.934467643369075,-526.9914054770818,-5.036127005470639,-9.934467643369075,11.672820194295767,-12.716107431913315
826dd7bbb3fabe8c,True,36.025,16.0,2.0,219.9719391145372,1099.8596955728071,1744153653676.379,7218.391098156113,597.6633937782788,5976.633937782787,True,5,0.111221,1024.5495846030065,12.617923589771403,60.032653350349584,-7.092472694841286,92.58946221236452,60.032653350349584,993.6160814169016,-9.93447685762812,702.6552073032532,-7.092472694841286,-9.93447685762812,18.315579596333542,-12.716107432288482
826dd7bbb3fabe8c,True,36.025,16.0,2.0,219.9719391145372,1099.8596955728071,1744153653676.379,7218.391098156113,597.6633937782788,5976.633937782787,True,6,0.127221,1034.9509447510986,14.480830849531248,60.02783879047826,-9.426446352832901,-86.73400215153684,60.02783879047826,993.620891523113,-9.934467531681088,-878.3190091286062,-9.426446352832901,-9.934467531681088,26.849222378454446,-12.71610743191286
826dd7bbb3fabe8c,True,36.025,16.0,2.0,219.9719391145372,1099.8596955728071,1744153653676.379,7218.391098156113,597.6633937782788,5976.633937782787,True,7,0.143221,1047.4589699909814,16.341865959700723,60.02302855069488,-12.027570652553354,92.58946221235907,60.02302855069488,993.628046178658,-9.934476969316105,1053.9828109547639,-12.027570652553354,-9.934476969316105,37.48905785262259,-12.716107431739147
826dd7bbb3fabe8c,True,36.025,16.0,2.0,219.9719391145372,1099.8596955728071,1744153653676.379,7218.391098156113,597.6633937782788,5976.633937782787,True,8,0.159221,1062.333360211215,18.2047732194606,60.01821393939394,-14.906319511796774,-86.73400215144953,60.01821393939394,993.6380139848256,-9.934467419993094,-1229.6466127801602,-14.906319511796774,-9.934467419993094,50.49057300692889,-12.716107432745048
83eb012ddefbaa44,True,36.025,16.0,2.0,339.97155664644646,1699.8577832321837,2536954393388.381,7218.391098156113,597.6633937782788,5976.633937782787,True,1,0.047221,1051.6895592382034,405.1949933879173,365.37864897022894,356.67601494046147,92.58946221248458,365.37864897022894,330.7323434024535,322.8578863632101,1.3460521586239338e-10,356.67601494046147,322.8578863632101,315.7622224478324,1592.265495249263
83eb012ddefbaa44,True,36.025,16.0,2.0,339.97155664644646,1699.8577832321837,2536954393388.381,7218.391098156113,597.6633937782788,5976.633937782787,True,2,0.063221,1057.3526117506535,407.0579006476771,365.37383451321676,358.28591227635627,-86.7340021513222,365.37383451321676,330.7324613242201,322.8578952424053,-175.66380182562762,358.28591227635627,322.8578952424053,319.56224977875627,-12.71610743205838
83eb012ddefbaa44,True,36.025,16.0,2.0,339.97155664644646,1699.8577832321837,2536954393388.381,7218.391098156113,597.6633937782788,5976.633937782787,True,3,0.079221,1091.8415711491793,408.9189357578467,365.3690241705742,353.65056231271745,92.58946221253005,365.3690241705742,330.73304939016424,322.8601276520252,351.3276036516588,353.65056231271745,322.8601276520252,352.18958600116855,1592.2654952490702
83eb012ddefbaa44,True,36.025,16.0,2.0,339.97155664644646,1699.8577832321837,2536954393388.381,7218.391098156113,597.6633937782788,5976.633937782787,True,4,0.095221,1100.6327133724296,410.78184301760655,365.36420966213245,355.8054833786965,-86.73400215142225,365.36420966213245,330.73457620157507,322.8623499613822,-526.9914054771518,355.8054833786965,322.8623499613822,359.116294153248,-12.716107431700038
83eb012ddefbaa44,True,36.025,16.0,2.0,339.97155664644646,1699.8577832321837,2536954393388.381,7218.391098156113,597.6633937782788,5976.633937782787,True,5,0.111221,1127.7637965082458,412.64287812777616,365.35939937091933,351.7149120254076,92.5894622126301,365.35939937091933,330.7375103597415,322.86682354812916,702.6552073031833,351.7149120254076,322.86682354812916,384.38340802072827,1592.265495248671
83eb012ddefbaa44,True,36.025,16.0,2.0,339.97155664644646,1699.8577832321837,2536954393388.381,7218.391098156113,597.6633937782788,5976.633937782787,True,6,0.127221,1140.6263134265919,414.50578538753604,365.35458481104797,354.41485682147123,-86.73400215152047,365.35458481104797,330.7423204659527,322.87125928764834,-878.3190091286762,354.41485682147123,322.87125928764834,395.37820757310317,-12.716107431341698
83eb012ddefbaa44,True,36.025,16.0,2.0,339.97155664644646,1699.8577832321837,2536954393388.381,7218.391098156113,597.6633937782788,5976.633937782787,True,7,0.143221,1161.342805283995,416.36682049770565,365.34977457126456,350.86906407853166,92.58946221258826,365.34977457126456,330.7494751214977,322.87797405152236,1053.9828109547211,350.86906407853166,322.87797405152236,414.2265096647916,1592.2654952498142
83eb012ddefbaa44,True,36.025,16.0,2.0,339.97155664644646,1699.8577832321837,2536954393388.381,7218.391098156113,597.6633937782788,5976.633937782787,True,8,0.159221,1179.2174830250854,418.2297277574655,365.3449599599636,354.1137840758473,-86.73400215141861,365.3449599599636,330.7594429276655,322.8846232212034,-1229.6466127802028,354.1137840758473,322.8846232212034,430.2283123399543,-12.71610743031124
891e346070ec8368,True,36.025,16.0,2.0,339.97155664647,1699.8577832323015,1874919973279.559,7218.391098156113,597.6633937782788,5976.633937782787,True,1,0.047221,5.833213079431364,5.170038849912755,0.0,-0.49168380071991924,92.58946221232996,0.0,0.0,0.0,0.0,-0.49168380071991924,0.0,0.6631742295186088,-12.7161074322471
891e346070ec8368,True,36.025,16.0,2.0,339.97155664647,1699.8577832323015,1874919973279.559,7218.391098156113,597.6633937782788,5976.633937782787,True,2,0.063221,10.113862230450628,7.032946109672604,-0.004814457012098056,-1.735609998542624,-86.73400215150046,-0.004814457012098056,0.00011792176654171819,8.8791951093617e-06,-175.66380182576216,-1.735609998542624,8.8791951093617e-06,3.0807981990114817,-12.71610743205747
891e346070ec8368,True,36.025,16.0,2.0,339.97155664647,1699.8577832323015,1874919973279.559,7218.391098156113,597.6633937782788,5976.633937782787,True,3,0.079221,16.973432450342,8.893981219842079,-0.009624799654693188,-3.5196905912678838,92.58946221232814,-0.009624799654693188,0.0007059877106867132,-1.1168798879988013e-07,351.3276036515243,-3.5196905912678838,-1.1168798879988013e-07,8.078745242789234,-12.716107432058834
891e346070ec8368,True,36.025,16.0,2.0,339.97155664647,1699.8577832323015,1874919973279.559,7218.391098156113,597.6633937782788,5976.633937782787,True,4,0.095221,27.37150930363353,10.756888479601933,-0.014439308096410017,-5.853664249259499,-86.734002151475,-0.014439308096410017,0.0022327991214746686,8.990883098152009e-06,-526.9914054772863,-5.853664249259499,8.990883098152009e-06,16.612388024910125,-12.71610743205838
891e346070ec8368,True,36.025,16.0,2.0,339.97155664647,1699.8577832323015,1874919973279.559,7218.391098156113,597.6633937782788,5976.633937782787,True,5,0.111221,42.22575510790017,12.617923589771406,-0.01924959930938638,-8.727053645625316,92.58946221232814,-0.01924959930938638,0.005166957287945267,-2.233759775438006e-07,702.6552073030487,-8.727053645625316,-2.233759775438006e-07,29.602664560840818,-12.716107432045646
891e346070ec8368,True,36.025,16.0,2.0,339.97155664647,1699.8577832323015,1874919973279.559,7218.391098156113,597.6633937782788,5976.633937782787,True,6,0.127221,62.50609420255136,14.480830849531259,-0.024064159180722,-12.150826234953165,-86.734002151475,-0.024064159180722,0.009977063499138194,9.102571087050085e-06,-878.3190091288109,-12.150826234953165,9.102571087050085e-06,48.015286289520965,-12.716107432062927
891e346070ec8368,True,36.025,16.0,2.0,339.97155664647,1699.8577832323015,1874919973279.559,7218.391098156113,597.6633937782788,5976.633937782787,True,7,0.143221,89.12392568522708,16.341865959700733,-0.02887439896408134,-16.113772852018624,92.5894622122372,-0.02887439896408134,0.01713171904409321,-3.3506395678547736e-07,1053.9828109545863,-16.113772852018624,-3.3506395678547736e-07,72.76492800648225,-12.716107430774173
891e346070ec8368,True,36.025,16.0,2.0,339.97155664647,1699.8577832323015,1874919973279.559,7218.391098156113,597.6633937782788,5976.633937782787,True,8,0.159221,123.05586736600202,18.204773219460602,-0.03368901026503574,-20.627592901515364,-86.73400215137131,-0.03368901026503574,0.027099525211849957,9.214259096074814e-06,-1229.6466127803378,-20.627592901515364,9.214259096074814e-06,104.82399462132956,-12.716107432970603
8aaa48b0a564fa01,True,36.025,16.0,2.0,339.97155664644646,1699.8577832321837,2537897794761.8413,7218.391098156113,597.6633937782788,5976.633937782787,True,1,0.047221,1119.6635523327102,1118.8847592088446,0.0,-14.476850987722745,92.58946221253187,0.0,0.0,0.0,0.0,-14.476850987722745,0.0,0.7787931238656026,1592.2654952490716
8aaa48b0a564fa01,True,36.025,16.0,2.0,339.97155664644646,1699.8577832321837,2537897794761.8413,7218.391098156113,597.6633937782788,5976.633937782787,True,2,0.063221,1123.8134242405595,1120.747666468604,-0.004814457012098198,-15.591823773417698,-86.73400215127491,-0.004814457012098198,0.00011792176654171804,8.879195109495686e-06,-175.66380182576222,-15.591823773417698,8.879195109495686e-06,3.065639850189,-12.716107432249373
8aaa48b0a564fa01,True,36.025,16.0,2.0,339.97155664644646,1699.8577832321837,2537897794761.8413,7218.391098156113,597.6633937782788,5976.633937782787,True,3,0.079221,1158.302383639085,1122.6087015787732,-0.009624799654693181,-20.227173737056454,92.58946221257735,-0.00962479965469318,0.0007059877106867146,0.0022412888150007727,351.3276036515242,-20.227173737056454,0.0022412888150007727,35.692976072601226,1592.2654952488665
8aaa48b0a564fa01,True,36.025,16.0,2.0,339.97155664644646,1699.8577832321837,2537897794761.8413,7218.391098156113,597.6633937782788,5976.633937782787,True,4,0.095221,1164.9750178104725,1124.4716088385326,-0.014439308096410173,-21.887170252835865,-86.73400215137495,-0.014439308096410171,0.0022327991214746764,0.0044635981720579886,-526.9914054772864,-21.887170252835865,0.0044635981720579886,40.50117617281843,-12.716107431898308
8aaa48b0a564fa01,True,36.025,16.0,2.0,339.97155664644646,1699.8577832321837,2537897794761.8413,7218.391098156113,597.6633937782788,5976.633937782787,True,5,0.111221,1192.1061009462883,1126.3326439487018,-0.019249599309386377,-25.977741606124855,92.58946221267739,-0.019249599309386373,0.005166957287945289,0.00893718491895952,702.6552073030487,-25.977741606124855,0.00893718491895952,65.7682900402986,1592.2654952484818
8aaa48b0a564fa01,True,36.025,16.0,2.0,339.97155664644646,1699.8577832321837,2537897794761.8413,7218.391098156113,597.6633937782788,5976.633937782787,True,6,0.127221,1202.2447823655098,1128.1955512084612,-0.024064159180722144,-28.182761851988744,-86.73400215147318,-0.02406415918072214,0.009977063499138237,0.01337292443796239,-878.3190091288108,-28.182761851988744,0.01337292443796239,74.03925409354959,-12.716107431558157
8aaa48b0a564fa01,True,36.025,16.0,2.0,339.97155664644646,1699.8577832321837,2537897794761.8413,7218.391098156113,597.6633937782788,5976.633937782787,True,7,0.143221,1222.9612742229124,1130.0565863186305,-0.02887439896408137,-31.728554594928084,92.58946221263555,-0.028874398964081366,0.01713171904409327,0.020087688311882162,1053.9828109545865,-31.728554594928084,0.020087688311882162,92.88755618523794,1592.265495249596
8aaa48b0a564fa01,True,36.025,16.0,2.0,339.97155664644646,1699.8577832321837,2537897794761.8413,7218.391098156113,597.6633937782788,5976.633937782787,True,8,0.159221,1237.507065044724,1131.9194935783898,-0.03368901026503589,-34.47835004204371,-86.73400215137131,-0.03368901026503588,0.02709952521185004,0.02673685799284019,-1229.6466127803374,-34.47835004204371,0.02673685799284019,105.5604719411221,-12.71610743216661
8b05f505518b606a,True,36.025,16.0,2.0,339.9715566464229,1699.8577832323015,2537897794761.841,7218.391098156113,597.6633937782788,5976.633937782787,True,1,0.047221,1119.5479334383626,1118.8847592088441,0.0,-10.426160434972052,92.5894622125628,0.0,0.0,0.0,0.0,-10.426160434972052,0.0,0.6631742295186049,-12.716107432290073
8b05f505518b606a,True,36.025,16.0,2.0,339.9715566464229,1699.8577832323015,2537897794761.841,7218.391098156113,597.6633937782788,5976.633937782787,True,2,0.063221,1123.8285825893818,1120.7476664686037,-0.004814457012098193,-11.670086632794767,-86.73400215132766,-0.004814457012098193,0.00011792176654171839,8.879195109264549e-06,-175.66380182576216,-11.670086632794767,8.879195109264549e-06,3.080798199011468,-12.716107431918317
8b05f505518b606a,True,36.025,16.0,2.0,339.9715566464229,1699.8577832323015,2537897794761.841,7218.391098156113,597.6633937782788,5976.633937782787,True,3,0.079221,1130.6881528092733,1122.6087015787734,-0.00962479965469319,-13.454167225519992,92.58946221257371,-0.00962479965469319,0.0007059877106867148,-1.116879893124435e-07,351.3276036515243,-13.454167225519992,-1.116879893124435e-07,8.078745242789209,-12.716107432288936
8b05f505518b606a,True,36.025,16.0,2.0,339.9715566464229,1699.8577832323015,2537897794761.841,7218.391098156113,597.6633937782788,5976.633937782787,True,4,0.095221,1141.0862296625646,1124.471608838533,-0.014439308096410168,-15.788140883511643,-86.73400215132766,-0.014439308096410168,0.002232799121474673,8.990883097023827e-06,-526.9914054772864,-15.788140883511643,8.990883097023827e-06,16.612388024910114,-12.71610743191286
8b05f505518b606a,True,36.025,16.0,2.0,339.9715566464229,1699.8577832323015,2537897794761.841,7218.391098156113,597.6633937782788,5976.633937782787,True,5,0.111221,1155.9404754668315,1126.3326439487028,-0.019249599309386366,-18.66153027987741,92.58946221257371,-0.019249599309386366,0.005166957287945275,-2.233759796154442e-07,702.6552073030485,-18.66153027987741,-2.233759796154442e-07,29.602664560840793,-12.716107432262106
8b05f505518b606a,True,36.025,16.0,2.0,339.9715566464229,1699.8577832323015,2537897794761.841,7218.391098156113,597.6633937782788,5976.633937782787,True,6,0.127221,1176.2208145614823,1128.1955512084623,-0.02406415918072214,-22.085302869205307,-86.73400215132766,-0.02406415918072214,0.009977063499138206,9.102571083806096e-06,-878.3190091288109,-22.085302869205307,9.102571083806096e-06,48.01528628952094,-12.71610743189376
8b05f505518b606a,True,36.025,16.0,2.0,339.9715566464229,1699.8577832323015,2537897794761.841,7218.391098156113,597.6633937782788,5976.633937782787,True,7,0.143221,1202.8386460441582,1130.056586318632,-0.028874398964077612,-26.048249486270656,92.58946221256825,-0.028874398964077612,0.017131719044093024,-3.350639712914393e-07,1053.9828109545592,-26.048249486270656,-3.350639712914393e-07,72.7649280064821,-12.71610743135625
8b05f505518b606a,True,36.025,16.0,2.0,339.9715566464229,1699.8577832323015,2537897794761.841,7218.391098156113,597.6633937782788,5976.633937782787,True,8,0.159221,1236.7705877249332,1131.9194935783917,-0.03368901026503652,-30.56206953576751,-86.73400215124035,-0.03368901026503652,0.027099525211849825,9.2142590878106e-06,-1229.6466127803649,-30.56206953576751,9.2142590878106e-06,104.82399462132955,-12.716107432819626
8cff258929ec712e,True,36.025,16.0,2.0,339.97155664644646,1699.8577832321837,2537897794761.8413,7218.391098156113,597.6633937782788,5976.633937782787,True,1,0.047221,1119.6635523327102,1118.8847592088446,0.0,-14.476850987722745,92.58946221253187,0.0,0.0,0.0,0.0,-14.476850987722745,0.0,0.7787931238656026,1592.2654952490716
8cff258929ec712e,True,36.025,16.0,2.0,339.97155664644646,1699.8577832321837,2537897794761.8413,7218.391098156113,597.6633937782788,5976.633937782787,True,2,0.063221,1125.3266048451599,1120.747666468604,-0.004814457012098198,-12.866953651828037,-86.73400215127491,-0.004814457012098198,0.00011792176654171804,8.879195109494414e-06,-175.66380182576222,-12.866953651828037,8.879195109494414e-06,4.5788204547893745,-12.716107432247554
8cff258929ec712e,True,36.025,16.0,2.0,339.97155664644646,1699.8577832321837,2537897794761.8413,7218.391098156113,597.6633937782788,5976.633937782787,True,3,0.079221,1159.8155642436855,1122.6087015787732,-0.009624799654693181,-17.50230361546679,92.58946221257735,-0.00962479965469318,0.0007059877106867146,0.0022412888150007706,351.3276036515242,-17.50230361546679,0.0022412888150007706,37.2061566772016,1592.2654952488665
8cff258929ec712e,True,36.025,16.0,2.0,339.97155664644646,1699.8577832321837,2537897794761.8413,7218.391098156113,597.6633937782788,5976.633937782787,True,4,0.095221,1168.6067064669348,1124.4716088385326,-0.014439308096410173,-15.3473825494876,-86.73400215137495,-0.014439308096410171,0.0022327991214746764,0.0044635981720579625,-526.9914054772864,-15.3473825494876,0.0044635981720579625,44.132864829280926,-12.716107431903765
8cff258929ec712e,True,36.025,16.0,2.0,339.97155664644646,1699.8577832321837,2537897794761.8413,7218.391098156113,597.6633937782788,5976.633937782787,True,5,0.111221,1195.7377896027508,1126.3326439487018,-0.019249599309386377,-19.43795390277659,92.58946221267739,-0.019249599309386373,0.005166957287945289,0.008937184918959467,702.6552073030487,-19.43795390277659,0.008937184918959467,69.39997869676107,1592.2654952484672
8cff258929ec712e,True,36.025,16.0,2.0,339.97155664644646,1699.8577832321837,2537897794761.8413,7218.391098156113,597.6633937782788,5976.633937782787,True,6,0.127221,1208.6003065210962,1128.1955512084612,-0.024064159180722144,-16.738009106712944,-86.73400215147318,-0.02406415918072214,0.009977063499138237,0.013372924437962258,-878.3190091288108,-16.738009106712944,0.013372924437962258,80.39477824913587,-12.716107431545424
8cff258929ec712e,True,36.025,16.0,2.0,339.97155664644646,1699.8577832321837,2537897794761.8413,7218.391098156113,597.6633937782788,5976.633937782787,True,7,0.143221,1229.3167983784988,1130.0565863186305,-0.02887439896408137,-20.283801849652285,92.58946221263555,-0.028874398964081366,0.01713171904409327,0.020087688311882047,1053.9828109545865,-20.283801849652285,0.020087688311882047,99.24308034082422,1592.2654952496105
8cff258929ec712e,True,36.025,16.0,2.0,339.97155664644646,1699.8577832321837,2537897794761.8413,7218.391098156113,597.6633937782788,5976.633937782787,True,8,0.159221,1247.1914761195885,1131.9194935783898,-0.03368901026503589,-17.039081852336665,-86.73400215137131,-0.03368901026503588,0.02709952521185004,0.0267368579928309,-1229.6466127803374,-17.039081852336665,0.0267368579928309,115.24488301598683,-12.716107430514967
8ded98f95c7a945d,True,36.025,16.0,2.0,339.97155664647005,1699.8577832323015,2119700102397.2139,7218.391098156113,597.6633937782788,5976.633937782787,True,1,0.047221,1119.6635523327102,1118.8847592088446,0.0,-14.476850987722745,92.58946221253187,0.0,0.0,0.0,0.0,-14.476850987722745,0.0,0.7787931238656026,1592.2654952490716
8ded98f95c7a945d,True,36.025,16.0,2.0,339.97155664647005,1699.8577832323015,2119700102397.2139,7218.391098156113,597.6633937782788,5976.633937782787,True,2,0.063221,1123.8134242405595,1120.747666468604,-0.004814457012098198,-15.591823773417698,-86.73400215127491,-0.004814457012098198,0.00011792176654171804,8.879195109495686e-06,-175.66380182576222,-15.591823773417698,8.879195109495686e-06,3.065639850189,-12.716107432249373
8ded98f95c7a945d,True,36.025,16.0,2.0,339.97155664647005,1699.8577832323015,2119700102397.2139,7218.391098156113,597.6633937782788,5976.633937782787,True,3,0.079221,1127.8990878905468,1122.6087015787732,-0.009624799654693181,-16.86435200960332,92.58946221257735,-0.00962479965469318,0.0007059877106867146,0.002241288815000816,351.3276036515242,-16.86435200960332,0.002241288815000816,5.289680324062721,1592.2654952488847
8ded98f95c7a945d,True,36.025,16.0,2.0,339.97155664647005,1699.8577832323015,2119700102397.2139,7218.391098156113,597.6633937782788,5976.633937782787,True,4,0.095221,1135.0454906521204,1124.4716088385326,-0.014439308096410173,-18.60859979966391,-86.73400215137495,-0.014439308096410171,0.0022327991214746764,0.004463598172058017,-526.9914054772864,-18.60859979966391,0.004463598172058017,10.571649014466393,-12.716107431878754
8ded98f95c7a945d,True,36.025,16.0,2.0,339.97155664647005,1699.8577832323015,2119700102397.2139,7218.391098156113,597.6633937782788,5976.633937782787,True,5,0.111221,1142.7849385342038,1126.3326439487018,-0.019249599309386377,-20.627621298093498,92.58946221267739,-0.019249599309386373,0.005166957287945289,0.008937184918959598,702.6552073030487,-20.627621298093498,0.008937184918959598,16.44712762821407,1592.2654952485145
8ded98f95c7a945d,True,36.025,16.0,2.0,339.97155664647005,1699.8577832323015,2119700102397.2139,7218.391098156113,597.6633937782788,5976.633937782787,True,6,0.127221,1158.6570278076795,1128.1955512084612,-0.024064159180722144,-23.522557583498866,-86.73400215147318,-0.02406415918072214,0.009977063499138237,0.013372924437962348,-878.3190091288108,-23.522557583498866,0.013372924437962348,30.451499535719115,-12.71610743149904
8ded98f95c7a945d,True,36.025,16.0,2.0,339.97155664647005,1699.8577832323015,2119700102397.2139,7218.391098156113,597.6633937782788,5976.633937782787,True,7,0.143221,1174.6672224084055,1130.0565863186305,-0.02887439896408137,-26.606294596729793,92.58946221263555,-0.028874398964081366,0.01713171904409327,0.020087688311881253,1053.9828109545865,-26.606294596729793,0.020087688311881253,44.59350437073082,1592.2654952495532
8ded98f95c7a945d,True,36.025,16.0,2.0,339.97155664647005,1699.8577832323015,2119700102397.2139,7218.391098156113,597.6633937782788,5976.633937782787,True,8,0.159221,1208.0727124622074,1131.9194935783898,-0.03368901026503589,-30.991161234098865,-86.73400215137131,-0.03368901026503588,0.02709952521185004,0.026736857992841718,-1229.6466127803374,-30.991161234098865,0.026736857992841718,76.12611935860555,-12.71610743263409
8ee7441bb0faf12d,True,36.025,16.0,2.0,339.9715566464229,1699.8577832323015,2537897794761.841,7218.391098156113,597.6633937782788,5976.633937782787,True,1,0.047221,979.5751742705409,5.170038849912753,0.0,59.56021914893904,92.58946221235361,0.0,0.0,0.0,0.0,59.56021914893904,0.0,974.4051354206281,-12.716107432089302
8ee7441bb0faf12d,True,36.025,16.0,2.0,339.9715566464229,1699.8577832323015,2537897794761.841,7218.391098156113,597.6633937782788,5976.633937782787,True,2,0.063221,983.8558234215603,7.0329461096726,-0.004814457012098048,58.31629295111638,-86.73400215153684,-0.004814457012098048,0.00011792176654171839,8.879195109127376e-06,-175.66380182576216,58.31629295111638,8.879195109127376e-06,976.8227593901212,-12.716107431721866
8ee7441bb0faf12d,True,36.025,16.0,2.0,339.9715566464229,1699.8577832323015,2537897794761.841,7218.391098156113,597.6633937782788,5976.633937782787,True,3,0.079221,990.7153936414519,8.893981219842077,-0.009624799654693192,56.53221235839109,92.58946221236452,-0.009624799654693192,0.0007059877106867148,-1.1168798931071463e-07,351.3276036515243,56.53221235839109,-1.1168798931071463e-07,981.8207064338991,-12.716107432092485
8ee7441bb0faf12d,True,36.025,16.0,2.0,339.9715566464229,1699.8577832323015,2537897794761.841,7218.391098156113,597.6633937782788,5976.633937782787,True,4,0.095221,1001.1134704947438,10.756888479601924,-0.01443930809641002,54.19823870039951,-86.73400215153684,-0.01443930809641002,0.002232799121474673,8.990883096900175e-06,-526.9914054772864,54.19823870039951,8.990883096900175e-06,990.3543492160203,-12.716107431723685
8ee7441bb0faf12d,True,36.025,16.0,2.0,339.9715566464229,1699.8577832323015,2537897794761.841,7218.391098156113,597.6633937782788,5976.633937782787,True,5,0.111221,1015.9677162990106,12.617923589771403,-0.019249599309386373,51.32484930403366,92.58946221236452,-0.019249599309386373,0.005166957287945275,-2.23375979602038e-07,702.6552073030485,51.32484930403366,-2.23375979602038e-07,1003.3446257519513,-12.716107432072931
8ee7441bb0faf12d,True,36.025,16.0,2.0,339.9715566464229,1699.8577832323015,2537897794761.841,7218.391098156113,597.6633937782788,5976.633937782787,True,6,0.127221,1036.2480553936623,14.480830849531248,-0.024064159180721998,47.901076714705844,-86.73400215153684,-0.024064159180721998,0.009977063499138206,9.102571083680766e-06,-878.3190091288109,47.901076714705844,9.102571083680766e-06,1021.7572474806318,-12.716107431704586
8ee7441bb0faf12d,True,36.025,16.0,2.0,339.9715566464229,1699.8577832323015,2537897794761.841,7218.391098156113,597.6633937782788,5976.633937782787,True,7,0.143221,1062.865886876338,16.341865959700723,-0.028874398964077622,43.9381300976404,92.58946221235907,-0.028874398964077622,0.017131719044093024,-3.350639712763512e-07,1053.9828109545592,43.9381300976404,-3.350639712763512e-07,1046.5068891975932,-12.716107431167075
8ee7441bb0faf12d,True,36.025,16.0,2.0,339.9715566464229,1699.8577832323015,2537897794761.841,7218.391098156113,597.6633937782788,5976.633937782787,True,8,0.159221,1096.7978285571128,18.2047732194606,-0.033689010265036366,39.424310048143674,-86.73400215144953,-0.033689010265036366,0.027099525211849825,9.214259087683618e-06,-1229.6466127803649,39.424310048143674,9.214259087683618e-06,1078.5659558124403,-12.716107432630452
922bb1655a93fd09,True,36.025,16.0,2.0,339.97155664647005,1699.8577832323015,2537897794761.841,7218.391098156113,597.6633937782788,5976.633937782787,True,1,0.047221,1119.6635523327102,1118.8847592088446,0.0,-14.476850987722745,92.58946221253187,0.0,0.0,0.0,0.0,-14.476850987722745,0.0,0.7787931238656026,1592.2654952490716
922bb1655a93fd09,True,36.025,16.0,2.0,339.97155664647005,1699.8577832323015,2537897794761.841,7218.391098156113,597.6633937782788,5976.633937782787,True,2,0.063221,1125.3266048451599,1120.747666468604,-0.004814457012098198,-12.866953651828037,-86.73400215127491,-0.004814457012098198,0.00011792176654171804,8.879195109494414e-06,-175.66380182576222,-12.866953651828037,8.879195109494414e-06,4.5788204547893745,-12.716107432247554
922bb1655a93fd09,True,36.025,16.0,2.0,339.97155664647005,1699.8577832323015,2537897794761.841,7218.391098156113,597.6633937782788,5976.633937782787,True,3,0.079221,1132.4299828337887,1122.6087015787732,-0.009624799654693181,-14.778658980776969,92.58946221257735,-0.00962479965469318,0.0007059877106867146,0.002241288815000832,351.3276036515242,-14.778658980776969,0.002241288815000832,9.820575267304784,1592.2654952489006
922bb1655a93fd09,True,36.025,16.0,2.0,339.97155664647005,1699.8577832323015,2537897794761.841,7218.391098156113,597.6633937782788,5976.633937782787,True,4,0.095221,1145.2892164573336,1124.4716088385326,-0.014439308096410173,-12.07871418471331,-86.73400215137495,-0.014439308096410171,0.0022327991214746764,0.004463598172057977,-526.9914054772864,-12.07871418471331,0.004463598172057977,20.815374819679565,-12.716107431861928
922bb1655a93fd09,True,36.025,16.0,2.0,339.97155664647005,1699.8577832323015,2537897794761.841,7218.391098156113,597.6633937782788,5976.633937782787,True,5,0.111221,1160.524086620705,1126.3326439487018,-0.019249599309386377,-15.079728317302786,92.58946221267739,-0.019249599309386373,0.005166957287945289,0.008937184918959607,702.6552073030487,-15.079728317302786,0.008937184918959607,34.18627571471528,1592.2654952485436
922bb1655a93fd09,True,36.025,16.0,2.0,339.97155664647005,1699.8577832323015,2537897794761.841,7218.391098156113,597.6633937782788,5976.633937782787,True,6,0.127221,1184.344089940623,1128.1955512084612,-0.024064159180722144,-11.289984589902868,-86.73400215147318,-0.02406415918072214,0.009977063499138237,0.013372924437962334,-878.3190091288108,-11.289984589902868,0.013372924437962334,56.13856166866269,-12.716107431465389
922bb1655a93fd09,True,36.025,16.0,2.0,339.97155664647005,1699.8577832323015,2537897794761.841,7218.391098156113,597.6633937782788,5976.633937782787,True,7,0.143221,1211.4793935738178,1130.0565863186305,-0.02887439896408137,-15.380555943192002,92.58946221263555,-0.028874398964081366,0.01713171904409327,0.020087688311883418,1053.9828109545865,-15.380555943192002,0.020087688311883418,81.40567553614332,1592.2654952498478
922bb1655a93fd09,True,36.025,16.0,2.0,339.97155664647005,1699.8577832323015,2537897794761.841,7218.391098156113,597.6633937782788,5976.633937782787,True,8,0.159221,1250.029752888684,1131.9194935783898,-0.03368901026503589,-10.500764755622907,-86.73400215137131,-0.03368901026503588,0.02709952521185004,0.026736857992829655,-1229.6466127803374,-10.500764755622907,0.026736857992829655,118.08315978508215,-12.71610742984376
938a7de69ec2da92,True,36.025,16.0,2.0,339.9715566464229,1699.8577832323015,2536954393388.3804,7218.391098156113,597.6633937782788,5976.633937782787,True,1,0.047221,1055.8596735331455,405.1949933879172,365.378648970229,359.1553747249105,92.58946221251004,365.378648970229,330.73234340245347,325.00075295785484,1.368789526168257e-10,359.1553747249105,325.00075295785484,319.9323367427748,-12.71610743215706
938a7de69ec2da92,True,36.025,16.0,2.0,339.9715566464229,1699.8577832323015,2536954393388.3804,7218.391098156113,597.6633937782788,5976.633937782787,True,2,0.063221,1060.1403226841646,407.0579006476771,365.3738345132168,357.9114485270879,-86.73400215138041,365.3738345132168,330.73246132422,325.00076183705,-175.66380182562528,357.9114485270879,325.00076183705,322.34996071226755,-12.71610743178735
938a7de69ec2da92,True,36.025,16.0,2.0,339.9715566464229,1699.8577832323015,2536954393388.3804,7218.391098156113,597.6633937782788,5976.633937782787,True,3,0.079221,1066.9998929040562,408.9189357578468,365.3690241705743,356.12736793436255,92.58946221252096,365.3690241705743,330.7330493901642,325.00075284616696,351.3276036516612,356.12736793436255,325.00075284616696,327.34790775604523,-12.716107432157969
938a7de69ec2da92,True,36.025,16.0,2.0,339.9715566464229,1699.8577832323015,2536954393388.3804,7218.391098156113,597.6633937782788,5976.633937782787,True,4,0.095221,1077.3979697573475,410.7818430176067,365.3642096621325,353.79339427637103,-86.73400215138041,365.3642096621325,330.734576201575,325.0007619487381,-526.9914054771496,353.79339427637103,325.0007619487381,335.8815505381658,-12.716107431781893
938a7de69ec2da92,True,36.025,16.0,2.0,339.9715566464229,1699.8577832323015,2536954393388.3804,7218.391098156113,597.6633937782788,5976.633937782787,True,5,0.111221,1092.2522155616143,412.6428781277764,365.3593993709194,350.9200048800052,92.58946221252096,365.3593993709194,330.73751035974146,325.00075273447897,702.6552073031854,350.9200048800052,325.00075273447897,348.8718270740964,-12.716107432131139
938a7de69ec2da92,True,36.025,16.0,2.0,339.9715566464229,1699.8577832323015,2536954393388.3804,7218.391098156113,597.6633937782788,5976.633937782787,True,6,0.127221,1112.5325546562653,414.5057853875363,365.354584811048,347.4962322906773,-86.73400215138041,365.354584811048,330.7423204659526,325.0007620604261,-878.319009128674,347.4962322906773,325.0007620604261,367.2844488027763,-12.716107431762794
938a7de69ec2da92,True,36.025,16.0,2.0,339.9715566464229,1699.8577832323015,2536954393388.3804,7218.391098156113,597.6633937782788,5976.633937782787,True,7,0.143221,1139.150386138941,416.366820497706,365.3497745712646,343.533285673612,92.5894622125155,365.3497745712646,330.74947512149765,325.0007526227911,1053.982810954696,343.533285673612,325.0007526227911,392.03409051973745,-12.716107431225282
938a7de69ec2da92,True,36.025,16.0,2.0,339.9715566464229,1699.8577832323015,2536954393388.3804,7218.391098156113,597.6633937782788,5976.633937782787,True,8,0.159221,1173.0823278197158,418.229727757466,365.34495995996366,339.0194656241152,-86.7340021512931,365.34495995996366,330.7594429276654,325.0007621721142,-1229.646612780228,339.0194656241152,325.0007621721142,424.09315713458454,-12.71610743268866
943ecc423cf91778,True,36.025,16.0,2.0,339.97155664644646,1699.8577832321837,2537706154867.268,7218.391098156113,597.6633937782788,5976.633937782787,True,1,0.047221,1070.5338637472016,586.6811839488106,381.2163716969757,370.73909830220583,92.58946221250277,381.2163716969757,248.3607030296274,241.53694333726267,9.00399754755199e-11,370.73909830220583,241.53694333726267,235.4919767687636,1592.2654952491748
943ecc423cf91778,True,36.025,16.0,2.0,339.97155664644646,1699.8577832321837,2537706154867.268,7218.391098156113,597.6633937782788,5976.633937782787,True,2,0.063221,1076.1969162596515,588.5440912085702,381.21155723996355,372.3489956381005,-86.73400215130401,381.21155723996355,248.36082095139395,241.53695221645776,-175.66380182567218,372.3489956381005,241.53695221645776,239.2920040996874,-12.71610743214569
943ecc423cf91778,True,36.025,16.0,2.0,339.97155664644646,1699.8577832321837,2537706154867.268,7218.391098156113,597.6633937782788,5976.633937782787,True,3,0.079221,1110.6858756581776,590.4051263187398,381.206746897321,367.71364567446176,92.58946221254824,381.206746897321,248.3614090173381,241.53918462607766,351.32760365161425,367.71364567446176,241.53918462607766,271.91934032209963,1592.265495248983
943ecc423cf91778,True,36.025,16.0,2.0,339.97155664644646,1699.8577832321837,2537706154867.268,7218.391098156113,597.6633937782788,5976.633937782787,True,4,0.095221,1119.4770178814274,592.2680335784994,381.20193238887924,369.8685667404408,-86.73400215140406,381.20193238887924,248.3629358287489,241.54140693543476,-526.9914054771964,369.8685667404408,241.54140693543476,278.84604847417904,-12.71610743178735
943ecc423cf91778,True,36.025,16.0,2.0,339.97155664644646,1699.8577832321837,2537706154867.268,7218.391098156113,597.6633937782788,5976.633937782787,True,5,0.111221,1146.6081010172438,594.129068688669,381.1971220976661,365.7779953871519,92.58946221264829,381.1971220976661,248.3658699869154,241.54588052218165,702.6552073031387,365.7779953871519,241.54588052218165,304.1131623416593,1592.2654952485836
943ecc423cf91778,True,36.025,16.0,2.0,339.97155664644646,1699.8577832321837,2537706154867.268,7218.391098156113,597.6633937782788,5976.633937782787,True,6,0.127221,1159.4706179355894,595.9919759484286,381.19230753779476,368.47794018321554,-86.73400215150228,381.19230753779476,248.3706800931266,241.55031626170063,-878.3190091287207,368.47794018321554,241.55031626170063,315.1079618940342,-12.716107431429009
943ecc423cf91778,True,36.025,16.0,2.0,339.97155664644646,1699.8577832321837,2537706154867.268,7218.391098156113,597.6633937782788,5976.633937782787,True,7,0.143221,1180.1871097929923,597.8530110585982,381.18749729801135,364.932147440276,92.58946221260645,381.18749729801135,248.37783474867152,241.55703102557456,1053.9828109546766,364.932147440276,241.55703102557456,333.9562639857226,1592.2654952497269
943ecc423cf91778,True,36.025,16.0,2.0,339.97155664644646,1699.8577832321837,2537706154867.268,7218.391098156113,597.6633937782788,5976.633937782787,True,8,0.159221,1198.0617875340824,599.7159183183578,381.1826826867104,368.1768674375917,-86.73400215140042,381.1826826867104,248.38780255483925,241.56368019525553,-1229.6466127802473,368.1768674375917,241.56368019525553,349.9580666608853,-12.716107430398552
95d0e6179492fa7a,True,36.025,16.0,2.0,339.97155664647005,1699.8577832323015,2537897794761.841,7218.391098156113,597.6633937782788,5976.633937782787,True,1,0.047221,1119.6635523327102,1118.8847592088446,0.0,-14.476850987722745,92.58946221253187,0.0,0.0,0.0,0.0,-14.476850987722745,0.0,0.7787931238656026,1592.2654952490716
95d0e6179492fa7a,True,36.025,16.0,2.0,339.97155664647005,1699.8577832323015,2537897794761.841,7218.391098156113,597.6633937782788,5976.633937782787,True,2,0.063221,1125.3266048451599,1120.747666468604,-0.004814457012098198,-12.866953651828037,-86.73400215127491,-0.004814457012098198,0.00011792176654171804,8.879195109494414e-06,-175.66380182576222,-12.866953651828037,8.879195109494414e-06,4.5788204547893745,-12.716107432247554
95d0e6179492fa7a,True,36.025,16.0,2.0,339.97155664647005,1699.8577832323015,2537897794761.841,7218.391098156113,597.6633937782788,5976.633937782787,True,3,0.079221,1132.4299828337887,1122.6087015787732,-0.009624799654693181,-14.778658980776969,92.58946221257735,-0.00962479965469318,0.0007059877106867146,0.002241288815000832,351.3276036515242,-14.778658980776969,0.002241288815000832,9.820575267304784,1592.2654952489006
95d0e6179492fa7a,True,36.025,16.0,2.0,339.97155664647005,1699.8577832323015,2537897794761.841,7218.391098156113,597.6633937782788,5976.633937782787,True,4,0.095221,1145.2892164573336,1124.4716088385326,-0.014439308096410173,-12.07871418471331,-86.73400215137495,-0.014439308096410171,0.0022327991214746764,0.004463598172057977,-526.9914054772864,-12.07871418471331,0.004463598172057977,20.815374819679565,-12.716107431861928
95d0e6179492fa7a,True,36.025,16.0,2.0,339.97155664647005,1699.8577832323015,2537897794761.841,7218.391098156113,597.6633937782788,5976.633937782787,True,5,0.111221,1160.524086620705,1126.3326439487018,-0.019249599309386377,-15.079728317302786,92.58946221267739,-0.019249599309386373,0.005166957287945289,0.008937184918959607,702.6552073030487,-15.079728317302786,0.008937184918959607,34.18627571471528,1592.2654952485436
95d0e6179492fa7a,True,36.025,16.0,2.0,339.97155664647005,1699.8577832323015,2537897794761.841,7218.391098156113,597.6633937782788,5976.633937782787,True,6,0.127221,1184.344089940623,1128.1955512084612,-0.024064159180722144,-11.289984589902868,-86.73400215147318,-0.02406415918072214,0.009977063499138237,0.013372924437962334,-878.3190091288108,-11.289984589902868,0.013372924437962334,56.13856166866269,-12.716107431465389
95d0e6179492fa7a,True,36.025,16.0,2.0,339.97155664647005,1699.8577832323015,2537897794761.841,7218.391098156113,597.6633937782788,5976.633937782787,True,7,0.143221,1211.4793935738178,1130.0565863186305,-0.02887439896408137,-15.380555943192002,92.58946221263555,-0.028874398964081366,0.01713171904409327,0.020087688311883418,1053.9828109545865,-15.380555943192002,0.020087688311883418,81.40567553614332,1592.2654952498478
95d0e6179492fa7a,True,36.025,16.0,2.0,339.97155664647005,1699.8577832323015,2537897794761.841,7218.391098156113,597.6633937782788,5976.633937782787,True,8,0.159221,1250.029752888684,1131.9194935783898,-0.03368901026503589,-10.500764755622907,-86.73400215137131,-0.03368901026503588,0.02709952521185004,0.026736857992829655,-1229.6466127803374,-10.500764755622907,0.026736857992829655,118.08315978508215,-12.71610742984376
961e602e1784b9c5,True,36.025,16.0,2.0,339.97155664647005,1699.8577832323015,2163395641565.6353,7218.391098156113,597.6633937782788,5976.633937782787,True,1,0.047221,1119.6635523327102,1118.8847592088446,0.0,-14.476850987722745,92.58946221253187,0.0,0.0,0.0,0.0,-14.476850987722745,0.0,0.7787931238656026,1592.2654952490716
961e602e1784b9c5,True,36.025,16.0,2.0,339.97155664647005,1699.8577832323015,2163395641565.6353,7218.391098156113,597.6633937782788,5976.633937782787,True,2,0.063221,1123.8134242405595,1120.747666468604,-0.004814457012098198,-15.591823773417698,-86.73400215127491,-0.004814457012098198,0.00011792176654171804,8.879195109495686e-06,-175.66380182576222,-15.591823773417698,8.879195109495686e-06,3.065639850189,-12.716107432249373
961e602e1784b9c5,True,36.025,16.0,2.0,339.97155664647005,1699.8577832323015,2163395641565.6353,7218.391098156113,597.6633937782788,5976.633937782787,True,3,0.079221,1128.6395607674351,1122.6087015787732,-0.009624799654693181,-17.049422718545667,92.58946221257735,-0.00962479965469318,0.0007059877106867146,0.0022412888150008105,351.3276036515242,-17.049422718545667,0.0022412888150008105,6.030153200951177,1592.2654952488815
961e602e1784b9c5,True,36.025,16.0,2.0,339.97155664647005,1699.8577832323015,2163395641565.6353,7218.391098156113,597.6633937782788,5976.633937782787,True,4,0.095221,1134.3671426387311,1124.4716088385326,-0.014439308096410173,-18.52774465763025,-86.73400215137495,-0.014439308096410171,0.0022327991214746764,0.004463598172058009,-526.9914054772864,-18.52774465763025,0.004463598172058009,9.893301001077141,-12.716107431880573
961e602e1784b9c5,True,36.025,16.0,2.0,339.97155664647005,1699.8577832323015,2163395641565.6353,7218.391098156113,597.6633937782788,5976.633937782787,True,5,0.111221,1143.1518754251724,1126.3326439487018,-0.019249599309386377,-20.71171508322457,92.58946221267739,-0.019249599309386373,0.005166957287945289,0.008937184918959552,702.6552073030487,-20.71171508322457,0.008937184918959552,16.814064519182704,1592.265495248499
961e602e1784b9c5,True,36.025,16.0,2.0,339.97155664647005,1699.8577832323015,2163395641565.6353,7218.391098156113,597.6633937782788,5976.633937782787,True,6,0.127221,1156.1199922874393,1128.1955512084612,-0.024064159180722144,-23.279835953645414,-86.73400215147318,-0.02406415918072214,0.009977063499138237,0.013372924437962327,-878.3190091288108,-23.279835953645414,0.013372924437962327,27.914464015479044,-12.716107431519049
961e602e1784b9c5,True,36.025,16.0,2.0,339.97155664647005,1699.8577832323015,2163395641565.6353,7218.391098156113,597.6633937782788,5976.633937782787,True,7,0.143221,1177.8423023280257,1130.0565863186305,-0.02887439896408137,-26.916549340172548,92.58946221263555,-0.028874398964081366,0.01713171904409327,0.02008768831188234,1053.9828109545865,-26.916549340172548,0.02008768831188234,47.7685842903511,1592.2654952496614
961e602e1784b9c5,True,36.025,16.0,2.0,339.97155664647005,1699.8577832323015,2163395641565.6353,7218.391098156113,597.6633937782788,5976.633937782787,True,8,0.159221,1211.2477923818276,1131.9194935783898,-0.03368901026503589,-31.301415977541605,-86.73400215137131,-0.03368901026503588,0.02709952521185004,0.02673685799284275,-1229.6466127803374,-31.301415977541605,0.02673685799284275,79.30119927822577,-12.716107432532226
9753bcc188473b8e,True,36.025,16.0,2.0,215.61262788333624,1078.0631394166505,1249520666054.122,7218.391098156113,597.6633937782788,5976.633937782787,True,1,0.047221,999.5597464333921,5.170038849912754,60.05190294965897,-0.8281769905241686,92.58946221232996,60.05190294965897,993.6109144596137,-13.648673997198577,1.9736035028472543e-10,-0.8281769905241686,-13.648673997198577,0.7787931238656026,1592.2654952490716
9753bcc188473b8e,True,36.025,16.0,2.0,215.61262788333624,1078.0631394166505,1249520666054.122,7218.391098156113,597.6633937782788,5976.633937782787,True,2,0.063221,1003.7096183412418,7.032946109672605,60.04708849264689,-1.9431497762191066,-86.73400215147682,60.04708849264689,993.6110323813803,-13.648665118003487,-175.66380182556486,-1.9431497762191066,-13.648665118003487,3.065639850189,-12.716107432249373
9753bcc188473b8e,True,36.025,16.0,2.0,215.61262788333624,1078.0631394166505,1249520666054.122,7218.391098156113,597.6633937782788,5976.633937782787,True,3,0.079221,1008.1593975908484,8.893981219842077,60.042278150004286,-3.310076494818296,92.58946221237544,60.042278150004286,993.6116204473244,-13.646432708383575,351.3276036517216,-3.310076494818296,-13.646432708383575,5.653795923681895,1592.2654952488856
9753bcc188473b8e,True,36.025,16.0,2.0,215.61262788333624,1078.0631394166505,1249520666054.122,7218.391098156113,597.6633937782788,5976.633937782787,True,4,0.095221,1012.3106783883425,10.756888479601926,60.03746364156258,-4.42504928051322,-86.73400215157686,60.03746364156258,993.6131472587352,-13.644210399026539,-526.9914054770891,-4.42504928051322,-13.644210399026539,7.940642650005274,-12.716107431876935
9753bcc188473b8e,True,36.025,16.0,2.0,215.61262788333624,1078.0631394166505,1249520666054.122,7218.391098156113,597.6633937782788,5976.633937782787,True,5,0.111221,1016.7628037301714,12.617923589771399,60.0326533503496,-5.791975999112408,92.58946221247366,60.0326533503496,993.6160814169018,-13.639736812279615,702.655207303246,-5.791975999112408,-13.639736812279615,10.528798723498152,1592.265495248515
9753bcc188473b8e,True,36.025,16.0,2.0,215.61262788333624,1078.0631394166505,1249520666054.122,7218.391098156113,597.6633937782788,5976.633937782787,True,6,0.127221,1020.917367822466,14.48083084953125,60.02783879047828,-6.906948784807331,-86.7340021516769,60.02783879047828,993.6208915231132,-13.635301072760633,-878.3190091286134,-6.906948784807331,-13.635301072760633,12.815645449821519,-12.71610743149904
9753bcc188473b8e,True,36.025,16.0,2.0,215.61262788333624,1078.0631394166505,1249520666054.122,7218.391098156113,597.6633937782788,5976.633937782787,True,7,0.143221,1025.3737136616735,16.34186595970073,60.023028550694896,-8.273875503406593,92.58946221243183,60.023028550694896,993.6280461786582,-13.628586308886696,1053.9828109547839,-8.273875503406593,-13.628586308886696,15.403801523314494,1592.2654952490716
9753bcc188473b8e,True,36.025,16.0,2.0,215.61262788333624,1078.0631394166505,1249520666054.122,7218.391098156113,597.6633937782788,5976.633937782787,True,8,0.159221,1029.5334354539243,18.204773219460595,60.01821393939395,-9.38884828910153,-86.73400215157504,60.01821393939395,993.6380139848259,-13.62193713920576,-1229.64661278014,-9.38884828910153,-13.62193713920576,17.69064824963787,-12.716107432243916
9973b2a8072f1408,True,36.025,16.0,2.0,339.97155664644646,1699.8577832321837,2536954393388.381,7218.391098156113,597.6633937782788,5976.633937782787,True,1,0.047221,1055.8596735331455,405.1949933879172,365.378648970229,359.1553747249105,92.58946221251004,365.378648970229,330.73234340245347,325.00075295785484,1.368789526168257e-10,359.1553747249105,325.00075295785484,319.9323367427748,-12.71610743215706
9973b2a8072f1408,True,36.025,16.0,2.0,339.97155664644646,1699.8577832321837,2536954393388.381,7218.391098156113,597.6633937782788,5976.633937782787,True,2,0.063221,1061.3237796478122,407.0579006476771,365.3738345132168,360.63631864867756,-86.73400215138041,365.3738345132168,330.73246132422,325.00076183705,-175.66380182562528,360.63631864867756,325.00076183705,323.5334176759151,-12.716107431778255
9973b2a8072f1408,True,36.025,16.0,2.0,339.97155664644646,1699.8577832321837,2536954393388.381,7218.391098156113,597.6633937782788,5976.633937782787,True,3,0.079221,1095.2268430001118,408.9189357578468,365.3690241705743,356.12859342126245,92.58946221252096,365.3690241705743,330.7330493901642,325.00075284616696,351.3276036516612,356.12859342126245,325.00075284616696,355.57485785210093,-12.71610743214842
9973b2a8072f1408,True,36.025,16.0,2.0,339.97155664644646,1699.8577832321837,2536954393388.381,7218.391098156113,597.6633937782788,5976.633937782787,True,4,0.095221,1103.753088082728,410.7818430176067,365.3642096621325,358.15456107511386,-86.73400215138041,365.3642096621325,330.734576201575,325.0007619487381,-526.9914054771496,358.15456107511386,325.0007619487381,362.2366688635464,-12.716107431772343
9973b2a8072f1408,True,36.025,16.0,2.0,339.97155664644646,1699.8577832321837,2536954393388.381,7218.391098156113,597.6633937782788,5976.633937782787,True,5,0.111221,1130.3666990680251,412.6428781277764,365.3593993709194,354.19161445804855,92.58946221252096,365.3593993709194,330.73751035974146,325.00075273447897,702.6552073031854,354.19161445804855,325.00075273447897,386.98631058050734,-12.71610743214569
9973b2a8072f1408,True,36.025,16.0,2.0,339.97155664644646,1699.8577832321837,2536954393388.381,7218.391098156113,597.6633937782788,5976.633937782787,True,6,0.127221,1142.898368102887,414.5057853875363,365.354584811048,356.76260584198445,-86.73400215138041,365.354584811048,330.7423204659526,325.0007620604261,-878.319009128674,356.76260584198445,325.0007620604261,397.650262249398,-12.716107431772798
9973b2a8072f1408,True,36.025,16.0,2.0,339.97155664644646,1699.8577832321837,2536954393388.381,7218.391098156113,597.6633937782788,5976.633937782787,True,7,0.143221,1163.1658117054776,416.366820497706,365.3497745712646,353.3444378352687,92.5894622125155,365.3497745712646,330.74947512149765,325.0007526227911,1053.982810954696,353.3444378352687,325.0007526227911,416.0495160862739,-12.716107431368073
9973b2a8072f1408,True,36.025,16.0,2.0,339.97155664644646,1699.8577832321837,2536954393388.381,7218.391098156113,597.6633937782788,5976.633937782787,True,8,0.159221,1180.6437208935317,418.229727757466,365.34495995996366,356.4602044204565,-86.7340021512931,365.34495995996366,330.7594429276654,325.0007621721142,-1229.646612780228,356.4602044204565,325.0007621721142,431.65455020840034,-12.716107430736884
9c5948d9fa82f343,True,36.025,16.0,2.0,339.97155664647005,1699.8577832323015,2537897794761.841,7218.391098156113,597.6633937782788,5976.633937782787,True,1,0.047221,1119.6635523327102,1118.8847592088446,0.0,-14.476850987722745,92.58946221253187,0.0,0.0,0.0,0.0,-14.476850987722745,0.0,0.7787931238656026,1592.2654952490716
9c5948d9fa82f343,True,36.025,16.0,2.0,339.97155664647005,1699.8577832323015,2537897794761.841,7218.391098156113,597.6633937782788,5976.633937782787,True,2,0.063221,1125.3266048451599,1120.747666468604,-0.004814457012098198,-12.866953651828037,-86.73400215127491,-0.004814457012098198,0.00011792176654171804,8.879195109494414e-06,-175.66380182576222,-12.866953651828037,8.879195109494414e-06,4.5788204547893745,-12.716107432247554
9c5948d9fa82f343,True,36.025,16.0,2.0,339.97155664647005,1699.8577832323015,2537897794761.841,7218.391098156113,597.6633937782788,5976.633937782787,True,3,0.079221,1132.4299828337887,1122.6087015787732,-0.009624799654693181,-14.778658980776969,92.58946221257735,-0.00962479965469318,0.0007059877106867146,0.002241288815000832,351.3276036515242,-14.778658980776969,0.002241288815000832,9.820575267304784,1592.2654952489006
9c5948d9fa82f343,True,36.025,16.0,2.0,339.97155664647005,1699.8577832323015,2537897794761.841,7218.391098156113,597.6633937782788,5976.633937782787,True,4,0.095221,1145.2892164573336,1124.4716088385326,-0.014439308096410173,-12.07871418471331,-86.73400215137495,-0.014439308096410171,0.0022327991214746764,0.004463598172057977,-526.9914054772864,-12.07871418471331,0.004463598172057977,20.815374819679565,-12.716107431861928
9c5948d9fa82f343,True,36.025,16.0,2.0,339.97155664647005,1699.8577832323015,2537897794761.841,7218.391098156113,597.6633937782788,5976.633937782787,True,5,0.111221,1160.524086620705,1126.3326439487018,-0.019249599309386377,-15.079728317302786,92.58946221267739,-0.019249599309386373,0.005166957287945289,0.008937184918959607,702.6552073030487,-15.079728317302786,0.008937184918959607,34.18627571471528,1592.2654952485436
9c5948d9fa82f343,True,36.025,16.0,2.0,339.97155664647005,1699.8577832323015,2537897794761.841,7218.391098156113,597.6633937782788,5976.633937782787,True,6,0.127221,1184.344089940623,1128.1955512084612,-0.024064159180722144,-11.289984589902868,-86.73400215147318,-0.02406415918072214,0.009977063499138237,0.013372924437962334,-878.3190091288108,-11.289984589902868,0.013372924437962334,56.13856166866269,-12.716107431465389
9c5948d9fa82f343,True,36.025,16.0,2.0,339.97155664647005,1699.8577832323015,2537897794761.841,7218.391098156113,597.6633937782788,5976.633937782787,True,7,0.143221,1211.4793935738178,1130.0565863186305,-0.02887439896408137,-15.380555943192002,92.58946221263555,-0.028874398964081366,0.01713171904409327,0.020087688311883418,1053.9828109545865,-15.380555943192002,0.020087688311883418,81.40567553614332,1592.2654952498478
9c5948d9fa82f343,True,36.025,16.0,2.0,339.97155664647005,1699.8577832323015,2537897794761.841,7218.391098156113,597.6633937782788,5976.633937782787,True,8,0.159221,1250.029752888684,1131.9194935783898,-0.03368901026503589,-10.500764755622907,-86.73400215137131,-0.03368901026503588,0.02709952521185004,0.026736857992829655,-1229.6466127803374,-10.500764755622907,0.026736857992829655,118.08315978508215,-12.71610742984376
9d4b219532bafcf8,True,36.025,16.0,2.0,124.3954083549914,621.9770417749392,1248577264680.6616,7218.391098156113,597.6633937782788,5976.633937782787,True,1,0.047221,1051.6895592382034,405.1949933879173,365.37864897022894,356.67601494046147,92.58946221248458,365.37864897022894,330.7323434024535,322.8578863632101,1.3460521586239338e-10,356.67601494046147,322.8578863632101,315.7622224478324,1592.265495249263
9d4b219532bafcf8,True,36.025,16.0,2.0,124.3954083549914,621.9770417749392,1248577264680.6616,7218.391098156113,597.6633937782788,5976.633937782787,True,2,0.063221,1055.839431146053,407.0579006476771,365.37383451321676,355.5610421547666,-86.7340021513222,365.37383451321676,330.7324613242201,322.8578952424053,-175.66380182562762,355.5610421547666,322.8578952424053,318.0490691741557,-12.716107432052922
9d4b219532bafcf8,True,36.025,16.0,2.0,124.3954083549914,621.9770417749392,1248577264680.6616,7218.391098156113,597.6633937782788,5976.633937782787,True,3,0.079221,1060.2892103956597,408.9189357578467,365.3690241705742,354.1941154361674,92.58946221253005,365.3690241705742,330.73304939016424,322.8601276520252,351.3276036516588,354.1941154361674,322.8601276520252,320.6372252476487,1592.265495249082
9d4b219532bafcf8,True,36.025,16.0,2.0,124.3954083549914,621.9770417749392,1248577264680.6616,7218.391098156113,597.6633937782788,5976.633937782787,True,4,0.095221,1064.4404911931538,410.78184301760655,365.36420966213245,353.0791426504724,-86.73400215142225,365.36420966213245,330.73457620157507,322.8623499613822,-526.9914054771518,353.0791426504724,322.8623499613822,322.924071973972,-12.716107431680484
9d4b219532bafcf8,True,36.025,16.0,2.0,124.3954083549914,621.9770417749392,1248577264680.6616,7218.391098156113,597.6633937782788,5976.633937782787,True,5,0.111221,1068.8926165349826,412.64287812777616,365.35939937091933,351.7122159318733,92.5894622126301,365.35939937091933,330.7375103597415,322.86682354812916,702.6552073031833,351.7122159318733,322.86682354812916,325.51222804746493,1592.2654952487114
9d4b219532bafcf8,True,36.025,16.0,2.0,124.3954083549914,621.9770417749392,1248577264680.6616,7218.391098156113,597.6633937782788,5976.633937782787,True,6,0.127221,1073.047180627277,414.50578538753604,365.35458481104797,350.59724314617836,-86.73400215152047,365.35458481104797,330.7423204659527,322.87125928764834,-878.3190091286762,350.59724314617836,322.87125928764834,327.7990747737883,-12.71610743130259
9d4b219532bafcf8,True,36.025,16.0,2.0,124.3954083549914,621.9770417749392,1248577264680.6616,7218.391098156113,597.6633937782788,5976.633937782787,True,7,0.143221,1077.5035264664846,416.36682049770565,365.34977457126456,349.230316427579,92.58946221258826,365.34977457126456,330.7494751214977,322.87797405152236,1053.9828109547211,349.230316427579,322.87797405152236,330.3872308472813,1592.265495249268
9d4b219532bafcf8,True,36.025,16.0,2.0,124.3954083549914,621.9770417749392,1248577264680.6616,7218.391098156113,597.6633937782788,5976.633937782787,True,8,0.159221,1081.6632482587356,418.2297277574655,365.3449599599636,348.1153436418842,-86.73400215141861,365.3449599599636,330.7594429276655,322.8846232212034,-1229.6466127802028,348.1153436418842,322.8846232212034,332.6740775736047,-12.716107432047465
9d4f73a8ab5bf75f,True,36.025,16.0,2.0,582.8161998778448,2914.080999389545,3550215682468.7446,7218.391098156113,597.6633937782788,5976.633937782787,True,1,0.047221,1119.5479334383626,1118.8847592088441,0.0,-10.426160434972052,92.5894622125628,0.0,0.0,0.0,0.0,-10.426160434972052,0.0,0.6631742295186049,-12.716107432290073
9d4f73a8ab5bf75f,True,36.025,16.0,2.0,582.8161998778448,2914.080999389545,3550215682468.7446,7218.391098156113,597.6633937782788,5976.633937782787,True,2,0.063221,1124.6654424615265,1120.7476664686037,-0.004814457012098193,-9.154143875356757,-86.73400215132766,-0.004814457012098193,0.00011792176654171839,8.879195109262645e-06,-175.66380182576216,-9.154143875356757,8.879195109262645e-06,3.917658071156307,-12.716107431915589
9d4f73a8ab5bf75f,True,36.025,16.0,2.0,582.8161998778448,2914.080999389545,3550215682468.7446,7218.391098156113,597.6633937782788,5976.633937782787,True,3,0.079221,1130.8449725387654,1122.6087015787734,-0.00962479965469319,-10.645783486557175,92.58946221257371,-0.00962479965469319,0.0007059877106867148,-1.1168798916841343e-07,351.3276036515243,-10.645783486557175,-1.1168798916841343e-07,8.235564972281267,-12.71610743218298
9d4f73a8ab5bf75f,True,36.025,16.0,2.0,582.8161998778448,2914.080999389545,3550215682468.7446,7218.391098156113,597.6633937782788,5976.633937782787,True,4,0.095221,1142.2485314559228,1124.471608838533,-0.014439308096410168,-8.451009865507155,-86.73400215132766,-0.014439308096410168,0.002232799121474673,8.990883097101362e-06,-526.9914054772864,-8.451009865507155,8.990883097101362e-06,17.774689818268403,-12.716107431813725
9d4f73a8ab5bf75f,True,36.025,16.0,2.0,582.8161998778448,2914.080999389545,3550215682468.7446,7218.391098156113,597.6633937782788,5976.633937782787,True,5,0.111221,1155.4254039095936,1126.3326439487028,-0.019249599309386366,-10.865114220589263,92.58946221257371,-0.019249599309386366,0.005166957287945275,-2.2337597923495236e-07,702.6552073030485,-10.865114220589263,-2.2337597923495236e-07,29.08759300360301,-12.716107432081117
9d4f73a8ab5bf75f,True,36.025,16.0,2.0,582.8161998778448,2914.080999389545,3550215682468.7446,7218.391098156113,597.6633937782788,5976.633937782787,True,6,0.127221,1176.4387979614219,1128.1955512084623,-0.02406415918072214,-7.747460798404936,-86.73400215132766,-0.02406415918072214,0.009977063499138206,9.102571084080841e-06,-878.3190091288109,-7.747460798404936,9.102571084080841e-06,48.233269689460414,-12.716107431724595
9d4f73a8ab5bf75f,True,36.025,16.0,2.0,582.8161998778448,2914.080999389545,3550215682468.7446,7218.391098156113,597.6633937782788,5976.633937782787,True,7,0.143221,1199.9345900859162,1130.056586318632,-0.028874398964077612,-11.083907212870388,92.58946221256825,-0.028874398964077612,0.017131719044093024,-3.350639668669615e-07,1053.9828109545592,-11.083907212870388,-3.350639668669615e-07,69.86087204823991,-12.71610743038218
9d4f73a8ab5bf75f,True,36.025,16.0,2.0,582.8161998778448,2914.080999389545,3550215682468.7446,7218.391098156113,597.6633937782788,5976.633937782787,True,8,0.159221,1233.8790492392964,1131.9194935783917,-0.03368901026503652,-7.043496729250939,-86.73400215124035,-0.03368901026503652,0.027099525211849825,9.214259055009063e-06,-1229.6466127803649,-7.043496729250939,9.214259055009063e-06,101.93245613569286,-12.71610742838493
9e5d80a2512975f3,True,36.025,16.0,2.0,339.9715566464229,1699.8577832323015,2536954393388.3804,7218.391098156113,597.6633937782788,5976.633937782787,True,1,0.047221,1055.8596735331455,405.1949933879172,365.378648970229,359.1553747249105,92.58946221251004,365.378648970229,330.73234340245347,325.00075295785484,1.368789526168257e-10,359.1553747249105,325.00075295785484,319.9323367427748,-12.71610743215706
9e5d80a2512975f3,True,36.025,16.0,2.0,339.9715566464229,1699.8577832323015,2536954393388.3804,7218.391098156113,597.6633937782788,5976.633937782787,True,2,0.063221,1061.3237796478122,407.0579006476771,365.3738345132168,360.63631864867756,-86.73400215138041,365.3738345132168,330.73246132422,325.00076183705,-175.66380182562528,360.63631864867756,325.00076183705,323.5334176759151,-12.716107431778255
9e5d80a2512975f3,True,36.025,16.0,2.0,339.9715566464229,1699.8577832323015,2536954393388.3804,7218.391098156113,597.6633937782788,5976.633937782787,True,3,0.079221,1068.1833498677038,408.9189357578468,365.3690241705743,358.8522380559522,92.58946221252096,365.3690241705743,330.7330493901642,325.00075284616696,351.3276036516612,358.8522380559522,325.00075284616696,328.53136471969276,-12.716107432143417
9e5d80a2512975f3,True,36.025,16.0,2.0,339.9715566464229,1699.8577832323015,2536954393388.3804,7218.391098156113,597.6633937782788,5976.633937782787,True,4,0.095221,1080.7117356077651,410.7818430176067,365.3642096621325,361.42322943988813,-86.73400215138041,365.3642096621325,330.734576201575,325.0007619487381,-526.9914054771496,361.42322943988813,325.0007619487381,339.1953163885834,-12.716107431772798
9e5d80a2512975f3,True,36.025,16.0,2.0,339.9715566464229,1699.8577832323015,2536954393388.3804,7218.391098156113,597.6633937782788,5976.633937782787,True,5,0.111221,1095.5659814120318,412.6428781277764,365.3593993709194,358.5498400435223,92.58946221252096,365.3593993709194,330.73751035974146,325.00075273447897,702.6552073031854,358.5498400435223,325.00075273447897,352.185592924514,-12.716107432131139
9e5d80a2512975f3,True,36.025,16.0,2.0,339.9715566464229,1699.8577832323015,2536954393388.3804,7218.391098156113,597.6633937782788,5976.633937782787,True,6,0.127221,1118.923265436064,414.5057853875363,365.354584811048,362.2106303587944,-86.73400215138041,365.354584811048,330.7423204659526,325.0007620604261,-878.319009128674,362.2106303587944,325.0007620604261,373.67515958257513,-12.716107431777345
9e5d80a2512975f3,True,36.025,16.0,2.0,339.9715566464229,1699.8577832323015,2536954393388.3804,7218.391098156113,597.6633937782788,5976.633937782787,True,7,0.143221,1145.5410969187399,416.366820497706,365.3497745712646,358.2476837417291,92.5894622125155,365.3497745712646,330.74947512149765,325.0007526227911,1053.982810954696,358.2476837417291,325.0007526227911,398.4248012995363,-12.716107431239834
9e5d80a2512975f3,True,36.025,16.0,2.0,339.9715566464229,1699.8577832323015,2536954393388.3804,7218.391098156113,597.6633937782788,5976.633937782787,True,8,0.159221,1183.4968354520195,418.229727757466,365.34495995996366,362.9985215171704,-86.7340021512931,365.34495995996366,330.7594429276654,325.0007621721142,-1229.646612780228,362.9985215171704,325.0007621721142,434.5076647668881,-12.716107430152988
a0ab739ec2c11dc8,True,36.025,16.0,1.9999999999999998,299.97168413581517,1499.8584206790326,1533713259573.4902,3718.565111171331,597.6633937782788,5976.633937782787,True,1,0.047221,972.2623984389946,5.170038849912754,0.0,59.22372595913476,92.58946221232996,0.0,0.0,0.0,0.0,59.22372595913476,0.0,967.0923595890819,1592.2654952493258
a0ab739ec2c11dc8,True,36.025,16.0,1.9999999999999998,299.97168413581517,1499.8584206790326,1533713259573.4902,3718.565111171331,597.6633937782788,5976.633937782787,True,2,0.063221,977.9254509514446,7.032946109672605,-0.004814457012098056,60.83362329502949,-86.73400215147682,-0.004814457012098056,0.00011792176654171804,8.879195109316598e-06,-175.66380182576222,60.83362329502949,8.879195109316598e-06,970.8923869200055,-12.716107431992896
a0ab739ec2c11dc8,True,36.025,16.0,1.9999999999999998,299.97168413581517,1499.8584206790326,1533713259573.4902,3718.565111171331,597.6633937782788,5976.633937782787,True,3,0.079221,1005.0541879950387,8.893981219842077,-0.00962479965469318,56.7430519417404,92.58946221237544,-0.00962479965469318,0.0007059877106867146,0.0022412888150007896,351.3276036515242,56.7430519417404,0.0022412888150007896,996.1595007874859,1592.2654952491312
a0ab739ec2c11dc8,True,36.025,16.0,1.9999999999999998,299.97168413581517,1499.8584206790326,1533713259573.4902,3718.565111171331,597.6633937782788,5976.633937782787,True,4,0.095221,1022.9204247413712,10.756888479601926,-0.014439308096410027,59.98777193905581,-86.73400215157686,-0.014439308096410027,0.0022327991214746764,0.004463598172057775,-526.9914054772864,59.98777193905581,0.004463598172057775,1012.1613034626478,-12.716107431636374
a1d965c47ba6af4d,True,36.025,16.0,2.0,219.9719391145372,1099.8596955728071,1744153653676.379,7218.391098156113,597.6633937782788,5976.633937782787,True,1,0.047221,1119.5479334383626,1118.8847592088441,0.0,-10.426160434972052,92.5894622125628,0.0,0.0,0.0,0.0,-10.426160434972052,0.0,0.6631742295186049,-12.716107432290073
a1d965c47ba6af4d,True,36.025,16.0,2.0,219.9719391145372,1099.8596955728071,1744153653676.379,7218.391098156113,597.6633937782788,5976.633937782787,True,2,0.063221,1125.0120395530291,1120.7476664686037,-0.004814457012098193,-8.94521651120511,-86.73400215132766,-0.004814457012098193,0.00011792176654171839,8.87919510926328e-06,-175.66380182576216,-8.94521651120511,8.87919510926328e-06,4.264255162658867,-12.716107431916498
a1d965c47ba6af4d,True,36.025,16.0,2.0,219.9719391145372,1099.8596955728071,1744153653676.379,7218.391098156113,597.6633937782788,5976.633937782787,True,3,0.079221,1130.4607566381903,1122.6087015787734,-0.00962479965469319,-10.456783590225967,92.58946221257371,-0.00962479965469319,0.0007059877106867148,-1.1168798930940228e-07,351.3276036515243,-10.456783590225967,-1.1168798930940228e-07,7.8513490717062115,-12.716107432284844
a1d965c47ba6af4d,True,36.025,16.0,2.0,219.9719391145372,1099.8596955728071,1744153653676.379,7218.391098156113,597.6633937782788,5976.633937782787,True,4,0.095221,1138.9870017208063,1124.471608838533,-0.014439308096410168,-8.430815936374552,-86.73400215132766,-0.014439308096410168,0.002232799121474673,8.990883097022992e-06,-526.9914054772864,-8.430815936374552,8.990883097022992e-06,14.513160083151796,-12.716107431910586
a1d965c47ba6af4d,True,36.025,16.0,2.0,219.9719391145372,1099.8596955728071,1744153653676.379,7218.391098156113,597.6633937782788,5976.633937782787,True,5,0.111221,1147.4937303911802,1126.3326439487028,-0.019249599309386366,-10.487161625745172,92.58946221257371,-0.019249599309386366,0.005166957287945275,-2.2337597969018895e-07,702.6552073030485,-10.487161625745172,-2.2337597969018895e-07,21.15591948518957,-12.716107432288482
a1d965c47ba6af4d,True,36.025,16.0,2.0,219.9719391145372,1099.8596955728071,1744153653676.379,7218.391098156113,597.6633937782788,5976.633937782787,True,6,0.127221,1160.0253994260418,1128.1955512084623,-0.02406415918072214,-7.916170241809288,-86.73400215132766,-0.02406415918072214,0.009977063499138206,9.102571083731239e-06,-878.3190091288109,-7.916170241809288,9.102571083731239e-06,31.819871154080346,-12.716107431918317
a1d965c47ba6af4d,True,36.025,16.0,2.0,219.9719391145372,1099.8596955728071,1744153653676.379,7218.391098156113,597.6633937782788,5976.633937782787,True,7,0.143221,1172.5334246659247,1130.056586318632,-0.028874398964077612,-10.517294541529699,92.58946221256825,-0.028874398964077612,0.017131719044093024,-3.350639714686176e-07,1053.9828109545592,-10.517294541529699,-3.350639714686176e-07,42.45970662824848,-12.716107431739147
a1d965c47ba6af4d,True,36.025,16.0,2.0,219.9719391145372,1099.8596955728071,1744153653676.379,7218.391098156113,597.6633937782788,5976.633937782787,True,8,0.159221,1190.0113338539784,1131.9194935783917,-0.03368901026503652,-7.40152795634192,-86.73400215124035,-0.03368901026503652,0.027099525211849825,9.2142590602555e-06,-1229.6466127803649,-7.40152795634192,9.2142590602555e-06,58.064740750374774,-12.716107431115233
a29db97dc86bbfa1,True,36.025,16.0,2.0,339.97155664642287,1699.8577832321246,2537897794761.841,7218.391098156113,597.6633937782788,5976.633937782787,True,1,0.047221,1119.6635523327102,1118.8847592088446,0.0,-14.476850987722745,92.58946221253187,0.0,0.0,0.0,0.0,-14.476850987722745,0.0,0.7787931238656026,1592.2654952490716
a29db97dc86bbfa1,True,36.025,16.0,2.0,339.97155664642287,1699.8577832321246,2537897794761.841,7218.391098156113,597.6633937782788,5976.633937782787,True,2,0.063221,1153.0591925021108,1120.747666468604,-0.004814457012098198,-18.861717625091824,-86.73400215127491,-0.004814457012098198,0.00011792176654171804,8.879195109502672e-06,-175.66380182576222,-18.861717625091824,8.879195109502672e-06,32.311408111740434,-12.716107432259378
a29db97dc86bbfa1,True,36.025,16.0,2.0,339.97155664642287,1699.8577832321246,2537897794761.841,7218.391098156113,597.6633937782788,5976.633937782787,True,3,0.079221,1180.1879295457045,1122.6087015787732,-0.009624799654693181,-22.95228897838081,92.58946221257735,-0.00962479965469318,0.0007059877106867146,0.0022412888150007935,351.3276036515242,-22.95228897838081,0.0022412888150007935,57.57852197922062,1592.2654952488692
a29db97dc86bbfa1,True,36.025,16.0,2.0,339.97155664642287,1699.8577832321246,2537897794761.841,7218.391098156113,597.6633937782788,5976.633937782787,True,4,0.095221,1200.0704352042826,1124.4716088385326,-0.014439308096410173,-26.24710815558094,-86.73400215137495,-0.014439308096410171,0.0022327991214746764,0.004463598172058048,-526.9914054772864,-26.24710815558094,0.004463598172058048,75.59659356662856,-12.716107431907403
a29db97dc86bbfa1,True,36.025,16.0,2.0,339.97155664642287,1699.8577832321246,2537897794761.841,7218.391098156113,597.6633937782788,5976.633937782787,True,5,0.111221,1215.305305367654,1126.3326439487018,-0.019249599309386377,-29.248122288170407,92.58946221267739,-0.019249599309386373,0.005166957287945289,0.00893718491895965,702.6552073030487,-29.248122288170407,0.00893718491895965,88.9674944616643,1592.2654952485
a29db97dc86bbfa1,True,36.025,16.0,2.0,339.97155664642287,1699.8577832321246,2537897794761.841,7218.391098156113,597.6633937782788,5976.633937782787,True,6,0.127221,1225.4439867868755,1128.1955512084612,-0.024064159180722144,-31.453142534034292,-86.73400215147318,-0.02406415918072214,0.009977063499138237,0.013372924437962468,-878.3190091288108,-31.453142534034292,0.013372924437962468,97.23845851491528,-12.716107431529053
a29db97dc86bbfa1,True,36.025,16.0,2.0,339.97155664642287,1699.8577832321246,2537897794761.841,7218.391098156113,597.6633937782788,5976.633937782787,True,7,0.143221,1232.5539313651054,1130.0565863186305,-0.02887439896408137,-33.36484786298331,92.58946221263555,-0.028874398964081366,0.01713171904409327,0.02008768831187871,1053.9828109545865,-33.36484786298331,0.02008768831187871,102.48021332743083,1592.2654952491885
a29db97dc86bbfa1,True,36.025,16.0,2.0,339.97155664642287,1699.8577832321246,2537897794761.841,7218.391098156113,597.6633937782788,5976.633937782787,True,8,0.159221,1236.713653157356,1131.9194935783898,-0.03368901026503589,-34.47982064867825,-86.73400215137131,-0.03368901026503588,0.02709952521185004,0.02673685799283455,-1229.6466127803374,-34.47982064867825,0.02673685799283455,104.76706005375424,-12.716107432127501
a358c685d2c9b293,True,36.025,16.0,2.0,339.9715566464229,1699.8577832323015,1874919978024.0603,7218.391098156113,597.6633937782788,5976.633937782787,True,1,0.047221,5.831539371746506,5.170038849912753,0.0,-0.48660369726422303,92.58946221235361,0.0,0.0,0.0,0.0,-0.48660369726422303,0.0,0.6615005218337525,-12.716107432290775
a358c685d2c9b293,True,36.025,16.0,2.0,339.9715566464229,1699.8577832323015,1874919978024.0603,7218.391098156113,597.6633937782788,5976.633937782787,True,2,0.063221,10.112188522765758,7.0329461096726,-0.004814457012098048,-1.7305298950869192,-86.73400215153684,-0.004814457012098048,0.00011792176654171839,8.879195109264549e-06,-175.66380182576216,-1.7305298950869192,8.879195109264549e-06,3.0791244913266156,-12.716107431918317
a358c685d2c9b293,True,36.025,16.0,2.0,339.9715566464229,1699.8577832323015,1874919978024.0603,7218.391098156113,597.6633937782788,5976.633937782787,True,3,0.079221,16.97175874265712,8.893981219842077,-0.009624799654693192,-3.514610487812173,92.58946221236452,-0.009624799654693192,0.0007059877106867148,-1.116879893124435e-07,351.3276036515243,-3.514610487812173,-1.116879893124435e-07,8.077071535104356,-12.716107432288936
a358c685d2c9b293,True,36.025,16.0,2.0,339.9715566464229,1699.8577832323015,1874919978024.0603,7218.391098156113,597.6633937782788,5976.633937782787,True,4,0.095221,27.36983559594866,10.756888479601924,-0.01443930809641002,-5.84858414580379,-86.73400215153684,-0.01443930809641002,0.002232799121474673,8.990883097023827e-06,-526.9914054772864,-5.84858414580379,8.990883097023827e-06,16.610714317225263,-12.71610743191286
a358c685d2c9b293,True,36.025,16.0,2.0,339.9715566464229,1699.8577832323015,1874919978024.0603,7218.391098156113,597.6633937782788,5976.633937782787,True,5,0.111221,42.22408140021529,12.617923589771403,-0.019249599309386373,-8.721973542169605,92.58946221236452,-0.019249599309386373,0.005166957287945275,-2.233759796154442e-07,702.6552073030485,-8.721973542169605,-2.233759796154442e-07,29.600990853155942,-12.716107432262106
a358c685d2c9b293,True,36.025,16.0,2.0,339.9715566464229,1699.8577832323015,1874919978024.0603,7218.391098156113,597.6633937782788,5976.633937782787,True,6,0.127221,62.50442049486647,14.480830849531248,-0.024064159180721998,-12.145746131497452,-86.73400215153684,-0.024064159180721998,0.009977063499138206,9.102571083806096e-06,-878.3190091288109,-12.145746131497452,9.102571083806096e-06,48.013612581836085,-12.71610743189376
a358c685d2c9b293,True,36.025,16.0,2.0,339.9715566464229,1699.8577832323015,1874919978024.0603,7218.391098156113,597.6633937782788,5976.633937782787,True,7,0.143221,89.12225197754206,16.341865959700723,-0.028874398964077622,-16.108692748562866,92.58946221235907,-0.028874398964077622,0.017131719044093024,-3.350639712914393e-07,1053.9828109545592,-16.108692748562866,-3.350639712914393e-07,72.76325429879725,-12.71610743135625
a358c685d2c9b293,True,36.025,16.0,2.0,339.9715566464229,1699.8577832323015,1874919978024.0603,7218.391098156113,597.6633937782788,5976.633937782787,True,8,0.159221,123.05419365831715,18.2047732194606,-0.033689010265036366,-20.622512798059642,-86.73400215144953,-0.033689010265036366,0.027099525211849825,9.2142590878106e-06,-1229.6466127803649,-20.622512798059642,9.2142590878106e-06,104.8223209136447,-12.716107432819626
a66bf2d85e30f3da,True,36.025,16.0,2.0,215.61262788333624,1078.0631394166505,1249520666054.122,7218.391098156113,597.6633937782788,5976.633937782787,True,1,0.047221,972.2623984389946,5.170038849912754,0.0,59.22372595913476,92.58946221232996,0.0,0.0,0.0,0.0,59.22372595913476,0.0,967.0923595890819,1592.2654952493258
a66bf2d85e30f3da,True,36.025,16.0,2.0,215.61262788333624,1078.0631394166505,1249520666054.122,7218.391098156113,597.6633937782788,5976.633937782787,True,2,0.063221,976.4122703468443,7.032946109672605,-0.004814457012098056,58.10875317343986,-86.73400215147682,-0.004814457012098056,0.00011792176654171804,8.879195109317866e-06,-175.66380182576222,58.10875317343986,8.879195109317866e-06,969.3792063154051,-12.716107431994715
a66bf2d85e30f3da,True,36.025,16.0,2.0,215.61262788333624,1078.0631394166505,1249520666054.122,7218.391098156113,597.6633937782788,5976.633937782787,True,3,0.079221,980.8620495964507,8.893981219842077,-0.00962479965469318,56.741826454840634,92.58946221237544,-0.00962479965469318,0.0007059877106867146,0.0022412888150008187,351.3276036515242,56.741826454840634,0.0022412888150008187,971.9673623888979,1592.2654952491403
a66bf2d85e30f3da,True,36.025,16.0,2.0,215.61262788333624,1078.0631394166505,1249520666054.122,7218.391098156113,597.6633937782788,5976.633937782787,True,4,0.095221,985.0133303939444,10.756888479601926,-0.014439308096410027,55.626853669145746,-86.73400215157686,-0.014439308096410027,0.0022327991214746764,0.004463598172057829,-526.9914054772864,55.626853669145746,0.004463598172057829,974.254209115221,-12.716107431622277
a66bf2d85e30f3da,True,36.025,16.0,2.0,215.61262788333624,1078.0631394166505,1249520666054.122,7218.391098156113,597.6633937782788,5976.633937782787,True,5,0.111221,989.4654557357732,12.617923589771399,-0.01924959930938638,54.25992695054651,92.58946221247366,-0.01924959930938638,0.005166957287945289,0.008937184918959593,702.6552073030487,54.25992695054651,0.008937184918959593,976.8423651887139,1592.2654952487696
a66bf2d85e30f3da,True,36.025,16.0,2.0,215.61262788333624,1078.0631394166505,1249520666054.122,7218.391098156113,597.6633937782788,5976.633937782787,True,6,0.127221,993.6200198280674,14.48083084953125,-0.024064159180721998,53.144954164851626,-86.7340021516769,-0.024064159180721998,0.009977063499138237,0.013372924437962163,-878.3190091288108,53.144954164851626,0.013372924437962163,979.129211915037,-12.716107431244382
a66bf2d85e30f3da,True,36.025,16.0,2.0,215.61262788333624,1078.0631394166505,1249520666054.122,7218.391098156113,597.6633937782788,5976.633937782787,True,7,0.143221,998.0763656672748,16.34186595970073,-0.02887439896408137,51.77802744625233,92.58946221243183,-0.02887439896408137,0.01713171904409327,0.020087688311877426,1053.9828109545865,51.77802744625233,0.020087688311877426,981.71736798853,1592.2654952493262
a66bf2d85e30f3da,True,36.025,16.0,2.0,215.61262788333624,1078.0631394166505,1249520666054.122,7218.391098156113,597.6633937782788,5976.633937782787,True,8,0.159221,1002.2360874595256,18.204773219460595,-0.03368901026503573,50.66305466055743,-86.73400215157504,-0.03368901026503573,0.02709952521185004,0.026736857992833166,-1229.6466127803374,50.66305466055743,0.026736857992833166,984.0042147148531,-12.716107431989258
a744ede2833c996a,True,36.025,16.0,2.0,339.9715566464229,1699.8577832323015,2537897794761.841,7218.391098156113,597.6633937782788,5976.633937782787,True,1,0.047221,1119.5479334383626,1118.8847592088441,0.0,-10.426160434972052,92.5894622125628,0.0,0.0,0.0,0.0,-10.426160434972052,0.0,0.6631742295186049,-12.716107432290073
a744ede2833c996a,True,36.025,16.0,2.0,339.9715566464229,1699.8577832323015,2537897794761.841,7218.391098156113,597.6633937782788,5976.633937782787,True,2,0.063221,1125.0120395530291,1120.7476664686037,-0.004814457012098193,-8.94521651120511,-86.73400215132766,-0.004814457012098193,0.00011792176654171839,8.87919510926328e-06,-175.66380182576216,-8.94521651120511,8.87919510926328e-06,4.264255162658867,-12.716107431916498
a744ede2833c996a,True,36.025,16.0,2.0,339.9715566464229,1699.8577832323015,2537897794761.841,7218.391098156113,597.6633937782788,5976.633937782787,True,3,0.079221,1131.8716097729207,1122.6087015787734,-0.00962479965469319,-10.729297103930335,92.58946221257371,-0.00962479965469319,0.0007059877106867148,-1.1168798930480712e-07,351.3276036515243,-10.729297103930335,-1.1168798930480712e-07,9.262202206436609,-12.71610743228166
a744ede2833c996a,True,36.025,16.0,2.0,339.9715566464229,1699.8577832323015,2537897794761.841,7218.391098156113,597.6633937782788,5976.633937782787,True,4,0.095221,1144.3999955129818,1124.471608838533,-0.014439308096410168,-8.15830571999445,-86.73400215132766,-0.014439308096410168,0.002232799121474673,8.990883097017095e-06,-526.9914054772864,-8.15830571999445,8.990883097017095e-06,19.92615387532739,-12.716107431903765
a744ede2833c996a,True,36.025,16.0,2.0,339.9715566464229,1699.8577832323015,2537897794761.841,7218.391098156113,597.6633937782788,5976.633937782787,True,5,0.111221,1159.2542413172487,1126.3326439487028,-0.019249599309386366,-11.03169511636022,92.58946221257371,-0.019249599309386366,0.005166957287945275,-2.2337597964099748e-07,702.6552073030485,-11.03169511636022,-2.2337597964099748e-07,32.91643041125807,-12.716107432262106
a744ede2833c996a,True,36.025,16.0,2.0,339.9715566464229,1699.8577832323015,2537897794761.841,7218.391098156113,597.6633937782788,5976.633937782787,True,6,0.127221,1182.6115253412806,1128.1955512084623,-0.02406415918072214,-7.370904801088082,-86.73400215132766,-0.02406415918072214,0.009977063499138206,9.102571083765066e-06,-878.3190091288109,-7.370904801088082,9.102571083765066e-06,54.40599706931918,-12.71610743189376
a744ede2833c996a,True,36.025,16.0,2.0,339.9715566464229,1699.8577832323015,2537897794761.841,7218.391098156113,597.6633937782788,5976.633937782787,True,7,0.143221,1209.2293568239566,1130.056586318632,-0.028874398964077612,-11.333851418153438,92.58946221256825,-0.028874398964077612,0.017131719044093024,-3.350639713324696e-07,1053.9828109545592,-11.333851418153438,-3.350639713324696e-07,79.15563878628033,-12.71610743135625
a744ede2833c996a,True,36.025,16.0,2.0,339.9715566464229,1699.8577832323015,2537897794761.841,7218.391098156113,597.6633937782788,5976.633937782787,True,8,0.159221,1247.185095357236,1131.9194935783917,-0.03368901026503652,-6.583013642712148,-86.73400215124035,-0.03368901026503652,0.027099525211849825,9.21425905409889e-06,-1229.6466127803649,-6.583013642712148,9.21425905409889e-06,115.23850225363222,-12.716107430269403
ad2ac5ba1d9f4559,True,36.025,16.0,2.0,219.97193911456776,1099.8596955728071,1081175832194.0969,7218.391098156113,597.6633937782788,5976.633937782787,True,1,0.047221,5.833213079431364,5.170038849912755,0.0,-0.49168380071991924,92.58946221232996,0.0,0.0,0.0,0.0,-0.49168380071991924,0.0,0.6631742295186088,-12.7161074322471
ad2ac5ba1d9f4559,True,36.025,16.0,2.0,219.97193911456776,1099.8596955728071,1081175832194.0969,7218.391098156113,597.6633937782788,5976.633937782787,True,2,0.063221,10.113862230450628,7.032946109672604,-0.004814457012098056,-1.735609998542624,-86.73400215150046,-0.004814457012098056,0.00011792176654171819,8.8791951093617e-06,-175.66380182576216,-1.735609998542624,8.8791951093617e-06,3.0807981990114817,-12.71610743205747
ad2ac5ba1d9f4559,True,36.025,16.0,2.0,219.97193911456776,1099.8596955728071,1081175832194.0969,7218.391098156113,597.6633937782788,5976.633937782787,True,3,0.079221,15.562579315611602,8.893981219842079,-0.009624799654693188,-3.2471770775635056,92.58946221232814,-0.009624799654693188,0.0007059877106867132,-1.1168798880289692e-07,351.3276036515243,-3.2471770775635056,-1.1168798880289692e-07,6.667892108058837,-12.716107432061108
ad2ac5ba1d9f4559,True,36.025,16.0,2.0,219.97193911456776,1099.8596955728071,1081175832194.0969,7218.391098156113,597.6633937782788,5976.633937782787,True,4,0.095221,22.431941473019183,10.756888479601933,-0.014439308096410017,-5.036127005470658,-86.734002151475,-0.014439308096410017,0.0022327991214746686,8.99088309814198e-06,-526.9914054772863,-5.036127005470658,8.99088309814198e-06,11.672820194295776,-12.716107432056106
ad2ac5ba1d9f4559,True,36.025,16.0,2.0,219.97193911456776,1099.8596955728071,1081175832194.0969,7218.391098156113,597.6633937782788,5976.633937782787,True,5,0.111221,30.938670143392915,12.617923589771406,-0.01924959930938638,-7.092472694841312,92.58946221232814,-0.01924959930938638,0.005166957287945267,-2.233759776079758e-07,702.6552073030487,-7.092472694841312,-2.233759776079758e-07,18.315579596333563,-12.716107432061108
ad2ac5ba1d9f4559,True,36.025,16.0,2.0,219.97193911456776,1099.8596955728071,1081175832194.0969,7218.391098156113,597.6633937782788,5976.633937782787,True,6,0.127221,41.34003029148485,14.480830849531259,-0.024064159180722,-9.426446352832926,-86.734002151475,-0.024064159180722,0.009977063499138194,9.102571086929791e-06,-878.3190091288109,-9.426446352832926,9.102571086929791e-06,26.849222378454453,-12.71610743205838
ad2ac5ba1d9f4559,True,36.025,16.0,2.0,219.97193911456776,1099.8596955728071,1081175832194.0969,7218.391098156113,597.6633937782788,5976.633937782787,True,7,0.143221,53.848055531367514,16.341865959700733,-0.02887439896408134,-12.027570652553422,92.5894622122372,-0.02887439896408134,0.01713171904409321,-3.350639598788777e-07,1053.9828109545863,-12.027570652553422,-3.350639598788777e-07,37.489057852622686,-12.716107431142518
ad2ac5ba1d9f4559,True,36.025,16.0,2.0,219.97193911456776,1099.8596955728071,1081175832194.0969,7218.391098156113,597.6633937782788,5976.633937782787,True,8,0.159221,68.72244575160133,18.204773219460602,-0.03368901026503574,-14.906319511796799,-86.73400215137131,-0.03368901026503574,0.027099525211849957,9.214259090705975e-06,-1229.6466127803378,-14.906319511796799,9.214259090705975e-06,50.490573006928884,-12.716107432886929
b088da44b1632a36,True,36.025,16.0,2.0,339.97155664647005,1699.8577832323015,2537897794761.841,7218.391098156113,597.6633937782788,5976.633937782787,True,1,0.047221,1119.6635523327102,1118.8847592088446,0.0,-14.476850987722745,92.58946221253187,0.0,0.0,0.0,0.0,-14.476850987722745,0.0,0.7787931238656026,1592.2654952490716
b088da44b1632a36,True,36.025,16.0,2.0,339.97155664647005,1699.8577832323015,2537897794761.841,7218.391098156113,597.6633937782788,5976.633937782787,True,2,0.063221,1123.8134242405595,1120.747666468604,-0.004814457012098198,-15.591823773417698,-86.73400215127491,-0.004814457012098198,0.00011792176654171804,8.879195109495686e-06,-175.66380182576222,-15.591823773417698,8.879195109495686e-06,3.065639850189,-12.716107432249373
b088da44b1632a36,True,36.025,16.0,2.0,339.97155664647005,1699.8577832323015,2537897794761.841,7218.391098156113,597.6633937782788,5976.633937782787,True,3,0.079221,1130.9168022291883,1122.6087015787732,-0.009624799654693181,-17.503529102366635,92.58946221257735,-0.00962479965469318,0.0007059877106867146,0.0022412888150008343,351.3276036515242,-17.503529102366635,0.0022412888150008343,8.307394662704409,1592.2654952489006
b088da44b1632a36,True,36.025,16.0,2.0,339.97155664647005,1699.8577832323015,2537897794761.841,7218.391098156113,597.6633937782788,5976.633937782787,True,4,0.095221,1141.0522003536094,1124.4716088385326,-0.014439308096410173,-19.70854934823051,-86.73400215137495,-0.014439308096410171,0.0022327991214746764,0.004463598172058041,-526.9914054772864,-19.70854934823051,0.004463598172058041,16.57835871595535,-12.716107431867385
b088da44b1632a36,True,36.025,16.0,2.0,339.97155664647005,1699.8577832323015,2537897794761.841,7218.391098156113,597.6633937782788,5976.633937782787,True,5,0.111221,1156.2870705169807,1126.3326439487018,-0.019249599309386377,-22.709563480819984,92.58946221267739,-0.019249599309386373,0.005166957287945289,0.00893718491895968,702.6552073030487,-22.709563480819984,0.00893718491895968,29.94925961099106,1592.2654952485436
b088da44b1632a36,True,36.025,16.0,2.0,339.97155664647005,1699.8577832323015,2537897794761.841,7218.391098156113,597.6633937782788,5976.633937782787,True,6,0.127221,1176.172859470359,1128.1955512084612,-0.024064159180722144,-26.004382658020113,-86.73400215147318,-0.02406415918072214,0.009977063499138237,0.013372924437962487,-878.3190091288108,-26.004382658020113,0.013372924437962487,47.967331198398924,-12.716107431492674
b088da44b1632a36,True,36.025,16.0,2.0,339.97155664647005,1699.8577832323015,2537897794761.841,7218.391098156113,597.6633937782788,5976.633937782787,True,7,0.143221,1203.308163103554,1130.0565863186305,-0.02887439896408137,-30.09495401130924,92.58946221263555,-0.028874398964081366,0.01713171904409327,0.020087688311883546,1053.9828109545865,-30.09495401130924,0.020087688311883546,73.23444506587954,1592.2654952498187
b088da44b1632a36,True,36.025,16.0,2.0,339.97155664647005,1699.8577832323015,2537897794761.841,7218.391098156113,597.6633937782788,5976.633937782787,True,8,0.159221,1236.713653157356,1131.9194935783898,-0.03368901026503589,-34.47982064867827,-86.73400215137131,-0.03368901026503588,0.02709952521185004,0.02673685799284383,-1229.6466127803374,-34.47982064867827,0.02673685799284383,104.76706005375411,-12.716107432372155
b1ea0ec2c02174a8,True,36.025,16.0,2.0,219.9719391145372,1099.8596955728071,1081175836938.5984,7218.391098156113,597.6633937782788,5976.633937782787,True,1,0.047221,5.843380396970075,5.1802061674514706,0.0,-0.4925242098760083,92.58946221235361,0.0,0.0,0.0,0.0,-0.4925242098760083,0.0,0.6631742295186049,-12.716107432290073
b1ea0ec2c02174a8,True,36.025,16.0,2.0,219.9719391145372,1099.8596955728071,1081175836938.5984,7218.391098156113,597.6633937782788,5976.633937782787,True,2,0.063221,10.124029547989327,7.043113427211317,-0.004814457012098048,-1.7364504076987044,-86.73400215153684,-0.004814457012098048,0.00011792176654171839,8.879195109264549e-06,-175.66380182576216,-1.7364504076987044,8.879195109264549e-06,3.080798199011468,-12.716107431918317
b1ea0ec2c02174a8,True,36.025,16.0,2.0,219.9719391145372,1099.8596955728071,1081175836938.5984,7218.391098156113,597.6633937782788,5976.633937782787,True,3,0.079221,15.572746633150294,8.904148537380793,-0.009624799654693192,-3.248017486719582,92.58946221236452,-0.009624799654693192,0.0007059877106867148,-1.1168798930687812e-07,351.3276036515243,-3.248017486719582,-1.1168798930687812e-07,6.667892108058814,-12.716107432284844
b1ea0ec2c02174a8,True,36.025,16.0,2.0,219.9719391145372,1099.8596955728071,1081175836938.5984,7218.391098156113,597.6633937782788,5976.633937782787,True,4,0.095221,22.44210879055788,10.76705579714064,-0.01443930809641002,-5.036967414626738,-86.73400215153684,-0.01443930809641002,0.002232799121474673,8.990883097035404e-06,-526.9914054772864,-5.036967414626738,8.990883097035404e-06,11.672820194295767,-12.716107431913315
b1ea0ec2c02174a8,True,36.025,16.0,2.0,219.9719391145372,1099.8596955728071,1081175836938.5984,7218.391098156113,597.6633937782788,5976.633937782787,True,5,0.111221,30.948837460931607,12.628090907310119,-0.019249599309386373,-7.093313103997385,92.58946221236452,-0.019249599309386373,0.005166957287945275,-2.2337597967213698e-07,702.6552073030485,-7.093313103997385,-2.2337597967213698e-07,18.315579596333542,-12.716107432288482
b1ea0ec2c02174a8,True,36.025,16.0,2.0,219.9719391145372,1099.8596955728071,1081175836938.5984,7218.391098156113,597.6633937782788,5976.633937782787,True,6,0.127221,41.350197609023546,14.490998167069964,-0.024064159180721998,-9.427286761989,-86.73400215153684,-0.024064159180721998,0.009977063499138206,9.102571083740942e-06,-878.3190091288109,-9.427286761989,9.102571083740942e-06,26.849222378454446,-12.71610743191286
b1ea0ec2c02174a8,True,36.025,16.0,2.0,219.9719391145372,1099.8596955728071,1081175836938.5984,7218.391098156113,597.6633937782788,5976.633937782787,True,7,0.143221,53.858222848906124,16.35203327723944,-0.028874398964077622,-12.028411061709452,92.58946221235907,-0.028874398964077622,0.017131719044093024,-3.3506397147773165e-07,1053.9828109545592,-12.028411061709452,-3.3506397147773165e-07,37.48905785262259,-12.716107431739147
b1ea0ec2c02174a8,True,36.025,16.0,2.0,219.9719391145372,1099.8596955728071,1081175836938.5984,7218.391098156113,597.6633937782788,5976.633937782787,True,8,0.159221,68.73261306914006,18.214940536999315,-0.033689010265036366,-14.907159920952871,-86.73400215144953,-0.033689010265036366,0.027099525211849825,9.214259081933294e-06,-1229.6466127803649,-14.907159920952871,9.214259081933294e-06,50.49057300692889,-12.716107432745048
b349c96b74efbfe2,True,36.025,16.0,2.0,219.9719391145372,1099.8596955728071,1743210252302.9185,7218.391098156113,597.6633937782788,5976.633937782787,True,1,0.047221,1055.8596735331455,405.1949933879172,365.378648970229,359.1553747249105,92.58946221251004,365.378648970229,330.73234340245347,325.00075295785484,1.368789526168257e-10,359.1553747249105,325.00075295785484,319.9323367427748,-12.71610743215706
b349c96b74efbfe2,True,36.025,16.0,2.0,219.9719391145372,1099.8596955728071,1743210252302.9185,7218.391098156113,597.6633937782788,5976.633937782787,True,2,0.063221,1060.1403226841646,407.0579006476771,365.3738345132168,357.9114485270879,-86.73400215138041,365.3738345132168,330.73246132422,325.00076183705,-175.66380182562528,357.9114485270879,325.00076183705,322.34996071226755,-12.71610743178735
b349c96b74efbfe2,True,36.025,16.0,2.0,219.9719391145372,1099.8596955728071,1743210252302.9185,7218.391098156113,597.6633937782788,5976.633937782787,True,3,0.079221,1065.5890397693256,408.9189357578468,365.3690241705743,356.3998814480669,92.58946221252096,365.3690241705743,330.7330493901642,325.00075284616696,351.3276036516612,356.3998814480669,325.00075284616696,325.9370546213148,-12.716107432153876
b349c96b74efbfe2,True,36.025,16.0,2.0,219.9719391145372,1099.8596955728071,1743210252302.9185,7218.391098156113,597.6633937782788,5976.633937782787,True,4,0.095221,1072.4584019267331,410.7818430176067,365.3642096621325,354.61093152015974,-86.73400215138041,365.3642096621325,330.734576201575,325.0007619487381,-526.9914054771496,354.61093152015974,325.0007619487381,330.9419827075515,-12.716107431782348
b349c96b74efbfe2,True,36.025,16.0,2.0,219.9719391145372,1099.8596955728071,1743210252302.9185,7218.391098156113,597.6633937782788,5976.633937782787,True,5,0.111221,1080.965130597107,412.6428781277764,365.3593993709194,352.5545858307891,92.58946221252096,365.3593993709194,330.73751035974146,325.00075273447897,702.6552073031854,352.5545858307891,325.00075273447897,337.5847421095891,-12.716107432157514
b349c96b74efbfe2,True,36.025,16.0,2.0,219.9719391145372,1099.8596955728071,1743210252302.9185,7218.391098156113,597.6633937782788,5976.633937782787,True,6,0.127221,1091.3664907451987,414.5057853875363,365.354584811048,350.2206121727976,-86.73400215138041,365.354584811048,330.7423204659526,325.0007620604261,-878.319009128674,350.2206121727976,325.0007620604261,346.1183848917097,-12.716107431781893
b349c96b74efbfe2,True,36.025,16.0,2.0,219.9719391145372,1099.8596955728071,1743210252302.9185,7218.391098156113,597.6633937782788,5976.633937782787,True,7,0.143221,1103.8745159850814,416.366820497706,365.3497745712646,347.61948787307716,92.5894622125155,365.3497745712646,330.74947512149765,325.0007526227911,1053.982810954696,347.61948787307716,325.0007526227911,356.75822036587783,-12.71610743160818
b349c96b74efbfe2,True,36.025,16.0,2.0,219.9719391145372,1099.8596955728071,1743210252302.9185,7218.391098156113,597.6633937782788,5976.633937782787,True,8,0.159221,1118.7489062053155,418.229727757466,365.34495995996366,344.7407390138338,-86.7340021512931,365.34495995996366,330.7594429276654,325.0007621721142,-1229.646612780228,344.7407390138338,325.0007621721142,369.759735520184,-12.716107432599529
b3b27f80e4d15f02,True,36.025,16.0,2.0,339.97155664647005,1699.8577832323015,2537897794761.841,7218.391098156113,597.6633937782788,5976.633937782787,True,1,0.047221,1119.6635523327102,1118.8847592088446,0.0,-14.476850987722745,92.58946221253187,0.0,0.0,0.0,0.0,-14.476850987722745,0.0,0.7787931238656026,1592.2654952490716
b3b27f80e4d15f02,True,36.025,16.0,2.0,339.97155664647005,1699.8577832323015,2537897794761.841,7218.391098156113,597.6633937782788,5976.633937782787,True,2,0.063221,1125.3266048451599,1120.747666468604,-0.004814457012098198,-12.866953651828037,-86.73400215127491,-0.004814457012098198,0.00011792176654171804,8.879195109494414e-06,-175.66380182576222,-12.866953651828037,8.879195109494414e-06,4.5788204547893745,-12.716107432247554
b3b27f80e4d15f02,True,36.025,16.0,2.0,339.97155664647005,1699.8577832323015,2537897794761.841,7218.391098156113,597.6633937782788,5976.633937782787,True,3,0.079221,1132.4299828337887,1122.6087015787732,-0.009624799654693181,-14.778658980776969,92.58946221257735,-0.00962479965469318,0.0007059877106867146,0.002241288815000832,351.3276036515242,-14.778658980776969,0.002241288815000832,9.820575267304784,1592.2654952489006
b3b27f80e4d15f02,True,36.025,16.0,2.0,339.97155664647005,1699.8577832323015,2537897794761.841,7218.391098156113,597.6633937782788,5976.633937782787,True,4,0.095221,1145.2892164573336,1124.4716088385326,-0.014439308096410173,-12.07871418471331,-86.73400215137495,-0.014439308096410171,0.0022327991214746764,0.004463598172057977,-526.9914054772864,-12.07871418471331,0.004463598172057977,20.815374819679565,-12.716107431861928
b3b27f80e4d15f02,True,36.025,16.0,2.0,339.97155664647005,1699.8577832323015,2537897794761.841,7218.391098156113,597.6633937782788,5976.633937782787,True,5,0.111221,1160.524086620705,1126.3326439487018,-0.019249599309386377,-15.079728317302786,92.58946221267739,-0.019249599309386373,0.005166957287945289,0.008937184918959607,702.6552073030487,-15.079728317302786,0.008937184918959607,34.18627571471528,1592.2654952485436
b3b27f80e4d15f02,True,36.025,16.0,2.0,339.97155664647005,1699.8577832323015,2537897794761.841,7218.391098156113,597.6633937782788,5976.633937782787,True,6,0.127221,1184.344089940623,1128.1955512084612,-0.024064159180722144,-11.289984589902868,-86.73400215147318,-0.02406415918072214,0.009977063499138237,0.013372924437962334,-878.3190091288108,-11.289984589902868,0.013372924437962334,56.13856166866269,-12.716107431465389
b3b27f80e4d15f02,True,36.025,16.0,2.0,339.97155664647005,1699.8577832323015,2537897794761.841,7218.391098156113,597.6633937782788,5976.633937782787,True,7,0.143221,1211.4793935738178,1130.0565863186305,-0.02887439896408137,-15.380555943192002,92.58946221263555,-0.028874398964081366,0.01713171904409327,0.020087688311883418,1053.9828109545865,-15.380555943192002,0.020087688311883418,81.40567553614332,1592.2654952498478
b3b27f80e4d15f02,True,36.025,16.0,2.0,339.97155664647005,1699.8577832323015,2537897794761.841,7218.391098156113,597.6633937782788,5976.633937782787,True,8,0.159221,1250.029752888684,1131.9194935783898,-0.03368901026503589,-10.500764755622907,-86.73400215137131,-0.03368901026503588,0.02709952521185004,0.026736857992829655,-1229.6466127803374,-10.500764755622907,0.026736857992829655,118.08315978508215,-12.71610742984376
b4369a421f175d54,True,36.025,16.0,2.0,339.97155664651723,1699.8577832323015,3447583062032.129,10718.217085140896,597.6633937782788,5976.633937782787,True,1,0.047221,1074.1321280124876,586.6811839488104,381.21637169697567,373.70138857873224,92.58946221250459,381.21637169697567,248.36070302962733,243.3938849170793,9.367795428261161e-11,373.70138857873224,243.3938849170793,239.09024103404985,-12.716107432171157
b4369a421f175d54,True,36.025,16.0,2.0,339.97155664651723,1699.8577832323015,3447583062032.129,10718.217085140896,597.6633937782788,5976.633937782787,True,2,0.063221,1079.5962341271538,588.5440912085699,381.2115572399635,375.1823325024993,-86.73400215138587,381.2115572399635,248.3608209513939,243.3938937962744,-175.6638018256685,375.1823325024993,243.3938937962744,242.69132196719005,-12.716107431792807
b4369a421f175d54,True,36.025,16.0,2.0,339.97155664651723,1699.8577832323015,3447583062032.129,10718.217085140896,597.6633937782788,5976.633937782787,True,3,0.079221,1085.3090094957927,590.4051263187395,381.20674689732095,373.61611367050216,92.5894622125155,381.20674689732095,248.36140901733805,243.39388480539125,351.327603651618,373.61611367050216,243.39388480539125,246.5424741597152,-12.7161074321657
b4369a421f175d54,True,36.025,16.0,2.0,339.97155664651723,1699.8577832323015,3447583062032.129,10718.217085140896,597.6633937782788,5976.633937782787,True,4,0.095221,1094.5593521922394,592.268033578499,381.2019323888792,375.7509369530709,-86.73400215138587,381.2019323888792,248.36293582874885,243.39389390796234,-526.9914054771928,375.7509369530709,243.39389390796234,253.92838278499173,-12.716107431796445
b4369a421f175d54,True,36.025,16.0,2.0,339.97155664651723,1699.8577832323015,3447583062032.129,10718.217085140896,597.6633937782788,5976.633937782787,True,5,0.111221,1104.1665292540365,594.1290686886686,381.19712209766607,373.53113283888933,92.5894622125155,381.19712209766607,248.36586998691536,243.39388469370326,702.6552073031422,373.53113283888933,243.39388469370326,261.6715905784526,-12.716107432170247
b4369a421f175d54,True,36.025,16.0,2.0,339.97155664651723,1699.8577832323015,3447583062032.129,10718.217085140896,597.6633937782788,5976.633937782787,True,6,0.127221,1118.5622072552799,595.991975948428,381.1923075377947,376.3200840090925,-86.73400215138587,381.1923075377947,248.37068009312654,243.3938940196503,-878.3190091287172,376.3200840090925,243.3938940196503,274.19955121372533,-12.716107431796445
b4369a421f175d54,True,36.025,16.0,2.0,339.97155664651723,1699.8577832323015,3447583062032.129,10718.217085140896,597.6633937782788,5976.633937782787,True,7,0.143221,1133.420673556925,597.8530110585976,381.1874972980113,373.4466946127266,92.58946221251004,381.1874972980113,248.37783474867146,243.3938845820152,1053.982810954653,373.4466946127266,243.3938845820152,287.18982774965605,-12.716107431548153
b4369a421f175d54,True,36.025,16.0,2.0,339.97155664651723,1699.8577832323015,3447583062032.129,10718.217085140896,597.6633937782788,5976.633937782787,True,8,0.159221,1154.3168782516277,599.7159183183571,381.18268268671034,376.88952514173167,-86.73400215129855,381.18268268671034,248.3878025548392,243.3938941313382,-1229.6466127802712,376.88952514173167,243.3938941313382,306.2131573784313,-12.71610743081601
b4369a421f175d54,True,36.025,16.0,2.0,339.97155664651723,1699.8577832323015,3447583062032.129,10718.217085140896,597.6633937782788,5976.633937782787,True,9,0.175221,1175.7862882900074,601.5769534285267,381.1778724983566,373.3623020461224,92.58946221241364,381.1778724983566,248.4010521129188,243.39388447032715,1405.31041460618,373.3623020461224,243.39388447032715,325.8082827485619,-12.716107429638214
b4369a421f175d54,True,36.025,16.0,2.0,339.97155664651723,1699.8577832323015,3447583062032.129,10718.217085140896,597.6633937782788,5976.633937782787,True,10,0.191221,1204.5399072248601,603.4398606882862,381.1730578356261,377.45901193392956,-86.73400215119487,381.1730578356261,248.41805202419923,243.39389424302618,-1580.9742164317984,377.45901193392956,243.39389424302618,352.68199451237456,-12.71610742950179
b4369a421f175d54,True,36.025,16.0,2.0,339.97155664651723,1699.8577832323015,3447583062032.129,10718.217085140896,597.6633937782788,5976.633937782787,True,11,0.207221,1233.9748966147677,605.3008957984558,381.168247698702,373.2782035561357,92.58946221231723,381.168247698702,248.4392708899696,243.39388435863918,1756.6380182577072,373.2782035561357,243.39388435863918,380.23472992634225,-12.716107427426323
b4369a421f175d54,True,36.025,16.0,2.0,339.97155664651723,1699.8577832323015,3447583062032.129,10718.217085140896,597.6633937782788,5976.633937782787,True,12,0.223221,1271.9465737634307,607.1638030582153,381.1634329845419,378.02904133157733,-86.73400215109301,381.1634329845419,248.465177311519,243.3938943547142,-1932.3018200833255,378.02904133157733,243.3938943547142,416.31759339369637,-12.71610742782832
b4f4978c7c4e382a,True,36.025,16.0,2.0,339.9715566464229,1699.8577832323015,2537897794761.841,7218.391098156113,597.6633937782788,5976.633937782787,True,1,0.047221,1119.5479334383626,1118.8847592088441,0.0,-10.426160434972052,92.5894622125628,0.0,0.0,0.0,0.0,-10.426160434972052,0.0,0.6631742295186049,-12.716107432290073
b4f4978c7c4e382a,True,36.025,16.0,2.0,339.9715566464229,1699.8577832323015,2537897794761.841,7218.391098156113,597.6633937782788,5976.633937782787,True,2,0.063221,1125.0120395530291,1120.7476664686037,-0.004814457012098193,-8.94521651120511,-86.73400215132766,-0.004814457012098193,0.00011792176654171839,8.87919510926328e-06,-175.66380182576216,-8.94521651120511,8.87919510926328e-06,4.264255162658867,-12.716107431916498
b4f4978c7c4e382a,True,36.025,16.0,2.0,339.9715566464229,1699.8577832323015,2537897794761.841,7218.391098156113,597.6633937782788,5976.633937782787,True,3,0.079221,1131.8716097729207,1122.6087015787734,-0.00962479965469319,-10.729297103930335,92.58946221257371,-0.00962479965469319,0.0007059877106867148,-1.1168798930480712e-07,351.3276036515243,-10.729297103930335,-1.1168798930480712e-07,9.262202206436609,-12.71610743228166
b4f4978c7c4e382a,True,36.025,16.0,2.0,339.9715566464229,1699.8577832323015,2537897794761.841,7218.391098156113,597.6633937782788,5976.633937782787,True,4,0.095221,1144.3999955129818,1124.471608838533,-0.014439308096410168,-8.15830571999445,-86.73400215132766,-0.014439308096410168,0.002232799121474673,8.990883097017095e-06,-526.9914054772864,-8.15830571999445,8.990883097017095e-06,19.92615387532739,-12.716107431903765
b4f4978c7c4e382a,True,36.025,16.0,2.0,339.9715566464229,1699.8577832323015,2537897794761.841,7218.391098156113,597.6633937782788,5976.633937782787,True,5,0.111221,1159.2542413172487,1126.3326439487028,-0.019249599309386366,-11.03169511636022,92.58946221257371,-0.019249599309386366,0.005166957287945275,-2.2337597964099748e-07,702.6552073030485,-11.03169511636022,-2.2337597964099748e-07,32.91643041125807,-12.716107432262106
b4f4978c7c4e382a,True,36.025,16.0,2.0,339.9715566464229,1699.8577832323015,2537897794761.841,7218.391098156113,597.6633937782788,5976.633937782787,True,6,0.127221,1182.6115253412806,1128.1955512084623,-0.02406415918072214,-7.370904801088082,-86.73400215132766,-0.02406415918072214,0.009977063499138206,9.102571083765066e-06,-878.3190091288109,-7.370904801088082,9.102571083765066e-06,54.40599706931918,-12.71610743189376
b4f4978c7c4e382a,True,36.025,16.0,2.0,339.9715566464229,1699.8577832323015,2537897794761.841,7218.391098156113,597.6633937782788,5976.633937782787,True,7,0.143221,1209.2293568239566,1130.056586318632,-0.028874398964077612,-11.333851418153438,92.58946221256825,-0.028874398964077612,0.017131719044093024,-3.350639713324696e-07,1053.9828109545592,-11.333851418153438,-3.350639713324696e-07,79.15563878628033,-12.71610743135625
b4f4978c7c4e382a,True,36.025,16.0,2.0,339.9715566464229,1699.8577832323015,2537897794761.841,7218.391098156113,597.6633937782788,5976.633937782787,True,8,0.159221,1247.185095357236,1131.9194935783917,-0.03368901026503652,-6.583013642712148,-86.73400215124035,-0.03368901026503652,0.027099525211849825,9.21425905409889e-06,-1229.6466127803649,-6.583013642712148,9.21425905409889e-06,115.23850225363222,-12.716107430269403
b5359e85491e4c02,True,36.025,16.0,2.0,215.6126278833437,1078.0631394166505,1249520666054.122,7218.391098156113,597.6633937782788,5976.633937782787,True,1,0.047221,1119.5479334383626,1118.8847592088441,0.0,-10.426160434972052,92.5894622125628,0.0,0.0,0.0,0.0,-10.426160434972052,0.0,0.6631742295186049,-12.716107432290073
b5359e85491e4c02,True,36.025,16.0,2.0,215.6126278833437,1078.0631394166505,1249520666054.122,7218.391098156113,597.6633937782788,5976.633937782787,True,2,0.063221,1123.8285825893818,1120.7476664686037,-0.004814457012098193,-11.670086632794767,-86.73400215132766,-0.004814457012098193,0.00011792176654171839,8.879195109264549e-06,-175.66380182576216,-11.670086632794767,8.879195109264549e-06,3.080798199011468,-12.716107431918317
b5359e85491e4c02,True,36.025,16.0,2.0,215.6126278833437,1078.0631394166505,1249520666054.122,7218.391098156113,597.6633937782788,5976.633937782787,True,3,0.079221,1128.102977965958,1122.6087015787734,-0.00962479965469319,-12.909388615170233,92.58946221257371,-0.00962479965469319,0.0007059877106867148,-1.1168798930829388e-07,351.3276036515243,-12.909388615170233,-1.1168798930829388e-07,5.493570399473794,-12.716107432285753
b5359e85491e4c02,True,36.025,16.0,2.0,215.6126278833437,1078.0631394166505,1249520666054.122,7218.391098156113,597.6633937782788,5976.633937782787,True,4,0.095221,1132.385036006621,1124.471608838533,-0.014439308096410168,-14.15331481299295,-86.73400215132766,-0.014439308096410168,0.002232799121474673,8.990883097038797e-06,-526.9914054772864,-14.15331481299295,8.990883097038797e-06,7.911194368966662,-12.716107431916498
b5359e85491e4c02,True,36.025,16.0,2.0,215.6126278833437,1078.0631394166505,1249520666054.122,7218.391098156113,597.6633937782788,5976.633937782787,True,5,0.111221,1136.6617774754197,1126.3326439487028,-0.019249599309386366,-15.392616795368415,92.58946221257371,-0.019249599309386366,0.005166957287945275,-2.233759796500628e-07,702.6552073030485,-15.392616795368415,-2.233759796500628e-07,10.323966569428991,-12.716107432285753
b5359e85491e4c02,True,36.025,16.0,2.0,215.6126278833437,1078.0631394166505,1249520666054.122,7218.391098156113,597.6633937782788,5976.633937782787,True,6,0.127221,1140.9471188108832,1128.1955512084623,-0.02406415918072214,-16.63654299319113,-86.73400215132766,-0.02406415918072214,0.009977063499138206,9.102571083780866e-06,-878.3190091288109,-16.63654299319113,9.102571083780866e-06,12.741590538921864,-12.716107431916498
b5359e85491e4c02,True,36.025,16.0,2.0,215.6126278833437,1078.0631394166505,1249520666054.122,7218.391098156113,597.6633937782788,5976.633937782787,True,7,0.143221,1145.2280807770603,1130.056586318632,-0.028874398964077612,-17.875844975566597,92.58946221256825,-0.028874398964077612,0.017131719044093024,-3.350639715360154e-07,1053.9828109545592,-17.875844975566597,-3.350639715360154e-07,15.154362739384199,-12.716107432103854
b5359e85491e4c02,True,36.025,16.0,2.0,215.6126278833437,1078.0631394166505,1249520666054.122,7218.391098156113,597.6633937782788,5976.633937782787,True,8,0.159221,1149.5185798124808,1131.9194935783917,-0.03368901026503652,-19.119771173389356,-86.73400215124035,-0.03368901026503652,0.027099525211849825,9.214259076202052e-06,-1229.6466127803649,-19.119771173389356,9.214259076202052e-06,17.571986708877102,-12.716107432658646
b60ab2c134a2bc35,True,36.025,16.0,2.0,339.97155664644646,1699.8577832321837,2537706154867.268,7218.391098156113,597.6633937782788,5976.633937782787,True,1,0.047221,1074.1321280124876,586.6811839488104,381.21637169697567,373.70138857873224,92.58946221250459,381.21637169697567,248.36070302962733,243.3938849170793,9.367795428261161e-11,373.70138857873224,243.3938849170793,239.09024103404985,-12.716107432171157
b60ab2c134a2bc35,True,36.025,16.0,2.0,339.97155664644646,1699.8577832321837,2537706154867.268,7218.391098156113,597.6633937782788,5976.633937782787,True,2,0.063221,1079.5962341271538,588.5440912085699,381.2115572399635,375.1823325024993,-86.73400215138587,381.2115572399635,248.3608209513939,243.3938937962744,-175.6638018256685,375.1823325024993,243.3938937962744,242.69132196719005,-12.716107431792807
b60ab2c134a2bc35,True,36.025,16.0,2.0,339.97155664644646,1699.8577832321837,2537706154867.268,7218.391098156113,597.6633937782788,5976.633937782787,True,3,0.079221,1113.4992974794534,590.4051263187395,381.20674689732095,370.6746072750842,92.5894622125155,381.20674689732095,248.36140901733805,243.39388480539125,351.327603651618,370.6746072750842,243.39388480539125,274.73276214337596,-12.716107432162971
b60ab2c134a2bc35,True,36.025,16.0,2.0,339.97155664644646,1699.8577832321837,2537706154867.268,7218.391098156113,597.6633937782788,5976.633937782787,True,4,0.095221,1122.0255425620692,592.268033578499,381.2019323888792,372.7005749289356,-86.73400215138587,381.2019323888792,248.36293582874885,243.39389390796234,-526.9914054771928,372.7005749289356,243.39389390796234,281.39457315482144,-12.716107431786895
b60ab2c134a2bc35,True,36.025,16.0,2.0,339.97155664644646,1699.8577832321837,2537706154867.268,7218.391098156113,597.6633937782788,5976.633937782787,True,5,0.111221,1148.6391535473663,594.1290686886686,381.19712209766607,368.7376283118703,92.5894622125155,381.19712209766607,248.36586998691536,243.39388469370326,702.6552073031422,368.7376283118703,243.39388469370326,306.14421487178237,-12.716107432160243
b60ab2c134a2bc35,True,36.025,16.0,2.0,339.97155664644646,1699.8577832321837,2537706154867.268,7218.391098156113,597.6633937782788,5976.633937782787,True,6,0.127221,1161.1708225822276,595.991975948428,381.1923075377947,371.3086196958062,-86.73400215138587,381.1923075377947,248.37068009312654,243.3938940196503,-878.3190091287172,371.3086196958062,243.3938940196503,316.808166540673,-12.71610743178735
b60ab2c134a2bc35,True,36.025,16.0,2.0,339.97155664644646,1699.8577832321837,2537706154867.268,7218.391098156113,597.6633937782788,5976.633937782787,True,7,0.143221,1181.438266184818,597.8530110585976,381.1874972980113,367.89045168909047,92.58946221251004,381.1874972980113,248.37783474867146,243.3938845820152,1053.982810954653,367.89045168909047,243.3938845820152,335.20742037754894,-12.716107431382625
b60ab2c134a2bc35,True,36.025,16.0,2.0,339.97155664644646,1699.8577832321837,2537706154867.268,7218.391098156113,597.6633937782788,5976.633937782787,True,8,0.159221,1198.9161753728717,599.7159183183571,381.18268268671034,371.00621827427824,-86.73400215129855,381.18268268671034,248.3878025548392,243.3938941313382,-1229.6466127802712,371.00621827427824,243.3938941313382,350.81245449967537,-12.716107430765987
b63a88490f40c897,True,36.025,16.0,2.0,339.97155664644646,1699.8577832321837,2537706154867.268,7218.391098156113,597.6633937782788,5976.633937782787,True,1,0.047221,1074.1321280124876,586.6811839488104,381.21637169697567,373.70138857873224,92.58946221250459,381.21637169697567,248.36070302962733,243.3938849170793,9.367795428261161e-11,373.70138857873224,243.3938849170793,239.09024103404985,-12.716107432171157
b63a88490f40c897,True,36.025,16.0,2.0,339.97155664644646,1699.8577832321837,2537706154867.268,7218.391098156113,597.6633937782788,5976.633937782787,True,2,0.063221,1079.5962341271538,588.5440912085699,381.2115572399635,375.1823325024993,-86.73400215138587,381.2115572399635,248.3608209513939,243.3938937962744,-175.6638018256685,375.1823325024993,243.3938937962744,242.69132196719005,-12.716107431792807
b63a88490f40c897,True,36.025,16.0,2.0,339.97155664644646,1699.8577832321837,2537706154867.268,7218.391098156113,597.6633937782788,5976.633937782787,True,3,0.079221,1113.4992974794534,590.4051263187395,381.20674689732095,370.6746072750842,92.5894622125155,381.20674689732095,248.36140901733805,243.39388480539125,351.327603651618,370.6746072750842,243.39388480539125,274.73276214337596,-12.716107432162971
b63a88490f40c897,True,36.025,16.0,2.0,339.97155664644646,1699.8577832321837,2537706154867.268,7218.391098156113,597.6633937782788,5976.633937782787,True,4,0.095221,1122.0255425620692,592.268033578499,381.2019323888792,372.7005749289356,-86.73400215138587,381.2019323888792,248.36293582874885,243.39389390796234,-526.9914054771928,372.7005749289356,243.39389390796234,281.39457315482144,-12.716107431786895
b63a88490f40c897,True,36.025,16.0,2.0,339.97155664644646,1699.8577832321837,2537706154867.268,7218.391098156113,597.6633937782788,5976.633937782787,True,5,0.111221,1148.6391535473663,594.1290686886686,381.19712209766607,368.7376283118703,92.5894622125155,381.19712209766607,248.36586998691536,243.39388469370326,702.6552073031422,368.7376283118703,243.39388469370326,306.14421487178237,-12.716107432160243
b63a88490f40c897,True,36.025,16.0,2.0,339.97155664644646,1699.8577832321837,2537706154867.268,7218.391098156113,597.6633937782788,5976.633937782787,True,6,0.127221,1161.1708225822276,595.991975948428,381.1923075377947,371.3086196958062,-86.73400215138587,381.1923075377947,248.37068009312654,243.3938940196503,-878.3190091287172,371.3086196958062,243.3938940196503,316.808166540673,-12.71610743178735
b63a88490f40c897,True,36.025,16.0,2.0,339.97155664644646,1699.8577832321837,2537706154867.268,7218.391098156113,597.6633937782788,5976.633937782787,True,7,0.143221,1181.438266184818,597.8530110585976,381.1874972980113,367.89045168909047,92.58946221251004,381.1874972980113,248.37783474867146,243.3938845820152,1053.982810954653,367.89045168909047,243.3938845820152,335.20742037754894,-12.716107431382625
b63a88490f40c897,True,36.025,16.0,2.0,339.97155664644646,1699.8577832321837,2537706154867.268,7218.391098156113,597.6633937782788,5976.633937782787,True,8,0.159221,1198.9161753728717,599.7159183183571,381.18268268671034,371.00621827427824,-86.73400215129855,381.18268268671034,248.3878025548392,243.3938941313382,-1229.6466127802712,371.00621827427824,243.3938941313382,350.81245449967537,-12.716107430765987
b6c94c8b3a08ec2b,True,36.025,16.0,2.0,339.9715566464229,1699.8577832323015,2536954393388.3804,7218.391098156113,597.6633937782788,5976.633937782787,True,1,0.047221,1055.8596735331455,405.1949933879172,365.378648970229,359.1553747249105,92.58946221251004,365.378648970229,330.73234340245347,325.00075295785484,1.368789526168257e-10,359.1553747249105,325.00075295785484,319.9323367427748,-12.71610743215706
b6c94c8b3a08ec2b,True,36.025,16.0,2.0,339.9715566464229,1699.8577832323015,2536954393388.3804,7218.391098156113,597.6633937782788,5976.633937782787,True,2,0.063221,1060.1403226841646,407.0579006476771,365.3738345132168,357.9114485270879,-86.73400215138041,365.3738345132168,330.73246132422,325.00076183705,-175.66380182562528,357.9114485270879,325.00076183705,322.34996071226755,-12.71610743178735
b6c94c8b3a08ec2b,True,36.025,16.0,2.0,339.9715566464229,1699.8577832323015,2536954393388.3804,7218.391098156113,597.6633937782788,5976.633937782787,True,3,0.079221,1066.9998929040562,408.9189357578468,365.3690241705743,356.12736793436255,92.58946221252096,365.3690241705743,330.7330493901642,325.00075284616696,351.3276036516612,356.12736793436255,325.00075284616696,327.34790775604523,-12.716107432157969
b6c94c8b3a08ec2b,True,36.025,16.0,2.0,339.9715566464229,1699.8577832323015,2536954393388.3804,7218.391098156113,597.6633937782788,5976.633937782787,True,4,0.095221,1077.3979697573475,410.7818430176067,365.3642096621325,353.79339427637103,-86.73400215138041,365.3642096621325,330.734576201575,325.0007619487381,-526.9914054771496,353.79339427637103,325.0007619487381,335.8815505381658,-12.716107431781893
b6c94c8b3a08ec2b,True,36.025,16.0,2.0,339.9715566464229,1699.8577832323015,2536954393388.3804,7218.391098156113,597.6633937782788,5976.633937782787,True,5,0.111221,1092.2522155616143,412.6428781277764,365.3593993709194,350.9200048800052,92.58946221252096,365.3593993709194,330.73751035974146,325.00075273447897,702.6552073031854,350.9200048800052,325.00075273447897,348.8718270740964,-12.716107432131139
b6c94c8b3a08ec2b,True,36.025,16.0,2.0,339.9715566464229,1699.8577832323015,2536954393388.3804,7218.391098156113,597.6633937782788,5976.633937782787,True,6,0.127221,1112.5325546562653,414.5057853875363,365.354584811048,347.4962322906773,-86.73400215138041,365.354584811048,330.7423204659526,325.0007620604261,-878.319009128674,347.4962322906773,325.0007620604261,367.2844488027763,-12.716107431762794
b6c94c8b3a08ec2b,True,36.025,16.0,2.0,339.9715566464229,1699.8577832323015,2536954393388.3804,7218.391098156113,597.6633937782788,5976.633937782787,True,7,0.143221,1139.150386138941,416.366820497706,365.3497745712646,343.533285673612,92.5894622125155,365.3497745712646,330.74947512149765,325.0007526227911,1053.982810954696,343.533285673612,325.0007526227911,392.03409051973745,-12.716107431225282
b6c94c8b3a08ec2b,True,36.025,16.0,2.0,339.9715566464229,1699.8577832323015,2536954393388.3804,7218.391098156113,597.6633937782788,5976.633937782787,True,8,0.159221,1173.0823278197158,418.229727757466,365.34495995996366,339.0194656241152,-86.7340021512931,365.34495995996366,330.7594429276654,325.0007621721142,-1229.646612780228,339.0194656241152,325.0007621721142,424.09315713458454,-12.71610743268866
b7cbffe33c166645,True,36.025,16.0,2.0,339.97155664644646,1699.8577832321837,2537897794761.8413,7218.391098156113,597.6633937782788,5976.633937782787,True,1,0.047221,972.2623984389946,5.170038849912754,0.0,59.22372595913476,92.58946221232996,0.0,0.0,0.0,0.0,59.22372595913476,0.0,967.0923595890819,1592.2654952493258
b7cbffe33c166645,True,36.025,16.0,2.0,339.97155664644646,1699.8577832321837,2537897794761.8413,7218.391098156113,597.6633937782788,5976.633937782787,True,2,0.063221,977.9254509514446,7.032946109672605,-0.004814457012098056,60.83362329502949,-86.73400215147682,-0.004814457012098056,0.00011792176654171804,8.879195109316598e-06,-175.66380182576222,60.83362329502949,8.879195109316598e-06,970.8923869200055,-12.716107431992896
b7cbffe33c166645,True,36.025,16.0,2.0,339.97155664644646,1699.8577832321837,2537897794761.8413,7218.391098156113,597.6633937782788,5976.633937782787,True,3,0.079221,1012.4144103499708,8.893981219842077,-0.00962479965469318,56.1982733313906,92.58946221237544,-0.00962479965469318,0.0007059877106867146,0.0022412888150007827,351.3276036515242,56.1982733313906,0.0022412888150007827,1003.519723142418,1592.2654952491284
b7cbffe33c166645,True,36.025,16.0,2.0,339.97155664644646,1699.8577832321837,2537897794761.8413,7218.391098156113,597.6633937782788,5976.633937782787,True,4,0.095221,1021.2055525732205,10.756888479601926,-0.014439308096410027,58.3531943973698,-86.73400215157686,-0.014439308096410027,0.0022327991214746764,0.004463598172057788,-526.9914054772864,58.3531943973698,0.004463598172057788,1010.4464312944971,-12.71610743164183
b7cbffe33c166645,True,36.025,16.0,2.0,339.97155664644646,1699.8577832321837,2537897794761.8413,7218.391098156113,597.6633937782788,5976.633937782787,True,5,0.111221,1048.3366357090372,12.617923589771399,-0.01924959930938638,54.2626230440807,92.58946221247366,-0.01924959930938638,0.005166957287945289,0.008937184918959477,702.6552073030487,54.2626230440807,0.008937184918959477,1035.713545161978,1592.2654952487292
b7cbffe33c166645,True,36.025,16.0,2.0,339.97155664644646,1699.8577832321837,2537897794761.8413,7218.391098156113,597.6633937782788,5976.633937782787,True,6,0.127221,1061.1991526273835,14.48083084953125,-0.024064159180721998,56.96256784014434,-86.7340021516769,-0.024064159180721998,0.009977063499138237,0.013372924437962072,-878.3190091288108,56.96256784014434,0.013372924437962072,1046.708344714353,-12.71610743128349
b7cbffe33c166645,True,36.025,16.0,2.0,339.97155664644646,1699.8577832321837,2537897794761.8413,7218.391098156113,597.6633937782788,5976.633937782787,True,7,0.143221,1081.9156444847863,16.34186595970073,-0.02887439896408137,53.4167750972049,92.58946221243183,-0.02887439896408137,0.01713171904409327,0.020087688311882054,1053.9828109545865,53.4167750972049,0.020087688311882054,1065.5566468060415,1592.2654952498724
b7cbffe33c166645,True,36.025,16.0,2.0,339.97155664644646,1699.8577832321837,2537897794761.8413,7218.391098156113,597.6633937782788,5976.633937782787,True,8,0.159221,1099.7903222258767,18.204773219460595,-0.03368901026503573,56.66149509452049,-86.73400215157504,-0.03368901026503573,0.02709952521185004,0.026736857992830713,-1229.6466127803374,56.66149509452049,0.026736857992830713,1081.5584494812042,-12.716107430253032
b8bb8b30895243cb,True,36.025,16.0,1.9999999999999998,299.97168413581517,1499.8584206790324,1533713259573.4907,3718.565111171331,597.6633937782788,5976.633937782787,True,1,0.047221,979.5751742705409,5.170038849912753,0.0,59.56021914893904,92.58946221235361,0.0,0.0,0.0,0.0,59.56021914893904,0.0,974.4051354206281,-12.716107432089302
b8bb8b30895243cb,True,36.025,16.0,1.9999999999999998,299.97168413581517,1499.8584206790324,1533713259573.4907,3718.565111171331,597.6633937782788,5976.633937782787,True,2,0.063221,985.0392803852078,7.0329461096726,-0.004814457012098048,61.041163072706,-86.73400215153684,-0.004814457012098048,0.00011792176654171839,8.879195109121024e-06,-175.66380182576216,61.041163072706,8.879195109121024e-06,978.0062163537687,-12.716107431712771
b8bb8b30895243cb,True,36.025,16.0,1.9999999999999998,299.97168413581517,1499.8584206790324,1533713259573.4907,3718.565111171331,597.6633937782788,5976.633937782787,True,3,0.079221,1011.6505452782828,8.893981219842077,-0.009624799654693192,57.07821645564061,92.58946221236452,-0.009624799654693192,0.0007059877106867148,-1.1168798931516675e-07,351.3276036515243,57.07821645564061,-1.1168798931516675e-07,1002.75585807073,-12.716107432087483
b8bb8b30895243cb,True,36.025,16.0,1.9999999999999998,299.97168413581517,1499.8584206790324,1533713259573.4907,3718.565111171331,597.6633937782788,5976.633937782787,True,4,0.095221,1029.1200134715798,10.756888479601924,-0.01443930809641002,60.19398304082826,-86.73400215153684,-0.01443930809641002,0.002232799121474673,8.990883096866187e-06,-526.9914054772864,60.19398304082826,8.990883096866187e-06,1018.3608921928563,-12.716107431709133
b8ed903f2aa319ac,True,36.025,16.0,2.0,339.97155664647005,1699.8577832323015,2298162618871.2544,7218.391098156113,597.6633937782788,5976.633937782787,True,1,0.047221,1119.6635523327102,1118.8847592088446,0.0,-14.476850987722745,92.58946221253187,0.0,0.0,0.0,0.0,-14.476850987722745,0.0,0.7787931238656026,1592.2654952490716
b8ed903f2aa319ac,True,36.025,16.0,2.0,339.97155664647005,1699.8577832323015,2298162618871.2544,7218.391098156113,597.6633937782788,5976.633937782787,True,2,0.063221,1123.8134242405595,1120.747666468604,-0.004814457012098198,-15.591823773417698,-86.73400215127491,-0.004814457012098198,0.00011792176654171804,8.879195109495686e-06,-175.66380182576222,-15.591823773417698,8.879195109495686e-06,3.065639850189,-12.716107432249373
b8ed903f2aa319ac,True,36.025,16.0,2.0,339.97155664647005,1699.8577832323015,2298162618871.2544,7218.391098156113,597.6633937782788,5976.633937782787,True,3,0.079221,1129.647981501911,1122.6087015787732,-0.009624799654693181,-17.26678764515581,92.58946221257735,-0.00962479965469318,0.0007059877106867146,0.0022412888150008057,351.3276036515242,-17.26678764515581,0.0022412888150008057,7.038573935427203,1592.2654952488788
b8ed903f2aa319ac,True,36.025,16.0,2.0,339.97155664647005,1699.8577832323015,2298162618871.2544,7218.391098156113,597.6633937782788,5976.633937782787,True,4,0.095221,1137.1271534308487,1124.4716088385326,-0.014439308096410173,-19.06794853790192,-86.73400215137495,-0.014439308096410171,0.0022327991214746764,0.004463598172058037,-526.9914054772864,-19.06794853790192,0.004463598172058037,12.653311793194655,-12.716107431896944
b8ed903f2aa319ac,True,36.025,16.0,2.0,339.97155664647005,1699.8577832323015,2298162618871.2544,7218.391098156113,597.6633937782788,5976.633937782787,True,5,0.111221,1148.2784726774698,1126.3326439487018,-0.019249599309386377,-21.58405257135653,92.58946221267739,-0.019249599309386373,0.005166957287945289,0.008937184918959618,702.6552073030487,-21.58405257135653,0.008937184918959618,21.94066177148002,1592.2654952485009
b8ed903f2aa319ac,True,36.025,16.0,2.0,339.97155664647005,1699.8577832323015,2298162618871.2544,7218.391098156113,597.6633937782788,5976.633937782787,True,6,0.127221,1163.5747049300871,1128.1955512084612,-0.024064159180722144,-24.417105177422624,-86.73400215147318,-0.02406415918072214,0.009977063499138237,0.013372924437962385,-878.3190091288108,-24.417105177422624,0.013372924437962385,35.36917665812689,-12.716107431515411
b8ed903f2aa319ac,True,36.025,16.0,2.0,339.97155664647005,1699.8577832323015,2298162618871.2544,7218.391098156113,597.6633937782788,5976.633937782787,True,7,0.143221,1186.9475341481739,1130.0565863186305,-0.02887439896408137,-28.1981488752189,92.58946221263555,-0.028874398964081366,0.01713171904409327,0.020087688311882755,1053.9828109545865,-28.1981488752189,0.020087688311882755,56.87381611049927,1592.265495249715
b8ed903f2aa319ac,True,36.025,16.0,2.0,339.97155664647005,1699.8577832323015,2298162618871.2544,7218.391098156113,597.6633937782788,5976.633937782787,True,8,0.159221,1220.3530242019756,1131.9194935783898,-0.03368901026503589,-32.58301551258795,-86.73400215137131,-0.03368901026503588,0.02709952521185004,0.02673685799284311,-1229.6466127803374,-32.58301551258795,0.02673685799284311,88.40643109837387,-12.716107432474018
bc062153b6b100ae,True,36.025,16.0,2.0,339.9715566464229,1699.8577832323015,2537897794761.841,7218.391098156113,597.6633937782788,5976.633937782787,True,1,0.047221,1119.5479334383626,1118.8847592088441,0.0,-10.426160434972052,92.5894622125628,0.0,0.0,0.0,0.0,-10.426160434972052,0.0,0.6631742295186049,-12.716107432290073
bc062153b6b100ae,True,36.025,16.0,2.0,339.9715566464229,1699.8577832323015,2537897794761.841,7218.391098156113,597.6633937782788,5976.633937782787,True,2,0.063221,1123.8285825893818,1120.7476664686037,-0.004814457012098193,-11.670086632794767,-86.73400215132766,-0.004814457012098193,0.00011792176654171839,8.879195109264549e-06,-175.66380182576216,-11.670086632794767,8.879195109264549e-06,3.080798199011468,-12.716107431918317
bc062153b6b100ae,True,36.025,16.0,2.0,339.9715566464229,1699.8577832323015,2537897794761.841,7218.391098156113,597.6633937782788,5976.633937782787,True,3,0.079221,1130.6881528092733,1122.6087015787734,-0.00962479965469319,-13.454167225519992,92.58946221257371,-0.00962479965469319,0.0007059877106867148,-1.116879893124435e-07,351.3276036515243,-13.454167225519992,-1.116879893124435e-07,8.078745242789209,-12.716107432288936
bc062153b6b100ae,True,36.025,16.0,2.0,339.9715566464229,1699.8577832323015,2537897794761.841,7218.391098156113,597.6633937782788,5976.633937782787,True,4,0.095221,1141.0862296625646,1124.471608838533,-0.014439308096410168,-15.788140883511643,-86.73400215132766,-0.014439308096410168,0.002232799121474673,8.990883097023827e-06,-526.9914054772864,-15.788140883511643,8.990883097023827e-06,16.612388024910114,-12.71610743191286
bc062153b6b100ae,True,36.025,16.0,2.0,339.9715566464229,1699.8577832323015,2537897794761.841,7218.391098156113,597.6633937782788,5976.633937782787,True,5,0.111221,1155.9404754668315,1126.3326439487028,-0.019249599309386366,-18.66153027987741,92.58946221257371,-0.019249599309386366,0.005166957287945275,-2.233759796154442e-07,702.6552073030485,-18.66153027987741,-2.233759796154442e-07,29.602664560840793,-12.716107432262106
bc062153b6b100ae,True,36.025,16.0,2.0,339.9715566464229,1699.8577832323015,2537897794761.841,7218.391098156113,597.6633937782788,5976.633937782787,True,6,0.127221,1176.2208145614823,1128.1955512084623,-0.02406415918072214,-22.085302869205307,-86.73400215132766,-0.02406415918072214,0.009977063499138206,9.102571083806096e-06,-878.3190091288109,-22.085302869205307,9.102571083806096e-06,48.01528628952094,-12.71610743189376
bc062153b6b100ae,True,36.025,16.0,2.0,339.9715566464229,1699.8577832323015,2537897794761.841,7218.391098156113,597.6633937782788,5976.633937782787,True,7,0.143221,1202.8386460441582,1130.056586318632,-0.028874398964077612,-26.048249486270656,92.58946221256825,-0.028874398964077612,0.017131719044093024,-3.350639712914393e-07,1053.9828109545592,-26.048249486270656,-3.350639712914393e-07,72.7649280064821,-12.71610743135625
bc062153b6b100ae,True,36.025,16.0,2.0,339.9715566464229,1699.8577832323015,2537897794761.841,7218.391098156113,597.6633937782788,5976.633937782787,True,8,0.159221,1236.7705877249332,1131.9194935783917,-0.03368901026503652,-30.56206953576751,-86.73400215124035,-0.03368901026503652,0.027099525211849825,9.2142590878106e-06,-1229.6466127803649,-30.56206953576751,9.2142590878106e-06,104.82399462132955,-12.716107432819626
bd7ecc0620d14cbb,True,36.025,16.0,2.0,219.9719391145372,1099.8596955728071,1744153653676.379,7218.391098156113,597.6633937782788,5976.633937782787,True,1,0.047221,979.5751742705409,5.170038849912753,0.0,59.56021914893904,92.58946221235361,0.0,0.0,0.0,0.0,59.56021914893904,0.0,974.4051354206281,-12.716107432089302
bd7ecc0620d14cbb,True,36.025,16.0,2.0,219.9719391145372,1099.8596955728071,1744153653676.379,7218.391098156113,597.6633937782788,5976.633937782787,True,2,0.063221,983.8558234215603,7.0329461096726,-0.004814457012098048,58.31629295111638,-86.73400215153684,-0.004814457012098048,0.00011792176654171839,8.879195109127376e-06,-175.66380182576216,58.31629295111638,8.879195109127376e-06,976.8227593901212,-12.716107431721866
bd7ecc0620d14cbb,True,36.025,16.0,2.0,219.9719391145372,1099.8596955728071,1744153653676.379,7218.391098156113,597.6633937782788,5976.633937782787,True,3,0.079221,989.3045405067217,8.893981219842077,-0.009624799654693192,56.80472587209547,92.58946221236452,-0.009624799654693192,0.0007059877106867148,-1.1168798931531658e-07,351.3276036515243,56.80472587209547,-1.1168798931531658e-07,980.4098532991688,-12.716107432095669
bd7ecc0620d14cbb,True,36.025,16.0,2.0,219.9719391145372,1099.8596955728071,1744153653676.379,7218.391098156113,597.6633937782788,5976.633937782787,True,4,0.095221,996.1739026641296,10.756888479601924,-0.01443930809641002,55.01577594418833,-86.73400215153684,-0.01443930809641002,0.002232799121474673,8.990883096891546e-06,-526.9914054772864,55.01577594418833,8.990883096891546e-06,985.4147813854062,-12.71610743172414
bd7ecc0620d14cbb,True,36.025,16.0,2.0,219.9719391145372,1099.8596955728071,1744153653676.379,7218.391098156113,597.6633937782788,5976.633937782787,True,5,0.111221,1004.6806313345037,12.617923589771403,-0.019249599309386373,52.959430254817654,92.58946221236452,-0.019249599309386373,0.005166957287945275,-2.2337597967892404e-07,702.6552073030485,52.959430254817654,-2.2337597967892404e-07,992.0575407874444,-12.716107432099307
bd7ecc0620d14cbb,True,36.025,16.0,2.0,219.9719391145372,1099.8596955728071,1744153653676.379,7218.391098156113,597.6633937782788,5976.633937782787,True,6,0.127221,1015.081991482596,14.480830849531248,-0.024064159180721998,50.62545659682607,-86.73400215153684,-0.024064159180721998,0.009977063499138206,9.102571083595419e-06,-878.3190091288109,50.62545659682607,9.102571083595419e-06,1000.5911835695656,-12.716107431723685
bd7ecc0620d14cbb,True,36.025,16.0,2.0,219.9719391145372,1099.8596955728071,1744153653676.379,7218.391098156113,597.6633937782788,5976.633937782787,True,7,0.143221,1027.5900167224788,16.341865959700723,-0.028874398964077622,48.02433229710559,92.58946221235907,-0.028874398964077622,0.017131719044093024,-3.3506397148285043e-07,1053.9828109545592,48.02433229710559,-3.3506397148285043e-07,1011.231019043734,-12.716107431549972
bd7ecc0620d14cbb,True,36.025,16.0,2.0,219.9719391145372,1099.8596955728071,1744153653676.379,7218.391098156113,597.6633937782788,5976.633937782787,True,8,0.159221,1042.4644069427127,18.2047732194606,-0.033689010265036366,45.14558343786221,-86.73400215144953,-0.033689010265036366,0.027099525211849825,9.214259081714988e-06,-1229.6466127803649,45.14558343786221,9.214259081714988e-06,1024.2325341980402,-12.716107432541321
bdac07114c5e0e38,True,36.025,16.0,2.0,215.6126278833437,1078.0631394166505,1249520666054.122,7218.391098156113,597.6633937782788,5976.633937782787,True,1,0.047221,1119.5479334383626,1118.8847592088441,0.0,-10.426160434972052,92.5894622125628,0.0,0.0,0.0,0.0,-10.426160434972052,0.0,0.6631742295186049,-12.716107432290073
bdac07114c5e0e38,True,36.025,16.0,2.0,215.6126278833437,1078.0631394166505,1249520666054.122,7218.391098156113,597.6633937782788,5976.633937782787,True,2,0.063221,1123.8285825893818,1120.7476664686037,-0.004814457012098193,-11.670086632794767,-86.73400215132766,-0.004814457012098193,0.00011792176654171839,8.879195109264549e-06,-175.66380182576216,-11.670086632794767,8.879195109264549e-06,3.080798199011468,-12.716107431918317
bdac07114c5e0e38,True,36.025,16.0,2.0,215.6126278833437,1078.0631394166505,1249520666054.122,7218.391098156113,597.6633937782788,5976.633937782787,True,3,0.079221,1128.102977965958,1122.6087015787734,-0.00962479965469319,-12.909388615170233,92.58946221257371,-0.00962479965469319,0.0007059877106867148,-1.1168798930829388e-07,351.3276036515243,-12.909388615170233,-1.1168798930829388e-07,5.493570399473794,-12.716107432285753
bdac07114c5e0e38,True,36.025,16.0,2.0,215.6126278833437,1078.0631394166505,1249520666054.122,7218.391098156113,597.6633937782788,5976.633937782787,True,4,0.095221,1132.385036006621,1124.471608838533,-0.014439308096410168,-14.15331481299295,-86.73400215132766,-0.014439308096410168,0.002232799121474673,8.990883097038797e-06,-526.9914054772864,-14.15331481299295,8.990883097038797e-06,7.911194368966662,-12.716107431916498
bdac07114c5e0e38,True,36.025,16.0,2.0,215.6126278833437,1078.0631394166505,1249520666054.122,7218.391098156113,597.6633937782788,5976.633937782787,True,5,0.111221,1136.6617774754197,1126.3326439487028,-0.019249599309386366,-15.392616795368415,92.58946221257371,-0.019249599309386366,0.005166957287945275,-2.233759796500628e-07,702.6552073030485,-15.392616795368415,-2.233759796500628e-07,10.323966569428991,-12.716107432285753
bdac07114c5e0e38,True,36.025,16.0,2.0,215.6126278833437,1078.0631394166505,1249520666054.122,7218.391098156113,597.6633937782788,5976.633937782787,True,6,0.127221,1140.9471188108832,1128.1955512084623,-0.02406415918072214,-16.63654299319113,-86.73400215132766,-0.02406415918072214,0.009977063499138206,9.102571083780866e-06,-878.3190091288109,-16.63654299319113,9.102571083780866e-06,12.741590538921864,-12.716107431916498
bdac07114c5e0e38,True,36.025,16.0,2.0,215.6126278833437,1078.0631394166505,1249520666054.122,7218.391098156113,597.6633937782788,5976.633937782787,True,7,0.143221,1145.2280807770603,1130.056586318632,-0.028874398964077612,-17.875844975566597,92.58946221256825,-0.028874398964077612,0.017131719044093024,-3.350639715360154e-07,1053.9828109545592,-17.875844975566597,-3.350639715360154e-07,15.154362739384199,-12.716107432103854
bdac07114c5e0e38,True,36.025,16.0,2.0,215.6126278833437,1078.0631394166505,1249520666054.122,7218.391098156113,597.6633937782788,5976.633937782787,True,8,0.159221,1149.5185798124808,1131.9194935783917,-0.03368901026503652,-19.119771173389356,-86.73400215124035,-0.03368901026503652,0.027099525211849825,9.214259076202052e-06,-1229.6466127803649,-19.119771173389356,9.214259076202052e-06,17.571986708877102,-12.716107432658646
bf9e69b5e725f31d,True,36.025,16.0,2.0,152.42997472473064,762.1498736236314,1249329026159.5488,7218.391098156113,597.6633937782788,5976.633937782787,True,1,0.047221,1070.5338637472016,586.6811839488106,381.2163716969757,370.73909830220583,92.58946221250277,381.2163716969757,248.3607030296274,241.53694333726267,9.00399754755199e-11,370.73909830220583,241.53694333726267,235.4919767687636,1592.2654952491748
bf9e69b5e725f31d,True,36.025,16.0,2.0,152.42997472473064,762.1498736236314,1249329026159.5488,7218.391098156113,597.6633937782788,5976.633937782787,True,2,0.063221,1074.6837356550511,588.5440912085702,381.21155723996355,369.62412551651084,-86.73400215130401,381.21155723996355,248.36082095139395,241.53695221645776,-175.66380182567218,369.62412551651084,241.53695221645776,237.77882349508698,-12.716107432140234
bf9e69b5e725f31d,True,36.025,16.0,2.0,152.42997472473064,762.1498736236314,1249329026159.5488,7218.391098156113,597.6633937782788,5976.633937782787,True,3,0.079221,1079.1335149046577,590.4051263187398,381.206746897321,368.2571987979117,92.58946221254824,381.206746897321,248.3614090173381,241.53918462607766,351.32760365161425,368.2571987979117,241.53918462607766,240.36697956857984,1592.2654952489947
bf9e69b5e725f31d,True,36.025,16.0,2.0,152.42997472473064,762.1498736236314,1249329026159.5488,7218.391098156113,597.6633937782788,5976.633937782787,True,4,0.095221,1083.2847957021515,592.2680335784994,381.20193238887924,367.1422260122167,-86.73400215140406,381.20193238887924,248.3629358287489,241.54140693543476,-526.9914054771964,367.1422260122167,241.54140693543476,242.65382629490324,-12.716107431767796
bf9e69b5e725f31d,True,36.025,16.0,2.0,152.42997472473064,762.1498736236314,1249329026159.5488,7218.391098156113,597.6633937782788,5976.633937782787,True,5,0.111221,1087.7369210439806,594.129068688669,381.1971220976661,365.7752992936176,92.58946221264829,381.1971220976661,248.3658699869154,241.54588052218165,702.6552073031387,365.7752992936176,241.54588052218165,245.24198236839612,1592.2654952486241
bf9e69b5e725f31d,True,36.025,16.0,2.0,152.42997472473064,762.1498736236314,1249329026159.5488,7218.391098156113,597.6633937782788,5976.633937782787,True,6,0.127221,1091.8914851362747,595.9919759484286,381.19230753779476,364.6603265079226,-86.73400215150228,381.19230753779476,248.3706800931266,241.55031626170063,-878.3190091287207,364.6603265079226,241.55031626170063,247.52882909471947,-12.7161074313899
bf9e69b5e725f31d,True,36.025,16.0,2.0,152.42997472473064,762.1498736236314,1249329026159.5488,7218.391098156113,597.6633937782788,5976.633937782787,True,7,0.143221,1096.347830975482,597.8530110585982,381.18749729801135,363.2933997893233,92.58946221260645,381.18749729801135,248.37783474867152,241.55703102557456,1053.9828109546766,363.2933997893233,241.55703102557456,250.11698516821244,1592.2654952491807
bf9e69b5e725f31d,True,36.025,16.0,2.0,152.42997472473064,762.1498736236314,1249329026159.5488,7218.391098156113,597.6633937782788,5976.633937782787,True,8,0.159221,1100.507552767733,599.7159183183578,381.1826826867104,362.1784270036284,-86.73400215140042,381.1826826867104,248.38780255483925,241.56368019525556,-1229.6466127802473,362.1784270036284,241.56368019525556,252.40383189453578,-12.716107432134777
c09f183d00feb42d,True,36.025,16.0,2.0,152.42997472473064,762.1498736236314,1249329026159.5488,7218.391098156113,597.6633937782788,5976.633937782787,True,1,0.047221,1070.5338637472016,586.6811839488106,381.2163716969757,370.73909830220583,92.58946221250277,381.2163716969757,248.3607030296274,241.53694333726267,9.00399754755199e-11,370.73909830220583,241.53694333726267,235.4919767687636,1592.2654952491748
c09f183d00feb42d,True,36.025,16.0,2.0,152.42997472473064,762.1498736236314,1249329026159.5488,7218.391098156113,597.6633937782788,5976.633937782787,True,2,0.063221,1074.6837356550511,588.5440912085702,381.21155723996355,369.62412551651084,-86.73400215130401,381.21155723996355,248.36082095139395,241.53695221645776,-175.66380182567218,369.62412551651084,241.53695221645776,237.77882349508698,-12.716107432140234
c09f183d00feb42d,True,36.025,16.0,2.0,152.42997472473064,762.1498736236314,1249329026159.5488,7218.391098156113,597.6633937782788,5976.633937782787,True,3,0.079221,1079.1335149046577,590.4051263187398,381.206746897321,368.2571987979117,92.58946221254824,381.206746897321,248.3614090173381,241.53918462607766,351.32760365161425,368.2571987979117,241.53918462607766,240.36697956857984,1592.2654952489947
c09f183d00feb42d,True,36.025,16.0,2.0,152.42997472473064,762.1498736236314,1249329026159.5488,7218.391098156113,597.6633937782788,5976.633937782787,True,4,0.095221,1083.2847957021515,592.2680335784994,381.20193238887924,367.1422260122167,-86.73400215140406,381.20193238887924,248.3629358287489,241.54140693543476,-526.9914054771964,367.1422260122167,241.54140693543476,242.65382629490324,-12.716107431767796
c09f183d00feb42d,True,36.025,16.0,2.0,152.42997472473064,762.1498736236314,1249329026159.5488,7218.391098156113,597.6633937782788,5976.633937782787,True,5,0.111221,1087.7369210439806,594.129068688669,381.1971220976661,365.7752992936176,92.58946221264829,381.1971220976661,248.3658699869154,241.54588052218165,702.6552073031387,365.7752992936176,241.54588052218165,245.24198236839612,1592.2654952486241
c09f183d00feb42d,True,36.025,16.0,2.0,152.42997472473064,762.1498736236314,1249329026159.5488,7218.391098156113,597.6633937782788,5976.633937782787,True,6,0.127221,1091.8914851362747,595.9919759484286,381.19230753779476,364.6603265079226,-86.73400215150228,381.19230753779476,248.3706800931266,241.55031626170063,-878.3190091287207,364.6603265079226,241.55031626170063,247.52882909471947,-12.7161074313899
c09f183d00feb42d,True,36.025,16.0,2.0,152.42997472473064,762.1498736236314,1249329026159.5488,7218.391098156113,597.6633937782788,5976.633937782787,True,7,0.143221,1096.347830975482,597.8530110585982,381.18749729801135,363.2933997893233,92.58946221260645,381.18749729801135,248.37783474867152,241.55703102557456,1053.9828109546766,363.2933997893233,241.55703102557456,250.11698516821244,1592.2654952491807
c09f183d00feb42d,True,36.025,16.0,2.0,152.42997472473064,762.1498736236314,1249329026159.5488,7218.391098156113,597.6633937782788,5976.633937782787,True,8,0.159221,1100.507552767733,599.7159183183578,381.1826826867104,362.1784270036284,-86.73400215140042,381.1826826867104,248.38780255483925,241.56368019525556,-1229.6466127802473,362.1784270036284,241.56368019525556,252.40383189453578,-12.716107432134777
c0f10fc3d96fa1da,True,36.025,16.0,2.0,215.61262788333624,1078.0631394166505,1249520666054.122,7218.391098156113,597.6633937782788,5976.633937782787,True,1,0.047221,999.5597464333921,5.170038849912754,60.05190294965897,-0.8281769905241686,92.58946221232996,60.05190294965897,993.6109144596137,-13.648673997198577,1.9736035028472543e-10,-0.8281769905241686,-13.648673997198577,0.7787931238656026,1592.2654952490716
c0f10fc3d96fa1da,True,36.025,16.0,2.0,215.61262788333624,1078.0631394166505,1249520666054.122,7218.391098156113,597.6633937782788,5976.633937782787,True,2,0.063221,1003.7096183412418,7.032946109672605,60.04708849264689,-1.9431497762191066,-86.73400215147682,60.04708849264689,993.6110323813803,-13.648665118003487,-175.66380182556486,-1.9431497762191066,-13.648665118003487,3.065639850189,-12.716107432249373
c0f10fc3d96fa1da,True,36.025,16.0,2.0,215.61262788333624,1078.0631394166505,1249520666054.122,7218.391098156113,597.6633937782788,5976.633937782787,True,3,0.079221,1008.1593975908484,8.893981219842077,60.042278150004286,-3.310076494818296,92.58946221237544,60.042278150004286,993.6116204473244,-13.646432708383575,351.3276036517216,-3.310076494818296,-13.646432708383575,5.653795923681895,1592.2654952488856
c0f10fc3d96fa1da,True,36.025,16.0,2.0,215.61262788333624,1078.0631394166505,1249520666054.122,7218.391098156113,597.6633937782788,5976.633937782787,True,4,0.095221,1012.3106783883425,10.756888479601926,60.03746364156258,-4.42504928051322,-86.73400215157686,60.03746364156258,993.6131472587352,-13.644210399026539,-526.9914054770891,-4.42504928051322,-13.644210399026539,7.940642650005274,-12.716107431876935
c0f10fc3d96fa1da,True,36.025,16.0,2.0,215.61262788333624,1078.0631394166505,1249520666054.122,7218.391098156113,597.6633937782788,5976.633937782787,True,5,0.111221,1016.7628037301714,12.617923589771399,60.0326533503496,-5.791975999112408,92.58946221247366,60.0326533503496,993.6160814169018,-13.639736812279615,702.655207303246,-5.791975999112408,-13.639736812279615,10.528798723498152,1592.265495248515
c0f10fc3d96fa1da,True,36.025,16.0,2.0,215.61262788333624,1078.0631394166505,1249520666054.122,7218.391098156113,597.6633937782788,5976.633937782787,True,6,0.127221,1020.917367822466,14.48083084953125,60.02783879047828,-6.906948784807331,-86.7340021516769,60.02783879047828,993.6208915231132,-13.635301072760633,-878.3190091286134,-6.906948784807331,-13.635301072760633,12.815645449821519,-12.71610743149904
c0f10fc3d96fa1da,True,36.025,16.0,2.0,215.61262788333624,1078.0631394166505,1249520666054.122,7218.391098156113,597.6633937782788,5976.633937782787,True,7,0.143221,1025.3737136616735,16.34186595970073,60.023028550694896,-8.273875503406593,92.58946221243183,60.023028550694896,993.6280461786582,-13.628586308886696,1053.9828109547839,-8.273875503406593,-13.628586308886696,15.403801523314494,1592.2654952490716
c0f10fc3d96fa1da,True,36.025,16.0,2.0,215.61262788333624,1078.0631394166505,1249520666054.122,7218.391098156113,597.6633937782788,5976.633937782787,True,8,0.159221,1029.5334354539243,18.204773219460595,60.01821393939395,-9.38884828910153,-86.73400215157504,60.01821393939395,993.6380139848259,-13.62193713920576,-1229.64661278014,-9.38884828910153,-13.62193713920576,17.69064824963787,-12.716107432243916
c839d25ea6f836d7,True,36.025,16.0,2.0,339.97155664647005,1699.8577832323015,2537897794761.841,7218.391098156113,597.6633937782788,5976.633937782787,True,1,0.047221,1119.6635523327102,1118.8847592088446,0.0,-14.476850987722745,92.58946221253187,0.0,0.0,0.0,0.0,-14.476850987722745,0.0,0.7787931238656026,1592.2654952490716
c839d25ea6f836d7,True,36.025,16.0,2.0,339.97155664647005,1699.8577832323015,2537897794761.841,7218.391098156113,597.6633937782788,5976.633937782787,True,2,0.063221,1125.3266048451599,1120.747666468604,-0.004814457012098198,-12.866953651828037,-86.73400215127491,-0.004814457012098198,0.00011792176654171804,8.879195109494414e-06,-175.66380182576222,-12.866953651828037,8.879195109494414e-06,4.5788204547893745,-12.716107432247554
c839d25ea6f836d7,True,36.025,16.0,2.0,339.97155664647005,1699.8577832323015,2537897794761.841,7218.391098156113,597.6633937782788,5976.633937782787,True,3,0.079221,1132.4299828337887,1122.6087015787732,-0.009624799654693181,-14.778658980776969,92.58946221257735,-0.00962479965469318,0.0007059877106867146,0.002241288815000832,351.3276036515242,-14.778658980776969,0.002241288815000832,9.820575267304784,1592.2654952489006
c839d25ea6f836d7,True,36.025,16.0,2.0,339.97155664647005,1699.8577832323015,2537897794761.841,7218.391098156113,597.6633937782788,5976.633937782787,True,4,0.095221,1145.2892164573336,1124.4716088385326,-0.014439308096410173,-12.07871418471331,-86.73400215137495,-0.014439308096410171,0.0022327991214746764,0.004463598172057977,-526.9914054772864,-12.07871418471331,0.004463598172057977,20.815374819679565,-12.716107431861928
c839d25ea6f836d7,True,36.025,16.0,2.0,339.97155664647005,1699.8577832323015,2537897794761.841,7218.391098156113,597.6633937782788,5976.633937782787,True,5,0.111221,1160.524086620705,1126.3326439487018,-0.019249599309386377,-15.079728317302786,92.58946221267739,-0.019249599309386373,0.005166957287945289,0.008937184918959607,702.6552073030487,-15.079728317302786,0.008937184918959607,34.18627571471528,1592.2654952485436
c839d25ea6f836d7,True,36.025,16.0,2.0,339.97155664647005,1699.8577832323015,2537897794761.841,7218.391098156113,597.6633937782788,5976.633937782787,True,6,0.127221,1184.344089940623,1128.1955512084612,-0.024064159180722144,-11.289984589902868,-86.73400215147318,-0.02406415918072214,0.009977063499138237,0.013372924437962334,-878.3190091288108,-11.289984589902868,0.013372924437962334,56.13856166866269,-12.716107431465389
c839d25ea6f836d7,True,36.025,16.0,2.0,339.97155664647005,1699.8577832323015,2537897794761.841,7218.391098156113,597.6633937782788,5976.633937782787,True,7,0.143221,1211.4793935738178,1130.0565863186305,-0.02887439896408137,-15.380555943192002,92.58946221263555,-0.028874398964081366,0.01713171904409327,0.020087688311883418,1053.9828109545865,-15.380555943192002,0.020087688311883418,81.40567553614332,1592.2654952498478
c839d25ea6f836d7,True,36.025,16.0,2.0,339.97155664647005,1699.8577832323015,2537897794761.841,7218.391098156113,597.6633937782788,5976.633937782787,True,8,0.159221,1250.029752888684,1131.9194935783898,-0.03368901026503589,-10.500764755622907,-86.73400215137131,-0.03368901026503588,0.02709952521185004,0.026736857992829655,-1229.6466127803374,-10.500764755622907,0.026736857992829655,118.08315978508215,-12.71610742984376
c89630c37dc215d4,True,36.025,16.0,2.0,339.97155664647,1699.8577832323015,1874919973279.559,7218.391098156113,597.6633937782788,5976.633937782787,True,1,0.047221,5.833213079431364,5.170038849912755,0.0,-0.49168380071991924,92.58946221232996,0.0,0.0,0.0,0.0,-0.49168380071991924,0.0,0.6631742295186088,-12.7161074322471
c89630c37dc215d4,True,36.025,16.0,2.0,339.97155664647,1699.8577832323015,1874919973279.559,7218.391098156113,597.6633937782788,5976.633937782787,True,2,0.063221,11.297319194098005,7.032946109672604,-0.004814457012098056,0.9892601230469932,-86.73400215150046,-0.004814457012098056,0.00011792176654171819,8.87919510936424e-06,-175.66380182576216,0.9892601230469932,8.87919510936424e-06,4.264255162658859,-12.716107432061108
c89630c37dc215d4,True,36.025,16.0,2.0,339.97155664647,1699.8577832323015,1874919973279.559,7218.391098156113,597.6633937782788,5976.633937782787,True,3,0.079221,18.156889413989376,8.893981219842079,-0.009624799654693188,-0.7948204696782653,92.58946221232814,-0.009624799654693188,0.0007059877106867132,-1.1168798880499236e-07,351.3276036515243,-0.7948204696782653,-1.1168798880499236e-07,9.26220220643661,-12.71610743206611
c89630c37dc215d4,True,36.025,16.0,2.0,339.97155664647,1699.8577832323015,1874919973279.559,7218.391098156113,597.6633937782788,5976.633937782787,True,4,0.095221,30.685275154050814,10.756888479601933,-0.014439308096410017,1.7761709142575832,-86.734002151475,-0.014439308096410017,0.0022327991214746686,8.990883098141084e-06,-526.9914054772863,1.7761709142575832,8.990883098141084e-06,19.926153875327405,-12.71610743205656
c89630c37dc215d4,True,36.025,16.0,2.0,339.97155664647,1699.8577832323015,1874919973279.559,7218.391098156113,597.6633937782788,5976.633937782787,True,5,0.111221,45.53952095831745,12.617923589771406,-0.01924959930938638,-1.097218482108238,92.58946221232814,-0.01924959930938638,0.005166957287945267,-2.2337597751784264e-07,702.6552073030487,-1.097218482108238,-2.2337597751784264e-07,32.9164304112581,-12.716107432031095
c89630c37dc215d4,True,36.025,16.0,2.0,339.97155664647,1699.8577832323015,1874919973279.559,7218.391098156113,597.6633937782788,5976.633937782787,True,6,0.127221,68.89680498234962,14.480830849531259,-0.024064159180722,2.5635718331638486,-86.734002151475,-0.024064159180722,0.009977063499138194,9.102571087068147e-06,-878.3190091288109,2.5635718331638486,9.102571087068147e-06,54.40599706931923,-12.716107432044737
c89630c37dc215d4,True,36.025,16.0,2.0,339.97155664647,1699.8577832323015,1874919973279.559,7218.391098156113,597.6633937782788,5976.633937782787,True,7,0.143221,95.51463646502535,16.341865959700733,-0.02887439896408134,-1.3993747839016126,92.5894622122372,-0.02887439896408134,0.01713171904409321,-3.350639567081929e-07,1053.9828109545863,-1.3993747839016126,-3.350639567081929e-07,79.15563878628052,-12.716107430745069
c89630c37dc215d4,True,36.025,16.0,2.0,339.97155664647,1699.8577832323015,1874919973279.559,7218.391098156113,597.6633937782788,5976.633937782787,True,8,0.159221,133.47037499830503,18.204773219460602,-0.03368901026503574,3.351462991539632,-86.73400215137131,-0.03368901026503574,0.027099525211849957,9.214259081883604e-06,-1229.6466127803378,3.351462991539632,9.214259081883604e-06,115.23850225363257,-12.716107430424017
c898b3ad7f62bbf6,True,36.025,16.0,2.0,219.9719391145372,1099.8596955728071,1081175836938.5984,7218.391098156113,597.6633937782788,5976.633937782787,True,1,0.047221,5.831539371746506,5.170038849912753,0.0,-0.48660369726422303,92.58946221235361,0.0,0.0,0.0,0.0,-0.48660369726422303,0.0,0.6615005218337525,-12.716107432290775
c898b3ad7f62bbf6,True,36.025,16.0,2.0,219.9719391145372,1099.8596955728071,1081175836938.5984,7218.391098156113,597.6633937782788,5976.633937782787,True,2,0.063221,10.112188522765758,7.0329461096726,-0.004814457012098048,-1.7305298950869192,-86.73400215153684,-0.004814457012098048,0.00011792176654171839,8.879195109264549e-06,-175.66380182576216,-1.7305298950869192,8.879195109264549e-06,3.0791244913266156,-12.716107431918317
c898b3ad7f62bbf6,True,36.025,16.0,2.0,219.9719391145372,1099.8596955728071,1081175836938.5984,7218.391098156113,597.6633937782788,5976.633937782787,True,3,0.079221,15.560905607926724,8.893981219842077,-0.009624799654693192,-3.2420969741077967,92.58946221236452,-0.009624799654693192,0.0007059877106867148,-1.1168798930687812e-07,351.3276036515243,-3.2420969741077967,-1.1168798930687812e-07,6.666218400373961,-12.716107432284844
c898b3ad7f62bbf6,True,36.025,16.0,2.0,219.9719391145372,1099.8596955728071,1081175836938.5984,7218.391098156113,597.6633937782788,5976.633937782787,True,4,0.095221,22.43026776533431,10.756888479601924,-0.01443930809641002,-5.031046902014953,-86.73400215153684,-0.01443930809641002,0.002232799121474673,8.990883097035404e-06,-526.9914054772864,-5.031046902014953,8.990883097035404e-06,11.671146486610912,-12.716107431913315
c898b3ad7f62bbf6,True,36.025,16.0,2.0,219.9719391145372,1099.8596955728071,1081175836938.5984,7218.391098156113,597.6633937782788,5976.633937782787,True,5,0.111221,30.936996435708036,12.617923589771403,-0.019249599309386373,-7.0873925913856,92.58946221236452,-0.019249599309386373,0.005166957287945275,-2.2337597967213698e-07,702.6552073030485,-7.0873925913856,-2.2337597967213698e-07,18.313905888648687,-12.716107432288482
c898b3ad7f62bbf6,True,36.025,16.0,2.0,219.9719391145372,1099.8596955728071,1081175836938.5984,7218.391098156113,597.6633937782788,5976.633937782787,True,6,0.127221,41.33835658379998,14.480830849531248,-0.024064159180721998,-9.421366249377217,-86.73400215153684,-0.024064159180721998,0.009977063499138206,9.102571083740942e-06,-878.3190091288109,-9.421366249377217,9.102571083740942e-06,26.84754867076959,-12.71610743191286
c898b3ad7f62bbf6,True,36.025,16.0,2.0,219.9719391145372,1099.8596955728071,1081175836938.5984,7218.391098156113,597.6633937782788,5976.633937782787,True,7,0.143221,53.84638182368255,16.341865959700723,-0.028874398964077622,-12.022490549097668,92.58946221235907,-0.028874398964077622,0.017131719044093024,-3.3506397147773165e-07,1053.9828109545592,-12.022490549097668,-3.3506397147773165e-07,37.48738414493773,-12.716107431739147
c898b3ad7f62bbf6,True,36.025,16.0,2.0,219.9719391145372,1099.8596955728071,1081175836938.5984,7218.391098156113,597.6633937782788,5976.633937782787,True,8,0.159221,68.72077204391648,18.2047732194606,-0.033689010265036366,-14.901239408341088,-86.73400215144953,-0.033689010265036366,0.027099525211849825,9.214259081933294e-06,-1229.6466127803649,-14.901239408341088,9.214259081933294e-06,50.48889929924403,-12.716107432745048
cab713f718364f6e,True,36.025,16.0,2.0,215.61262788333624,1078.0631394166505,1249520666054.122,5749.32833818719,597.6633937782788,5976.633937782787,True,1,0.047221,1119.6635523327102,1118.8847592088446,0.0,-14.476850987722745,92.58946221253187,0.0,0.0,0.0,0.0,-14.476850987722745,0.0,0.7787931238656026,1592.2654952490716
cab713f718364f6e,True,36.025,16.0,2.0,215.61262788333624,1078.0631394166505,1249520666054.122,5749.32833818719,597.6633937782788,5976.633937782787,True,2,0.063221,1123.8134242405595,1120.747666468604,-0.004814457012098198,-15.591823773417698,-86.73400215127491,-0.004814457012098198,0.00011792176654171804,8.879195109495686e-06,-175.66380182576222,-15.591823773417698,8.879195109495686e-06,3.065639850189,-12.716107432249373
cab713f718364f6e,True,36.025,16.0,2.0,215.61262788333624,1078.0631394166505,1249520666054.122,5749.32833818719,597.6633937782788,5976.633937782787,True,3,0.079221,1128.2632034901658,1122.6087015787732,-0.009624799654693181,-16.95875049201687,92.58946221257735,-0.00962479965469318,0.0007059877106867146,0.002241288815000817,351.3276036515242,-16.95875049201687,0.002241288815000817,5.653795923681895,1592.2654952488856
cab713f718364f6e,True,36.025,16.0,2.0,215.61262788333624,1078.0631394166505,1249520666054.122,5749.32833818719,597.6633937782788,5976.633937782787,True,4,0.095221,1132.4144842876592,1124.4716088385326,-0.014439308096410173,-18.07372327771181,-86.73400215137495,-0.014439308096410171,0.0022327991214746764,0.00446359817205801,-526.9914054772864,-18.07372327771181,0.00446359817205801,7.940642650005274,-12.716107431876935
cab713f718364f6e,True,36.025,16.0,2.0,215.61262788333624,1078.0631394166505,1249520666054.122,5749.32833818719,597.6633937782788,5976.633937782787,True,5,0.111221,1136.8666096294878,1126.3326439487018,-0.019249599309386377,-19.440649996310967,92.58946221267739,-0.019249599309386373,0.005166957287945289,0.008937184918959588,702.6552073030487,-19.440649996310967,0.008937184918959588,10.528798723498152,1592.265495248515
cab713f718364f6e,True,36.025,16.0,2.0,215.61262788333624,1078.0631394166505,1249520666054.122,5749.32833818719,597.6633937782788,5976.633937782787,True,6,0.127221,1141.0211737217817,1128.1955512084612,-0.024064159180722144,-20.55562278200591,-86.73400215147318,-0.02406415918072214,0.009977063499138237,0.013372924437962345,-878.3190091288108,-20.55562278200591,0.013372924437962345,12.815645449821519,-12.71610743149904
cab713f718364f6e,True,36.025,16.0,2.0,215.61262788333624,1078.0631394166505,1249520666054.122,5749.32833818719,597.6633937782788,5976.633937782787,True,7,0.143221,1145.477519560989,1130.0565863186305,-0.02887439896408137,-21.922549500605147,92.58946221263555,-0.028874398964081366,0.01713171904409327,0.020087688311877423,1053.9828109545865,-21.922549500605147,0.020087688311877423,15.403801523314494,1592.2654952490716
cab713f718364f6e,True,36.025,16.0,2.0,215.61262788333624,1078.0631394166505,1249520666054.122,5749.32833818719,597.6633937782788,5976.633937782787,True,8,0.159221,1149.6372413532397,1131.9194935783898,-0.03368901026503589,-23.037522286300103,-86.73400215137131,-0.03368901026503588,0.02709952521185004,0.026736857992833356,-1229.6466127803374,-23.037522286300103,0.026736857992833356,17.69064824963787,-12.716107432243916
caef90a4f03162a7,True,36.025,16.0,2.0,215.61262788333624,1078.0631394166505,1249520666054.122,7218.391098156113,597.6633937782788,5976.633937782787,True,1,0.047221,1119.6635523327102,1118.8847592088446,0.0,-14.476850987722745,92.58946221253187,0.0,0.0,0.0,0.0,-14.476850987722745,0.0,0.7787931238656026,1592.2654952490716
caef90a4f03162a7,True,36.025,16.0,2.0,215.61262788333624,1078.0631394166505,1249520666054.122,7218.391098156113,597.6633937782788,5976.633937782787,True,2,0.063221,1123.8134242405595,1120.747666468604,-0.004814457012098198,-15.591823773417698,-86.73400215127491,-0.004814457012098198,0.00011792176654171804,8.879195109495686e-06,-175.66380182576222,-15.591823773417698,8.879195109495686e-06,3.065639850189,-12.716107432249373
caef90a4f03162a7,True,36.025,16.0,2.0,215.61262788333624,1078.0631394166505,1249520666054.122,7218.391098156113,597.6633937782788,5976.633937782787,True,3,0.079221,1128.2632034901658,1122.6087015787732,-0.009624799654693181,-16.95875049201687,92.58946221257735,-0.00962479965469318,0.0007059877106867146,0.002241288815000817,351.3276036515242,-16.95875049201687,0.002241288815000817,5.653795923681895,1592.2654952488856
caef90a4f03162a7,True,36.025,16.0,2.0,215.61262788333624,1078.0631394166505,1249520666054.122,7218.391098156113,597.6633937782788,5976.633937782787,True,4,0.095221,1132.4144842876592,1124.4716088385326,-0.014439308096410173,-18.07372327771181,-86.73400215137495,-0.014439308096410171,0.0022327991214746764,0.00446359817205801,-526.9914054772864,-18.07372327771181,0.00446359817205801,7.940642650005274,-12.716107431876935
caef90a4f03162a7,True,36.025,16.0,2.0,215.61262788333624,1078.0631394166505,1249520666054.122,7218.391098156113,597.6633937782788,5976.633937782787,True,5,0.111221,1136.8666096294878,1126.3326439487018,-0.019249599309386377,-19.440649996310967,92.58946221267739,-0.019249599309386373,0.005166957287945289,0.008937184918959588,702.6552073030487,-19.440649996310967,0.008937184918959588,10.528798723498152,1592.265495248515
caef90a4f03162a7,True,36.025,16.0,2.0,215.61262788333624,1078.0631394166505,1249520666054.122,7218.391098156113,597.6633937782788,5976.633937782787,True,6,0.127221,1141.0211737217817,1128.1955512084612,-0.024064159180722144,-20.55562278200591,-86.73400215147318,-0.02406415918072214,0.009977063499138237,0.013372924437962345,-878.3190091288108,-20.55562278200591,0.013372924437962345,12.815645449821519,-12.71610743149904
caef90a4f03162a7,True,36.025,16.0,2.0,215.61262788333624,1078.0631394166505,1249520666054.122,7218.391098156113,597.6633937782788,5976.633937782787,True,7,0.143221,1145.477519560989,1130.0565863186305,-0.02887439896408137,-21.922549500605147,92.58946221263555,-0.028874398964081366,0.01713171904409327,0.020087688311877423,1053.9828109545865,-21.922549500605147,0.020087688311877423,15.403801523314494,1592.2654952490716
caef90a4f03162a7,True,36.025,16.0,2.0,215.61262788333624,1078.0631394166505,1249520666054.122,7218.391098156113,597.6633937782788,5976.633937782787,True,8,0.159221,1149.6372413532397,1131.9194935783898,-0.03368901026503589,-23.037522286300103,-86.73400215137131,-0.03368901026503588,0.02709952521185004,0.026736857992833356,-1229.6466127803374,-23.037522286300103,0.026736857992833356,17.69064824963787,-12.716107432243916
cafe026e8faba8c8,True,36.025,16.0,2.0,339.97155664649364,1699.8577832321837,2513757326649.4927,7218.391098156113,597.6633937782788,5976.633937782787,True,1,0.047221,1119.6635523327102,1118.8847592088446,0.0,-14.476850987722745,92.58946221253187,0.0,0.0,0.0,0.0,-14.476850987722745,0.0,0.7787931238656026,1592.2654952490716
cafe026e8faba8c8,True,36.025,16.0,2.0,339.97155664649364,1699.8577832321837,2513757326649.4927,7218.391098156113,597.6633937782788,5976.633937782787,True,2,0.063221,1124.4572744807215,1120.747666468604,-0.004814457012098198,-15.752124870501364,-86.73400215127491,-0.004814457012098198,0.00011792176654171804,8.879195109496003e-06,-175.66380182576222,-15.752124870501364,8.879195109496003e-06,3.709490090350874,-12.716107432249828
cafe026e8faba8c8,True,36.025,16.0,2.0,339.97155664649364,1699.8577832321837,2513757326649.4927,7218.391098156113,597.6633937782788,5976.633937782787,True,3,0.079221,1137.0256563842229,1122.6087015787732,-0.009624799654693181,-18.447089186423757,92.58946221257735,-0.00962479965469318,0.0007059877106867146,0.0022412888150008066,351.3276036515242,-18.447089186423757,0.0022412888150008066,14.41624881773897,1592.2654952488829
cafe026e8faba8c8,True,36.025,16.0,2.0,339.97155664649364,1699.8577832321837,2513757326649.4927,7218.391098156113,597.6633937782788,5976.633937782787,True,4,0.095221,1155.4156153809818,1124.4716088385326,-0.014439308096410173,-21.599004284828368,-86.73400215137495,-0.014439308096410171,0.0022327991214746764,0.004463598172058079,-526.9914054772864,-21.599004284828368,0.004463598172058079,30.94177374332775,-12.716107431907403
cafe026e8faba8c8,True,36.025,16.0,2.0,339.97155664649364,1699.8577832321837,2513757326649.4927,7218.391098156113,597.6633937782788,5976.633937782787,True,5,0.111221,1189.9069208717297,1126.3326439487018,-0.019249599309386377,-26.23435424846712,92.58946221267739,-0.019249599309386373,0.005166957287945289,0.008937184918959677,702.6552073030487,-26.23435424846712,0.008937184918959677,63.56910996573995,1592.265495248499
cafe026e8faba8c8,True,36.025,16.0,2.0,339.97155664649364,1699.8577832321837,2513757326649.4927,7218.391098156113,597.6633937782788,5976.633937782787,True,6,0.127221,1195.2639559065155,1128.1955512084612,-0.024064159180722144,-27.634638134087723,-86.73400215147318,-0.02406415918072214,0.009977063499138237,0.013372924437962428,-878.3190091288108,-27.634638134087723,0.013372924437962428,67.05842763455523,-12.716107431510409
cafe026e8faba8c8,True,36.025,16.0,2.0,339.97155664649364,1699.8577832321837,2513757326649.4927,7218.391098156113,597.6633937782788,5976.633937782787,True,7,0.143221,1227.479765700698,1130.0565863186305,-0.02887439896408137,-32.108517009387654,92.58946221263555,-0.028874398964081366,0.01713171904409327,0.02008768831188428,1053.9828109545865,-32.108517009387654,0.02008768831188428,97.40604766302337,1592.2654952498979
cafe026e8faba8c8,True,36.025,16.0,2.0,339.97155664649364,1699.8577832321837,2513757326649.4927,7218.391098156113,597.6633937782788,5976.633937782787,True,8,0.159221,1235.8975074818554,1131.9194935783898,-0.03368901026503589,-34.06028637474252,-86.73400215137131,-0.03368901026503588,0.02709952521185004,0.02673685799284086,-1229.6466127803374,-34.06028637474252,0.02673685799284086,103.95091437825354,-12.716107431645469
cdb3c9d454b2d198,True,36.025,16.0,2.0,339.97155664644646,1699.8577832321837,1422105802061.2073,5468.478104663722,597.6633937782788,5976.633937782787,True,1,0.047221,5.843380396970075,5.1802061674514706,0.0,-0.4925242098760083,92.58946221235361,0.0,0.0,0.0,0.0,-0.4925242098760083,0.0,0.6631742295186049,-12.716107432290073
cdb3c9d454b2d198,True,36.025,16.0,2.0,339.97155664644646,1699.8577832321837,1422105802061.2073,5468.478104663722,597.6633937782788,5976.633937782787,True,2,0.063221,10.124029547989327,7.043113427211317,-0.004814457012098048,-1.7364504076987044,-86.73400215153684,-0.004814457012098048,0.00011792176654171839,8.879195109264549e-06,-175.66380182576216,-1.7364504076987044,8.879195109264549e-06,3.080798199011468,-12.716107431918317
cdb3c9d454b2d198,True,36.025,16.0,2.0,339.97155664644646,1699.8577832321837,1422105802061.2073,5468.478104663722,597.6633937782788,5976.633937782787,True,3,0.079221,18.628412126140724,8.904148537380793,-0.009624799654693192,-3.7927960970693513,92.58946221236452,-0.009624799654693192,0.0007059877106867148,-1.1168798932182247e-07,351.3276036515243,-3.7927960970693513,-1.1168798932182247e-07,9.723557601049244,-12.716107432295757
cdb3c9d454b2d198,True,36.025,16.0,2.0,339.97155664644646,1699.8577832321837,1422105802061.2073,5468.478104663722,597.6633937782788,5976.633937782787,True,4,0.095221,33.494361351617684,10.76705579714064,-0.01443930809641002,-6.6715449563127445,-86.73400215153684,-0.01443930809641002,0.002232799121474673,8.990883097078045e-06,-526.9914054772864,-6.6715449563127445,8.990883097078045e-06,22.725072755355566,-12.716107431947421
cdb3c9d454b2d198,True,36.025,16.0,2.0,339.97155664644646,1699.8577832321837,1422105802061.2073,5468.478104663722,597.6633937782788,5976.633937782787,True,5,0.111221,56.81654997580192,12.628090907310119,-0.019249599309386373,-10.362226476732701,92.58946221236452,-0.019249599309386373,0.005166957287945275,-2.2337597963647456e-07,702.6552073030485,-10.362226476732701,-2.2337597963647456e-07,44.183292111203855,-12.716107432313038
cdb3c9d454b2d198,True,36.025,16.0,2.0,339.97155664644646,1699.8577832321837,1422105802061.2073,5468.478104663722,597.6633937782788,5976.633937782787,True,6,0.127221,90.7433339566205,14.490998167069964,-0.024064159180721998,-14.876046526229477,-86.73400215153684,-0.024064159180721998,0.009977063499138206,9.102571083824778e-06,-878.3190091288109,-14.876046526229477,9.102571083824778e-06,76.2423587260514,-12.716107431944693
d1a75727ed749f8d,True,36.025,16.0,2.0,300.08112291155646,1500.4056145575312,2538049210292.307,7218.391098156113,597.6633937782788,5976.633937782787,True,1,0.047221,1119.6635523327102,1118.8847592088446,0.0,-14.476850987722745,92.58946221253187,0.0,0.0,0.0,0.0,-14.476850987722745,0.0,0.7787931238656026,1592.2654952490716
d1a75727ed749f8d,True,36.025,16.0,2.0,300.08112291155646,1500.4056145575312,2538049210292.307,7218.391098156113,597.6633937782788,5976.633937782787,True,2,0.063221,1145.8497067832777,1120.747666468604,-0.004814457012098198,-18.318185068003487,-86.73400215127491,-0.004814457012098198,0.00011792176654171804,8.879195109498862e-06,-175.66380182576222,-18.318185068003487,8.879195109498862e-06,25.10192239290724,-12.71610743225392
d1a75727ed749f8d,True,36.025,16.0,2.0,300.08112291155646,1500.4056145575312,2538049210292.307,7218.391098156113,597.6633937782788,5976.633937782787,True,3,0.079221,1149.699915655282,1122.6087015787732,-0.009624799654693181,-19.52537961767657,92.58946221257735,-0.00962479965469318,0.0007059877106867146,0.0022412888150008135,351.3276036515242,-19.52537961767657,0.0022412888150008135,27.090508088798092,1592.2654952488783
d1a75727ed749f8d,True,36.025,16.0,2.0,300.08112291155646,1500.4056145575312,2538049210292.307,7218.391098156113,597.6633937782788,5976.633937782787,True,4,0.095221,1175.8874789954937,1124.4716088385326,-0.014439308096410173,-23.366713697957305,-86.73400215137495,-0.014439308096410171,0.0022327991214746764,0.004463598172058065,-526.9914054772864,-23.366713697957305,0.004463598172058065,51.41363735783968,-12.71610743189649
d1a75727ed749f8d,True,36.025,16.0,2.0,300.08112291155646,1500.4056145575312,2538049210292.307,7218.391098156113,597.6633937782788,5976.633937782787,True,5,0.111221,1179.7400339597202,1126.3326439487018,-0.019249599309386377,-24.573908247630385,92.58946221267739,-0.019249599309386373,0.005166957287945289,0.008937184918959638,702.6552073030487,-24.573908247630385,0.008937184918959638,53.40222305373051,1592.2654952484982
d1a75727ed749f8d,True,36.025,16.0,2.0,300.08112291155646,1500.4056145575312,2538049210292.307,7218.391098156113,597.6633937782788,5976.633937782787,True,6,0.127221,1205.9308805947323,1128.1955512084612,-0.024064159180722144,-28.41524232791112,-86.73400215147318,-0.02406415918072214,0.009977063499138237,0.01337292443796242,-878.3190091288108,-28.41524232791112,0.01337292443796242,77.7253523227721,-12.716107431521777
d1a75727ed749f8d,True,36.025,16.0,2.0,300.08112291155646,1500.4056145575312,2538049210292.307,7218.391098156113,597.6633937782788,5976.633937782787,True,7,0.143221,1209.7876560563377,1130.0565863186305,-0.02887439896408137,-29.62243687758427,92.58946221263555,-0.028874398964081366,0.01713171904409327,0.020087688311877152,1053.9828109545865,-29.62243687758427,0.020087688311877152,79.71393801866304,1592.2654952490102
d1a75727ed749f8d,True,36.025,16.0,2.0,300.08112291155646,1500.4056145575312,2538049210292.307,7218.391098156113,597.6633937782788,5976.633937782787,True,8,0.159221,1235.9836603913068,1131.9194935783898,-0.03368901026503589,-33.46377095786507,-86.73400215137131,-0.03368901026503588,0.02709952521185004,0.026736857992837305,-1229.6466127803374,-33.46377095786507,0.026736857992837305,104.03706728770489,-12.716107433050638
d1c3c39544b76b8d,True,36.025,16.0,2.0,339.97155664647005,1699.8577832323015,2119700102397.2139,7218.391098156113,597.6633937782788,5976.633937782787,True,1,0.047221,1119.6635523327102,1118.8847592088446,0.0,-14.476850987722745,92.58946221253187,0.0,0.0,0.0,0.0,-14.476850987722745,0.0,0.7787931238656026,1592.2654952490716
d1c3c39544b76b8d,True,36.025,16.0,2.0,339.97155664647005,1699.8577832323015,2119700102397.2139,7218.391098156113,597.6633937782788,5976.633937782787,True,2,0.063221,1123.8134242405595,1120.747666468604,-0.004814457012098198,-15.591823773417698,-86.73400215127491,-0.004814457012098198,0.00011792176654171804,8.879195109495686e-06,-175.66380182576222,-15.591823773417698,8.879195109495686e-06,3.065639850189,-12.716107432249373
d1c3c39544b76b8d,True,36.025,16.0,2.0,339.97155664647005,1699.8577832323015,2119700102397.2139,7218.391098156113,597.6633937782788,5976.633937782787,True,3,0.079221,1127.8990878905468,1122.6087015787732,-0.009624799654693181,-16.86435200960332,92.58946221257735,-0.00962479965469318,0.0007059877106867146,0.002241288815000816,351.3276036515242,-16.86435200960332,0.002241288815000816,5.289680324062721,1592.2654952488847
d1c3c39544b76b8d,True,36.025,16.0,2.0,339.97155664647005,1699.8577832323015,2119700102397.2139,7218.391098156113,597.6633937782788,5976.633937782787,True,4,0.095221,1135.0454906521204,1124.4716088385326,-0.014439308096410173,-18.60859979966391,-86.73400215137495,-0.014439308096410171,0.0022327991214746764,0.004463598172058017,-526.9914054772864,-18.60859979966391,0.004463598172058017,10.571649014466393,-12.716107431878754
d1c3c39544b76b8d,True,36.025,16.0,2.0,339.97155664647005,1699.8577832323015,2119700102397.2139,7218.391098156113,597.6633937782788,5976.633937782787,True,5,0.111221,1142.7849385342038,1126.3326439487018,-0.019249599309386377,-20.627621298093498,92.58946221267739,-0.019249599309386373,0.005166957287945289,0.008937184918959598,702.6552073030487,-20.627621298093498,0.008937184918959598,16.44712762821407,1592.2654952485145
d1c3c39544b76b8d,True,36.025,16.0,2.0,339.97155664647005,1699.8577832323015,2119700102397.2139,7218.391098156113,597.6633937782788,5976.633937782787,True,6,0.127221,1158.6570278076795,1128.1955512084612,-0.024064159180722144,-23.522557583498866,-86.73400215147318,-0.02406415918072214,0.009977063499138237,0.013372924437962348,-878.3190091288108,-23.522557583498866,0.013372924437962348,30.451499535719115,-12.71610743149904
d1c3c39544b76b8d,True,36.025,16.0,2.0,339.97155664647005,1699.8577832323015,2119700102397.2139,7218.391098156113,597.6633937782788,5976.633937782787,True,7,0.143221,1174.6672224084055,1130.0565863186305,-0.02887439896408137,-26.606294596729793,92.58946221263555,-0.028874398964081366,0.01713171904409327,0.020087688311881253,1053.9828109545865,-26.606294596729793,0.020087688311881253,44.59350437073082,1592.2654952495532
d1c3c39544b76b8d,True,36.025,16.0,2.0,339.97155664647005,1699.8577832323015,2119700102397.2139,7218.391098156113,597.6633937782788,5976.633937782787,True,8,0.159221,1208.0727124622074,1131.9194935783898,-0.03368901026503589,-30.991161234098865,-86.73400215137131,-0.03368901026503588,0.02709952521185004,0.026736857992841718,-1229.6466127803374,-30.991161234098865,0.026736857992841718,76.12611935860555,-12.71610743263409
d468bdc847b5ebbb,True,36.025,16.0,2.0,582.8161998778448,2914.080999389545,3550215682468.7446,7218.391098156113,597.6633937782788,5976.633937782787,True,1,0.047221,1119.5479334383626,1118.8847592088441,0.0,-10.426160434972052,92.5894622125628,0.0,0.0,0.0,0.0,-10.426160434972052,0.0,0.6631742295186049,-12.716107432290073
d468bdc847b5ebbb,True,36.025,16.0,2.0,582.8161998778448,2914.080999389545,3550215682468.7446,7218.391098156113,597.6633937782788,5976.633937782787,True,2,0.063221,1124.6654424615265,1120.7476664686037,-0.004814457012098193,-9.154143875356757,-86.73400215132766,-0.004814457012098193,0.00011792176654171839,8.879195109262645e-06,-175.66380182576216,-9.154143875356757,8.879195109262645e-06,3.917658071156307,-12.716107431915589
d468bdc847b5ebbb,True,36.025,16.0,2.0,582.8161998778448,2914.080999389545,3550215682468.7446,7218.391098156113,597.6633937782788,5976.633937782787,True,3,0.079221,1130.8449725387654,1122.6087015787734,-0.00962479965469319,-10.645783486557175,92.58946221257371,-0.00962479965469319,0.0007059877106867148,-1.1168798916841343e-07,351.3276036515243,-10.645783486557175,-1.1168798916841343e-07,8.235564972281267,-12.71610743218298
d468bdc847b5ebbb,True,36.025,16.0,2.0,582.8161998778448,2914.080999389545,3550215682468.7446,7218.391098156113,597.6633937782788,5976.633937782787,True,4,0.095221,1142.2485314559228,1124.471608838533,-0.014439308096410168,-8.451009865507155,-86.73400215132766,-0.014439308096410168,0.002232799121474673,8.990883097101362e-06,-526.9914054772864,-8.451009865507155,8.990883097101362e-06,17.774689818268403,-12.716107431813725
d468bdc847b5ebbb,True,36.025,16.0,2.0,582.8161998778448,2914.080999389545,3550215682468.7446,7218.391098156113,597.6633937782788,5976.633937782787,True,5,0.111221,1155.4254039095936,1126.3326439487028,-0.019249599309386366,-10.865114220589263,92.58946221257371,-0.019249599309386366,0.005166957287945275,-2.2337597923495236e-07,702.6552073030485,-10.865114220589263,-2.2337597923495236e-07,29.08759300360301,-12.716107432081117
d468bdc847b5ebbb,True,36.025,16.0,2.0,582.8161998778448,2914.080999389545,3550215682468.7446,7218.391098156113,597.6633937782788,5976.633937782787,True,6,0.127221,1176.4387979614219,1128.1955512084623,-0.02406415918072214,-7.747460798404936,-86.73400215132766,-0.02406415918072214,0.009977063499138206,9.102571084080841e-06,-878.3190091288109,-7.747460798404936,9.102571084080841e-06,48.233269689460414,-12.716107431724595
d468bdc847b5ebbb,True,36.025,16.0,2.0,582.8161998778448,2914.080999389545,3550215682468.7446,7218.391098156113,597.6633937782788,5976.633937782787,True,7,0.143221,1199.9345900859162,1130.056586318632,-0.028874398964077612,-11.083907212870388,92.58946221256825,-0.028874398964077612,0.017131719044093024,-3.350639668669615e-07,1053.9828109545592,-11.083907212870388,-3.350639668669615e-07,69.86087204823991,-12.71610743038218
d468bdc847b5ebbb,True,36.025,16.0,2.0,582.8161998778448,2914.080999389545,3550215682468.7446,7218.391098156113,597.6633937782788,5976.633937782787,True,8,0.159221,1233.8790492392964,1131.9194935783917,-0.03368901026503652,-7.043496729250939,-86.73400215124035,-0.03368901026503652,0.027099525211849825,9.214259055009063e-06,-1229.6466127803649,-7.043496729250939,9.214259055009063e-06,101.93245613569286,-12.71610742838493
d4b946cd91ebbd4f,True,36.025,16.0,2.0,215.61262788333624,1078.0631394166505,1249520666054.122,7218.391098156113,597.6633937782788,5976.633937782787,True,1,0.047221,1119.6635523327102,1118.8847592088446,0.0,-14.476850987722745,92.58946221253187,0.0,0.0,0.0,0.0,-14.476850987722745,0.0,0.7787931238656026,1592.2654952490716
d4b946cd91ebbd4f,True,36.025,16.0,2.0,215.61262788333624,1078.0631394166505,1249520666054.122,7218.391098156113,597.6633937782788,5976.633937782787,True,2,0.063221,1123.8134242405595,1120.747666468604,-0.004814457012098198,-15.591823773417698,-86.73400215127491,-0.004814457012098198,0.00011792176654171804,8.879195109495686e-06,-175.66380182576222,-15.591823773417698,8.879195109495686e-06,3.065639850189,-12.716107432249373
d4b946cd91ebbd4f,True,36.025,16.0,2.0,215.61262788333624,1078.0631394166505,1249520666054.122,7218.391098156113,597.6633937782788,5976.633937782787,True,3,0.079221,1128.2632034901658,1122.6087015787732,-0.009624799654693181,-16.95875049201687,92.58946221257735,-0.00962479965469318,0.0007059877106867146,0.002241288815000817,351.3276036515242,-16.95875049201687,0.002241288815000817,5.653795923681895,1592.2654952488856
d4b946cd91ebbd4f,True,36.025,16.0,2.0,215.61262788333624,1078.0631394166505,1249520666054.122,7218.391098156113,597.6633937782788,5976.633937782787,True,4,0.095221,1132.4144842876592,1124.4716088385326,-0.014439308096410173,-18.07372327771181,-86.73400215137495,-0.014439308096410171,0.0022327991214746764,0.00446359817205801,-526.9914054772864,-18.07372327771181,0.00446359817205801,7.940642650005274,-12.716107431876935
d4b946cd91ebbd4f,True,36.025,16.0,2.0,215.61262788333624,1078.0631394166505,1249520666054.122,7218.391098156113,597.6633937782788,5976.633937782787,True,5,0.111221,1136.8666096294878,1126.3326439487018,-0.019249599309386377,-19.440649996310967,92.58946221267739,-0.019249599309386373,0.005166957287945289,0.008937184918959588,702.6552073030487,-19.440649996310967,0.008937184918959588,10.528798723498152,1592.265495248515
d4b946cd91ebbd4f,True,36.025,16.0,2.0,215.61262788333624,1078.0631394166505,1249520666054.122,7218.391098156113,597.6633937782788,5976.633937782787,True,6,0.127221,1141.0211737217817,1128.1955512084612,-0.024064159180722144,-20.55562278200591,-86.73400215147318,-0.02406415918072214,0.009977063499138237,0.013372924437962345,-878.3190091288108,-20.55562278200591,0.013372924437962345,12.815645449821519,-12.71610743149904
d4b946cd91ebbd4f,True,36.025,16.0,2.0,215.61262788333624,1078.0631394166505,1249520666054.122,7218.391098156113,597.6633937782788,5976.633937782787,True,7,0.143221,1145.477519560989,1130.0565863186305,-0.02887439896408137,-21.922549500605147,92.58946221263555,-0.028874398964081366,0.01713171904409327,0.020087688311877423,1053.9828109545865,-21.922549500605147,0.020087688311877423,15.403801523314494,1592.2654952490716
d4b946cd91ebbd4f,True,36.025,16.0,2.0,215.61262788333624,1078.0631394166505,1249520666054.122,7218.391098156113,597.6633937782788,5976.633937782787,True,8,0.159221,1149.6372413532397,1131.9194935783898,-0.03368901026503589,-23.037522286300103,-86.73400215137131,-0.03368901026503588,0.02709952521185004,0.026736857992833356,-1229.6466127803374,-23.037522286300103,0.026736857992833356,17.69064824963787,-12.716107432243916
d4d21aba7d252395,True,36.025,16.0,2.0,339.9715566464229,1699.8577832323015,2537897794761.841,7218.391098156113,597.6633937782788,5976.633937782787,True,1,0.047221,1119.5479334383626,1118.8847592088441,0.0,-10.426160434972052,92.5894622125628,0.0,0.0,0.0,0.0,-10.426160434972052,0.0,0.6631742295186049,-12.716107432290073
d4d21aba7d252395,True,36.025,16.0,2.0,339.9715566464229,1699.8577832323015,2537897794761.841,7218.391098156113,597.6633937782788,5976.633937782787,True,2,0.063221,1125.0120395530291,1120.7476664686037,-0.004814457012098193,-8.94521651120511,-86.73400215132766,-0.004814457012098193,0.00011792176654171839,8.87919510926328e-06,-175.66380182576216,-8.94521651120511,8.87919510926328e-06,4.264255162658867,-12.716107431916498
d4d21aba7d252395,True,36.025,16.0,2.0,339.9715566464229,1699.8577832323015,2537897794761.841,7218.391098156113,597.6633937782788,5976.633937782787,True,3,0.079221,1131.8716097729207,1122.6087015787734,-0.00962479965469319,-10.729297103930335,92.58946221257371,-0.00962479965469319,0.0007059877106867148,-1.1168798930480712e-07,351.3276036515243,-10.729297103930335,-1.1168798930480712e-07,9.262202206436609,-12.71610743228166
d4d21aba7d252395,True,36.025,16.0,2.0,339.9715566464229,1699.8577832323015,2537897794761.841,7218.391098156113,597.6633937782788,5976.633937782787,True,4,0.095221,1144.3999955129818,1124.471608838533,-0.014439308096410168,-8.15830571999445,-86.73400215132766,-0.014439308096410168,0.002232799121474673,8.990883097017095e-06,-526.9914054772864,-8.15830571999445,8.990883097017095e-06,19.92615387532739,-12.716107431903765
d4d21aba7d252395,True,36.025,16.0,2.0,339.9715566464229,1699.8577832323015,2537897794761.841,7218.391098156113,597.6633937782788,5976.633937782787,True,5,0.111221,1159.2542413172487,1126.3326439487028,-0.019249599309386366,-11.03169511636022,92.58946221257371,-0.019249599309386366,0.005166957287945275,-2.2337597964099748e-07,702.6552073030485,-11.03169511636022,-2.2337597964099748e-07,32.91643041125807,-12.716107432262106
d4d21aba7d252395,True,36.025,16.0,2.0,339.9715566464229,1699.8577832323015,2537897794761.841,7218.391098156113,597.6633937782788,5976.633937782787,True,6,0.127221,1182.6115253412806,1128.1955512084623,-0.02406415918072214,-7.370904801088082,-86.73400215132766,-0.02406415918072214,0.009977063499138206,9.102571083765066e-06,-878.3190091288109,-7.370904801088082,9.102571083765066e-06,54.40599706931918,-12.71610743189376
d4d21aba7d252395,True,36.025,16.0,2.0,339.9715566464229,1699.8577832323015,2537897794761.841,7218.391098156113,597.6633937782788,5976.633937782787,True,7,0.143221,1209.2293568239566,1130.056586318632,-0.028874398964077612,-11.333851418153438,92.58946221256825,-0.028874398964077612,0.017131719044093024,-3.350639713324696e-07,1053.9828109545592,-11.333851418153438,-3.350639713324696e-07,79.15563878628033,-12.71610743135625
d4d21aba7d252395,True,36.025,16.0,2.0,339.9715566464229,1699.8577832323015,2537897794761.841,7218.391098156113,597.6633937782788,5976.633937782787,True,8,0.159221,1247.185095357236,1131.9194935783917,-0.03368901026503652,-6.583013642712148,-86.73400215124035,-0.03368901026503652,0.027099525211849825,9.21425905409889e-06,-1229.6466127803649,-6.583013642712148,9.21425905409889e-06,115.23850225363222,-12.716107430269403
dba72456bfa6b314,True,36.025,16.0,2.0,219.9719391145372,1099.8596955728071,1743210252302.9185,7218.391098156113,597.6633937782788,5976.633937782787,True,1,0.047221,1055.8596735331455,405.1949933879172,365.378648970229,359.1553747249105,92.58946221251004,365.378648970229,330.73234340245347,325.00075295785484,1.368789526168257e-10,359.1553747249105,325.00075295785484,319.9323367427748,-12.71610743215706
dba72456bfa6b314,True,36.025,16.0,2.0,219.9719391145372,1099.8596955728071,1743210252302.9185,7218.391098156113,597.6633937782788,5976.633937782787,True,2,0.063221,1060.1403226841646,407.0579006476771,365.3738345132168,357.9114485270879,-86.73400215138041,365.3738345132168,330.73246132422,325.00076183705,-175.66380182562528,357.9114485270879,325.00076183705,322.34996071226755,-12.71610743178735
dba72456bfa6b314,True,36.025,16.0,2.0,219.9719391145372,1099.8596955728071,1743210252302.9185,7218.391098156113,597.6633937782788,5976.633937782787,True,3,0.079221,1065.5890397693256,408.9189357578468,365.3690241705743,356.3998814480669,92.58946221252096,365.3690241705743,330.7330493901642,325.00075284616696,351.3276036516612,356.3998814480669,325.00075284616696,325.9370546213148,-12.716107432153876
dba72456bfa6b314,True,36.025,16.0,2.0,219.9719391145372,1099.8596955728071,1743210252302.9185,7218.391098156113,597.6633937782788,5976.633937782787,True,4,0.095221,1072.4584019267331,410.7818430176067,365.3642096621325,354.61093152015974,-86.73400215138041,365.3642096621325,330.734576201575,325.0007619487381,-526.9914054771496,354.61093152015974,325.0007619487381,330.9419827075515,-12.716107431782348
dba72456bfa6b314,True,36.025,16.0,2.0,219.9719391145372,1099.8596955728071,1743210252302.9185,7218.391098156113,597.6633937782788,5976.633937782787,True,5,0.111221,1080.965130597107,412.6428781277764,365.3593993709194,352.5545858307891,92.58946221252096,365.3593993709194,330.73751035974146,325.00075273447897,702.6552073031854,352.5545858307891,325.00075273447897,337.5847421095891,-12.716107432157514
dba72456bfa6b314,True,36.025,16.0,2.0,219.9719391145372,1099.8596955728071,1743210252302.9185,7218.391098156113,597.6633937782788,5976.633937782787,True,6,0.127221,1091.3664907451987,414.5057853875363,365.354584811048,350.2206121727976,-86.73400215138041,365.354584811048,330.7423204659526,325.0007620604261,-878.319009128674,350.2206121727976,325.0007620604261,346.1183848917097,-12.716107431781893
dba72456bfa6b314,True,36.025,16.0,2.0,219.9719391145372,1099.8596955728071,1743210252302.9185,7218.391098156113,597.6633937782788,5976.633937782787,True,7,0.143221,1103.8745159850814,416.366820497706,365.3497745712646,347.61948787307716,92.5894622125155,365.3497745712646,330.74947512149765,325.0007526227911,1053.982810954696,347.61948787307716,325.0007526227911,356.75822036587783,-12.71610743160818
dba72456bfa6b314,True,36.025,16.0,2.0,219.9719391145372,1099.8596955728071,1743210252302.9185,7218.391098156113,597.6633937782788,5976.633937782787,True,8,0.159221,1118.7489062053155,418.229727757466,365.34495995996366,344.7407390138338,-86.7340021512931,365.34495995996366,330.7594429276654,325.0007621721142,-1229.646612780228,344.7407390138338,325.0007621721142,369.759735520184,-12.716107432599529
ddea0c9c33466375,True,36.025,16.0,2.0,339.9715566464229,1699.8577832323015,2537897794761.841,7218.391098156113,597.6633937782788,5976.633937782787,True,1,0.047221,999.4441275390449,5.170038849912753,60.05190294965895,-0.4916838007199088,92.58946221235361,60.05190294965895,993.6109144596135,-9.934476634252144,2.0463630789890885e-10,-0.4916838007199088,-9.934476634252144,0.6631742295186049,-12.716107432290073
ddea0c9c33466375,True,36.025,16.0,2.0,339.9715566464229,1699.8577832323015,2537897794761.841,7218.391098156113,597.6633937782788,5976.633937782787,True,2,0.063221,1003.7247766900641,7.0329461096726,60.04708849264688,-1.735609998542605,-86.73400215153684,60.04708849264688,993.61103238138,-9.934467755057057,-175.66380182555753,-1.735609998542605,-9.934467755057057,3.080798199011468,-12.716107431918317
ddea0c9c33466375,True,36.025,16.0,2.0,339.9715566464229,1699.8577832323015,2537897794761.841,7218.391098156113,597.6633937782788,5976.633937782787,True,3,0.079221,1010.5843469099555,8.893981219842077,60.04227815000427,-3.5196905912678593,92.58946221236452,60.04227815000427,993.6116204473242,-9.934476745940128,351.32760365172896,-3.5196905912678593,-9.934476745940128,8.078745242789209,-12.716107432288936
ddea0c9c33466375,True,36.025,16.0,2.0,339.9715566464229,1699.8577832323015,2537897794761.841,7218.391098156113,597.6633937782788,5976.633937782787,True,4,0.095221,1020.9824237632471,10.756888479601924,60.03746364156257,-5.853664249259476,-86.73400215153684,60.03746364156257,993.613147258735,-9.934467643369075,-526.9914054770818,-5.853664249259476,-9.934467643369075,16.612388024910114,-12.71610743191286
ddea0c9c33466375,True,36.025,16.0,2.0,339.9715566464229,1699.8577832323015,2537897794761.841,7218.391098156113,597.6633937782788,5976.633937782787,True,5,0.111221,1035.8366695675138,12.617923589771403,60.032653350349584,-8.727053645625292,92.58946221236452,60.032653350349584,993.6160814169016,-9.934476857628106,702.6552073032532,-8.727053645625292,-9.934476857628106,29.602664560840793,-12.716107432262106
ddea0c9c33466375,True,36.025,16.0,2.0,339.9715566464229,1699.8577832323015,2537897794761.841,7218.391098156113,597.6633937782788,5976.633937782787,True,6,0.127221,1056.117008662165,14.480830849531248,60.02783879047826,-12.150826234953138,-86.73400215153684,60.02783879047826,993.620891523113,-9.934467531681095,-878.3190091286062,-12.150826234953138,-9.934467531681095,48.01528628952094,-12.71610743189376
ddea0c9c33466375,True,36.025,16.0,2.0,339.9715566464229,1699.8577832323015,2537897794761.841,7218.391098156113,597.6633937782788,5976.633937782787,True,7,0.143221,1082.7348401448407,16.341865959700723,60.02302855069488,-16.11377285201855,92.58946221235907,60.02302855069488,993.628046178658,-9.93447696931609,1053.9828109547639,-16.11377285201855,-9.93447696931609,72.7649280064821,-12.71610743135625
ddea0c9c33466375,True,36.025,16.0,2.0,339.9715566464229,1699.8577832323015,2537897794761.841,7218.391098156113,597.6633937782788,5976.633937782787,True,8,0.159221,1116.6667818256158,18.2047732194606,60.01821393939394,-20.627592901515325,-86.73400215144953,60.01821393939394,993.6380139848256,-9.9344674199931,-1229.6466127801602,-20.627592901515325,-9.9344674199931,104.82399462132955,-12.716107432819626
dfed5017c3652021,True,36.025,16.0,1.9999999999999998,339.97155664644646,1699.8577832321837,1638896752286.7227,3718.565111171331,597.6633937782788,5976.633937782787,True,1,0.047221,979.5751742705409,5.170038849912753,0.0,59.56021914893904,92.58946221235361,0.0,0.0,0.0,0.0,59.56021914893904,0.0,974.4051354206281,-12.716107432089302
dfed5017c3652021,True,36.025,16.0,1.9999999999999998,339.97155664644646,1699.8577832321837,1638896752286.7227,3718.565111171331,597.6633937782788,5976.633937782787,True,2,0.063221,985.0392803852078,7.0329461096726,-0.004814457012098048,61.041163072706,-86.73400215153684,-0.004814457012098048,0.00011792176654171839,8.879195109121024e-06,-175.66380182576216,61.041163072706,8.879195109121024e-06,978.0062163537687,-12.716107431712771
dfed5017c3652021,True,36.025,16.0,1.9999999999999998,339.97155664644646,1699.8577832321837,1638896752286.7227,3718.565111171331,597.6633937782788,5976.633937782787,True,3,0.079221,999.8911800972525,8.893981219842077,-0.009624799654693192,58.167773676340154,92.58946221236452,-0.009624799654693192,0.0007059877106867148,-1.1168798929543522e-07,351.3276036515243,58.167773676340154,-1.1168798929543522e-07,990.9964928896997,-12.716107432072931
dfed5017c3652021,True,36.025,16.0,1.9999999999999998,339.97155664644646,1699.8577832321837,1638896752286.7227,3718.565111171331,597.6633937782788,5976.633937782787,True,4,0.095221,1037.8384776357743,10.756888479601924,-0.01443930809641002,62.91861145178117,-86.73400215153684,-0.01443930809641002,0.002232799121474673,8.990883096909916e-06,-526.9914054772864,62.91861145178117,8.990883096909916e-06,1027.079356357051,-12.716107431711862
e176d139174891b3,True,36.025,16.0,2.0,339.9715566464229,1699.8577832323015,2537706154867.2676,7218.391098156113,597.6633937782788,5976.633937782787,True,1,0.047221,1074.1321280124876,586.6811839488104,381.21637169697567,373.70138857873224,92.58946221250459,381.21637169697567,248.36070302962733,243.3938849170793,9.367795428261161e-11,373.70138857873224,243.3938849170793,239.09024103404985,-12.716107432171157
e176d139174891b3,True,36.025,16.0,2.0,339.9715566464229,1699.8577832323015,2537706154867.2676,7218.391098156113,597.6633937782788,5976.633937782787,True,2,0.063221,1079.5962341271538,588.5440912085699,381.2115572399635,375.1823325024993,-86.73400215138587,381.2115572399635,248.3608209513939,243.3938937962744,-175.6638018256685,375.1823325024993,243.3938937962744,242.69132196719005,-12.716107431792807
e176d139174891b3,True,36.025,16.0,2.0,339.9715566464229,1699.8577832323015,2537706154867.2676,7218.391098156113,597.6633937782788,5976.633937782787,True,3,0.079221,1086.4558043470452,590.4051263187395,381.20674689732095,373.398251909774,92.5894622125155,381.20674689732095,248.36140901733805,243.39388480539125,351.327603651618,373.398251909774,243.39388480539125,247.6892690109678,-12.716107432157969
e176d139174891b3,True,36.025,16.0,2.0,339.9715566464229,1699.8577832323015,2537706154867.2676,7218.391098156113,597.6633937782788,5976.633937782787,True,4,0.095221,1098.9841900871063,592.268033578499,381.2019323888792,375.9692432937099,-86.73400215138587,381.2019323888792,248.36293582874885,243.39389390796234,-526.9914054771928,375.9692432937099,243.39389390796234,258.3532206798585,-12.71610743178735
e176d139174891b3,True,36.025,16.0,2.0,339.9715566464229,1699.8577832323015,2537706154867.2676,7218.391098156113,597.6633937782788,5976.633937782787,True,5,0.111221,1113.838435891373,594.1290686886686,381.19712209766607,373.09585389734406,92.5894622125155,381.19712209766607,248.36586998691536,243.39388469370326,702.6552073031422,373.09585389734406,243.39388469370326,271.3434972157891,-12.71610743214569
e176d139174891b3,True,36.025,16.0,2.0,339.9715566464229,1699.8577832323015,2537706154867.2676,7218.391098156113,597.6633937782788,5976.633937782787,True,6,0.127221,1137.1957199154049,595.991975948428,381.1923075377947,376.75664421261615,-86.73400215138587,381.1923075377947,248.37068009312654,243.3938940196503,-878.3190091287172,376.75664421261615,243.3938940196503,292.8330638738502,-12.716107431777345
e176d139174891b3,True,36.025,16.0,2.0,339.9715566464229,1699.8577832323015,2537706154867.2676,7218.391098156113,597.6633937782788,5976.633937782787,True,7,0.143221,1163.8135513980806,597.8530110585976,381.1874972980113,372.79369759555084,92.58946221251004,381.1874972980113,248.37783474867146,243.3938845820152,1053.982810954653,372.79369759555084,243.3938845820152,317.5827055908114,-12.716107431239834
e176d139174891b3,True,36.025,16.0,2.0,339.9715566464229,1699.8577832323015,2537706154867.2676,7218.391098156113,597.6633937782788,5976.633937782787,True,8,0.159221,1201.7692899313597,599.7159183183571,381.18268268671034,377.54453537099215,-86.73400215129855,381.18268268671034,248.3878025548392,243.3938941313382,-1229.6466127802712,377.54453537099215,243.3938941313382,353.6655690581632,-12.716107430152988
e195e48eac6f6195,True,36.025,16.0,2.0,339.9715566464229,1699.8577832323015,2537897794761.841,5749.32833818719,597.6633937782788,5976.633937782787,True,1,0.047221,1119.5479334383626,1118.8847592088441,0.0,-10.426160434972052,92.5894622125628,0.0,0.0,0.0,0.0,-10.426160434972052,0.0,0.6631742295186049,-12.716107432290073
e195e48eac6f6195,True,36.025,16.0,2.0,339.9715566464229,1699.8577832323015,2537897794761.841,5749.32833818719,597.6633937782788,5976.633937782787,True,2,0.063221,1125.0120395530291,1120.7476664686037,-0.004814457012098193,-8.94521651120511,-86.73400215132766,-0.004814457012098193,0.00011792176654171839,8.87919510926328e-06,-175.66380182576216,-8.94521651120511,8.87919510926328e-06,4.264255162658867,-12.716107431916498
e195e48eac6f6195,True,36.025,16.0,2.0,339.9715566464229,1699.8577832323015,2537897794761.841,5749.32833818719,597.6633937782788,5976.633937782787,True,3,0.079221,1131.8716097729207,1122.6087015787734,-0.00962479965469319,-10.729297103930335,92.58946221257371,-0.00962479965469319,0.0007059877106867148,-1.1168798930480712e-07,351.3276036515243,-10.729297103930335,-1.1168798930480712e-07,9.262202206436609,-12.71610743228166
e195e48eac6f6195,True,36.025,16.0,2.0,339.9715566464229,1699.8577832323015,2537897794761.841,5749.32833818719,597.6633937782788,5976.633937782787,True,4,0.095221,1144.3999955129818,1124.471608838533,-0.014439308096410168,-8.15830571999445,-86.73400215132766,-0.014439308096410168,0.002232799121474673,8.990883097017095e-06,-526.9914054772864,-8.15830571999445,8.990883097017095e-06,19.92615387532739,-12.716107431903765
e195e48eac6f6195,True,36.025,16.0,2.0,339.9715566464229,1699.8577832323015,2537897794761.841,5749.32833818719,597.6633937782788,5976.633937782787,True,5,0.111221,1159.2542413172487,1126.3326439487028,-0.019249599309386366,-11.03169511636022,92.58946221257371,-0.019249599309386366,0.005166957287945275,-2.2337597964099748e-07,702.6552073030485,-11.03169511636022,-2.2337597964099748e-07,32.91643041125807,-12.716107432262106
e195e48eac6f6195,True,36.025,16.0,2.0,339.9715566464229,1699.8577832323015,2537897794761.841,5749.32833818719,597.6633937782788,5976.633937782787,True,6,0.127221,1182.6115253412806,1128.1955512084623,-0.02406415918072214,-7.370904801088082,-86.73400215132766,-0.02406415918072214,0.009977063499138206,9.102571083765066e-06,-878.3190091288109,-7.370904801088082,9.102571083765066e-06,54.40599706931918,-12.71610743189376
e195e48eac6f6195,True,36.025,16.0,2.0,339.9715566464229,1699.8577832323015,2537897794761.841,5749.32833818719,597.6633937782788,5976.633937782787,True,7,0.143221,1209.2293568239566,1130.056586318632,-0.028874398964077612,-11.333851418153438,92.58946221256825,-0.028874398964077612,0.017131719044093024,-3.350639713324696e-07,1053.9828109545592,-11.333851418153438,-3.350639713324696e-07,79.15563878628033,-12.71610743135625
e195e48eac6f6195,True,36.025,16.0,2.0,339.9715566464229,1699.8577832323015,2537897794761.841,5749.32833818719,597.6633937782788,5976.633937782787,True,8,0.159221,1247.185095357236,1131.9194935783917,-0.03368901026503652,-6.583013642712148,-86.73400215124035,-0.03368901026503652,0.027099525211849825,9.21425905409889e-06,-1229.6466127803649,-6.583013642712148,9.21425905409889e-06,115.23850225363222,-12.716107430269403
e2848022c31c048c,True,36.025,16.0,2.0,339.97155664644646,1699.8577832321837,2537897794761.8413,7218.391098156113,597.6633937782788,5976.633937782787,True,1,0.047221,1119.6635523327102,1118.8847592088446,0.0,-14.476850987722745,92.58946221253187,0.0,0.0,0.0,0.0,-14.476850987722745,0.0,0.7787931238656026,1592.2654952490716
e2848022c31c048c,True,36.025,16.0,2.0,339.97155664644646,1699.8577832321837,2537897794761.8413,7218.391098156113,597.6633937782788,5976.633937782787,True,2,0.063221,1123.8134242405595,1120.747666468604,-0.004814457012098198,-15.591823773417698,-86.73400215127491,-0.004814457012098198,0.00011792176654171804,8.879195109495686e-06,-175.66380182576222,-15.591823773417698,8.879195109495686e-06,3.065639850189,-12.716107432249373
e2848022c31c048c,True,36.025,16.0,2.0,339.97155664644646,1699.8577832321837,2537897794761.8413,7218.391098156113,597.6633937782788,5976.633937782787,True,3,0.079221,1158.302383639085,1122.6087015787732,-0.009624799654693181,-20.227173737056454,92.58946221257735,-0.00962479965469318,0.0007059877106867146,0.0022412888150007727,351.3276036515242,-20.227173737056454,0.0022412888150007727,35.692976072601226,1592.2654952488665
e2848022c31c048c,True,36.025,16.0,2.0,339.97155664644646,1699.8577832321837,2537897794761.8413,7218.391098156113,597.6633937782788,5976.633937782787,True,4,0.095221,1164.9750178104725,1124.4716088385326,-0.014439308096410173,-21.887170252835865,-86.73400215137495,-0.014439308096410171,0.0022327991214746764,0.0044635981720579886,-526.9914054772864,-21.887170252835865,0.0044635981720579886,40.50117617281843,-12.716107431898308
e2848022c31c048c,True,36.025,16.0,2.0,339.97155664644646,1699.8577832321837,2537897794761.8413,7218.391098156113,597.6633937782788,5976.633937782787,True,5,0.111221,1192.1061009462883,1126.3326439487018,-0.019249599309386377,-25.977741606124855,92.58946221267739,-0.019249599309386373,0.005166957287945289,0.00893718491895952,702.6552073030487,-25.977741606124855,0.00893718491895952,65.7682900402986,1592.2654952484818
e2848022c31c048c,True,36.025,16.0,2.0,339.97155664644646,1699.8577832321837,2537897794761.8413,7218.391098156113,597.6633937782788,5976.633937782787,True,6,0.127221,1202.2447823655098,1128.1955512084612,-0.024064159180722144,-28.182761851988744,-86.73400215147318,-0.02406415918072214,0.009977063499138237,0.01337292443796239,-878.3190091288108,-28.182761851988744,0.01337292443796239,74.03925409354959,-12.716107431558157
e2848022c31c048c,True,36.025,16.0,2.0,339.97155664644646,1699.8577832321837,2537897794761.8413,7218.391098156113,597.6633937782788,5976.633937782787,True,7,0.143221,1222.9612742229124,1130.0565863186305,-0.02887439896408137,-31.728554594928084,92.58946221263555,-0.028874398964081366,0.01713171904409327,0.020087688311882162,1053.9828109545865,-31.728554594928084,0.020087688311882162,92.88755618523794,1592.265495249596
e2848022c31c048c,True,36.025,16.0,2.0,339.97155664644646,1699.8577832321837,2537897794761.8413,7218.391098156113,597.6633937782788,5976.633937782787,True,8,0.159221,1237.507065044724,1131.9194935783898,-0.03368901026503589,-34.47835004204371,-86.73400215137131,-0.03368901026503588,0.02709952521185004,0.02673685799284019,-1229.6466127803374,-34.47835004204371,0.02673685799284019,105.5604719411221,-12.71610743216661
e2880d63a71b9c58,True,36.025,16.0,1.9999999999999998,339.97155664644646,1699.8577832321837,1638896752286.7227,3718.565111171331,597.6633937782788,5976.633937782787,True,1,0.047221,979.5751742705409,5.170038849912753,0.0,59.56021914893904,92.58946221235361,0.0,0.0,0.0,0.0,59.56021914893904,0.0,974.4051354206281,-12.716107432089302
e2880d63a71b9c58,True,36.025,16.0,1.9999999999999998,339.97155664644646,1699.8577832321837,1638896752286.7227,3718.565111171331,597.6633937782788,5976.633937782787,True,2,0.063221,983.8558234215603,7.0329461096726,-0.004814457012098048,58.31629295111638,-86.73400215153684,-0.004814457012098048,0.00011792176654171839,8.879195109127376e-06,-175.66380182576216,58.31629295111638,8.879195109127376e-06,976.8227593901212,-12.716107431721866
e2880d63a71b9c58,True,36.025,16.0,1.9999999999999998,339.97155664644646,1699.8577832321837,1638896752286.7227,3718.565111171331,597.6633937782788,5976.633937782787,True,3,0.079221,998.707723133605,8.893981219842077,-0.009624799654693192,55.442903554750536,92.58946221236452,-0.009624799654693192,0.0007059877106867148,-1.1168798928281443e-07,351.3276036515243,55.442903554750536,-1.1168798928281443e-07,989.8130359260522,-12.716107432072931
e2880d63a71b9c58,True,36.025,16.0,1.9999999999999998,339.97155664644646,1699.8577832321837,1638896752286.7227,3718.565111171331,597.6633937782788,5976.633937782787,True,4,0.095221,1032.6312238196235,10.756888479601924,-0.01443930809641002,50.92908350525381,-86.73400215153684,-0.01443930809641002,0.002232799121474673,8.990883096932654e-06,-526.9914054772864,50.92908350525381,8.990883096932654e-06,1021.8721025409001,-12.716107431711862
e37bae774fa4c595,True,36.025,16.0,2.0,299.97168413583597,1499.8584206790326,1325120987320.0898,5468.478104663722,597.6633937782788,5976.633937782787,True,1,0.047221,5.958999291317077,5.180206167451474,0.0,-0.8293316029932659,92.58946221232996,0.0,0.0,0.0,0.0,-0.8293316029932659,0.0,0.7787931238656026,1592.2654952490716
e37bae774fa4c595,True,36.025,16.0,2.0,299.97168413583597,1499.8584206790326,1325120987320.0898,5468.478104663722,597.6633937782788,5976.633937782787,True,2,0.063221,11.622051803767242,7.043113427211325,-0.004814457012098056,0.7805657329014141,-86.73400215147682,-0.004814457012098056,0.00011792176654171804,8.879195109494414e-06,-175.66380182576222,0.7805657329014141,8.879195109494414e-06,4.5788204547893745,-12.716107432247554
e37bae774fa4c595,True,36.025,16.0,2.0,299.97168413583597,1499.8584206790326,1325120987320.0898,5468.478104663722,597.6633937782788,5976.633937782787,True,3,0.079221,29.47684901280113,8.904148537380797,-0.00962479965469318,-2.4929619133924827,92.58946221237544,-0.00962479965469318,0.0007059877106867146,0.0022412888150008057,351.3276036515242,-2.4929619133924827,0.0022412888150008057,20.571994487709645,1592.2654952488865
e37bae774fa4c595,True,36.025,16.0,2.0,299.97168413583597,1499.8584206790326,1325120987320.0898,5468.478104663722,597.6633937782788,5976.633937782787,True,4,0.095221,60.185462895844374,10.767055797140646,-0.014439308096410027,1.8418055440918253,-86.73400215157686,-0.014439308096410027,0.0022327991214746764,0.004463598172058022,-526.9914054772864,1.8418055440918253,0.004463598172058022,49.41617429958225,-12.71610743191286
e37bae774fa4c595,True,36.025,16.0,2.0,299.97168413583597,1499.8584206790326,1325120987320.0898,5468.478104663722,597.6633937782788,5976.633937782787,True,5,0.111221,75.42033305921599,12.628090907310119,-0.01924959930938638,-1.1592085884976904,92.58946221247366,-0.01924959930938638,0.005166957287945289,0.008937184918959635,702.6552073030487,-1.1592085884976904,0.008937184918959635,62.78707519461793,1592.2654952485
e37bae774fa4c595,True,36.025,16.0,2.0,299.97168413583597,1499.8584206790326,1325120987320.0898,5468.478104663722,597.6633937782788,5976.633937782787,True,6,0.127221,93.28985310034913,14.49099816706997,-0.024064159180721998,2.0855114088176965,-86.7340021516769,-0.024064159180721998,0.009977063499138237,0.013372924437962373,-878.3190091288108,2.0855114088176965,0.013372924437962373,78.78887786978002,-12.716107431503588
e3f1f67f9c93fd91,True,36.025,16.0,2.0,339.9715566464229,1699.8577832323015,2537897794761.841,7218.391098156113,597.6633937782788,5976.633937782787,True,1,0.047221,999.4441275390449,5.170038849912753,60.05190294965895,-0.4916838007199088,92.58946221235361,60.05190294965895,993.6109144596135,-9.934476634252144,2.0463630789890885e-10,-0.4916838007199088,-9.934476634252144,0.6631742295186049,-12.716107432290073
e3f1f67f9c93fd91,True,36.025,16.0,2.0,339.9715566464229,1699.8577832323015,2537897794761.841,7218.391098156113,597.6633937782788,5976.633937782787,True,2,0.063221,1003.7247766900641,7.0329461096726,60.04708849264688,-1.735609998542605,-86.73400215153684,60.04708849264688,993.61103238138,-9.934467755057057,-175.66380182555753,-1.735609998542605,-9.934467755057057,3.080798199011468,-12.716107431918317
e3f1f67f9c93fd91,True,36.025,16.0,2.0,339.9715566464229,1699.8577832323015,2537897794761.841,7218.391098156113,597.6633937782788,5976.633937782787,True,3,0.079221,1010.5843469099555,8.893981219842077,60.04227815000427,-3.5196905912678593,92.58946221236452,60.04227815000427,993.6116204473242,-9.934476745940128,351.32760365172896,-3.5196905912678593,-9.934476745940128,8.078745242789209,-12.716107432288936
e3f1f67f9c93fd91,True,36.025,16.0,2.0,339.9715566464229,1699.8577832323015,2537897794761.841,7218.391098156113,597.6633937782788,5976.633937782787,True,4,0.095221,1020.9824237632471,10.756888479601924,60.03746364156257,-5.853664249259476,-86.73400215153684,60.03746364156257,993.613147258735,-9.934467643369075,-526.9914054770818,-5.853664249259476,-9.934467643369075,16.612388024910114,-12.71610743191286
e3f1f67f9c93fd91,True,36.025,16.0,2.0,339.9715566464229,1699.8577832323015,2537897794761.841,7218.391098156113,597.6633937782788,5976.633937782787,True,5,0.111221,1035.8366695675138,12.617923589771403,60.032653350349584,-8.727053645625292,92.58946221236452,60.032653350349584,993.6160814169016,-9.934476857628106,702.6552073032532,-8.727053645625292,-9.934476857628106,29.602664560840793,-12.716107432262106
e3f1f67f9c93fd91,True,36.025,16.0,2.0,339.9715566464229,1699.8577832323015,2537897794761.841,7218.391098156113,597.6633937782788,5976.633937782787,True,6,0.127221,1056.117008662165,14.480830849531248,60.02783879047826,-12.150826234953138,-86.73400215153684,60.02783879047826,993.620891523113,-9.934467531681095,-878.3190091286062,-12.150826234953138,-9.934467531681095,48.01528628952094,-12.71610743189376
e3f1f67f9c93fd91,True,36.025,16.0,2.0,339.9715566464229,1699.8577832323015,2537897794761.841,7218.391098156113,597.6633937782788,5976.633937782787,True,7,0.143221,1082.7348401448407,16.341865959700723,60.02302855069488,-16.11377285201855,92.58946221235907,60.02302855069488,993.628046178658,-9.93447696931609,1053.9828109547639,-16.11377285201855,-9.93447696931609,72.7649280064821,-12.71610743135625
e3f1f67f9c93fd91,True,36.025,16.0,2.0,339.9715566464229,1699.8577832323015,2537897794761.841,7218.391098156113,597.6633937782788,5976.633937782787,True,8,0.159221,1116.6667818256158,18.2047732194606,60.01821393939394,-20.627592901515325,-86.73400215144953,60.01821393939394,993.6380139848256,-9.9344674199931,-1229.6466127801602,-20.627592901515325,-9.9344674199931,104.82399462132955,-12.716107432819626
e5693cbecd4da986,True,36.025,16.0,2.0,339.9715566464229,1699.8577832323015,2537897794761.841,7218.391098156113,597.6633937782788,5976.633937782787,True,1,0.047221,1119.5479334383626,1118.8847592088441,0.0,-10.426160434972052,92.5894622125628,0.0,0.0,0.0,0.0,-10.426160434972052,0.0,0.6631742295186049,-12.716107432290073
e5693cbecd4da986,True,36.025,16.0,2.0,339.9715566464229,1699.8577832323015,2537897794761.841,7218.391098156113,597.6633937782788,5976.633937782787,True,2,0.063221,1125.0120395530291,1120.7476664686037,-0.004814457012098193,-8.94521651120511,-86.73400215132766,-0.004814457012098193,0.00011792176654171839,8.87919510926328e-06,-175.66380182576216,-8.94521651120511,8.87919510926328e-06,4.264255162658867,-12.716107431916498
e5693cbecd4da986,True,36.025,16.0,2.0,339.9715566464229,1699.8577832323015,2537897794761.841,7218.391098156113,597.6633937782788,5976.633937782787,True,3,0.079221,1131.8716097729207,1122.6087015787734,-0.00962479965469319,-10.729297103930335,92.58946221257371,-0.00962479965469319,0.0007059877106867148,-1.1168798930480712e-07,351.3276036515243,-10.729297103930335,-1.1168798930480712e-07,9.262202206436609,-12.71610743228166
e5693cbecd4da986,True,36.025,16.0,2.0,339.9715566464229,1699.8577832323015,2537897794761.841,7218.391098156113,597.6633937782788,5976.633937782787,True,4,0.095221,1144.3999955129818,1124.471608838533,-0.014439308096410168,-8.15830571999445,-86.73400215132766,-0.014439308096410168,0.002232799121474673,8.990883097017095e-06,-526.9914054772864,-8.15830571999445,8.990883097017095e-06,19.92615387532739,-12.716107431903765
e5693cbecd4da986,True,36.025,16.0,2.0,339.9715566464229,1699.8577832323015,2537897794761.841,7218.391098156113,597.6633937782788,5976.633937782787,True,5,0.111221,1159.2542413172487,1126.3326439487028,-0.019249599309386366,-11.03169511636022,92.58946221257371,-0.019249599309386366,0.005166957287945275,-2.2337597964099748e-07,702.6552073030485,-11.03169511636022,-2.2337597964099748e-07,32.91643041125807,-12.716107432262106
e5693cbecd4da986,True,36.025,16.0,2.0,339.9715566464229,1699.8577832323015,2537897794761.841,7218.391098156113,597.6633937782788,5976.633937782787,True,6,0.127221,1182.6115253412806,1128.1955512084623,-0.02406415918072214,-7.370904801088082,-86.73400215132766,-0.02406415918072214,0.009977063499138206,9.102571083765066e-06,-878.3190091288109,-7.370904801088082,9.102571083765066e-06,54.40599706931918,-12.71610743189376
e5693cbecd4da986,True,36.025,16.0,2.0,339.9715566464229,1699.8577832323015,2537897794761.841,7218.391098156113,597.6633937782788,5976.633937782787,True,7,0.143221,1209.2293568239566,1130.056586318632,-0.028874398964077612,-11.333851418153438,92.58946221256825,-0.028874398964077612,0.017131719044093024,-3.350639713324696e-07,1053.9828109545592,-11.333851418153438,-3.350639713324696e-07,79.15563878628033,-12.71610743135625
e5693cbecd4da986,True,36.025,16.0,2.0,339.9715566464229,1699.8577832323015,2537897794761.841,7218.391098156113,597.6633937782788,5976.633937782787,True,8,0.159221,1247.185095357236,1131.9194935783917,-0.03368901026503652,-6.583013642712148,-86.73400215124035,-0.03368901026503652,0.027099525211849825,9.21425905409889e-06,-1229.6466127803649,-6.583013642712148,9.21425905409889e-06,115.23850225363222,-12.716107430269403
e6d32fbe35ea3179,True,36.025,16.0,2.0,215.61262788333624,1078.0631394166505,1249520666054.122,7218.391098156113,597.6633937782788,5976.633937782787,True,1,0.047221,1119.6635523327102,1118.8847592088446,0.0,-14.476850987722745,92.58946221253187,0.0,0.0,0.0,0.0,-14.476850987722745,0.0,0.7787931238656026,1592.2654952490716
e6d32fbe35ea3179,True,36.025,16.0,2.0,215.61262788333624,1078.0631394166505,1249520666054.122,7218.391098156113,597.6633937782788,5976.633937782787,True,2,0.063221,1123.8134242405595,1120.747666468604,-0.004814457012098198,-15.591823773417698,-86.73400215127491,-0.004814457012098198,0.00011792176654171804,8.879195109495686e-06,-175.66380182576222,-15.591823773417698,8.879195109495686e-06,3.065639850189,-12.716107432249373
e6d32fbe35ea3179,True,36.025,16.0,2.0,215.61262788333624,1078.0631394166505,1249520666054.122,7218.391098156113,597.6633937782788,5976.633937782787,True,3,0.079221,1128.2632034901658,1122.6087015787732,-0.009624799654693181,-16.95875049201687,92.58946221257735,-0.00962479965469318,0.0007059877106867146,0.002241288815000817,351.3276036515242,-16.95875049201687,0.002241288815000817,5.653795923681895,1592.2654952488856
e6d32fbe35ea3179,True,36.025,16.0,2.0,215.61262788333624,1078.0631394166505,1249520666054.122,7218.391098156113,597.6633937782788,5976.633937782787,True,4,0.095221,1132.4144842876592,1124.4716088385326,-0.014439308096410173,-18.07372327771181,-86.73400215137495,-0.014439308096410171,0.0022327991214746764,0.00446359817205801,-526.9914054772864,-18.07372327771181,0.00446359817205801,7.940642650005274,-12.716107431876935
e6d32fbe35ea3179,True,36.025,16.0,2.0,215.61262788333624,1078.0631394166505,1249520666054.122,7218.391098156113,597.6633937782788,5976.633937782787,True,5,0.111221,1136.8666096294878,1126.3326439487018,-0.019249599309386377,-19.440649996310967,92.58946221267739,-0.019249599309386373,0.005166957287945289,0.008937184918959588,702.6552073030487,-19.440649996310967,0.008937184918959588,10.528798723498152,1592.265495248515
e6d32fbe35ea3179,True,36.025,16.0,2.0,215.61262788333624,1078.0631394166505,1249520666054.122,7218.391098156113,597.6633937782788,5976.633937782787,True,6,0.127221,1141.0211737217817,1128.1955512084612,-0.024064159180722144,-20.55562278200591,-86.73400215147318,-0.02406415918072214,0.009977063499138237,0.013372924437962345,-878.3190091288108,-20.55562278200591,0.013372924437962345,12.815645449821519,-12.71610743149904
e6d32fbe35ea3179,True,36.025,16.0,2.0,215.61262788333624,1078.0631394166505,1249520666054.122,7218.391098156113,597.6633937782788,5976.633937782787,True,7,0.143221,1145.477519560989,1130.0565863186305,-0.02887439896408137,-21.922549500605147,92.58946221263555,-0.028874398964081366,0.01713171904409327,0.020087688311877423,1053.9828109545865,-21.922549500605147,0.020087688311877423,15.403801523314494,1592.2654952490716
e6d32fbe35ea3179,True,36.025,16.0,2.0,215.61262788333624,1078.0631394166505,1249520666054.122,7218.391098156113,597.6633937782788,5976.633937782787,True,8,0.159221,1149.6372413532397,1131.9194935783898,-0.03368901026503589,-23.037522286300103,-86.73400215137131,-0.03368901026503588,0.02709952521185004,0.026736857992833356,-1229.6466127803374,-23.037522286300103,0.026736857992833356,17.69064824963787,-12.716107432243916
e8bcc0add9d2a0a9,True,36.025,16.0,2.0,215.61262788333624,1078.0631394166505,1249520666054.122,5820.21601732172,597.6633937782788,5976.633937782787,True,1,0.047221,1119.6635523327102,1118.8847592088446,0.0,-14.476850987722745,92.58946221253187,0.0,0.0,0.0,0.0,-14.476850987722745,0.0,0.7787931238656026,1592.2654952490716
e8bcc0add9d2a0a9,True,36.025,16.0,2.0,215.61262788333624,1078.0631394166505,1249520666054.122,5820.21601732172,597.6633937782788,5976.633937782787,True,2,0.063221,1123.8134242405595,1120.747666468604,-0.004814457012098198,-15.591823773417698,-86.73400215127491,-0.004814457012098198,0.00011792176654171804,8.879195109495686e-06,-175.66380182576222,-15.591823773417698,8.879195109495686e-06,3.065639850189,-12.716107432249373
e8bcc0add9d2a0a9,True,36.025,16.0,2.0,215.61262788333624,1078.0631394166505,1249520666054.122,5820.21601732172,597.6633937782788,5976.633937782787,True,3,0.079221,1128.2632034901658,1122.6087015787732,-0.009624799654693181,-16.95875049201687,92.58946221257735,-0.00962479965469318,0.0007059877106867146,0.002241288815000817,351.3276036515242,-16.95875049201687,0.002241288815000817,5.653795923681895,1592.2654952488856
e8bcc0add9d2a0a9,True,36.025,16.0,2.0,215.61262788333624,1078.0631394166505,1249520666054.122,5820.21601732172,597.6633937782788,5976.633937782787,True,4,0.095221,1132.4144842876592,1124.4716088385326,-0.014439308096410173,-18.07372327771181,-86.73400215137495,-0.014439308096410171,0.0022327991214746764,0.00446359817205801,-526.9914054772864,-18.07372327771181,0.00446359817205801,7.940642650005274,-12.716107431876935
e8bcc0add9d2a0a9,True,36.025,16.0,2.0,215.61262788333624,1078.0631394166505,1249520666054.122,5820.21601732172,597.6633937782788,5976.633937782787,True,5,0.111221,1136.8666096294878,1126.3326439487018,-0.019249599309386377,-19.440649996310967,92.58946221267739,-0.019249599309386373,0.005166957287945289,0.008937184918959588,702.6552073030487,-19.440649996310967,0.008937184918959588,10.528798723498152,1592.265495248515
e8bcc0add9d2a0a9,True,36.025,16.0,2.0,215.61262788333624,1078.0631394166505,1249520666054.122,5820.21601732172,597.6633937782788,5976.633937782787,True,6,0.127221,1141.0211737217817,1128.1955512084612,-0.024064159180722144,-20.55562278200591,-86.73400215147318,-0.02406415918072214,0.009977063499138237,0.013372924437962345,-878.3190091288108,-20.55562278200591,0.013372924437962345,12.815645449821519,-12.71610743149904
e8bcc0add9d2a0a9,True,36.025,16.0,2.0,215.61262788333624,1078.0631394166505,1249520666054.122,5820.21601732172,597.6633937782788,5976.633937782787,True,7,0.143221,1145.477519560989,1130.0565863186305,-0.02887439896408137,-21.922549500605147,92.58946221263555,-0.028874398964081366,0.01713171904409327,0.020087688311877423,1053.9828109545865,-21.922549500605147,0.020087688311877423,15.403801523314494,1592.2654952490716
e8bcc0add9d2a0a9,True,36.025,16.0,2.0,215.61262788333624,1078.0631394166505,1249520666054.122,5820.21601732172,597.6633937782788,5976.633937782787,True,8,0.159221,1149.6372413532397,1131.9194935783898,-0.03368901026503589,-23.037522286300103,-86.73400215137131,-0.03368901026503588,0.02709952521185004,0.026736857992833356,-1229.6466127803374,-23.037522286300103,0.026736857992833356,17.69064824963787,-12.716107432243916
eb3c42029469cda6,True,36.025,16.0,2.0,339.97155664647005,1699.8577832323015,2537897794761.841,7218.391098156113,597.6633937782788,5976.633937782787,True,1,0.047221,1119.6635523327102,1118.8847592088446,0.0,-14.476850987722745,92.58946221253187,0.0,0.0,0.0,0.0,-14.476850987722745,0.0,0.7787931238656026,1592.2654952490716
eb3c42029469cda6,True,36.025,16.0,2.0,339.97155664647005,1699.8577832323015,2537897794761.841,7218.391098156113,597.6633937782788,5976.633937782787,True,2,0.063221,1123.8134242405595,1120.747666468604,-0.004814457012098198,-15.591823773417698,-86.73400215127491,-0.004814457012098198,0.00011792176654171804,8.879195109495686e-06,-175.66380182576222,-15.591823773417698,8.879195109495686e-06,3.065639850189,-12.716107432249373
eb3c42029469cda6,True,36.025,16.0,2.0,339.97155664647005,1699.8577832323015,2537897794761.841,7218.391098156113,597.6633937782788,5976.633937782787,True,3,0.079221,1130.9168022291883,1122.6087015787732,-0.009624799654693181,-17.503529102366635,92.58946221257735,-0.00962479965469318,0.0007059877106867146,0.0022412888150008343,351.3276036515242,-17.503529102366635,0.0022412888150008343,8.307394662704409,1592.2654952489006
eb3c42029469cda6,True,36.025,16.0,2.0,339.97155664647005,1699.8577832323015,2537897794761.841,7218.391098156113,597.6633937782788,5976.633937782787,True,4,0.095221,1141.0522003536094,1124.4716088385326,-0.014439308096410173,-19.70854934823051,-86.73400215137495,-0.014439308096410171,0.0022327991214746764,0.004463598172058041,-526.9914054772864,-19.70854934823051,0.004463598172058041,16.57835871595535,-12.716107431867385
eb3c42029469cda6,True,36.025,16.0,2.0,339.97155664647005,1699.8577832323015,2537897794761.841,7218.391098156113,597.6633937782788,5976.633937782787,True,5,0.111221,1156.2870705169807,1126.3326439487018,-0.019249599309386377,-22.709563480819984,92.58946221267739,-0.019249599309386373,0.005166957287945289,0.00893718491895968,702.6552073030487,-22.709563480819984,0.00893718491895968,29.94925961099106,1592.2654952485436
eb3c42029469cda6,True,36.025,16.0,2.0,339.97155664647005,1699.8577832323015,2537897794761.841,7218.391098156113,597.6633937782788,5976.633937782787,True,6,0.127221,1176.172859470359,1128.1955512084612,-0.024064159180722144,-26.004382658020113,-86.73400215147318,-0.02406415918072214,0.009977063499138237,0.013372924437962487,-878.3190091288108,-26.004382658020113,0.013372924437962487,47.967331198398924,-12.716107431492674
eb3c42029469cda6,True,36.025,16.0,2.0,339.97155664647005,1699.8577832323015,2537897794761.841,7218.391098156113,597.6633937782788,5976.633937782787,True,7,0.143221,1203.308163103554,1130.0565863186305,-0.02887439896408137,-30.09495401130924,92.58946221263555,-0.028874398964081366,0.01713171904409327,0.020087688311883546,1053.9828109545865,-30.09495401130924,0.020087688311883546,73.23444506587954,1592.2654952498187
eb3c42029469cda6,True,36.025,16.0,2.0,339.97155664647005,1699.8577832323015,2537897794761.841,7218.391098156113,597.6633937782788,5976.633937782787,True,8,0.159221,1236.713653157356,1131.9194935783898,-0.03368901026503589,-34.47982064867827,-86.73400215137131,-0.03368901026503588,0.02709952521185004,0.02673685799284383,-1229.6466127803374,-34.47982064867827,0.02673685799284383,104.76706005375411,-12.716107432372155
ec5e83df8f9b03d4,True,36.025,16.0,2.0,109.43877567888944,547.1938783944315,586542844571.8402,7218.391098156113,597.6633937782788,5976.633937782787,True,1,0.047221,5.948831973778368,5.170038849912755,0.0,-0.8281769905241952,92.58946221232996,0.0,0.0,0.0,0.0,-0.8281769905241952,0.0,0.7787931238656132,1592.2654952492062
ec5e83df8f9b03d4,True,36.025,16.0,2.0,109.43877567888944,547.1938783944315,586542844571.8402,7218.391098156113,597.6633937782788,5976.633937782787,True,2,0.063221,10.098703881628136,7.032946109672606,-0.004814457012098056,-1.943149776219111,-86.73400215147682,-0.004814457012098056,0.00011792176654171804,8.879195109399156e-06,-175.66380182576222,-1.943149776219111,8.879195109399156e-06,3.0656398501889877,-12.71610743211113
ec5e83df8f9b03d4,True,36.025,16.0,2.0,109.43877567888944,547.1938783944315,586542844571.8402,7218.391098156113,597.6633937782788,5976.633937782787,True,3,0.079221,14.54848313123468,8.893981219842079,-0.00962479965469318,-3.3100764948183237,92.58946221237544,-0.00962479965469318,0.0007059877106867146,0.002241288815000818,351.3276036515242,-3.3100764948183237,0.002241288815000818,5.653795923681913,1592.2654952490238
ec5e83df8f9b03d4,True,36.025,16.0,2.0,109.43877567888944,547.1938783944315,586542844571.8402,7218.391098156113,597.6633937782788,5976.633937782787,True,4,0.095221,18.699763928728668,10.756888479601928,-0.014439308096410027,-4.425049280513226,-86.73400215157686,-0.014439308096410027,0.0022327991214746764,0.004463598172057911,-526.9914054772864,-4.425049280513226,0.004463598172057911,7.940642650005266,-12.716107431738692
ec5e83df8f9b03d4,True,36.025,16.0,2.0,109.43877567888944,547.1938783944315,586542844571.8402,7218.391098156113,597.6633937782788,5976.633937782787,True,5,0.111221,23.151889270557525,12.6179235897714,-0.01924959930938638,-5.7919759991124415,92.58946221247366,-0.01924959930938638,0.005166957287945289,0.008937184918959593,702.6552073030487,-5.7919759991124415,0.008937184918959593,10.528798723498179,1592.2654952486532
ec5e83df8f9b03d4,True,36.025,16.0,2.0,109.43877567888944,547.1938783944315,586542844571.8402,7218.391098156113,597.6633937782788,5976.633937782787,True,6,0.127221,27.30645336285191,14.480830849531252,-0.024064159180721998,-6.906948784807345,-86.7340021516769,-0.024064159180721998,0.009977063499138237,0.013372924437962248,-878.3190091288108,-6.906948784807345,0.013372924437962248,12.815645449821522,-12.716107431360797
ec5e83df8f9b03d4,True,36.025,16.0,2.0,109.43877567888944,547.1938783944315,586542844571.8402,7218.391098156113,597.6633937782788,5976.633937782787,True,7,0.143221,31.762799202059355,16.341865959700733,-0.02887439896408137,-8.273875503406629,92.58946221243183,-0.02887439896408137,0.01713171904409327,0.020087688311877426,1053.9828109545865,-8.273875503406629,0.020087688311877426,15.40380152331453,1592.2654952492098
ec5e83df8f9b03d4,True,36.025,16.0,2.0,109.43877567888944,547.1938783944315,586542844571.8402,7218.391098156113,597.6633937782788,5976.633937782787,True,8,0.159221,35.92252099431033,18.2047732194606,-0.03368901026503573,-9.388848289101539,-86.73400215157504,-0.03368901026503573,0.02709952521185004,0.026736857992833252,-1229.6466127803374,-9.388848289101539,0.026736857992833252,17.690648249637885,-12.716107432105673
ec6d793f2c25abac,True,36.025,16.0,2.0,339.97155664651723,1699.8577832323015,2984920893378.836,7218.391098156113,597.6633937782788,5976.633937782787,True,1,0.047221,1119.6635523327102,1118.8847592088446,0.0,-14.476850987722745,92.58946221253187,0.0,0.0,0.0,0.0,-14.476850987722745,0.0,0.7787931238656026,1592.2654952490716
ec6d793f2c25abac,True,36.025,16.0,2.0,339.97155664651723,1699.8577832323015,2984920893378.836,7218.391098156113,597.6633937782788,5976.633937782787,True,2,0.063221,1158.2040617631737,1120.747666468604,-0.004814457012098198,-9.597059800153907,-86.73400215127491,-0.004814457012098198,0.00011792176654171804,8.879195109479809e-06,-175.66380182576222,-9.597059800153907,8.879195109479809e-06,37.45627737280327,-12.716107432226636
ec6d793f2c25abac,True,36.025,16.0,2.0,339.97155664651723,1699.8577832323015,2984920893378.836,7218.391098156113,597.6633937782788,5976.633937782787,True,3,0.079221,1162.65384101278,1122.6087015787732,-0.009624799654693181,-10.96398651875308,92.58946221257735,-0.00962479965469318,0.0007059877106867146,0.002241288815000816,351.3276036515242,-10.96398651875308,0.002241288815000816,40.04443344629617,1592.2654952489074
ec6d793f2c25abac,True,36.025,16.0,2.0,339.97155664651723,1699.8577832323015,2984920893378.836,7218.391098156113,597.6633937782788,5976.633937782787,True,4,0.095221,1201.195759332888,1124.4716088385326,-0.014439308096410173,-6.084195331184231,-86.73400215137495,-0.014439308096410171,0.0022327991214746764,0.004463598172057941,-526.9914054772864,-6.084195331184231,0.004463598172057941,76.72191769523394,-12.716107431857381
ec6d793f2c25abac,True,36.025,16.0,2.0,339.97155664651723,1699.8577832323015,2984920893378.836,7218.391098156113,597.6633937782788,5976.633937782787,True,5,0.111221,1205.6478846747166,1126.3326439487018,-0.019249599309386377,-7.451122049783402,92.58946221267739,-0.019249599309386373,0.005166957287945289,0.008937184918959541,702.6552073030487,-7.451122049783402,0.008937184918959541,79.31007376872684,1592.2654952485368
ec6d793f2c25abac,True,36.025,16.0,2.0,339.97155664651723,1699.8577832323015,2984920893378.836,7218.391098156113,597.6633937782788,5976.633937782787,True,6,0.127221,1244.193086289625,1128.1955512084612,-0.024064159180722144,-2.5713308622145497,-86.73400215147318,-0.02406415918072214,0.009977063499138237,0.01337292443796227,-878.3190091288108,-2.5713308622145497,0.01337292443796227,115.98755801766461,-12.716107431471755
ec6d793f2c25abac,True,36.025,16.0,2.0,339.97155664651723,1699.8577832323015,2984920893378.836,7218.391098156113,597.6633937782788,5976.633937782787,True,7,0.143221,1248.6494321288321,1130.0565863186305,-0.02887439896408137,-3.938257580813794,92.58946221263555,-0.028874398964081366,0.01713171904409327,0.02008768831187737,1053.9828109545865,-3.938257580813794,0.02008768831187737,118.57571409115762,1592.2654952491007
ec6d793f2c25abac,True,36.025,16.0,2.0,339.97155664651723,1699.8577832323015,2984920893378.836,7218.391098156113,597.6633937782788,5976.633937782787,True,8,0.159221,1287.1997914436977,1131.9194935783898,-0.03368901026503589,0.9415336067551778,-86.73400215137131,-0.03368901026503588,0.02709952521185004,0.02673685799282414,-1229.6466127803374,0.9415336067551778,0.02673685799282414,155.25319834009585,-12.716107430585907
ed73ca4123fcea92,True,36.025,16.0,2.0,109.43877567888944,547.1938783944315,586542849316.3416,7218.391098156113,597.6633937782788,5976.633937782787,True,1,0.047221,5.946529859467509,5.170038849912754,0.0,-0.8230968870684829,92.58946221232996,0.0,0.0,0.0,0.0,-0.8230968870684829,0.0,0.7764910095547548,1592.2654952490707
ed73ca4123fcea92,True,36.025,16.0,2.0,109.43877567888944,547.1938783944315,586542849316.3416,7218.391098156113,597.6633937782788,5976.633937782787,True,2,0.063221,10.0964017673173,7.032946109672605,-0.004814457012098056,-1.9380696727634208,-86.73400215147682,-0.004814457012098056,0.00011792176654171804,8.879195109495686e-06,-175.66380182576222,-1.9380696727634208,8.879195109495686e-06,3.063337735878152,-12.716107432249373
ed73ca4123fcea92,True,36.025,16.0,2.0,109.43877567888944,547.1938783944315,586542849316.3416,7218.391098156113,597.6633937782788,5976.633937782787,True,3,0.079221,14.54618101692381,8.893981219842077,-0.00962479965469318,-3.3049963913626104,92.58946221237544,-0.00962479965469318,0.0007059877106867146,0.002241288815000817,351.3276036515242,-3.3049963913626104,0.002241288815000817,5.651493809371046,1592.2654952488856
ed73ca4123fcea92,True,36.025,16.0,2.0,109.43877567888944,547.1938783944315,586542849316.3416,7218.391098156113,597.6633937782788,5976.633937782787,True,4,0.095221,18.697461814417824,10.756888479601926,-0.014439308096410027,-4.419969177057534,-86.73400215157686,-0.014439308096410027,0.0022327991214746764,0.00446359817205801,-526.9914054772864,-4.419969177057534,0.00446359817205801,7.938340535694425,-12.716107431876935
ed73ca4123fcea92,True,36.025,16.0,2.0,109.43877567888944,547.1938783944315,586542849316.3416,7218.391098156113,597.6633937782788,5976.633937782787,True,5,0.111221,23.149587156246646,12.617923589771399,-0.01924959930938638,-5.786895895656722,92.58946221247366,-0.01924959930938638,0.005166957287945289,0.008937184918959588,702.6552073030487,-5.786895895656722,0.008937184918959588,10.526496609187303,1592.265495248515
ed73ca4123fcea92,True,36.025,16.0,2.0,109.43877567888944,547.1938783944315,586542849316.3416,7218.391098156113,597.6633937782788,5976.633937782787,True,6,0.127221,27.304151248541057,14.48083084953125,-0.024064159180721998,-6.901868681351645,-86.7340021516769,-0.024064159180721998,0.009977063499138237,0.013372924437962345,-878.3190091288108,-6.901868681351645,0.013372924437962345,12.81334333551067,-12.71610743149904
ed73ca4123fcea92,True,36.025,16.0,2.0,109.43877567888944,547.1938783944315,586542849316.3416,7218.391098156113,597.6633937782788,5976.633937782787,True,7,0.143221,31.76049708774847,16.34186595970073,-0.02887439896408137,-8.268795399950907,92.58946221243183,-0.02887439896408137,0.01713171904409327,0.020087688311877423,1053.9828109545865,-8.268795399950907,0.020087688311877423,15.401499409003645,1592.2654952490716
ed73ca4123fcea92,True,36.025,16.0,2.0,109.43877567888944,547.1938783944315,586542849316.3416,7218.391098156113,597.6633937782788,5976.633937782787,True,8,0.159221,35.92021887999947,18.204773219460595,-0.03368901026503573,-9.383768185645843,-86.73400215157504,-0.03368901026503573,0.02709952521185004,0.026736857992833356,-1229.6466127803374,-9.383768185645843,0.026736857992833356,17.688346135327023,-12.716107432243916
f04dd883ba427174,True,36.025,16.0,2.0,215.6126278833437,1078.0631394166505,1249520666054.122,7218.391098156113,597.6633937782788,5976.633937782787,True,1,0.047221,1119.5479334383626,1118.8847592088441,0.0,-10.426160434972052,92.5894622125628,0.0,0.0,0.0,0.0,-10.426160434972052,0.0,0.6631742295186049,-12.716107432290073
f04dd883ba427174,True,36.025,16.0,2.0,215.6126278833437,1078.0631394166505,1249520666054.122,7218.391098156113,597.6633937782788,5976.633937782787,True,2,0.063221,1125.0120395530291,1120.7476664686037,-0.004814457012098193,-8.94521651120511,-86.73400215132766,-0.004814457012098193,0.00011792176654171839,8.87919510926328e-06,-175.66380182576216,-8.94521651120511,8.87919510926328e-06,4.264255162658867,-12.716107431916498
f04dd883ba427174,True,36.025,16.0,2.0,215.6126278833437,1078.0631394166505,1249520666054.122,7218.391098156113,597.6633937782788,5976.633937782787,True,3,0.079221,1129.2864349296053,1122.6087015787734,-0.00962479965469319,-10.184518493580576,92.58946221257371,-0.00962479965469319,0.0007059877106867148,-1.1168798931082143e-07,351.3276036515243,-10.184518493580576,-1.1168798931082143e-07,6.677027363121192,-12.716107432285753
f04dd883ba427174,True,36.025,16.0,2.0,215.6126278833437,1078.0631394166505,1249520666054.122,7218.391098156113,597.6633937782788,5976.633937782787,True,4,0.095221,1134.751949933916,1124.471608838533,-0.014439308096410168,-8.703574569813632,-86.73400215132766,-0.014439308096410168,0.002232799121474673,8.990883097044732e-06,-526.9914054772864,-8.703574569813632,8.990883097044732e-06,10.278108296261452,-12.716107431921955
f04dd883ba427174,True,36.025,16.0,2.0,215.6126278833437,1078.0631394166505,1249520666054.122,7218.391098156113,597.6633937782788,5976.633937782787,True,5,0.111221,1139.0286914027145,1126.3326439487028,-0.019249599309386366,-9.942876552189098,92.58946221257371,-0.019249599309386366,0.005166957287945275,-2.2337597965316876e-07,702.6552073030485,-9.942876552189098,-2.2337597965316876e-07,12.690880496723784,-12.716107432293029
f04dd883ba427174,True,36.025,16.0,2.0,215.6126278833437,1078.0631394166505,1249520666054.122,7218.391098156113,597.6633937782788,5976.633937782787,True,6,0.127221,1144.4974897018253,1128.1955512084623,-0.02406415918072214,-8.461932628422158,-86.73400215132766,-0.02406415918072214,0.009977063499138206,9.10257108379623e-06,-878.3190091288109,-8.461932628422158,9.10257108379623e-06,16.29196142986404,-12.716107431929231
f04dd883ba427174,True,36.025,16.0,2.0,215.6126278833437,1078.0631394166505,1249520666054.122,7218.391098156113,597.6633937782788,5976.633937782787,True,7,0.143221,1148.7784516680026,1130.056586318632,-0.028874398964077612,-9.701234610797629,92.58946221256825,-0.028874398964077612,0.017131719044093024,-3.350639715377338e-07,1053.9828109545592,-9.701234610797629,-3.350639715377338e-07,18.704733630326363,-12.716107432118406
f04dd883ba427174,True,36.025,16.0,2.0,215.6126278833437,1078.0631394166505,1249520666054.122,7218.391098156113,597.6633937782788,5976.633937782787,True,8,0.159221,1154.2524076670702,1131.9194935783917,-0.03368901026503652,-8.22029068703067,-86.73400215124035,-0.03368901026503652,0.027099525211849825,9.214259066391334e-06,-1229.6466127803649,-8.22029068703067,9.214259066391334e-06,22.30581456346664,-12.716107431940145
f1f0ccbcc55b5bc4,True,36.025,16.0,2.0,299.9716841358775,1499.8584206791368,3388691936783.0884,10718.217085140896,597.6633937782788,5976.633937782787,True,1,0.047221,1070.5338637472016,586.6811839488106,381.2163716969757,370.73909830220583,92.58946221250277,381.2163716969757,248.3607030296274,241.53694333726267,9.00399754755199e-11,370.73909830220583,241.53694333726267,235.4919767687636,1592.2654952491748
f1f0ccbcc55b5bc4,True,36.025,16.0,2.0,299.9716841358775,1499.8584206791368,3388691936783.0884,10718.217085140896,597.6633937782788,5976.633937782787,True,2,0.063221,1076.1969162596515,588.5440912085702,381.21155723996355,372.3489956381005,-86.73400215130401,381.21155723996355,248.36082095139395,241.53695221645776,-175.66380182567218,372.3489956381005,241.53695221645776,239.2920040996874,-12.71610743214569
f1f0ccbcc55b5bc4,True,36.025,16.0,2.0,299.9716841358775,1499.8584206791368,3388691936783.0884,10718.217085140896,597.6633937782788,5976.633937782787,True,3,0.079221,1094.6034199037992,590.4051263187398,381.206746897321,369.0210646558894,92.58946221254824,381.206746897321,248.3614090173381,241.53918462607766,351.32760365161425,369.0210646558894,241.53918462607766,255.8368845677213,1592.2654952489947
f1f0ccbcc55b5bc4,True,36.025,16.0,2.0,299.9716841358775,1499.8584206791368,3388691936783.0884,10718.217085140896,597.6633937782788,5976.633937782787,True,4,0.095221,1125.3120337868422,592.2680335784994,381.20193238887924,373.35583211337376,-86.73400215140406,381.20193238887924,248.3629358287489,241.54140693543476,-526.9914054771964,373.35583211337376,241.54140693543476,284.681064379594,-12.716107431796445
f1f0ccbcc55b5bc4,True,36.025,16.0,2.0,299.9716841358775,1499.8584206791368,3388691936783.0884,10718.217085140896,597.6633937782788,5976.633937782787,True,5,0.111221,1136.012767185856,594.129068688669,381.1971220976661,370.8993481740751,92.58946221264829,381.1971220976661,248.3658699869154,241.54588052218165,702.6552073031387,370.8993481740751,241.54588052218165,293.5178285102717,1592.265495248591
f1f0ccbcc55b5bc4,True,36.025,16.0,2.0,299.9716841358775,1499.8584206791368,3388691936783.0884,10718.217085140896,597.6633937782788,5976.633937782787,True,6,0.127221,1151.7661542909204,595.9919759484286,381.19230753779476,373.92610838512326,-86.73400215150228,381.19230753779476,248.3706800931266,241.55031626170063,-878.3190091287207,373.92610838512326,241.55031626170063,307.4034982493653,-12.716107431439013
f1f0ccbcc55b5bc4,True,36.025,16.0,2.0,299.9716841358775,1499.8584206791368,3388691936783.0884,10718.217085140896,597.6633937782788,5976.633937782787,True,7,0.143221,1178.9014579241157,597.8530110585982,381.18749729801135,369.83553703183406,92.58946221260645,381.18749729801135,248.37783474867152,241.55703102557456,1053.9828109546766,369.83553703183406,241.55703102557456,332.670612116846,1592.2654952498624
f1f0ccbcc55b5bc4,True,36.025,16.0,2.0,299.9716841358775,1499.8584206791368,3388691936783.0884,10718.217085140896,597.6633937782788,5976.633937782787,True,8,0.159221,1197.891953336184,599.7159183183578,381.1826826867104,373.1893611866997,-86.73400215140042,381.1826826867104,248.38780255483925,241.56368019525553,-1229.6466127802473,373.1893611866997,241.56368019525553,349.78823246298697,-12.716107430234842
f1f0ccbcc55b5bc4,True,36.025,16.0,2.0,299.9716841358775,1499.8584206791368,3388691936783.0884,10718.217085140896,597.6633937782788,5976.633937782787,True,9,0.175221,1210.3041956958618,601.5769534285274,381.17787249835663,370.51501548667255,92.58946221251004,381.17787249835663,248.40105211291885,241.57263613625642,1405.3104146062042,370.51501548667255,241.57263613625642,360.3261901544157,1592.2654952514322
f1f0ccbcc55b5bc4,True,36.025,16.0,2.0,299.9716841358775,1499.8584206791368,3388691936783.0884,10718.217085140896,597.6633937782788,5976.633937782787,True,10,0.191221,1231.643777509084,603.439860688287,381.17305783562614,374.0867994278057,-86.73400215129855,381.17305783562614,248.41805202419928,241.58149873609932,-1580.9742164317745,374.0867994278057,241.58149873609932,379.7858647965978,-12.71610742937537
f1f0ccbcc55b5bc4,True,36.025,16.0,2.0,299.9716841358775,1499.8584206791368,3388691936783.0884,10718.217085140896,597.6633937782788,5976.633937782787,True,11,0.207221,1250.0709119530597,605.3008957984566,381.16824769870203,370.758868445594,92.58946221241364,381.16824769870203,248.43927088996966,241.59269585422732,1756.6380182577311,370.758868445594,241.59269585422732,396.3307452646334,1592.2654952532257
f1f0ccbcc55b5bc4,True,36.025,16.0,2.0,299.9716841358775,1499.8584206791368,3388691936783.0884,10718.217085140896,597.6633937782788,5976.633937782787,True,12,0.223221,1267.9615283095327,607.1638030582162,381.16343298454194,374.00358844291003,-86.73400215119487,381.16343298454194,248.46517731151906,241.6037718842322,-1932.301820083302,374.00358844291003,241.6037718842322,412.33254793979745,-12.716107428383111
f2bef2f4a2f32c36,True,36.025,16.0,2.0,342.5980872627872,1712.9904363136488,2537874232121.1484,7218.391098156113,597.6633937782788,5976.633937782787,True,1,0.047221,1119.6635523327102,1118.8847592088446,0.0,-14.476850987722745,92.58946221253187,0.0,0.0,0.0,0.0,-14.476850987722745,0.0,0.7787931238656026,1592.2654952490716
f2bef2f4a2f32c36,True,36.025,16.0,2.0,342.5980872627872,1712.9904363136488,2537874232121.1484,7218.391098156113,597.6633937782788,5976.633937782787,True,2,0.063221,1124.5084446315007,1120.747666468604,-0.004814457012098198,-15.764054254470382,-86.73400215127491,-0.004814457012098198,0.00011792176654171804,8.879195109497908e-06,-175.66380182576222,-15.764054254470382,8.879195109497908e-06,3.760660241130261,-12.716107432252556
f2bef2f4a2f32c36,True,36.025,16.0,2.0,342.5980872627872,1712.9904363136488,2537874232121.1484,7218.391098156113,597.6633937782788,5976.633937782787,True,3,0.079221,1137.2490343090112,1122.6087015787732,-0.009624799654693181,-18.479885603347345,92.58946221257735,-0.00962479965469318,0.0007059877106867146,0.002241288815000796,351.3276036515242,-18.479885603347345,0.002241288815000796,14.639626742527273,1592.2654952488729
f2bef2f4a2f32c36,True,36.025,16.0,2.0,342.5980872627872,1712.9904363136488,2537874232121.1484,7218.391098156113,597.6633937782788,5976.633937782787,True,4,0.095221,1155.9092752800082,1124.4716088385326,-0.014439308096410173,-21.658144758016867,-86.73400215137495,-0.014439308096410171,0.0022327991214746764,0.004463598172058001,-526.9914054772864,-21.658144758016867,0.004463598172058001,31.43543364235407,-12.716107431881028
f2bef2f4a2f32c36,True,36.025,16.0,2.0,342.5980872627872,1712.9904363136488,2537874232121.1484,7218.391098156113,597.6633937782788,5976.633937782787,True,5,0.111221,1190.9168162261456,1126.3326439487018,-0.019249599309386377,-26.329266778149172,92.58946221267739,-0.019249599309386373,0.005166957287945289,0.008937184918959595,702.6552073030487,-26.329266778149172,0.008937184918959595,64.57900532015591,1592.2654952485173
f2bef2f4a2f32c36,True,36.025,16.0,2.0,342.5980872627872,1712.9904363136488,2537874232121.1484,7218.391098156113,597.6633937782788,5976.633937782787,True,6,0.127221,1196.3332560962272,1128.1955512084612,-0.024064159180722144,-27.742225634236856,-86.73400215147318,-0.02406415918072214,0.009977063499138237,0.013372924437962374,-878.3190091288108,-27.742225634236856,0.013372924437962374,68.12772782426684,-12.716107431503588
f2bef2f4a2f32c36,True,36.025,16.0,2.0,342.5980872627872,1712.9904363136488,2537874232121.1484,7218.391098156113,597.6633937782788,5976.633937782787,True,7,0.143221,1229.029622466325,1130.0565863186305,-0.02887439896408137,-32.25063448073543,92.58946221263555,-0.028874398964081366,0.01713171904409327,0.020087688311884344,1053.9828109545865,-32.25063448073543,0.020087688311884344,98.95590442865053,1592.2654952499233
f2bef2f4a2f32c36,True,36.025,16.0,2.0,342.5980872627872,1712.9904363136488,2537874232121.1484,7218.391098156113,597.6633937782788,5976.633937782787,True,8,0.159221,1237.5578285370289,1131.9194935783898,-0.03368901026503589,-34.21955233554575,-86.73400215137131,-0.03368901026503588,0.02709952521185004,0.026736857992840906,-1229.6466127803374,-34.21955233554575,0.026736857992840906,105.61123543342711,-12.716107431620003
f2f261813b24a098,True,36.025,16.0,2.0,299.9716841358359,1499.8584206791368,3388691936783.0884,10718.217085140896,597.6633937782788,5976.633937782787,True,1,0.047221,1074.1321280124876,586.6811839488104,381.21637169697567,373.70138857873224,92.58946221250459,381.21637169697567,248.36070302962733,243.3938849170793,9.367795428261161e-11,373.70138857873224,243.3938849170793,239.09024103404985,-12.716107432171157
f2f261813b24a098,True,36.025,16.0,2.0,299.9716841358359,1499.8584206791368,3388691936783.0884,10718.217085140896,597.6633937782788,5976.633937782787,True,2,0.063221,1079.5962341271538,588.5440912085699,381.2115572399635,375.1823325024993,-86.73400215138587,381.2115572399635,248.3608209513939,243.3938937962744,-175.6638018256685,375.1823325024993,243.3938937962744,242.69132196719005,-12.716107431792807
f2f261813b24a098,True,36.025,16.0,2.0,299.9716841358359,1499.8584206791368,3388691936783.0884,10718.217085140896,597.6633937782788,5976.633937782787,True,3,0.079221,1097.5810528345628,590.4051263187395,381.20674689732095,371.98202625651174,92.5894622125155,381.20674689732095,248.36140901733805,243.39388480539125,351.327603651618,371.98202625651174,243.39388480539125,258.81451749848526,-12.716107432151148
f2f261813b24a098,True,36.025,16.0,2.0,299.9716841358359,1499.8584206791368,3388691936783.0884,10718.217085140896,597.6633937782788,5976.633937782787,True,4,0.095221,1127.760996678869,592.268033578499,381.2019323888792,376.1878403018684,-86.73400215138587,381.2019323888792,248.36293582874885,243.39389390796234,-526.9914054771928,376.1878403018684,243.39389390796234,287.1300272716213,-12.716107431796445
f2f261813b24a098,True,36.025,16.0,2.0,299.9716841358359,1499.8584206791368,3388691936783.0884,10718.217085140896,597.6633937782788,5976.633937782787,True,5,0.111221,1138.149498413438,594.1290686886686,381.19712209766607,373.8589810987934,92.5894622125155,381.19712209766607,248.36586998691536,243.39388469370326,702.6552073031422,373.8589810987934,243.39388469370326,295.6545597378542,-12.7161074321657
f2f261813b24a098,True,36.025,16.0,2.0,299.9716841358359,1499.8584206791368,3388691936783.0884,10718.217085140896,597.6633937782788,5976.633937782787,True,6,0.127221,1153.5324912479466,595.991975948428,381.1923075377947,376.756787897714,-86.73400215138587,381.1923075377947,248.37068009312654,243.3938940196503,-878.3190091287172,376.756787897714,243.3938940196503,309.169835206392,-12.716107431797354
f2f261813b24a098,True,36.025,16.0,2.0,299.9716841358359,1499.8584206791368,3388691936783.0884,10718.217085140896,597.6633937782788,5976.633937782787,True,7,0.143221,1180.1503227306223,597.8530110585976,381.1874972980113,372.7938412806487,92.58946221251004,381.1874972980113,248.37783474867146,243.3938845820152,1053.982810954653,372.7938412806487,243.3938845820152,333.91947692335316,-12.716107431254386
f2f261813b24a098,True,36.025,16.0,2.0,299.9716841358359,1499.8584206791368,3388691936783.0884,10718.217085140896,597.6633937782788,5976.633937782787,True,8,0.159221,1198.730847411765,599.7159183183571,381.18268268671034,376.0187120233865,-86.73400215129855,381.18268268671034,248.3878025548392,243.3938941313382,-1229.6466127802712,376.0187120233865,243.3938941313382,350.62712653856846,-12.716107430605007
f2f261813b24a098,True,36.025,16.0,2.0,299.9716841358359,1499.8584206791368,3388691936783.0884,10718.217085140896,597.6633937782788,5976.633937782787,True,9,0.175221,1210.8034947889241,601.5769534285267,381.1778724983566,373.4719910595832,92.58946221241364,381.1778724983566,248.4010521129188,243.39388447032715,1405.31041460618,373.4719910595832,243.39388447032715,360.8254892474786,-12.716107429709155
f2f261813b24a098,True,36.025,16.0,2.0,299.9716841358359,1499.8584206791368,3388691936783.0884,10718.217085140896,597.6633937782788,5976.633937782787,True,10,0.191221,1231.7067315887402,603.4398606882862,381.1730578356261,376.9148215885885,-86.73400215119487,381.1730578356261,248.41805202419923,243.39389424302618,-1580.9742164317984,376.9148215885885,243.39389424302618,379.84881887625465,-12.716107429746444
f2f261813b24a098,True,36.025,16.0,2.0,299.9716841358359,1499.8584206791368,3388691936783.0884,10718.217085140896,597.6633937782788,5976.633937782787,True,11,0.207221,1249.7121810959766,605.3008957984558,381.168247698702,373.7145153426006,92.58946221231723,381.168247698702,248.4392708899696,243.39388435863918,1756.6380182577072,373.7145153426006,243.39388435863918,395.97201440755117,-12.716107427912902
f2f261813b24a098,True,36.025,16.0,2.0,299.9716841358359,1499.8584206791368,3388691936783.0884,10718.217085140896,597.6633937782788,5976.633937782787,True,12,0.223221,1267.206028899413,607.1638030582153,381.1634329845419,376.83028192778886,-86.73400215109301,381.1634329845419,248.465177311519,243.3938943547142,-1932.3018200833255,376.83028192778886,243.3938943547142,411.5770485296788,-12.716107428766918
f2f3723dff211305,True,36.025,16.0,2.0,339.97155664647005,1699.8577832323015,2537897794761.841,7218.391098156113,597.6633937782788,5976.633937782787,True,1,0.047221,1119.6635523327102,1118.8847592088446,0.0,-14.476850987722745,92.58946221253187,0.0,0.0,0.0,0.0,-14.476850987722745,0.0,0.7787931238656026,1592.2654952490716
f2f3723dff211305,True,36.025,16.0,2.0,339.97155664647005,1699.8577832323015,2537897794761.841,7218.391098156113,597.6633937782788,5976.633937782787,True,2,0.063221,1123.8134242405595,1120.747666468604,-0.004814457012098198,-15.591823773417698,-86.73400215127491,-0.004814457012098198,0.00011792176654171804,8.879195109495686e-06,-175.66380182576222,-15.591823773417698,8.879195109495686e-06,3.065639850189,-12.716107432249373
f2f3723dff211305,True,36.025,16.0,2.0,339.97155664647005,1699.8577832323015,2537897794761.841,7218.391098156113,597.6633937782788,5976.633937782787,True,3,0.079221,1130.9168022291883,1122.6087015787732,-0.009624799654693181,-17.503529102366635,92.58946221257735,-0.00962479965469318,0.0007059877106867146,0.0022412888150008343,351.3276036515242,-17.503529102366635,0.0022412888150008343,8.307394662704409,1592.2654952489006
f2f3723dff211305,True,36.025,16.0,2.0,339.97155664647005,1699.8577832323015,2537897794761.841,7218.391098156113,597.6633937782788,5976.633937782787,True,4,0.095221,1141.0522003536094,1124.4716088385326,-0.014439308096410173,-19.70854934823051,-86.73400215137495,-0.014439308096410171,0.0022327991214746764,0.004463598172058041,-526.9914054772864,-19.70854934823051,0.004463598172058041,16.57835871595535,-12.716107431867385
f2f3723dff211305,True,36.025,16.0,2.0,339.97155664647005,1699.8577832323015,2537897794761.841,7218.391098156113,597.6633937782788,5976.633937782787,True,5,0.111221,1156.2870705169807,1126.3326439487018,-0.019249599309386377,-22.709563480819984,92.58946221267739,-0.019249599309386373,0.005166957287945289,0.00893718491895968,702.6552073030487,-22.709563480819984,0.00893718491895968,29.94925961099106,1592.2654952485436
f2f3723dff211305,True,36.025,16.0,2.0,339.97155664647005,1699.8577832323015,2537897794761.841,7218.391098156113,597.6633937782788,5976.633937782787,True,6,0.127221,1176.172859470359,1128.1955512084612,-0.024064159180722144,-26.004382658020113,-86.73400215147318,-0.02406415918072214,0.009977063499138237,0.013372924437962487,-878.3190091288108,-26.004382658020113,0.013372924437962487,47.967331198398924,-12.716107431492674
f2f3723dff211305,True,36.025,16.0,2.0,339.97155664647005,1699.8577832323015,2537897794761.841,7218.391098156113,597.6633937782788,5976.633937782787,True,7,0.143221,1203.308163103554,1130.0565863186305,-0.02887439896408137,-30.09495401130924,92.58946221263555,-0.028874398964081366,0.01713171904409327,0.020087688311883546,1053.9828109545865,-30.09495401130924,0.020087688311883546,73.23444506587954,1592.2654952498187
f2f3723dff211305,True,36.025,16.0,2.0,339.97155664647005,1699.8577832323015,2537897794761.841,7218.391098156113,597.6633937782788,5976.633937782787,True,8,0.159221,1236.713653157356,1131.9194935783898,-0.03368901026503589,-34.47982064867827,-86.73400215137131,-0.03368901026503588,0.02709952521185004,0.02673685799284383,-1229.6466127803374,-34.47982064867827,0.02673685799284383,104.76706005375411,-12.716107432372155
f8b71317e3805bcf,True,36.025,16.0,2.0,339.97155664647005,1699.8577832323015,2537897794761.841,6259.044507202143,597.6633937782788,5976.633937782787,True,1,0.047221,1119.6635523327102,1118.8847592088446,0.0,-14.476850987722745,92.58946221253187,0.0,0.0,0.0,0.0,-14.476850987722745,0.0,0.7787931238656026,1592.2654952490716
f8b71317e3805bcf,True,36.025,16.0,2.0,339.97155664647005,1699.8577832323015,2537897794761.841,6259.044507202143,597.6633937782788,5976.633937782787,True,2,0.063221,1123.8134242405595,1120.747666468604,-0.004814457012098198,-15.591823773417698,-86.73400215127491,-0.004814457012098198,0.00011792176654171804,8.879195109495686e-06,-175.66380182576222,-15.591823773417698,8.879195109495686e-06,3.065639850189,-12.716107432249373
f8b71317e3805bcf,True,36.025,16.0,2.0,339.97155664647005,1699.8577832323015,2537897794761.841,6259.044507202143,597.6633937782788,5976.633937782787,True,3,0.079221,1130.9168022291883,1122.6087015787732,-0.009624799654693181,-17.503529102366635,92.58946221257735,-0.00962479965469318,0.0007059877106867146,0.0022412888150008343,351.3276036515242,-17.503529102366635,0.0022412888150008343,8.307394662704409,1592.2654952489006
f8b71317e3805bcf,True,36.025,16.0,2.0,339.97155664647005,1699.8577832323015,2537897794761.841,6259.044507202143,597.6633937782788,5976.633937782787,True,4,0.095221,1141.0522003536094,1124.4716088385326,-0.014439308096410173,-19.70854934823051,-86.73400215137495,-0.014439308096410171,0.0022327991214746764,0.004463598172058041,-526.9914054772864,-19.70854934823051,0.004463598172058041,16.57835871595535,-12.716107431867385
f8b71317e3805bcf,True,36.025,16.0,2.0,339.97155664647005,1699.8577832323015,2537897794761.841,6259.044507202143,597.6633937782788,5976.633937782787,True,5,0.111221,1156.2870705169807,1126.3326439487018,-0.019249599309386377,-22.709563480819984,92.58946221267739,-0.019249599309386373,0.005166957287945289,0.00893718491895968,702.6552073030487,-22.709563480819984,0.00893718491895968,29.94925961099106,1592.2654952485436
f8b71317e3805bcf,True,36.025,16.0,2.0,339.97155664647005,1699.8577832323015,2537897794761.841,6259.044507202143,597.6633937782788,5976.633937782787,True,6,0.127221,1176.172859470359,1128.1955512084612,-0.024064159180722144,-26.004382658020113,-86.73400215147318,-0.02406415918072214,0.009977063499138237,0.013372924437962487,-878.3190091288108,-26.004382658020113,0.013372924437962487,47.967331198398924,-12.716107431492674
f8b71317e3805bcf,True,36.025,16.0,2.0,339.97155664647005,1699.8577832323015,2537897794761.841,6259.044507202143,597.6633937782788,5976.633937782787,True,7,0.143221,1203.308163103554,1130.0565863186305,-0.02887439896408137,-30.09495401130924,92.58946221263555,-0.028874398964081366,0.01713171904409327,0.020087688311883546,1053.9828109545865,-30.09495401130924,0.020087688311883546,73.23444506587954,1592.2654952498187
f8b71317e3805bcf,True,36.025,16.0,2.0,339.97155664647005,1699.8577832323015,2537897794761.841,6259.044507202143,597.6633937782788,5976.633937782787,True,8,0.159221,1236.713653157356,1131.9194935783898,-0.03368901026503589,-34.47982064867827,-86.73400215137131,-0.03368901026503588,0.02709952521185004,0.02673685799284383,-1229.6466127803374,-34.47982064867827,0.02673685799284383,104.76706005375411,-12.716107432372155
fb0d4365888f0054,True,36.025,16.0,2.0,219.9719391145372,1099.8596955728071,1744153653676.379,7218.391098156113,597.6633937782788,5976.633937782787,True,1,0.047221,1119.5479334383626,1118.8847592088441,0.0,-10.426160434972052,92.5894622125628,0.0,0.0,0.0,0.0,-10.426160434972052,0.0,0.6631742295186049,-12.716107432290073
fb0d4365888f0054,True,36.025,16.0,2.0,219.9719391145372,1099.8596955728071,1744153653676.379,7218.391098156113,597.6633937782788,5976.633937782787,True,2,0.063221,1125.0120395530291,1120.7476664686037,-0.004814457012098193,-8.94521651120511,-86.73400215132766,-0.004814457012098193,0.00011792176654171839,8.87919510926328e-06,-175.66380182576216,-8.94521651120511,8.87919510926328e-06,4.264255162658867,-12.716107431916498
fb0d4365888f0054,True,36.025,16.0,2.0,219.9719391145372,1099.8596955728071,1744153653676.379,7218.391098156113,597.6633937782788,5976.633937782787,True,3,0.079221,1130.4607566381903,1122.6087015787734,-0.00962479965469319,-10.456783590225967,92.58946221257371,-0.00962479965469319,0.0007059877106867148,-1.1168798930940228e-07,351.3276036515243,-10.456783590225967,-1.1168798930940228e-07,7.8513490717062115,-12.716107432284844
fb0d4365888f0054,True,36.025,16.0,2.0,219.9719391145372,1099.8596955728071,1744153653676.379,7218.391098156113,597.6633937782788,5976.633937782787,True,4,0.095221,1138.9870017208063,1124.471608838533,-0.014439308096410168,-8.430815936374552,-86.73400215132766,-0.014439308096410168,0.002232799121474673,8.990883097022992e-06,-526.9914054772864,-8.430815936374552,8.990883097022992e-06,14.513160083151796,-12.716107431910586
fb0d4365888f0054,True,36.025,16.0,2.0,219.9719391145372,1099.8596955728071,1744153653676.379,7218.391098156113,597.6633937782788,5976.633937782787,True,5,0.111221,1147.4937303911802,1126.3326439487028,-0.019249599309386366,-10.487161625745172,92.58946221257371,-0.019249599309386366,0.005166957287945275,-2.2337597969018895e-07,702.6552073030485,-10.487161625745172,-2.2337597969018895e-07,21.15591948518957,-12.716107432288482
fb0d4365888f0054,True,36.025,16.0,2.0,219.9719391145372,1099.8596955728071,1744153653676.379,7218.391098156113,597.6633937782788,5976.633937782787,True,6,0.127221,1160.0253994260418,1128.1955512084623,-0.02406415918072214,-7.916170241809288,-86.73400215132766,-0.02406415918072214,0.009977063499138206,9.102571083731239e-06,-878.3190091288109,-7.916170241809288,9.102571083731239e-06,31.819871154080346,-12.716107431918317
fb0d4365888f0054,True,36.025,16.0,2.0,219.9719391145372,1099.8596955728071,1744153653676.379,7218.391098156113,597.6633937782788,5976.633937782787,True,7,0.143221,1172.5334246659247,1130.056586318632,-0.028874398964077612,-10.517294541529699,92.58946221256825,-0.028874398964077612,0.017131719044093024,-3.350639714686176e-07,1053.9828109545592,-10.517294541529699,-3.350639714686176e-07,42.45970662824848,-12.716107431739147
fb0d4365888f0054,True,36.025,16.0,2.0,219.9719391145372,1099.8596955728071,1744153653676.379,7218.391098156113,597.6633937782788,5976.633937782787,True,8,0.159221,1190.0113338539784,1131.9194935783917,-0.03368901026503652,-7.40152795634192,-86.73400215124035,-0.03368901026503652,0.027099525211849825,9.2142590602555e-06,-1229.6466127803649,-7.40152795634192,9.2142590602555e-06,58.064740750374774,-12.716107431115233
fccd18240ff0acbc,True,36.025,16.0,2.0,339.9715566464229,1699.8577832323015,2537897794761.841,5749.32833818719,597.6633937782788,5976.633937782787,True,1,0.047221,1119.5479334383626,1118.8847592088441,0.0,-10.426160434972052,92.5894622125628,0.0,0.0,0.0,0.0,-10.426160434972052,0.0,0.6631742295186049,-12.716107432290073
fccd18240ff0acbc,True,36.025,16.0,2.0,339.9715566464229,1699.8577832323015,2537897794761.841,5749.32833818719,597.6633937782788,5976.633937782787,True,2,0.063221,1125.0120395530291,1120.7476664686037,-0.004814457012098193,-8.94521651120511,-86.73400215132766,-0.004814457012098193,0.00011792176654171839,8.87919510926328e-06,-175.66380182576216,-8.94521651120511,8.87919510926328e-06,4.264255162658867,-12.716107431916498
fccd18240ff0acbc,True,36.025,16.0,2.0,339.9715566464229,1699.8577832323015,2537897794761.841,5749.32833818719,597.6633937782788,5976.633937782787,True,3,0.079221,1131.8716097729207,1122.6087015787734,-0.00962479965469319,-10.729297103930335,92.58946221257371,-0.00962479965469319,0.0007059877106867148,-1.1168798930480712e-07,351.3276036515243,-10.729297103930335,-1.1168798930480712e-07,9.262202206436609,-12.71610743228166
fccd18240ff0acbc,True,36.025,16.0,2.0,339.9715566464229,1699.8577832323015,2537897794761.841,5749.32833818719,597.6633937782788,5976.633937782787,True,4,0.095221,1144.3999955129818,1124.471608838533,-0.014439308096410168,-8.15830571999445,-86.73400215132766,-0.014439308096410168,0.002232799121474673,8.990883097017095e-06,-526.9914054772864,-8.15830571999445,8.990883097017095e-06,19.92615387532739,-12.716107431903765
fccd18240ff0acbc,True,36.025,16.0,2.0,339.9715566464229,1699.8577832323015,2537897794761.841,5749.32833818719,597.6633937782788,5976.633937782787,True,5,0.111221,1159.2542413172487,1126.3326439487028,-0.019249599309386366,-11.03169511636022,92.58946221257371,-0.019249599309386366,0.005166957287945275,-2.2337597964099748e-07,702.6552073030485,-11.03169511636022,-2.2337597964099748e-07,32.91643041125807,-12.716107432262106
fccd18240ff0acbc,True,36.025,16.0,2.0,339.9715566464229,1699.8577832323015,2537897794761.841,5749.32833818719,597.6633937782788,5976.633937782787,True,6,0.127221,1182.6115253412806,1128.1955512084623,-0.02406415918072214,-7.370904801088082,-86.73400215132766,-0.02406415918072214,0.009977063499138206,9.102571083765066e-06,-878.3190091288109,-7.370904801088082,9.102571083765066e-06,54.40599706931918,-12.71610743189376
fccd18240ff0acbc,True,36.025,16.0,2.0,339.9715566464229,1699.8577832323015,2537897794761.841,5749.32833818719,597.6633937782788,5976.633937782787,True,7,0.143221,1209.2293568239566,1130.056586318632,-0.028874398964077612,-11.333851418153438,92.58946221256825,-0.028874398964077612,0.017131719044093024,-3.350639713324696e-07,1053.9828109545592,-11.333851418153438,-3.350639713324696e-07,79.15563878628033,-12.71610743135625
fccd18240ff0acbc,True,36.025,16.0,2.0,339.9715566464229,1699.8577832323015,2537897794761.841,5749.32833818719,597.6633937782788,5976.633937782787,True,8,0.159221,1247.185095357236,1131.9194935783917,-0.03368901026503652,-6.583013642712148,-86.73400215124035,-0.03368901026503652,0.027099525211849825,9.21425905409889e-06,-1229.6466127803649,-6.583013642712148,9.21425905409889e-06,115.23850225363222,-12.716107430269403
ff21fe6b43186559,True,36.025,16.0,2.0,215.61262788333624,1078.0631394166505,1249520666054.122,7218.391098156113,597.6633937782788,5976.633937782787,True,1,0.047221,1119.6635523327102,1118.8847592088446,0.0,-14.476850987722745,92.58946221253187,0.0,0.0,0.0,0.0,-14.476850987722745,0.0,0.7787931238656026,1592.2654952490716
ff21fe6b43186559,True,36.025,16.0,2.0,215.61262788333624,1078.0631394166505,1249520666054.122,7218.391098156113,597.6633937782788,5976.633937782787,True,2,0.063221,1123.8134242405595,1120.747666468604,-0.004814457012098198,-15.591823773417698,-86.73400215127491,-0.004814457012098198,0.00011792176654171804,8.879195109495686e-06,-175.66380182576222,-15.591823773417698,8.879195109495686e-06,3.065639850189,-12.716107432249373
ff21fe6b43186559,True,36.025,16.0,2.0,215.61262788333624,1078.0631394166505,1249520666054.122,7218.391098156113,597.6633937782788,5976.633937782787,True,3,0.079221,1128.2632034901658,1122.6087015787732,-0.009624799654693181,-16.95875049201687,92.58946221257735,-0.00962479965469318,0.0007059877106867146,0.002241288815000817,351.3276036515242,-16.95875049201687,0.002241288815000817,5.653795923681895,1592.2654952488856
ff21fe6b43186559,True,36.025,16.0,2.0,215.61262788333624,1078.0631394166505,1249520666054.122,7218.391098156113,597.6633937782788,5976.633937782787,True,4,0.095221,1132.4144842876592,1124.4716088385326,-0.014439308096410173,-18.07372327771181,-86.73400215137495,-0.014439308096410171,0.0022327991214746764,0.00446359817205801,-526.9914054772864,-18.07372327771181,0.00446359817205801,7.940642650005274,-12.716107431876935
ff21fe6b43186559,True,36.025,16.0,2.0,215.61262788333624,1078.0631394166505,1249520666054.122,7218.391098156113,597.6633937782788,5976.633937782787,True,5,0.111221,1136.8666096294878,1126.3326439487018,-0.019249599309386377,-19.440649996310967,92.58946221267739,-0.019249599309386373,0.005166957287945289,0.008937184918959588,702.6552073030487,-19.440649996310967,0.008937184918959588,10.528798723498152,1592.265495248515
ff21fe6b43186559,True,36.025,16.0,2.0,215.61262788333624,1078.0631394166505,1249520666054.122,7218.391098156113,597.6633937782788,5976.633937782787,True,6,0.127221,1141.0211737217817,1128.1955512084612,-0.024064159180722144,-20.55562278200591,-86.73400215147318,-0.02406415918072214,0.009977063499138237,0.013372924437962345,-878.3190091288108,-20.55562278200591,0.013372924437962345,12.815645449821519,-12.71610743149904
ff21fe6b43186559,True,36.025,16.0,2.0,215.61262788333624,1078.0631394166505,1249520666054.122,7218.391098156113,597.6633937782788,5976.633937782787,True,7,0.143221,1145.477519560989,1130.0565863186305,-0.02887439896408137,-21.922549500605147,92.58946221263555,-0.028874398964081366,0.01713171904409327,0.020087688311877423,1053.9828109545865,-21.922549500605147,0.020087688311877423,15.403801523314494,1592.2654952490716
ff21fe6b43186559,True,36.025,16.0,2.0,215.61262788333624,1078.0631394166505,1249520666054.122,7218.391098156113,597.6633937782788,5976.633937782787,True,8,0.159221,1149.6372413532397,1131.9194935783898,-0.03368901026503589,-23.037522286300103,-86.73400215137131,-0.03368901026503588,0.02709952521185004,0.026736857992833356,-1229.6466127803374,-23.037522286300103,0.026736857992833356,17.69064824963787,-12.716107432243916
