case_id,stage,variant,model,D_mm2_s,echo_magnitude_min,echo_magnitude_max,magnitude_cv,maximum_adjacent_phase_step_deg,phase_range_deg,note
04c7591805e7f7d1,heldout,high_low_permutation_alternating,finite_RF_static_Bloch,,0.05967059959345711,0.27579778430645974,0.5202041949419803,47.94859137219119,48.55925755984361,includes physical relaxation and prescribed receiver/RF phase; no arbitrary rephasing
0f30db1c27b04451,heldout,weak_increasing_centering,finite_RF_static_Bloch,,0.030397082246694008,0.2047983338152649,0.6291029318975169,132.39496019167643,132.39496019167643,includes physical relaxation and prescribed receiver/RF phase; no arbitrary rephasing
148d39520d549a25,heldout,increasing_centering,finite_RF_static_Bloch,,0.05712641141932752,0.2813792411090555,0.5373086070708425,48.28029955262948,48.81648550876727,includes physical relaxation and prescribed receiver/RF phase; no arbitrary rephasing
1ace554a4fbfc143,heldout,increasing_alternating_centering,finite_RF_static_Bloch,,0.0348536766962847,0.19984449430920628,0.5892807568195906,126.57840898638275,126.57840898638275,includes physical relaxation and prescribed receiver/RF phase; no arbitrary rephasing
1c0fdb1a075e2105,heldout,original,finite_RF_static_Bloch,,0.05935249520263685,0.18943957320036067,0.48596821333466667,108.11365719710267,108.11365719710267,includes physical relaxation and prescribed receiver/RF phase; no arbitrary rephasing
1d048b3f11382922,heldout,increasing_alternating_centering,finite_RF_static_Bloch,,0.10956565758894714,0.28283714761246037,0.3474376551762171,58.239550931682004,58.239550931682004,includes physical relaxation and prescribed receiver/RF phase; no arbitrary rephasing
29202efbe604dcfc,heldout,weak_increasing_centering,finite_RF_static_Bloch,,0.03360369262426156,0.19879915226585698,0.5873146563291044,131.82571060900204,131.82571060900204,includes physical relaxation and prescribed receiver/RF phase; no arbitrary rephasing
3e7f8c0e9f8e10f3,heldout,original,finite_RF_static_Bloch,,0.05843935636774138,0.27061165674929943,0.4980344399694662,44.580979517935965,44.580979517935965,includes physical relaxation and prescribed receiver/RF phase; no arbitrary rephasing
40338e34d301a4dd,heldout,weak_increasing_centering,finite_RF_static_Bloch,,0.06044288720374493,0.28681136427357073,0.5316522823643098,53.25670456699544,53.25670456699544,includes physical relaxation and prescribed receiver/RF phase; no arbitrary rephasing
423f20c2549403b3,heldout,high_low_permutation_alternating,finite_RF_static_Bloch,,0.1101990462528365,0.27458445883932847,0.3397681520661621,63.2945205900654,63.2945205900654,includes physical relaxation and prescribed receiver/RF phase; no arbitrary rephasing
43b553eaf9030123,heldout,increasing_centering,finite_RF_static_Bloch,,0.05730630448756837,0.28681136427357073,0.5401315678522232,46.79892064976261,47.48138532198946,includes physical relaxation and prescribed receiver/RF phase; no arbitrary rephasing
5345a32b3344b6c2,heldout,increasing_alternating_centering,finite_RF_static_Bloch,,0.04253761169098393,0.28681136427357073,0.6142648430450492,51.727114523798065,51.727114523798065,includes physical relaxation and prescribed receiver/RF phase; no arbitrary rephasing
6383fd6c8af87897,heldout,weak_increasing_centering,finite_RF_static_Bloch,,0.11282957306374403,0.28283714761246037,0.3388910665884026,57.23914151268075,57.23914151268075,includes physical relaxation and prescribed receiver/RF phase; no arbitrary rephasing
673f41e45efe4537,heldout,high_low_permutation_alternating,finite_RF_static_Bloch,,0.03242427979041603,0.2059068119471443,0.6223867350985437,144.5338523844983,144.5338523844983,includes physical relaxation and prescribed receiver/RF phase; no arbitrary rephasing
6d01ff2dedd29cc1,heldout,increasing_alternating_centering,finite_RF_static_Bloch,,0.04218267692980478,0.2813792411090555,0.6015444686985174,47.80922990291707,48.260577775605164,includes physical relaxation and prescribed receiver/RF phase; no arbitrary rephasing
74ddc5315a8c3ffe,heldout,original,finite_RF_static_Bloch,,0.02218071892322186,0.27342702214571557,0.8669942855458589,113.36501397037885,113.36501397037885,includes physical relaxation and prescribed receiver/RF phase; no arbitrary rephasing
85fa3f2186d86b09,heldout,original,finite_RF_static_Bloch,,0.032420099845447775,0.2059068119471443,0.7496161882832765,125.76335427166471,125.76335427166471,includes physical relaxation and prescribed receiver/RF phase; no arbitrary rephasing
8665d9ebe690a624,heldout,original,finite_RF_static_Bloch,,0.029120727326264,0.19900927113693276,0.716139799547853,125.15427137252107,125.15427137252107,includes physical relaxation and prescribed receiver/RF phase; no arbitrary rephasing
9520426acef5780d,heldout,weak_increasing_centering,finite_RF_static_Bloch,,0.05932337309463286,0.2813792411090555,0.5351526116836424,51.56510909582268,51.56510909582268,includes physical relaxation and prescribed receiver/RF phase; no arbitrary rephasing
952c46736eef27c6,heldout,increasing_centering,finite_RF_static_Bloch,,0.040568427767555204,0.19879915226585698,0.5652688149964556,152.3456179190411,152.3456179190411,includes physical relaxation and prescribed receiver/RF phase; no arbitrary rephasing
9e668df58cae806f,heldout,increasing_centering,finite_RF_static_Bloch,,0.11501398344812329,0.28283714761246037,0.3381333187891286,61.6878554600663,61.6878554600663,includes physical relaxation and prescribed receiver/RF phase; no arbitrary rephasing
a599ee1bb913d5b3,heldout,high_low_permutation_alternating,finite_RF_static_Bloch,,0.03721069787005972,0.18943957320036067,0.5679755950858769,132.7853764353198,132.7853764353198,includes physical relaxation and prescribed receiver/RF phase; no arbitrary rephasing
a9ec8316b70be6c7,heldout,increasing_centering,finite_RF_static_Bloch,,0.02465343314264583,0.28277352970445113,0.7317311630748351,142.5541359984569,142.5541359984569,includes physical relaxation and prescribed receiver/RF phase; no arbitrary rephasing
bd09e270245c65af,heldout,weak_increasing_centering,finite_RF_static_Bloch,,0.05158999451067733,0.19984449430920628,0.462169079654388,152.4208185364713,152.4208185364713,includes physical relaxation and prescribed receiver/RF phase; no arbitrary rephasing
beda3e64f75060a6,heldout,high_low_permutation_alternating,finite_RF_static_Bloch,,0.03090001540626507,0.19900927113693276,0.6043876049870187,136.86316635276322,136.86316635276322,includes physical relaxation and prescribed receiver/RF phase; no arbitrary rephasing
c4f8b41ce813d972,heldout,increasing_centering,finite_RF_static_Bloch,,0.040375731759208805,0.2047983338152649,0.5797267213680205,146.4623090424262,146.4623090424262,includes physical relaxation and prescribed receiver/RF phase; no arbitrary rephasing
c776b79cbefa9134,heldout,original,finite_RF_static_Bloch,,0.058764545498849116,0.27579778430645974,0.49168353026256345,47.27969233175108,47.27969233175108,includes physical relaxation and prescribed receiver/RF phase; no arbitrary rephasing
c90872f858c798ef,heldout,high_low_permutation_alternating,finite_RF_static_Bloch,,0.05919137220972537,0.27061165674929943,0.5116025618810376,45.602336690558666,46.869373635653,includes physical relaxation and prescribed receiver/RF phase; no arbitrary rephasing
ca97529cc996b4a4,heldout,increasing_alternating_centering,finite_RF_static_Bloch,,0.017809307100534938,0.28277352970445113,0.8294082388902366,122.32942145336135,124.9814010394797,includes physical relaxation and prescribed receiver/RF phase; no arbitrary rephasing
cc4c447ac2d935bf,heldout,increasing_alternating_centering,finite_RF_static_Bloch,,0.025387696578111213,0.2047983338152649,0.7209828909519655,139.19675021339876,139.6962904896595,includes physical relaxation and prescribed receiver/RF phase; no arbitrary rephasing
d9d2a7661c82350a,heldout,original,finite_RF_static_Bloch,,0.12541395183001453,0.27458445883932847,0.2958141682956425,61.05740182382374,61.05740182382374,includes physical relaxation and prescribed receiver/RF phase; no arbitrary rephasing
dedbd6e20f01c026,heldout,increasing_centering,finite_RF_static_Bloch,,0.06057938003878766,0.19984449430920628,0.47616605969284703,120.14480198510198,120.14480198510198,includes physical relaxation and prescribed receiver/RF phase; no arbitrary rephasing
e0414b1925743d5a,heldout,increasing_alternating_centering,finite_RF_static_Bloch,,0.02043675907281132,0.19879915226585698,0.7192756145855621,134.95163529409308,141.43315553276784,includes physical relaxation and prescribed receiver/RF phase; no arbitrary rephasing
f27bea16f062ae12,heldout,high_low_permutation_alternating,finite_RF_static_Bloch,,0.01591996400327805,0.27342702214571557,0.8290379724795652,127.17444665159522,128.1855254920425,includes physical relaxation and prescribed receiver/RF phase; no arbitrary rephasing
fc2933086bc00fc7,heldout,weak_increasing_centering,finite_RF_static_Bloch,,0.02215202806239097,0.28277352970445113,0.7986208025586136,118.80258775947756,120.85794064869722,includes physical relaxation and prescribed receiver/RF phase; no arbitrary rephasing
00fd90b0872d9595,robust,increasing_alternating_centering,finite_RF_static_Bloch,,0.04287985682580943,0.28711333277371676,0.6325983785381021,179.68550313185924,539.3459881649424,includes physical relaxation and prescribed receiver/RF phase; no arbitrary rephasing
06d5a8f3774f7b1d,robust,increasing_centering,finite_RF_static_Bloch,,0.05053837484972977,0.30236594133705996,0.5883904556964151,89.99702536984387,91.68698631657882,includes physical relaxation and prescribed receiver/RF phase; no arbitrary rephasing
075b37b5b01947f5,robust,original,finite_RF_static_Bloch,,0.05547317798258985,0.30618325762626303,0.6108143493228799,80.25959244487686,80.25959244487686,includes physical relaxation and prescribed receiver/RF phase; no arbitrary rephasing
0c2f4cf3ec995a28,robust,increasing_centering,finite_RF_static_Bloch,,0.049825907764130144,0.29023691820886044,0.5962274658848219,95.92731365166688,95.92731365166688,includes physical relaxation and prescribed receiver/RF phase; no arbitrary rephasing
0cfef0d872a23cb4,robust,increasing_alternating_centering,finite_RF_static_Bloch,,0.023122888292794883,0.2662803722160658,0.8023910367733696,179.9774229394574,537.7669639625674,includes physical relaxation and prescribed receiver/RF phase; no arbitrary rephasing
0e033f0af7f88621,robust,high_low_permutation_alternating,finite_RF_static_Bloch,,0.05619773840807257,0.24827262847777787,0.5873480328434102,179.7285609780298,535.2091555607464,includes physical relaxation and prescribed receiver/RF phase; no arbitrary rephasing
0e5d4b385f58bd53,robust,increasing_centering,finite_RF_static_Bloch,,0.0435403075993665,0.27307489239635924,0.6857917502124865,179.02636915629552,535.1479543594876,includes physical relaxation and prescribed receiver/RF phase; no arbitrary rephasing
0f62f4f21675d4fa,robust,increasing_centering,finite_RF_static_Bloch,,0.016991379739782254,0.1515152963129878,0.7748494273153622,179.8790043228608,185.60385578745695,includes physical relaxation and prescribed receiver/RF phase; no arbitrary rephasing
121acbd166de8560,robust,increasing_centering,finite_RF_static_Bloch,,0.04887930131657793,0.2662803722160658,0.6437119245152653,179.97329744149312,532.1935779649511,includes physical relaxation and prescribed receiver/RF phase; no arbitrary rephasing
14b43cf6aede4193,robust,increasing_centering,finite_RF_static_Bloch,,0.02305419299833723,0.15533182164648082,0.6942914790246888,175.8364893282704,175.8364893282704,includes physical relaxation and prescribed receiver/RF phase; no arbitrary rephasing
14dc139ff13ac111,robust,original,finite_RF_static_Bloch,,0.007973432044354549,0.15681063665146883,1.2164778715447255,178.33206146273417,331.5519586711133,includes physical relaxation and prescribed receiver/RF phase; no arbitrary rephasing
16dc3e832dd001ad,robust,increasing_alternating_centering,finite_RF_static_Bloch,,0.009825322001849145,0.1515152963129878,0.8869963060843064,179.61379089252006,533.0476307111429,includes physical relaxation and prescribed receiver/RF phase; no arbitrary rephasing
17ff12f781392334,robust,weak_increasing_centering,finite_RF_static_Bloch,,0.05952690005731254,0.24805902664203094,0.4550481420296319,179.29003536527088,358.2446134399147,includes physical relaxation and prescribed receiver/RF phase; no arbitrary rephasing
19621ecd746f4f3b,robust,high_low_permutation_alternating,finite_RF_static_Bloch,,0.056856962364584464,0.2444294519154542,0.5741662010802316,93.65763268756825,93.65763268756825,includes physical relaxation and prescribed receiver/RF phase; no arbitrary rephasing
1cf868396ba6a25a,robust,increasing_centering,finite_RF_static_Bloch,,0.04883001812536498,0.29079164795022977,0.5925227891686141,95.33614535980828,95.33614535980828,includes physical relaxation and prescribed receiver/RF phase; no arbitrary rephasing
1e87d15b33173b7e,robust,weak_increasing_centering,finite_RF_static_Bloch,,0.05287679173406888,0.24850106405226652,0.5442518577907133,5.678190603791128,9.79648293079426,includes physical relaxation and prescribed receiver/RF phase; no arbitrary rephasing
1f09960a375c33b8,robust,original,finite_RF_static_Bloch,,0.05939445336867501,0.26916949258986583,0.5374199142605237,87.8274327614774,87.8274327614774,includes physical relaxation and prescribed receiver/RF phase; no arbitrary rephasing
1f89c867ca2c78a5,robust,weak_increasing_centering,finite_RF_static_Bloch,,0.0501389715320532,0.27307489239635924,0.6236439439011201,179.6797797175005,536.0977846758349,includes physical relaxation and prescribed receiver/RF phase; no arbitrary rephasing
20512425bbd06d11,robust,weak_increasing_centering,finite_RF_static_Bloch,,0.020056731083031826,0.15017055119591924,0.6083109007089117,22.21470858004989,26.072941429995954,includes physical relaxation and prescribed receiver/RF phase; no arbitrary rephasing
21ab6ee3f09fc363,robust,weak_increasing_centering,finite_RF_static_Bloch,,0.05138711546421933,0.28711333277371676,0.5907112960545658,179.4311511980886,356.25086322510964,includes physical relaxation and prescribed receiver/RF phase; no arbitrary rephasing
235d92b192099b72,robust,increasing_alternating_centering,finite_RF_static_Bloch,,0.041928406851319606,0.30236594133705996,0.6396665761600305,102.93744578533402,104.2929973440979,includes physical relaxation and prescribed receiver/RF phase; no arbitrary rephasing
261fc6726d8adf28,robust,increasing_centering,finite_RF_static_Bloch,,0.052449570045615186,0.28711333277371676,0.5979540442674044,179.4311511980886,356.8066837934487,includes physical relaxation and prescribed receiver/RF phase; no arbitrary rephasing
29231f435f3c6119,robust,increasing_alternating_centering,finite_RF_static_Bloch,,0.041928874623869565,0.30234939877894174,0.639649733728543,102.93635292610773,104.29147287042991,includes physical relaxation and prescribed receiver/RF phase; no arbitrary rephasing
2e2848f7e70e5be2,robust,weak_increasing_centering,finite_RF_static_Bloch,,0.054655959845431805,0.30236594133705996,0.5835382259039548,96.05975499018176,98.19410101663819,includes physical relaxation and prescribed receiver/RF phase; no arbitrary rephasing
30403b81febb346b,robust,weak_increasing_centering,finite_RF_static_Bloch,,0.047273665063264705,0.28623920575676287,0.5945770523118926,99.32736985805735,99.32736985805735,includes physical relaxation and prescribed receiver/RF phase; no arbitrary rephasing
316d218800938590,robust,weak_increasing_centering,finite_RF_static_Bloch,,0.003266345943672606,0.1515152963129878,1.0392269176872688,179.09314398410325,340.19534915585575,includes physical relaxation and prescribed receiver/RF phase; no arbitrary rephasing
33b19af4bbdc52d7,robust,weak_increasing_centering,finite_RF_static_Bloch,,0.04741953694758664,0.27232650471059455,0.625203153384658,5.589473467597984,5.917733140504648,includes physical relaxation and prescribed receiver/RF phase; no arbitrary rephasing
34f2d2396c8a46ef,robust,high_low_permutation_alternating,finite_RF_static_Bloch,,0.054965562995022414,0.2503649365620335,0.594866988248212,2.5000873151983862,3.1843414992256847,includes physical relaxation and prescribed receiver/RF phase; no arbitrary rephasing
377af02db999baf3,robust,original,finite_RF_static_Bloch,,0.05487865646470491,0.2712780299478925,0.5531099721613018,85.58318668920309,85.58318668920309,includes physical relaxation and prescribed receiver/RF phase; no arbitrary rephasing
37d2f50b7a49894f,robust,increasing_centering,finite_RF_static_Bloch,,0.02112260298554961,0.1599832205306529,0.735806612398807,177.8819246556263,177.8819246556263,includes physical relaxation and prescribed receiver/RF phase; no arbitrary rephasing
3d788b9bc09e66b9,robust,original,finite_RF_static_Bloch,,0.07039205354452457,0.2739454106026763,0.41907018879705105,9.888182428983592,9.888182428983592,includes physical relaxation and prescribed receiver/RF phase; no arbitrary rephasing
3f1dd72fbbd86d16,robust,high_low_permutation_alternating,finite_RF_static_Bloch,,0.015873517141722193,0.15681063665146883,0.8474618668605952,179.36665597881654,374.9864150847414,includes physical relaxation and prescribed receiver/RF phase; no arbitrary rephasing
43d01c3b215ae78a,robust,original,finite_RF_static_Bloch,,0.055546419010088346,0.30670784173843696,0.6110110871968344,80.28165365994839,80.28165365994839,includes physical relaxation and prescribed receiver/RF phase; no arbitrary rephasing
46efd5428948ab54,robust,increasing_alternating_centering,finite_RF_static_Bloch,,0.004768896357374749,0.15017055119591924,0.9006917951602906,20.220060973011062,20.220060973011062,includes physical relaxation and prescribed receiver/RF phase; no arbitrary rephasing
4a34962eb193d9a5,robust,weak_increasing_centering,finite_RF_static_Bloch,,0.05465334844511881,0.30234939877894174,0.5835191223312909,96.05472181223928,98.19252536893282,includes physical relaxation and prescribed receiver/RF phase; no arbitrary rephasing
4bece982c06e39f5,robust,increasing_alternating_centering,finite_RF_static_Bloch,,0.04296321998265882,0.2910134879142601,0.6540958531864646,3.6510507207858574,6.321788009866778,includes physical relaxation and prescribed receiver/RF phase; no arbitrary rephasing
4cb8e19edcf6af26,robust,increasing_centering,finite_RF_static_Bloch,,0.05257074267326622,0.24805902664203094,0.5071917100469385,179.5366322686613,535.8610195274056,includes physical relaxation and prescribed receiver/RF phase; no arbitrary rephasing
4e0760da9227d287,robust,original,finite_RF_static_Bloch,,0.005439618012861828,0.1624705419504241,1.347887340602401,178.30451972914412,356.3571058725201,includes physical relaxation and prescribed receiver/RF phase; no arbitrary rephasing
5182ffcda959ccfb,robust,high_low_permutation_alternating,finite_RF_static_Bloch,,0.021922970379593867,0.15129893377210363,0.7262282261931875,102.49611220800152,102.49611220800152,includes physical relaxation and prescribed receiver/RF phase; no arbitrary rephasing
51f7767df3611085,robust,increasing_centering,finite_RF_static_Bloch,,0.053947496934529944,0.28623920575676287,0.5578100006873251,87.91773238695001,88.02959638094194,includes physical relaxation and prescribed receiver/RF phase; no arbitrary rephasing
564ca61106612b71,robust,increasing_alternating_centering,finite_RF_static_Bloch,,0.02381942268475027,0.27232650471059455,0.8081224164893277,5.538386165706852,6.747281530040607,includes physical relaxation and prescribed receiver/RF phase; no arbitrary rephasing
5680aaece90e0908,robust,increasing_centering,finite_RF_static_Bloch,,0.044260469423126544,0.2737416166959955,0.6874419361582002,177.69222461005853,179.06584155090906,includes physical relaxation and prescribed receiver/RF phase; no arbitrary rephasing
577594307542be4a,robust,high_low_permutation_alternating,finite_RF_static_Bloch,,0.018112500533911644,0.1624705419504241,0.8275876160526537,179.71683348912524,383.06879121669687,includes physical relaxation and prescribed receiver/RF phase; no arbitrary rephasing
5792fb33b4617ee3,robust,original,finite_RF_static_Bloch,,0.04656445147312382,0.2444294519154542,0.5376567940920716,87.8812529430183,87.8812529430183,includes physical relaxation and prescribed receiver/RF phase; no arbitrary rephasing
57ad116e80142a94,robust,increasing_centering,finite_RF_static_Bloch,,0.05047522324357484,0.30300832457061405,0.5895986930763225,89.98347926876552,91.71231598990676,includes physical relaxation and prescribed receiver/RF phase; no arbitrary rephasing
5896d77e5078a315,robust,increasing_alternating_centering,finite_RF_static_Bloch,,0.031170458407442383,0.24805902664203094,0.6639221235970539,179.17150664307937,536.9153680883283,includes physical relaxation and prescribed receiver/RF phase; no arbitrary rephasing
5958e871ec05608e,robust,weak_increasing_centering,finite_RF_static_Bloch,,0.054741935332978275,0.30300832457061405,0.5839229572799352,96.15769586301468,98.2835133407507,includes physical relaxation and prescribed receiver/RF phase; no arbitrary rephasing
5e81ac534de0e483,robust,increasing_centering,finite_RF_static_Bloch,,0.022946032941697666,0.1594099626782847,0.7407409736167642,173.763494455235,173.763494455235,includes physical relaxation and prescribed receiver/RF phase; no arbitrary rephasing
5f71bec02a8ce259,robust,high_low_permutation_alternating,finite_RF_static_Bloch,,0.05925862857986773,0.2739454106026763,0.570148374110044,3.988872747207494,4.4415445117835,includes physical relaxation and prescribed receiver/RF phase; no arbitrary rephasing
60bfba00f3bd6c45,robust,increasing_alternating_centering,finite_RF_static_Bloch,,0.010476364538760288,0.15533182164648082,0.8883471304845233,178.17421871882024,180.75916186337355,includes physical relaxation and prescribed receiver/RF phase; no arbitrary rephasing
63621657d48823a6,robust,high_low_permutation_alternating,finite_RF_static_Bloch,,0.056699436679568394,0.2697870344096004,0.5643123380475096,179.7067612423473,359.50721522479483,includes physical relaxation and prescribed receiver/RF phase; no arbitrary rephasing
671a0f123d072f89,robust,original,finite_RF_static_Bloch,,0.002305755417856518,0.15222478837878894,1.352761740115276,178.53117467748774,694.7881189269661,includes physical relaxation and prescribed receiver/RF phase; no arbitrary rephasing
67d6c0ec2221a3cd,robust,increasing_alternating_centering,finite_RF_static_Bloch,,0.032852346214220014,0.24850106405226652,0.6531992713817376,6.741188232826096,6.741188232826096,includes physical relaxation and prescribed receiver/RF phase; no arbitrary rephasing
69ffd47dde15c431,robust,increasing_alternating_centering,finite_RF_static_Bloch,,0.04192764924338294,0.30300832457061405,0.6404887061582076,102.91257487635991,104.27990318657719,includes physical relaxation and prescribed receiver/RF phase; no arbitrary rephasing
6a139fd687b68edb,robust,increasing_centering,finite_RF_static_Bloch,,0.049467428103902956,0.28980927590103794,0.5981123028929353,94.46649443202091,94.46649443202091,includes physical relaxation and prescribed receiver/RF phase; no arbitrary rephasing
708112379c34ed1e,robust,increasing_centering,finite_RF_static_Bloch,,0.04471617417818943,0.2715281439884361,0.6733138851580086,175.2775433831461,175.87596410332463,includes physical relaxation and prescribed receiver/RF phase; no arbitrary rephasing
72e02a579dd7550f,robust,weak_increasing_centering,finite_RF_static_Bloch,,0.049904096433645614,0.29079164795022977,0.5875879166693975,103.17632074745985,103.17632074745985,includes physical relaxation and prescribed receiver/RF phase; no arbitrary rephasing
75a0fe28643287ab,robust,high_low_permutation_alternating,finite_RF_static_Bloch,,0.05662205606423423,0.30670784173843696,0.5977871500519026,88.11656374531725,88.8827684546351,includes physical relaxation and prescribed receiver/RF phase; no arbitrary rephasing
761518a6cfca331f,robust,increasing_alternating_centering,finite_RF_static_Bloch,,0.0414503894868992,0.29079164795022977,0.6407662841497025,102.32831567913784,102.32831567913784,includes physical relaxation and prescribed receiver/RF phase; no arbitrary rephasing
7c2e398f2f1cd2cf,robust,original,finite_RF_static_Bloch,,0.0023055979663868837,0.24356914769021976,1.0129003575038538,179.7299307121352,719.3158470053128,includes physical relaxation and prescribed receiver/RF phase; no arbitrary rephasing
7c47226dce4bd5b6,robust,weak_increasing_centering,finite_RF_static_Bloch,,0.04976157448336059,0.2662803722160658,0.6357269632907365,179.97329744149312,538.712921864074,includes physical relaxation and prescribed receiver/RF phase; no arbitrary rephasing
7c4919e0caa17c88,robust,increasing_alternating_centering,finite_RF_static_Bloch,,0.04194129343870041,0.28623920575676287,0.6451577882756491,93.67498423315632,94.83244083330877,includes physical relaxation and prescribed receiver/RF phase; no arbitrary rephasing
7e55c628009ccbcb,robust,increasing_alternating_centering,finite_RF_static_Bloch,,0.02623216139969452,0.2737416166959955,0.7923544639993118,179.57063661975693,179.57063661975693,includes physical relaxation and prescribed receiver/RF phase; no arbitrary rephasing
803a21beeef395b0,robust,original,finite_RF_static_Bloch,,0.005523451207374798,0.2697870344096004,0.9802707658678743,179.76126912609567,181.31576737851216,includes physical relaxation and prescribed receiver/RF phase; no arbitrary rephasing
827e842db405a273,robust,increasing_centering,finite_RF_static_Bloch,,0.015192847740598073,0.146129492947424,0.7875194622031572,109.27802259512653,109.27802259512653,includes physical relaxation and prescribed receiver/RF phase; no arbitrary rephasing
846955baaa4feea8,robust,high_low_permutation_alternating,finite_RF_static_Bloch,,0.0200427118006322,0.15527873242066442,0.7906314194267071,25.819052186343473,25.819052186343473,includes physical relaxation and prescribed receiver/RF phase; no arbitrary rephasing
84dfc827946d9e17,robust,increasing_alternating_centering,finite_RF_static_Bloch,,0.016742024469916576,0.1594099626782847,0.8310349245719733,174.13851728791954,175.34172011294854,includes physical relaxation and prescribed receiver/RF phase; no arbitrary rephasing
85daa6b60699f277,robust,weak_increasing_centering,finite_RF_static_Bloch,,0.0497172553740075,0.2737416166959955,0.6264686403797254,179.5068736140806,539.4424650670346,includes physical relaxation and prescribed receiver/RF phase; no arbitrary rephasing
8a76a5c7dc8bccae,robust,high_low_permutation_alternating,finite_RF_static_Bloch,,0.05425014365461635,0.2728145502758394,0.5652425900208213,91.80455850772854,91.80455850772854,includes physical relaxation and prescribed receiver/RF phase; no arbitrary rephasing
8bf29922f148f04b,robust,weak_increasing_centering,finite_RF_static_Bloch,,0.015501450997501096,0.146129492947424,0.7195383870856713,99.78619842992731,99.78619842992731,includes physical relaxation and prescribed receiver/RF phase; no arbitrary rephasing
8fdafae68192d390,robust,weak_increasing_centering,finite_RF_static_Bloch,,0.049674235239534986,0.28980927590103794,0.5991269805454459,102.02183692542208,102.02183692542208,includes physical relaxation and prescribed receiver/RF phase; no arbitrary rephasing
9030401a675718a8,robust,original,finite_RF_static_Bloch,,0.0583686911299021,0.2700538591013667,0.5512630852030985,84.96183324711791,84.96183324711791,includes physical relaxation and prescribed receiver/RF phase; no arbitrary rephasing
973f2c98ecce835d,robust,increasing_centering,finite_RF_static_Bloch,,0.023275252128147784,0.15017055119591924,0.7315135602633744,46.97074152260389,46.97074152260389,includes physical relaxation and prescribed receiver/RF phase; no arbitrary rephasing
98e2f780a1c313bd,robust,original,finite_RF_static_Bloch,,0.05397147887234581,0.2728145502758394,0.5678627766517039,86.94129248139382,86.94129248139382,includes physical relaxation and prescribed receiver/RF phase; no arbitrary rephasing
9927807cdf429a83,robust,original,finite_RF_static_Bloch,,0.0020445216739907674,0.24827262847777787,1.0844798119660666,178.89544334442388,352.89755319126596,includes physical relaxation and prescribed receiver/RF phase; no arbitrary rephasing
9a01fd9cdd4a0831,robust,high_low_permutation_alternating,finite_RF_static_Bloch,,0.05661189036639655,0.3062210763014672,0.5970940480425466,88.12956271125606,88.90289657697046,includes physical relaxation and prescribed receiver/RF phase; no arbitrary rephasing
9c10c8178d5a0116,robust,high_low_permutation_alternating,finite_RF_static_Bloch,,0.05359759143808358,0.2441917467263025,0.5143215706586904,179.9448499578551,359.0994460772477,includes physical relaxation and prescribed receiver/RF phase; no arbitrary rephasing
9c1547a388fd363a,robust,increasing_centering,finite_RF_static_Bloch,,0.05647113917624298,0.2910134879142601,0.5262543899907431,8.514211783420135,8.514211783420135,includes physical relaxation and prescribed receiver/RF phase; no arbitrary rephasing
a076772ebd436a62,robust,increasing_alternating_centering,finite_RF_static_Bloch,,0.023429292154514225,0.2669007094002188,0.8003029121277944,91.43602674626045,91.43602674626045,includes physical relaxation and prescribed receiver/RF phase; no arbitrary rephasing
a3478d66ae70fdf0,robust,high_low_permutation_alternating,finite_RF_static_Bloch,,0.05425055040695982,0.2700538591013667,0.5589939484872962,90.73443174590275,90.73443174590275,includes physical relaxation and prescribed receiver/RF phase; no arbitrary rephasing
a3e9d8979e6123ce,robust,original,finite_RF_static_Bloch,,0.036198424147532965,0.15527873242066442,0.46379042664203024,10.752229363535916,21.042087796068355,includes physical relaxation and prescribed receiver/RF phase; no arbitrary rephasing
ad252c63551b7a6c,robust,high_low_permutation_alternating,finite_RF_static_Bloch,,0.053469340735853986,0.24829886550749572,0.6102540546472052,179.88678981297846,357.24046676592485,includes physical relaxation and prescribed receiver/RF phase; no arbitrary rephasing
af7c188f07f9a81c,robust,increasing_alternating_centering,finite_RF_static_Bloch,,0.04194864732519651,0.28980927590103794,0.6264438945079052,100.82537509136539,100.82537509136539,includes physical relaxation and prescribed receiver/RF phase; no arbitrary rephasing
b1dba3248485f318,robust,high_low_permutation_alternating,finite_RF_static_Bloch,,0.056612297740036815,0.30618325762626303,0.5970525348438399,88.12850789177794,88.9054091903807,includes physical relaxation and prescribed receiver/RF phase; no arbitrary rephasing
b41303d82021f079,robust,original,finite_RF_static_Bloch,,0.025011343474196198,0.15129893377210363,0.6218290505815527,98.3559750076059,98.3559750076059,includes physical relaxation and prescribed receiver/RF phase; no arbitrary rephasing
b6d4b8123b9c4eb8,robust,original,finite_RF_static_Bloch,,0.0664446701811279,0.2503649365620335,0.4166881364553662,4.094405348761408,8.227363276602588,includes physical relaxation and prescribed receiver/RF phase; no arbitrary rephasing
b79bd8d4ebef5c0f,robust,increasing_alternating_centering,finite_RF_static_Bloch,,0.023676397037097164,0.2715281439884361,0.7824678494487078,178.60327913542724,179.2925101296687,includes physical relaxation and prescribed receiver/RF phase; no arbitrary rephasing
b89099eabda476a0,robust,high_low_permutation_alternating,finite_RF_static_Bloch,,0.02136771169375641,0.15423932722514716,0.7404998471582689,179.17955136297468,357.0530876292802,includes physical relaxation and prescribed receiver/RF phase; no arbitrary rephasing
b8f86b53395cbf58,robust,original,finite_RF_static_Bloch,,0.005752330626009515,0.25270217456302396,1.0486811747485318,179.05007898775892,359.80777487507,includes physical relaxation and prescribed receiver/RF phase; no arbitrary rephasing
b91103c83f401be0,robust,high_low_permutation_alternating,finite_RF_static_Bloch,,0.05622884108208467,0.25270217456302396,0.6029073021354571,179.6269183468966,360.7035261593059,includes physical relaxation and prescribed receiver/RF phase; no arbitrary rephasing
b9297ec752b63994,robust,original,finite_RF_static_Bloch,,0.0011126382786846487,0.2441917467263025,1.0246184442331896,179.66758057727262,531.354032032084,includes physical relaxation and prescribed receiver/RF phase; no arbitrary rephasing
bc7fe43f4aecf85c,robust,increasing_alternating_centering,finite_RF_static_Bloch,,0.03186756925431273,0.24472905082739174,0.6495455608067354,95.58695921727437,95.58695921727437,includes physical relaxation and prescribed receiver/RF phase; no arbitrary rephasing
bd9b875040998a50,robust,increasing_centering,finite_RF_static_Bloch,,0.040810092149246614,0.24850106405226652,0.6577549178833512,3.436990098109167,5.604854142919691,includes physical relaxation and prescribed receiver/RF phase; no arbitrary rephasing
be2426cefb021d13,robust,original,finite_RF_static_Bloch,,0.043865579866532854,0.24199317414973445,0.5671721960681579,91.32312295296622,91.32312295296622,includes physical relaxation and prescribed receiver/RF phase; no arbitrary rephasing
c2c21fa8f73e30f1,robust,high_low_permutation_alternating,finite_RF_static_Bloch,,0.05827655440725258,0.24356914769021976,0.5696220217763872,179.9201947760443,358.91687664196934,includes physical relaxation and prescribed receiver/RF phase; no arbitrary rephasing
c3f20747f74e7adb,robust,high_low_permutation_alternating,finite_RF_static_Bloch,,0.05869532443954012,0.26916949258986583,0.5593880703532305,92.93530601718865,92.93530601718865,includes physical relaxation and prescribed receiver/RF phase; no arbitrary rephasing
c44c3f71b1263d34,robust,original,finite_RF_static_Bloch,,0.0059277097550921665,0.24829886550749572,1.0385420716736964,179.69037701214629,360.67595124262107,includes physical relaxation and prescribed receiver/RF phase; no arbitrary rephasing
c978f723c1fbc4c6,robust,weak_increasing_centering,finite_RF_static_Bloch,,0.051135407308625,0.2715281439884361,0.6307098543646785,179.52159527115987,536.0385461242375,includes physical relaxation and prescribed receiver/RF phase; no arbitrary rephasing
cb0511a347233c93,robust,weak_increasing_centering,finite_RF_static_Bloch,,0.05216758399345766,0.29023691820886044,0.5895526198646108,103.66546725391495,103.66546725391495,includes physical relaxation and prescribed receiver/RF phase; no arbitrary rephasing
cb5afc26acde2db9,robust,weak_increasing_centering,finite_RF_static_Bloch,,0.0563409295785617,0.24472905082739174,0.48954961005126907,102.07322000909893,102.31200052360866,includes physical relaxation and prescribed receiver/RF phase; no arbitrary rephasing
cfc8a03494ec45b0,robust,high_low_permutation_alternating,finite_RF_static_Bloch,,0.05676693646740925,0.2712780299478925,0.5659937116650664,92.74114110190634,92.74114110190634,includes physical relaxation and prescribed receiver/RF phase; no arbitrary rephasing
d034cfd7e99de3be,robust,weak_increasing_centering,finite_RF_static_Bloch,,0.04695763421877201,0.2669007094002188,0.6387860582273979,96.1143188758981,96.1143188758981,includes physical relaxation and prescribed receiver/RF phase; no arbitrary rephasing
d06bb6aa8874a00a,robust,increasing_centering,finite_RF_static_Bloch,,0.04774326202290548,0.24472905082739174,0.5674652597787262,113.82457763351493,113.82457763351493,includes physical relaxation and prescribed receiver/RF phase; no arbitrary rephasing
d1b09e7b5fd50c44,robust,original,finite_RF_static_Bloch,,0.05547987283477511,0.3062210763014672,0.6108467040972029,80.25819598513189,80.25819598513189,includes physical relaxation and prescribed receiver/RF phase; no arbitrary rephasing
d81d1c151b45b52a,robust,weak_increasing_centering,finite_RF_static_Bloch,,0.05222800055410143,0.2910134879142601,0.5825644598613113,7.7662983053305705,9.037659583164093,includes physical relaxation and prescribed receiver/RF phase; no arbitrary rephasing
dc418042f6b73c7e,robust,increasing_alternating_centering,finite_RF_static_Bloch,,0.023125191580900817,0.27307489239635924,0.7762393083939557,177.98547753805266,177.98547753805266,includes physical relaxation and prescribed receiver/RF phase; no arbitrary rephasing
dd9f9c4d53837e3b,robust,high_low_permutation_alternating,finite_RF_static_Bloch,,0.017200827099149232,0.15222478837878894,0.8117114509936307,179.03104664291894,506.80678412933446,includes physical relaxation and prescribed receiver/RF phase; no arbitrary rephasing
e7c0070390aa6324,robust,weak_increasing_centering,finite_RF_static_Bloch,,0.015397921610668299,0.1599832205306529,0.8880117266718242,179.34797397119846,531.2188788191813,includes physical relaxation and prescribed receiver/RF phase; no arbitrary rephasing
e8da4c2583ba0230,robust,increasing_centering,finite_RF_static_Bloch,,0.0426202937917078,0.27232650471059455,0.6285936857185179,9.134471450556841,9.134471450556841,includes physical relaxation and prescribed receiver/RF phase; no arbitrary rephasing
e92d08ae64d4ef28,robust,increasing_alternating_centering,finite_RF_static_Bloch,,0.012357473173975847,0.1599832205306529,0.8972681021940894,179.79733612195295,354.07075808653826,includes physical relaxation and prescribed receiver/RF phase; no arbitrary rephasing
ea893ee7f24b7068,robust,weak_increasing_centering,finite_RF_static_Bloch,,0.013804036583218911,0.1594099626782847,0.9337488019674471,173.763494455235,173.763494455235,includes physical relaxation and prescribed receiver/RF phase; no arbitrary rephasing
ec502e0012f55b9c,robust,increasing_alternating_centering,finite_RF_static_Bloch,,0.007121790826326062,0.146129492947424,0.8674096849971559,91.88855944178435,102.54695380672892,includes physical relaxation and prescribed receiver/RF phase; no arbitrary rephasing
ec65a61c54650880,robust,high_low_permutation_alternating,finite_RF_static_Bloch,,0.05395533602764017,0.24199317414973445,0.5148554958579563,92.31252220010374,92.7612222975936,includes physical relaxation and prescribed receiver/RF phase; no arbitrary rephasing
ee323da8bd4bb9b7,robust,increasing_centering,finite_RF_static_Bloch,,0.04378778996889499,0.2669007094002188,0.6402068813448407,99.35025081487412,99.35025081487412,includes physical relaxation and prescribed receiver/RF phase; no arbitrary rephasing
f6cc601054e3b8d0,robust,weak_increasing_centering,finite_RF_static_Bloch,,0.016636503496086866,0.15533182164648082,0.9387113338473563,179.0552340890047,351.63213418536645,includes physical relaxation and prescribed receiver/RF phase; no arbitrary rephasing
f740f75e78044cfd,robust,increasing_alternating_centering,finite_RF_static_Bloch,,0.03989874883405747,0.29023691820886044,0.6247699446489785,102.23890817776113,102.23890817776113,includes physical relaxation and prescribed receiver/RF phase; no arbitrary rephasing
f9f3ddf368d50070,robust,high_low_permutation_alternating,finite_RF_static_Bloch,,0.05255669348077866,0.2455084451217991,0.525013998217622,3.7354407246474834,3.7354407246474834,includes physical relaxation and prescribed receiver/RF phase; no arbitrary rephasing
fd2a13e4712949fe,robust,original,finite_RF_static_Bloch,,0.06270890884743201,0.2455084451217991,0.4266491654008215,7.448959127417996,7.448959127417996,includes physical relaxation and prescribed receiver/RF phase; no arbitrary rephasing
fef348a7eb8ead39,robust,original,finite_RF_static_Bloch,,0.005396741694838597,0.15423932722514716,1.3413512078163232,179.66730978633112,526.8088352669273,includes physical relaxation and prescribed receiver/RF phase; no arbitrary rephasing
ff6c094bf417d2f3,robust,increasing_centering,finite_RF_static_Bloch,,0.05053466897777775,0.30234939877894174,0.588393602858945,89.99892256382599,91.68869121786419,includes physical relaxation and prescribed receiver/RF phase; no arbitrary rephasing
036d4840fda05d1f,screen,inc_alt_center_rf180,finite_RF_static_Bloch,,0.03955993949767666,0.2910134879142601,0.6506971504159914,5.644006127495657,5.644006127495657,includes physical relaxation and prescribed receiver/RF phase; no arbitrary rephasing
04ba1e3829b32460,screen,increasing_centering_taper,finite_RF_static_Bloch,,0.05230835238823657,0.24805902664203094,0.5134221183340498,179.8531366395039,536.4738681603995,includes physical relaxation and prescribed receiver/RF phase; no arbitrary rephasing
052aa14fae9e0aeb,screen,weak_increasing_centering,finite_RF_static_Bloch,,0.05138711546421933,0.28711333277371676,0.5907112960545658,179.4311511980886,356.25086322510964,includes physical relaxation and prescribed receiver/RF phase; no arbitrary rephasing
05e756070b2230da,screen,weak_increasing_centering,finite_RF_static_Bloch,,0.05287679173406888,0.24850106405226652,0.5442518577907133,5.678190603791128,9.79648293079426,includes physical relaxation and prescribed receiver/RF phase; no arbitrary rephasing
0912ca8532113ebf,screen,irregular_energy_matched,finite_RF_static_Bloch,,0.035762619058769776,0.2697870344096004,0.6620009428106717,179.99371356185148,357.4314920799453,includes physical relaxation and prescribed receiver/RF phase; no arbitrary rephasing
0a34b85a55c50e44,screen,centering,finite_RF_static_Bloch,,0.00544573276868409,0.28711333277371676,0.9966345731558932,179.4311511980886,179.4311511980886,includes physical relaxation and prescribed receiver/RF phase; no arbitrary rephasing
0c190f8ba5955f1f,screen,centering,finite_RF_static_Bloch,,0.0029913229418244,0.24805902664203094,1.0259770686872725,179.1611361499336,357.1409982446981,includes physical relaxation and prescribed receiver/RF phase; no arbitrary rephasing
0c90f69cb127a138,screen,quadratic,finite_RF_static_Bloch,,0.04243676529681009,0.2739454106026763,0.592092880259795,13.12563557548856,13.12563557548856,includes physical relaxation and prescribed receiver/RF phase; no arbitrary rephasing
12de29f69db36755,screen,high_low_alternating,finite_RF_static_Bloch,,0.039293342450811695,0.2455084451217991,0.6278051471064048,3.943628907198356,4.608390462133108,includes physical relaxation and prescribed receiver/RF phase; no arbitrary rephasing
15a1611ba38028bc,screen,original,finite_RF_static_Bloch,,0.005523451207374798,0.2697870344096004,0.9802707658678743,179.76126912609567,181.31576737851216,includes physical relaxation and prescribed receiver/RF phase; no arbitrary rephasing
164e0755158b5673,screen,increasing_rf180,finite_RF_static_Bloch,,0.05542609153270222,0.2697870344096004,0.5252865200289393,179.9893367085624,539.2917108384448,includes physical relaxation and prescribed receiver/RF phase; no arbitrary rephasing
16968c301fe79a5d,screen,inc_alt_center_flip160,finite_RF_static_Bloch,,0.04451092600843217,0.2762044623683543,0.5987008385616318,179.8180011347271,358.44630358710384,includes physical relaxation and prescribed receiver/RF phase; no arbitrary rephasing
18713abca84c9910,screen,high_low_energy_matched,finite_RF_static_Bloch,,0.015616885585754034,0.2739454106026763,0.8165789762508969,15.072012406389339,15.832303780429514,includes physical relaxation and prescribed receiver/RF phase; no arbitrary rephasing
19253ead19fdf8ab,screen,original_duration500,finite_RF_static_Bloch,,0.06270918639953113,0.2455084451217991,0.4266315917272959,7.437179559582095,7.437179559582095,includes physical relaxation and prescribed receiver/RF phase; no arbitrary rephasing
1967d73eb162590c,screen,increasing_alternating,finite_RF_static_Bloch,,0.030908570166980533,0.2441917467263025,0.6570367642749235,179.04755372945272,359.87872327223243,includes physical relaxation and prescribed receiver/RF phase; no arbitrary rephasing
1e661de1f40790c7,screen,increasing,finite_RF_static_Bloch,,0.054600352331501664,0.2441917467263025,0.5037287152014932,179.8803335344007,538.0750574813131,includes physical relaxation and prescribed receiver/RF phase; no arbitrary rephasing
1f2d04fa744f39bb,screen,high_low_permutation_alternating_centering,finite_RF_static_Bloch,,0.058430080755530404,0.2910134879142601,0.5766111475028624,2.7603300033614526,3.564887938320925,includes physical relaxation and prescribed receiver/RF phase; no arbitrary rephasing
1f687b1df339bc90,screen,increasing_centering_taper,finite_RF_static_Bloch,,0.04419668136835971,0.24850106405226652,0.5900007910274964,3.049104815142115,3.580721956462658,includes physical relaxation and prescribed receiver/RF phase; no arbitrary rephasing
211094a693823f7e,screen,geometric,finite_RF_static_Bloch,,0.028140679619464683,0.2455084451217991,0.7654348926203473,24.35108656870972,24.35108656870972,includes physical relaxation and prescribed receiver/RF phase; no arbitrary rephasing
22953ba244f6024c,screen,original_duration500,finite_RF_static_Bloch,,0.0011000258805416044,0.2441917467263025,1.0247694057031487,179.65829018998267,531.3036852009698,includes physical relaxation and prescribed receiver/RF phase; no arbitrary rephasing
237c83a78de6e165,screen,inc_alt_center_flip_train,finite_RF_static_Bloch,,0.025405538775175856,0.2910134879142601,0.8169954968773658,4.170256671903285,5.535807533645052,includes physical relaxation and prescribed receiver/RF phase; no arbitrary rephasing
281aba876b481dda,screen,increasing_rf90_exploratory,finite_RF_static_Bloch,,0.05006412313053582,0.2441917467263025,0.5484070611257793,179.11886624629247,538.0766995748683,includes physical relaxation and prescribed receiver/RF phase; no arbitrary rephasing
2c32a9606c49c7c2,screen,increasing_taper,finite_RF_static_Bloch,,0.05509823518744957,0.2697870344096004,0.6037956319763118,179.94712033290023,360.87282617182274,includes physical relaxation and prescribed receiver/RF phase; no arbitrary rephasing
2c69b9275ca254f9,screen,high_low_permutation,finite_RF_static_Bloch,,0.044715606193304565,0.2441917467263025,0.5499234851021514,179.13937873338213,535.5183668690232,includes physical relaxation and prescribed receiver/RF phase; no arbitrary rephasing
2d09c95dc345095d,screen,original_rf180,finite_RF_static_Bloch,,0.07087301911558647,0.2697870344096004,0.4144849524218288,179.9893367085624,180.90873507562424,includes physical relaxation and prescribed receiver/RF phase; no arbitrary rephasing
2e8fc77973fca728,screen,weak_increasing_alternating_centering,finite_RF_static_Bloch,,0.04069886237451584,0.24805902664203094,0.5702228301973586,178.54175464727993,357.3065057504424,includes physical relaxation and prescribed receiver/RF phase; no arbitrary rephasing
2f6eb6a6a52c51b8,screen,ramp_modulated,finite_RF_static_Bloch,,0.01615035114346206,0.2697870344096004,0.9091471661912548,179.76126912609567,360.6125059739151,includes physical relaxation and prescribed receiver/RF phase; no arbitrary rephasing
32be4dd45ec7bb24,screen,inc_alt_center_duration500,finite_RF_static_Bloch,,0.031169650692508984,0.24805902664203094,0.6638995918260626,179.173720166134,536.9278042969202,includes physical relaxation and prescribed receiver/RF phase; no arbitrary rephasing
32da8f98a745f3be,screen,high_low,finite_RF_static_Bloch,,0.031565456533913946,0.2441917467263025,0.6764883251186714,179.09552371366817,536.0918881733579,includes physical relaxation and prescribed receiver/RF phase; no arbitrary rephasing
3425e473412f3517,screen,alternating,finite_RF_static_Bloch,,0.019423285535743032,0.2697870344096004,0.7797861972292657,179.80957435699426,1073.2325831520582,includes physical relaxation and prescribed receiver/RF phase; no arbitrary rephasing
34549c80e9bd47d5,screen,original_flip160,finite_RF_static_Bloch,,0.07044331697124326,0.27366291093367845,0.4200816174100752,11.751935410829995,11.751935410829995,includes physical relaxation and prescribed receiver/RF phase; no arbitrary rephasing
348b0e0da4f7606b,screen,increasing_centering_rf90_exploratory,finite_RF_static_Bloch,,0.0482113665470665,0.24805902664203094,0.5537195420478577,179.3666979946454,360.2090075201959,includes physical relaxation and prescribed receiver/RF phase; no arbitrary rephasing
34ff6268931f0388,screen,increasing_alternating_centering,finite_RF_static_Bloch,,0.04287985682580943,0.28711333277371676,0.6325983785381021,179.68550313185924,539.3459881649424,includes physical relaxation and prescribed receiver/RF phase; no arbitrary rephasing
37fbdbac837887c0,screen,original_taper,finite_RF_static_Bloch,,0.0095626599746914,0.2441917467263025,0.8621888841944186,179.68810035141442,536.4270872434215,includes physical relaxation and prescribed receiver/RF phase; no arbitrary rephasing
38af166ad1dc3db3,screen,increasing_centering_rf180,finite_RF_static_Bloch,,0.04420242887422485,0.24850106405226652,0.5239275621558717,10.179549941863167,10.566883637966175,includes physical relaxation and prescribed receiver/RF phase; no arbitrary rephasing
3a91cb7d502c00e8,screen,increasing_alternating_centering,finite_RF_static_Bloch,,0.031170458407442383,0.24805902664203094,0.6639221235970539,179.17150664307937,536.9153680883283,includes physical relaxation and prescribed receiver/RF phase; no arbitrary rephasing
3e15790858d7e7e3,screen,increasing_rf180,finite_RF_static_Bloch,,0.050762404343804926,0.2739454106026763,0.5855561602097429,5.243022985008505,5.243022985008505,includes physical relaxation and prescribed receiver/RF phase; no arbitrary rephasing
4252140040a8b81f,screen,weak_increasing_centering,finite_RF_static_Bloch,,0.05952690005731254,0.24805902664203094,0.4550481420296319,179.29003536527088,358.2446134399147,includes physical relaxation and prescribed receiver/RF phase; no arbitrary rephasing
46a474a976810f3b,screen,increasing_centering_rf90_exploratory,finite_RF_static_Bloch,,0.04812874750376246,0.24850106405226652,0.5393037435025549,176.25548389861424,715.8568523225956,includes physical relaxation and prescribed receiver/RF phase; no arbitrary rephasing
47d33b04b613fe77,screen,alternating_centering,finite_RF_static_Bloch,,0.03193071259251432,0.24805902664203094,0.6723502549043768,179.4918182360782,715.004976016218,includes physical relaxation and prescribed receiver/RF phase; no arbitrary rephasing
48508a08958548a4,screen,high_low_alternating,finite_RF_static_Bloch,,0.03273660492355877,0.2441917467263025,0.6594164901979277,178.93104600261262,356.3811905719471,includes physical relaxation and prescribed receiver/RF phase; no arbitrary rephasing
4b96caaf7079f39a,screen,weak_increasing_alternating_centering,finite_RF_static_Bloch,,0.03758398750946422,0.2910134879142601,0.6737496287009236,5.531835978410554,6.9175673551748185,includes physical relaxation and prescribed receiver/RF phase; no arbitrary rephasing
4bf87be470a0a229,screen,increasing_alternating,finite_RF_static_Bloch,,0.034632568228558085,0.2455084451217991,0.6482611267522979,4.726771552431806,5.001561531437809,includes physical relaxation and prescribed receiver/RF phase; no arbitrary rephasing
4db29dbce7f63956,screen,irregular_energy_matched,finite_RF_static_Bloch,,0.031814639328799375,0.2739454106026763,0.6451449964537685,11.66024547114488,15.578429841137043,includes physical relaxation and prescribed receiver/RF phase; no arbitrary rephasing
4de0a59ff3d72511,screen,quadratic,finite_RF_static_Bloch,,0.03661451739779193,0.2441917467263025,0.629567679439298,178.49461395340734,179.60606557132843,includes physical relaxation and prescribed receiver/RF phase; no arbitrary rephasing
4ed0039038cbbd8c,screen,original_rf90_exploratory,finite_RF_static_Bloch,,0.04051060925845285,0.2441917467263025,0.5662485865518369,177.69550022126296,181.97217306251784,includes physical relaxation and prescribed receiver/RF phase; no arbitrary rephasing
4f076f4417e9b1c0,screen,geometric,finite_RF_static_Bloch,,0.03594493210004347,0.2697870344096004,0.6355226454616055,179.82974706754536,358.2398297169272,includes physical relaxation and prescribed receiver/RF phase; no arbitrary rephasing
539980063af6d34b,screen,high_low_permutation_alternating,finite_RF_static_Bloch,,0.056699436679568394,0.2697870344096004,0.5643123380475096,179.7067612423473,359.50721522479483,includes physical relaxation and prescribed receiver/RF phase; no arbitrary rephasing
541347d7835f06ac,screen,original_rf90_exploratory,finite_RF_static_Bloch,,0.04583789490726841,0.2697870344096004,0.5349369317086776,177.78728151847739,184.5363749803901,includes physical relaxation and prescribed receiver/RF phase; no arbitrary rephasing
555284495d88267a,screen,centering,finite_RF_static_Bloch,,0.07424661943497134,0.2910134879142601,0.42709699665411377,9.486158490233162,9.486158490233162,includes physical relaxation and prescribed receiver/RF phase; no arbitrary rephasing
561448e7e9189f7d,screen,increasing,finite_RF_static_Bloch,,0.05139640556074329,0.2697870344096004,0.5947779004753962,179.93740771381482,361.2642418547454,includes physical relaxation and prescribed receiver/RF phase; no arbitrary rephasing
577ac6e7757ab072,screen,increasing_centering,finite_RF_static_Bloch,,0.05257074267326622,0.24805902664203094,0.5071917100469385,179.5366322686613,535.8610195274056,includes physical relaxation and prescribed receiver/RF phase; no arbitrary rephasing
58a80e8288b52304,screen,alternating,finite_RF_static_Bloch,,0.016564841854221527,0.2739454106026763,0.794409769303843,4.484287912690514,4.484287912690514,includes physical relaxation and prescribed receiver/RF phase; no arbitrary rephasing
58d5ca0b7a7c1f73,screen,inc_alt_center_flip160,finite_RF_static_Bloch,,0.027180706214809027,0.2851203855262372,0.7889617555638209,4.346938419467277,5.607825529089222,includes physical relaxation and prescribed receiver/RF phase; no arbitrary rephasing
58f00b0c0c315b9a,screen,high_low_permutation,finite_RF_static_Bloch,,0.041680818837185454,0.2455084451217991,0.5715920168647164,2.782863116185475,3.9242451053719183,includes physical relaxation and prescribed receiver/RF phase; no arbitrary rephasing
59661012cfce4dbb,screen,inc_alt_center_duration500,finite_RF_static_Bloch,,0.04297204069479771,0.2910134879142601,0.6540616323005904,3.649299322749487,6.313629772091264,includes physical relaxation and prescribed receiver/RF phase; no arbitrary rephasing
59b12a2e15342681,screen,increasing_centering_rf180,finite_RF_static_Bloch,,0.034724156830448744,0.24805902664203094,0.6896881369200489,179.9422057462834,540.422005373653,includes physical relaxation and prescribed receiver/RF phase; no arbitrary rephasing
5abb008f989ae444,screen,high_low_permutation_alternating_centering,finite_RF_static_Bloch,,0.052441986429601906,0.24850106405226652,0.5213417767817361,4.728022726217948,4.728022726217948,includes physical relaxation and prescribed receiver/RF phase; no arbitrary rephasing
5d11108e54bffa75,screen,high_low_permutation_alternating,finite_RF_static_Bloch,,0.05925862857986773,0.2739454106026763,0.570148374110044,3.988872747207494,4.4415445117835,includes physical relaxation and prescribed receiver/RF phase; no arbitrary rephasing
5d548da1bc187c8f,screen,original_rf180,finite_RF_static_Bloch,,0.0569585046037262,0.2441917467263025,0.45981086201773236,179.9235054836191,719.4601048638173,includes physical relaxation and prescribed receiver/RF phase; no arbitrary rephasing
5de6b5c247b17f58,screen,high_low_permutation,finite_RF_static_Bloch,,0.03994727390644371,0.2739454106026763,0.6525025358970613,3.8910560492704076,6.069102855650087,includes physical relaxation and prescribed receiver/RF phase; no arbitrary rephasing
60718de2b1e9479b,screen,original_rf90_exploratory,finite_RF_static_Bloch,,0.036403845733889904,0.2455084451217991,0.5838911513875557,177.53179399078317,179.98744567838523,includes physical relaxation and prescribed receiver/RF phase; no arbitrary rephasing
6194f7ad2ac5811b,screen,original_rf180,finite_RF_static_Bloch,,0.003878244310908255,0.2739454106026763,1.0003592291579553,130.1002988881807,202.28818690366228,includes physical relaxation and prescribed receiver/RF phase; no arbitrary rephasing
6308b46c203cf45b,screen,high_low_alternating,finite_RF_static_Bloch,,0.01773573495848715,0.2739454106026763,0.7817503501662517,7.930098403972029,9.051025510450481,includes physical relaxation and prescribed receiver/RF phase; no arbitrary rephasing
63789c87d9c38c3e,screen,increasing_rf180,finite_RF_static_Bloch,,0.042520444743878366,0.2455084451217991,0.5324038072176026,6.517858023569162,6.517858023569162,includes physical relaxation and prescribed receiver/RF phase; no arbitrary rephasing
637e86d85d28ed80,screen,alternating,finite_RF_static_Bloch,,0.03847042105746104,0.2455084451217991,0.6194279857828155,11.408992570181166,11.408992570181166,includes physical relaxation and prescribed receiver/RF phase; no arbitrary rephasing
64503299f0b89fd4,screen,alternating_centering,finite_RF_static_Bloch,,0.01474642507763138,0.28711333277371676,0.8202991468202167,179.26193223065192,713.3038132447626,includes physical relaxation and prescribed receiver/RF phase; no arbitrary rephasing
6461ed27785172a4,screen,irregular_seeded,finite_RF_static_Bloch,,0.03942323424518714,0.2441917467263025,0.5995128675119544,179.66589482150172,712.4368080208858,includes physical relaxation and prescribed receiver/RF phase; no arbitrary rephasing
64a1c824d5fa3f81,screen,high_low_permutation_alternating_centering,finite_RF_static_Bloch,,0.05398556397199043,0.24805902664203094,0.5207711179273077,179.83894677162678,357.5325661458145,includes physical relaxation and prescribed receiver/RF phase; no arbitrary rephasing
65bce12b3acca5fd,screen,geometric,finite_RF_static_Bloch,,0.041869645258055206,0.2441917467263025,0.5269688023580309,179.4335118535371,709.9298897920622,includes physical relaxation and prescribed receiver/RF phase; no arbitrary rephasing
66a5f7666bb751f9,screen,high_low_permutation,finite_RF_static_Bloch,,0.04173985432353923,0.2697870344096004,0.639569377851181,179.76126912609567,360.1977711870909,includes physical relaxation and prescribed receiver/RF phase; no arbitrary rephasing
6854b740cda8146f,screen,increasing_centering_taper,finite_RF_static_Bloch,,0.05168682838028272,0.28711333277371676,0.6126270586353243,179.4311511980886,352.5933443118471,includes physical relaxation and prescribed receiver/RF phase; no arbitrary rephasing
68d5420187ed535d,screen,increasing_rf180,finite_RF_static_Bloch,,0.038163853236104106,0.2441917467263025,0.6633654607327559,178.9722807555369,355.6306602711988,includes physical relaxation and prescribed receiver/RF phase; no arbitrary rephasing
6ae9c0265f2123b6,screen,high_low,finite_RF_static_Bloch,,0.016611580128531395,0.2739454106026763,0.7794929100168961,15.792284746107109,15.792284746107109,includes physical relaxation and prescribed receiver/RF phase; no arbitrary rephasing
6e2abd9270780b02,screen,high_low_energy_matched,finite_RF_static_Bloch,,0.02901146733285709,0.2455084451217991,0.6882682547175213,13.321425791125469,13.676269451760346,includes physical relaxation and prescribed receiver/RF phase; no arbitrary rephasing
73b733f56a74eb06,screen,alternating_centering,finite_RF_static_Bloch,,0.039247022225212556,0.24850106405226652,0.6213693196416299,9.088987759946745,11.462957999982919,includes physical relaxation and prescribed receiver/RF phase; no arbitrary rephasing
74924a51c4a51b1a,screen,high_low,finite_RF_static_Bloch,,0.018282229988039148,0.2697870344096004,0.7949964267334417,179.86215580888674,533.8601970876168,includes physical relaxation and prescribed receiver/RF phase; no arbitrary rephasing
74e656a4092b2ff4,screen,original_taper,finite_RF_static_Bloch,,0.07065361624780649,0.2739454106026763,0.4214190460298434,5.93298685061215,6.277024889098278,includes physical relaxation and prescribed receiver/RF phase; no arbitrary rephasing
7631714bffae1937,screen,increasing_alternating,finite_RF_static_Bloch,,0.04221202943494951,0.2739454106026763,0.6397847538675688,3.5609847125849616,4.170496878141985,includes physical relaxation and prescribed receiver/RF phase; no arbitrary rephasing
797284f8c0cb9e4e,screen,increasing_centering_rf90_exploratory,finite_RF_static_Bloch,,0.04639517031154515,0.2910134879142601,0.639096156017754,179.94272275261054,712.8406166395031,includes physical relaxation and prescribed receiver/RF phase; no arbitrary rephasing
7b41ac8f3ad7abbb,screen,irregular_energy_matched,finite_RF_static_Bloch,,0.035434622795728773,0.2441917467263025,0.5985853511861914,179.52251264251143,181.08516913949322,includes physical relaxation and prescribed receiver/RF phase; no arbitrary rephasing
7ee66a54ece69685,screen,quadratic,finite_RF_static_Bloch,,0.026251440344177084,0.2697870344096004,0.802522649720507,179.76126912609567,357.7723848307516,includes physical relaxation and prescribed receiver/RF phase; no arbitrary rephasing
818574f4ae515658,screen,inc_alt_rf180,finite_RF_static_Bloch,,0.04393904578217914,0.2697870344096004,0.6030208551815087,179.2692391822221,179.7517436580443,includes physical relaxation and prescribed receiver/RF phase; no arbitrary rephasing
819f3cbead7723ff,screen,original_flip160,finite_RF_static_Bloch,,0.06991870653830394,0.2671004086566273,0.42017439685294516,4.287865104826496,6.750351196638456,includes physical relaxation and prescribed receiver/RF phase; no arbitrary rephasing
82fa26b27f49b7d1,screen,irregular_seeded,finite_RF_static_Bloch,,0.03260959626062804,0.2455084451217991,0.6162929151191643,8.967263325751196,11.599787559515255,includes physical relaxation and prescribed receiver/RF phase; no arbitrary rephasing
83e0a7afd75f4454,screen,high_low_permutation_alternating,finite_RF_static_Bloch,,0.05359759143808358,0.2441917467263025,0.5143215706586904,179.9448499578551,359.0994460772477,includes physical relaxation and prescribed receiver/RF phase; no arbitrary rephasing
88ba52e6fefc8ef1,screen,original_flip_train,finite_RF_static_Bloch,,0.0013506582268424624,0.2697870344096004,1.0151505213460936,179.70739499271377,179.70739499271377,includes physical relaxation and prescribed receiver/RF phase; no arbitrary rephasing
8c66a78fcfa39a5e,screen,increasing_taper,finite_RF_static_Bloch,,0.0460170269532895,0.2455084451217991,0.5807779411135927,4.11989419983729,5.094795993601051,includes physical relaxation and prescribed receiver/RF phase; no arbitrary rephasing
8f43ee1d9151fd58,screen,increasing_rf90_exploratory,finite_RF_static_Bloch,,0.047565887898251516,0.2455084451217991,0.5301181929191559,179.2991993049015,540.5443954425517,includes physical relaxation and prescribed receiver/RF phase; no arbitrary rephasing
8f45c19d85c9669e,screen,alternating,finite_RF_static_Bloch,,0.03085545989486095,0.2441917467263025,0.6811943980712085,179.7167721546055,535.7196462320123,includes physical relaxation and prescribed receiver/RF phase; no arbitrary rephasing
91313fcefdf61cb4,screen,inc_alt_rf90_exploratory,finite_RF_static_Bloch,,0.03192153768895725,0.2739454106026763,0.6957285808251119,178.39954019834116,529.6302761358937,includes physical relaxation and prescribed receiver/RF phase; no arbitrary rephasing
9881d2452ea2b6f9,screen,increasing_centering_rf180,finite_RF_static_Bloch,,0.05476601846192269,0.28711333277371676,0.5355084108168913,179.92618923982434,356.8690226537532,includes physical relaxation and prescribed receiver/RF phase; no arbitrary rephasing
9a3b381a44aabfcb,screen,increasing_alternating,finite_RF_static_Bloch,,0.043037492281611425,0.2697870344096004,0.6222293643084509,179.25329615618867,179.25329615618867,includes physical relaxation and prescribed receiver/RF phase; no arbitrary rephasing
9c440a3b90b4edb5,screen,quadratic,finite_RF_static_Bloch,,0.03531859994402086,0.2455084451217991,0.640772819922559,11.705926803588966,13.176498436915534,includes physical relaxation and prescribed receiver/RF phase; no arbitrary rephasing
9c638ec4391ddb36,screen,inc_alt_rf180,finite_RF_static_Bloch,,0.04033016428936775,0.2739454106026763,0.631366297378459,3.340437781695884,4.313431297212585,includes physical relaxation and prescribed receiver/RF phase; no arbitrary rephasing
9c6759c8b87cbd84,screen,original,finite_RF_static_Bloch,,0.06270890884743201,0.2455084451217991,0.4266491654008215,7.448959127417996,7.448959127417996,includes physical relaxation and prescribed receiver/RF phase; no arbitrary rephasing
9fae4ce40dd6cfc3,screen,original_duration500,finite_RF_static_Bloch,,0.005534843572934274,0.2697870344096004,0.9802948676900411,179.75993450411332,181.31575532520966,includes physical relaxation and prescribed receiver/RF phase; no arbitrary rephasing
a3279c718ac449b6,screen,increasing,finite_RF_static_Bloch,,0.05863919129792968,0.2739454106026763,0.5198507492123037,12.027925799678776,12.027925799678776,includes physical relaxation and prescribed receiver/RF phase; no arbitrary rephasing
a32f0e6c88a05b55,screen,original_flip_train,finite_RF_static_Bloch,,0.06083500946131066,0.2455084451217991,0.4265163353962663,12.60261145164814,12.60261145164814,includes physical relaxation and prescribed receiver/RF phase; no arbitrary rephasing
a56461264de3f590,screen,original_duration500,finite_RF_static_Bloch,,0.0703909848300601,0.2739454106026763,0.4190900400034196,9.887306091162806,9.887306091162806,includes physical relaxation and prescribed receiver/RF phase; no arbitrary rephasing
af48a9bed75b6e50,screen,inc_alt_center_rf180,finite_RF_static_Bloch,,0.04214156015809868,0.28711333277371676,0.6179784961282228,179.00269583694217,179.00269583694217,includes physical relaxation and prescribed receiver/RF phase; no arbitrary rephasing
b000bee7da7bebb6,screen,inc_alt_center_rf90_exploratory,finite_RF_static_Bloch,,0.029826885490002335,0.2910134879142601,0.7098160911361545,178.1382517605434,530.2887677325002,includes physical relaxation and prescribed receiver/RF phase; no arbitrary rephasing
b11923f261c0e0f7,screen,inc_alt_center_rf180,finite_RF_static_Bloch,,0.034605956403180614,0.24805902664203094,0.6240335513320092,178.5573609965285,356.7020323214293,includes physical relaxation and prescribed receiver/RF phase; no arbitrary rephasing
b417e16bf2c3df82,screen,alternating_centering,finite_RF_static_Bloch,,0.01665198806411359,0.2910134879142601,0.8023257134467943,24.133936773390523,24.133936773390523,includes physical relaxation and prescribed receiver/RF phase; no arbitrary rephasing
b57d45ab507458ea,screen,increasing_centering,finite_RF_static_Bloch,,0.040810092149246614,0.24850106405226652,0.6577549178833512,3.436990098109167,5.604854142919691,includes physical relaxation and prescribed receiver/RF phase; no arbitrary rephasing
b60768d5c5c8eabd,screen,original_taper,finite_RF_static_Bloch,,0.02327644979628041,0.2697870344096004,0.9259517355470507,179.76126912609567,181.06512235060387,includes physical relaxation and prescribed receiver/RF phase; no arbitrary rephasing
b626e28a5b9ea0a4,screen,inc_alt_center_duration500,finite_RF_static_Bloch,,0.032858994622343915,0.24850106405226652,0.6532852628572773,6.736012790086748,6.736012790086748,includes physical relaxation and prescribed receiver/RF phase; no arbitrary rephasing
b676e84945af9ccd,screen,increasing_centering,finite_RF_static_Bloch,,0.052449570045615186,0.28711333277371676,0.5979540442674044,179.4311511980886,356.8066837934487,includes physical relaxation and prescribed receiver/RF phase; no arbitrary rephasing
b88e24a60de3719f,screen,original_flip_train,finite_RF_static_Bloch,,0.001942502630942475,0.2441917467263025,0.9411315991159062,179.03676171435873,402.45983482100786,includes physical relaxation and prescribed receiver/RF phase; no arbitrary rephasing
b8da4555471a49f8,screen,ramp_modulated,finite_RF_static_Bloch,,0.04721781474462423,0.2455084451217991,0.511713731538388,7.403756545246091,9.79529120684444,includes physical relaxation and prescribed receiver/RF phase; no arbitrary rephasing
b9cae482882f688e,screen,increasing_taper,finite_RF_static_Bloch,,0.05374005660292771,0.2441917467263025,0.5110467896316522,179.9570833225396,538.0470655638769,includes physical relaxation and prescribed receiver/RF phase; no arbitrary rephasing
b9de6136fefcbd20,screen,weak_increasing_centering,finite_RF_static_Bloch,,0.05222800055410143,0.2910134879142601,0.5825644598613113,7.7662983053305705,9.037659583164093,includes physical relaxation and prescribed receiver/RF phase; no arbitrary rephasing
bb69303342465394,screen,increasing_taper,finite_RF_static_Bloch,,0.04759044658257646,0.2739454106026763,0.5507819346423874,10.20050575591177,11.053693284025197,includes physical relaxation and prescribed receiver/RF phase; no arbitrary rephasing
bcb196e190e408ed,screen,inc_alt_center_flip160,finite_RF_static_Bloch,,0.04223056476015987,0.2774838260698569,0.6180677514001816,6.390419577863111,6.438211171294555,includes physical relaxation and prescribed receiver/RF phase; no arbitrary rephasing
bcb9857651b4abbf,screen,inc_alt_center_flip_train,finite_RF_static_Bloch,,0.02426878951792054,0.28711333277371676,0.798920335367374,179.67324733915746,535.9676881820585,includes physical relaxation and prescribed receiver/RF phase; no arbitrary rephasing
bd1011a08ff9dd84,screen,increasing,finite_RF_static_Bloch,,0.04104776613088294,0.2455084451217991,0.6519870291929853,7.627995553576491,11.499830660506985,includes physical relaxation and prescribed receiver/RF phase; no arbitrary rephasing
bd54ad072d729d7b,screen,increasing_centering,finite_RF_static_Bloch,,0.05647113917624298,0.2910134879142601,0.5262543899907431,8.514211783420135,8.514211783420135,includes physical relaxation and prescribed receiver/RF phase; no arbitrary rephasing
be19b07fd9cbf4f1,screen,original,finite_RF_static_Bloch,,0.0011126382786846487,0.2441917467263025,1.0246184442331896,179.66758057727262,531.354032032084,includes physical relaxation and prescribed receiver/RF phase; no arbitrary rephasing
be5159e8d6fc44e9,screen,irregular_energy_matched,finite_RF_static_Bloch,,0.03492100927522824,0.2455084451217991,0.5807429688648849,8.86849980344852,13.702047100497401,includes physical relaxation and prescribed receiver/RF phase; no arbitrary rephasing
bef07e9ed1264ef3,screen,irregular_seeded,finite_RF_static_Bloch,,0.038187434477267315,0.2697870344096004,0.6560497162978542,179.9502887626156,356.3627999147906,includes physical relaxation and prescribed receiver/RF phase; no arbitrary rephasing
c11a3a93fa1178d1,screen,high_low_permutation_alternating,finite_RF_static_Bloch,,0.05255669348077866,0.2455084451217991,0.525013998217622,3.7354407246474834,3.7354407246474834,includes physical relaxation and prescribed receiver/RF phase; no arbitrary rephasing
c2343ed17721a478,screen,original_flip160,finite_RF_static_Bloch,,0.0021568647919162917,0.27192851875406643,0.915680785004425,179.9496478910847,357.8389130497071,includes physical relaxation and prescribed receiver/RF phase; no arbitrary rephasing
c2cf619c1ab8bf64,screen,inc_alt_rf180,finite_RF_static_Bloch,,0.033126946044940486,0.2455084451217991,0.6529317033974864,6.000786288045636,8.169508788386965,includes physical relaxation and prescribed receiver/RF phase; no arbitrary rephasing
c364ef21dea8f5e8,screen,original_flip_train,finite_RF_static_Bloch,,0.07504004500227533,0.2739454106026763,0.41430495574550275,4.836491163950084,8.597285238816175,includes physical relaxation and prescribed receiver/RF phase; no arbitrary rephasing
c820de49c22e187e,screen,inc_alt_rf180,finite_RF_static_Bloch,,0.03441837490980589,0.2441917467263025,0.6303930000322255,179.9030534064011,357.6663023959216,includes physical relaxation and prescribed receiver/RF phase; no arbitrary rephasing
c84a2aa0953e7dc2,screen,inc_alt_center_flip160,finite_RF_static_Bloch,,0.02677809289348578,0.2804032558299373,0.7743141358625785,179.87682302188614,359.365829089102,includes physical relaxation and prescribed receiver/RF phase; no arbitrary rephasing
ca0eef591f1248d4,screen,increasing_alternating_centering,finite_RF_static_Bloch,,0.04296321998265882,0.2910134879142601,0.6540958531864646,3.6510507207858574,6.321788009866778,includes physical relaxation and prescribed receiver/RF phase; no arbitrary rephasing
cc1b2b06f2f4c811,screen,inc_alt_center_flip_train,finite_RF_static_Bloch,,0.04177511507441375,0.24805902664203094,0.5780603095668044,179.38689469099674,358.6943993911735,includes physical relaxation and prescribed receiver/RF phase; no arbitrary rephasing
ccdde4b4a0a42df8,screen,increasing_centering_rf180,finite_RF_static_Bloch,,0.05151971874670695,0.2910134879142601,0.5952499995489274,3.259750934564752,4.971725821722711,includes physical relaxation and prescribed receiver/RF phase; no arbitrary rephasing
cda1b7141753141e,screen,inc_alt_center_rf90_exploratory,finite_RF_static_Bloch,,0.035802383617690586,0.28711333277371676,0.6765330814792407,177.9372548349726,543.9551871668476,includes physical relaxation and prescribed receiver/RF phase; no arbitrary rephasing
d14d2b29f91688e2,screen,high_low,finite_RF_static_Bloch,,0.039335247505983446,0.2455084451217991,0.629351635028712,7.980979668017398,7.980979668017398,includes physical relaxation and prescribed receiver/RF phase; no arbitrary rephasing
d166494e6674e786,screen,inc_alt_rf90_exploratory,finite_RF_static_Bloch,,0.04341574738714803,0.2455084451217991,0.5937073864885676,179.21097997929215,358.6124500188408,includes physical relaxation and prescribed receiver/RF phase; no arbitrary rephasing
d190b09029cfdd55,screen,original_flip160,finite_RF_static_Bloch,,0.0017507139944586793,0.26198169536593086,0.9952319443678933,179.92269336966234,719.3608822512373,includes physical relaxation and prescribed receiver/RF phase; no arbitrary rephasing
d2b33e18e4bfad87,screen,inc_alt_center_duration500,finite_RF_static_Bloch,,0.04288288441363069,0.28711333277371676,0.6325313446927687,179.6854750790049,539.3413780064516,includes physical relaxation and prescribed receiver/RF phase; no arbitrary rephasing
d365578d02099557,screen,decreasing,finite_RF_static_Bloch,,0.04834543464535204,0.2441917467263025,0.51603270847571,178.70259205771148,178.70259205771148,includes physical relaxation and prescribed receiver/RF phase; no arbitrary rephasing
d3aca442d29fc7f8,screen,inc_alt_center_flip_train,finite_RF_static_Bloch,,0.04007713480087846,0.24850106405226652,0.6065039652935268,5.163557610737314,5.516246454677446,includes physical relaxation and prescribed receiver/RF phase; no arbitrary rephasing
d3eb66ee31ebf564,screen,decreasing,finite_RF_static_Bloch,,0.04337395466145862,0.2697870344096004,0.6290189221513087,179.05356591928643,533.4742784832558,includes physical relaxation and prescribed receiver/RF phase; no arbitrary rephasing
d5288c41e07042f5,screen,high_low_permutation_alternating_centering,finite_RF_static_Bloch,,0.05844634141559176,0.28711333277371676,0.5726665980932105,179.7509925313788,537.5549698951061,includes physical relaxation and prescribed receiver/RF phase; no arbitrary rephasing
d7330a379ac5a546,screen,inc_alt_rf90_exploratory,finite_RF_static_Bloch,,0.034914080592761014,0.2697870344096004,0.672223098820892,179.02965553611574,543.4635565226396,includes physical relaxation and prescribed receiver/RF phase; no arbitrary rephasing
d7a2ae83f27241ff,screen,original_taper,finite_RF_static_Bloch,,0.0645988491349148,0.2455084451217991,0.418659146557738,7.439647169166438,9.716299691823341,includes physical relaxation and prescribed receiver/RF phase; no arbitrary rephasing
d834f89bb20e5575,screen,ramp_modulated,finite_RF_static_Bloch,,0.057978913861499226,0.2739454106026763,0.49329195698692196,10.627231025569998,10.627231025569998,includes physical relaxation and prescribed receiver/RF phase; no arbitrary rephasing
d84f901ebfc42c10,screen,original,finite_RF_static_Bloch,,0.07039205354452457,0.2739454106026763,0.41907018879705105,9.888182428983592,9.888182428983592,includes physical relaxation and prescribed receiver/RF phase; no arbitrary rephasing
d907f25a5c010ca4,screen,inc_alt_center_rf90_exploratory,finite_RF_static_Bloch,,0.04050515139404593,0.24850106405226652,0.602279777389925,179.69713543646785,359.55011665113494,includes physical relaxation and prescribed receiver/RF phase; no arbitrary rephasing
d981bc721133087f,screen,high_low_energy_matched,finite_RF_static_Bloch,,0.03216786108273003,0.2441917467263025,0.6821271207687937,178.7665861274546,178.7665861274546,includes physical relaxation and prescribed receiver/RF phase; no arbitrary rephasing
d9f89708a3bbdd2d,screen,weak_increasing_alternating_centering,finite_RF_static_Bloch,,0.03588294369102528,0.28711333277371676,0.6717589808450145,179.28175046601035,359.4643705225987,includes physical relaxation and prescribed receiver/RF phase; no arbitrary rephasing
db4713bc2459c737,screen,original_rf180,finite_RF_static_Bloch,,0.008839637442967837,0.2455084451217991,0.9851211189094877,26.48209205675899,26.48209205675899,includes physical relaxation and prescribed receiver/RF phase; no arbitrary rephasing
dc5e218e23ba1d54,screen,increasing_rf90_exploratory,finite_RF_static_Bloch,,0.04656522248070286,0.2739454106026763,0.6215025143827347,179.6915893875004,357.53286421136335,includes physical relaxation and prescribed receiver/RF phase; no arbitrary rephasing
dc9d9e6577de8ea8,screen,weak_increasing_alternating_centering,finite_RF_static_Bloch,,0.044241850964083285,0.24850106405226652,0.5698931748434516,8.548818840212816,10.558751217839143,includes physical relaxation and prescribed receiver/RF phase; no arbitrary rephasing
dfad5cc3661ca944,screen,decreasing,finite_RF_static_Bloch,,0.03783205354360798,0.2455084451217991,0.670971396757843,10.212980047588685,11.111451526505329,includes physical relaxation and prescribed receiver/RF phase; no arbitrary rephasing
e17d5953a22dea2c,screen,geometric,finite_RF_static_Bloch,,0.03347336509138613,0.2739454106026763,0.7643157542560195,18.015976005954766,18.015976005954766,includes physical relaxation and prescribed receiver/RF phase; no arbitrary rephasing
e1e90827ed0e2153,screen,irregular_seeded,finite_RF_static_Bloch,,0.02702042298890294,0.2739454106026763,0.6546539667779966,7.292994437590126,8.213297972061014,includes physical relaxation and prescribed receiver/RF phase; no arbitrary rephasing
e208dd4deba1d2ff,screen,decreasing,finite_RF_static_Bloch,,0.06095475797322088,0.2739454106026763,0.5108280482923953,17.196550937133942,17.196550937133942,includes physical relaxation and prescribed receiver/RF phase; no arbitrary rephasing
e34cee121354536f,screen,increasing_alternating_centering,finite_RF_static_Bloch,,0.032852346214220014,0.24850106405226652,0.6531992713817376,6.741188232826096,6.741188232826096,includes physical relaxation and prescribed receiver/RF phase; no arbitrary rephasing
e3a48b3c0f3853e2,screen,high_low_alternating,finite_RF_static_Bloch,,0.01809876697302383,0.2697870344096004,0.7681970794312172,178.7873865511403,179.33770940787804,includes physical relaxation and prescribed receiver/RF phase; no arbitrary rephasing
e4e7156ebcc895c9,screen,original_rf90_exploratory,finite_RF_static_Bloch,,0.048456373022809994,0.2739454106026763,0.5443088077766356,178.00334409966018,178.00334409966018,includes physical relaxation and prescribed receiver/RF phase; no arbitrary rephasing
e5fce05dbcf0b54b,screen,inc_alt_center_rf90_exploratory,finite_RF_static_Bloch,,0.04272100431182757,0.24805902664203094,0.6137119064287595,175.9049037287891,358.990682032642,includes physical relaxation and prescribed receiver/RF phase; no arbitrary rephasing
e600f71bc51adab6,screen,inc_alt_rf90_exploratory,finite_RF_static_Bloch,,0.04320825794271929,0.2441917467263025,0.6140631179805816,178.7041392571436,362.5844245880806,includes physical relaxation and prescribed receiver/RF phase; no arbitrary rephasing
eff1bc9dcd0c914a,screen,increasing_centering_rf90_exploratory,finite_RF_static_Bloch,,0.04726686206947092,0.28711333277371676,0.6404150812747762,176.31387400486767,363.3145219084183,includes physical relaxation and prescribed receiver/RF phase; no arbitrary rephasing
f45928aa34e8fab2,screen,ramp_modulated,finite_RF_static_Bloch,,0.02655046706115794,0.2441917467263025,0.7123065541007166,178.62152138544494,356.1333017183584,includes physical relaxation and prescribed receiver/RF phase; no arbitrary rephasing
f5365572d46a2d0b,screen,centering,finite_RF_static_Bloch,,0.06374991675636488,0.24850106405226652,0.42783102273375495,8.176287329762173,9.643434625812532,includes physical relaxation and prescribed receiver/RF phase; no arbitrary rephasing
f5a992db3d492c11,screen,increasing_rf90_exploratory,finite_RF_static_Bloch,,0.049723183946498155,0.2697870344096004,0.614656730689874,178.06130904136486,184.003797294301,includes physical relaxation and prescribed receiver/RF phase; no arbitrary rephasing
f72b00320b978e16,screen,inc_alt_center_rf180,finite_RF_static_Bloch,,0.0329518293413786,0.24850106405226652,0.6541007864769918,5.374036803874969,5.374036803874969,includes physical relaxation and prescribed receiver/RF phase; no arbitrary rephasing
fa17fda4bfa831b3,screen,increasing_centering_taper,finite_RF_static_Bloch,,0.04686849155317146,0.2910134879142601,0.554658845187129,8.013115075382682,8.090144632735875,includes physical relaxation and prescribed receiver/RF phase; no arbitrary rephasing
fd5edf82b14a1448,screen,high_low_energy_matched,finite_RF_static_Bloch,,0.017161563331402747,0.2697870344096004,0.8432474913483469,179.82349722208616,182.70811456756903,includes physical relaxation and prescribed receiver/RF phase; no arbitrary rephasing
464147da432aa7fa,sensitivity_dense,original,finite_RF_static_Bloch,,0.0033283093846430316,0.2723363644349576,0.9950279739514098,179.77673535229056,538.5398249535036,includes physical relaxation and prescribed receiver/RF phase; no arbitrary rephasing
82174fe079023bd4,sensitivity_dense,high_low_permutation_alternating,finite_RF_static_Bloch,,0.05785174212491139,0.2723363644349576,0.565679874156391,179.37561991998885,180.02009614854825,includes physical relaxation and prescribed receiver/RF phase; no arbitrary rephasing
85162818460b750b,sensitivity_dense,high_low_permutation_alternating_centering,finite_RF_static_Bloch,,0.05721446884854807,0.2904358148675717,0.5804196889427468,179.9815197554827,359.82095664623324,includes physical relaxation and prescribed receiver/RF phase; no arbitrary rephasing
86bb72141b9cf902,sensitivity_dense,high_low_permutation_alternating_centering,finite_RF_static_Bloch,,0.05592802440259109,0.2509077753578763,0.5016426611494024,179.9434564067527,359.4370280879735,includes physical relaxation and prescribed receiver/RF phase; no arbitrary rephasing
9b5211e365d87b4a,sensitivity_dense,increasing_alternating_centering,finite_RF_static_Bloch,,0.039177279337627734,0.2925913124502925,0.6543676938917647,3.6379625456759324,3.6379625456759324,includes physical relaxation and prescribed receiver/RF phase; no arbitrary rephasing
a3581c7f19c3516b,sensitivity_dense,high_low_permutation_alternating,finite_RF_static_Bloch,,0.056622190231846586,0.2752070811675925,0.5675308329062935,2.2419824871497602,4.0667171040041605,includes physical relaxation and prescribed receiver/RF phase; no arbitrary rephasing
a753beaf38d51b29,sensitivity_dense,weak_increasing_centering,finite_RF_static_Bloch,,0.05243554461230147,0.2904358148675717,0.5821993066818493,179.62785611266398,360.03570095279116,includes physical relaxation and prescribed receiver/RF phase; no arbitrary rephasing
aba6404ad17963d9,sensitivity_dense,increasing_centering,finite_RF_static_Bloch,,0.050290540708980445,0.2509077753578763,0.5225374670683598,179.90302141689136,538.3040084964542,includes physical relaxation and prescribed receiver/RF phase; no arbitrary rephasing
b2285e5290f6a444,sensitivity_dense,high_low_permutation_alternating_centering,finite_RF_static_Bloch,,0.056132679440541615,0.2925913124502925,0.5847364269879727,2.5255843873720716,3.081827547584799,includes physical relaxation and prescribed receiver/RF phase; no arbitrary rephasing
cbc036cc989aeca5,sensitivity_dense,weak_increasing_centering,finite_RF_static_Bloch,,0.05884663038354087,0.2509077753578763,0.45930268898038856,179.43573466941632,358.0376910468607,includes physical relaxation and prescribed receiver/RF phase; no arbitrary rephasing
d252c334dc5b58a4,sensitivity_dense,original,finite_RF_static_Bloch,,0.06932637225278762,0.2752070811675925,0.4315280295180691,9.61777314936321,9.61777314936321,includes physical relaxation and prescribed receiver/RF phase; no arbitrary rephasing
d360fbc50a687ab5,sensitivity_dense,increasing_alternating_centering,finite_RF_static_Bloch,,0.03244849470237127,0.2509077753578763,0.6668961659731673,179.9434564067527,536.1586560136963,includes physical relaxation and prescribed receiver/RF phase; no arbitrary rephasing
e00cc487bf5ffa29,sensitivity_dense,original,finite_RF_static_Bloch,,0.0026406166794996962,0.24599755481593688,1.0170299557500646,178.87029735499624,357.6270212672916,includes physical relaxation and prescribed receiver/RF phase; no arbitrary rephasing
e4f95821b3cf2eb8,sensitivity_dense,increasing_alternating_centering,finite_RF_static_Bloch,,0.04045466495502566,0.2904358148675717,0.6472495499498198,179.95148521418318,359.2152674014854,includes physical relaxation and prescribed receiver/RF phase; no arbitrary rephasing
fd675b093dcaaf16,sensitivity_dense,weak_increasing_centering,finite_RF_static_Bloch,,0.05744503572838313,0.2925913124502925,0.5870360719627978,3.359403972488753,5.35795204656246,includes physical relaxation and prescribed receiver/RF phase; no arbitrary rephasing
07c2e6628146fa5c,sensitivity_dt2us,weak_increasing_centering,finite_RF_static_Bloch,,0.05223571582218585,0.2910773803724289,0.5825944868091706,7.774273624670443,9.047635785363461,includes physical relaxation and prescribed receiver/RF phase; no arbitrary rephasing
0d8ee9dc3153cf76,sensitivity_dt2us,original,finite_RF_static_Bloch,,0.07040016263573799,0.274001394493236,0.4190603383284244,9.883529583760513,9.883529583760513,includes physical relaxation and prescribed receiver/RF phase; no arbitrary rephasing
3a0358eb5f8aad7b,sensitivity_dt2us,increasing_alternating_centering,finite_RF_static_Bloch,,0.04298556771150141,0.2910773803724289,0.6539974330646144,3.6516623002117132,6.321135974054042,includes physical relaxation and prescribed receiver/RF phase; no arbitrary rephasing
5a3f9a38ee4e58d4,sensitivity_dt2us,high_low_permutation_alternating_centering,finite_RF_static_Bloch,,0.058445408252866045,0.2910773803724289,0.5766235867636185,2.759270259237262,3.56428454916634,includes physical relaxation and prescribed receiver/RF phase; no arbitrary rephasing
79b1c7d65249e85f,sensitivity_dt2us,weak_increasing_centering,finite_RF_static_Bloch,,0.051396756177055934,0.2871765327363312,0.5906796239638247,179.43165218455124,356.2528449711966,includes physical relaxation and prescribed receiver/RF phase; no arbitrary rephasing
7e20f102e53de43e,sensitivity_dt2us,high_low_permutation_alternating_centering,finite_RF_static_Bloch,,0.05844922270116784,0.2871765327363312,0.5726832897848821,179.75231610428764,537.5521510687231,includes physical relaxation and prescribed receiver/RF phase; no arbitrary rephasing
85bdef0226bf5cc4,sensitivity_dt2us,increasing_alternating_centering,finite_RF_static_Bloch,,0.042909531615403465,0.2871765327363312,0.6324789847292279,179.68660440774963,539.3431873169146,includes physical relaxation and prescribed receiver/RF phase; no arbitrary rephasing
8f7642fdda4be105,sensitivity_dt2us,high_low_permutation_alternating,finite_RF_static_Bloch,,0.05927521729748492,0.274001394493236,0.5701671381244344,3.9918741716462787,4.43961011360397,includes physical relaxation and prescribed receiver/RF phase; no arbitrary rephasing
9408e003c767cac0,sensitivity_dt2us,original,finite_RF_static_Bloch,,0.005493443674907998,0.26984358669792563,0.9804961033273082,179.76207667132147,181.3116347619008,includes physical relaxation and prescribed receiver/RF phase; no arbitrary rephasing
ba54feb49332c234,sensitivity_dt2us,high_low_permutation_alternating,finite_RF_static_Bloch,,0.056705373193900205,0.26984358669792563,0.5643322702079103,179.7045485386212,359.5054068140152,includes physical relaxation and prescribed receiver/RF phase; no arbitrary rephasing
a69bb4cb242197a4,timing_transfer,high_low_permutation_alternating_centering,finite_RF_static_Bloch,,0.031514639949102766,0.2047983338152649,0.6071917423485904,145.73871770397582,145.73871770397582,includes physical relaxation and prescribed receiver/RF phase; no arbitrary rephasing
f32184b1155f375e,timing_transfer,high_low_permutation_alternating_centering,finite_RF_static_Bloch,,0.057666856385986266,0.2813792411090555,0.5281084245699244,43.512880245881036,44.944559697217585,includes physical relaxation and prescribed receiver/RF phase; no arbitrary rephasing
0db8c3821ce8e054,timing_transfer_heldout,high_low_permutation_alternating_centering,finite_RF_static_Bloch,,0.03002790061195822,0.19879915226585698,0.5908349066613576,139.47037919196327,139.47037919196327,includes physical relaxation and prescribed receiver/RF phase; no arbitrary rephasing
3096f9abb18066f4,timing_transfer_heldout,high_low_permutation_alternating_centering,finite_RF_static_Bloch,,0.014068765902609444,0.28277352970445113,0.8328860338699778,128.57567621718655,129.0529140733411,includes physical relaxation and prescribed receiver/RF phase; no arbitrary rephasing
3f61723544bbdcb7,timing_transfer_heldout,high_low_permutation_alternating_centering,finite_RF_static_Bloch,,0.031514639949102766,0.2047983338152649,0.6071917423485904,145.73871770397582,145.73871770397582,includes physical relaxation and prescribed receiver/RF phase; no arbitrary rephasing
3f933377acfccf9b,timing_transfer_heldout,high_low_permutation_alternating_centering,finite_RF_static_Bloch,,0.057666856385986266,0.2813792411090555,0.5281084245699244,43.512880245881036,44.944559697217585,includes physical relaxation and prescribed receiver/RF phase; no arbitrary rephasing
6dae78f44c5e2481,timing_transfer_heldout,high_low_permutation_alternating_centering,finite_RF_static_Bloch,,0.05883154366577137,0.28681136427357073,0.5327974794285232,47.77592841161329,47.800924711573174,includes physical relaxation and prescribed receiver/RF phase; no arbitrary rephasing
d76b25958e6a2e87,timing_transfer_heldout,high_low_permutation_alternating_centering,finite_RF_static_Bloch,,0.11166711475084529,0.28283714761246037,0.34459574033219464,61.92847604820076,61.92847604820076,includes physical relaxation and prescribed receiver/RF phase; no arbitrary rephasing
eed72c15b3e6610d,timing_transfer_heldout,high_low_permutation_alternating_centering,finite_RF_static_Bloch,,0.03934435774281909,0.19984449430920628,0.5802990595524712,139.68817065817038,139.68817065817038,includes physical relaxation and prescribed receiver/RF phase; no arbitrary rephasing
07162c025ce9802f,timing_transfer_robust,high_low_permutation_alternating_centering,finite_RF_static_Bloch,,0.05953312509635833,0.28623920575676287,0.5653937183511873,92.50018527806502,92.50018527806502,includes physical relaxation and prescribed receiver/RF phase; no arbitrary rephasing
0d4fabe3e55defa1,timing_transfer_robust,high_low_permutation_alternating_centering,finite_RF_static_Bloch,,0.014463256785514371,0.1599832205306529,0.826421160655154,179.87616442063256,353.69343681121904,includes physical relaxation and prescribed receiver/RF phase; no arbitrary rephasing
0dd434eb18fa2d2a,timing_transfer_robust,high_low_permutation_alternating_centering,finite_RF_static_Bloch,,0.019490751473314034,0.146129492947424,0.7303631650108547,102.72713691846302,102.72713691846302,includes physical relaxation and prescribed receiver/RF phase; no arbitrary rephasing
134f560ea3f744a2,timing_transfer_robust,high_low_permutation_alternating_centering,finite_RF_static_Bloch,,0.05614360734213779,0.2669007094002188,0.5920198742049699,93.76430725792115,93.76430725792115,includes physical relaxation and prescribed receiver/RF phase; no arbitrary rephasing
168648989897dad5,timing_transfer_robust,high_low_permutation_alternating_centering,finite_RF_static_Bloch,,0.054470025964111955,0.27232650471059455,0.6113644747691308,3.4697634801795405,3.4697634801795405,includes physical relaxation and prescribed receiver/RF phase; no arbitrary rephasing
189d6ba090229d7e,timing_transfer_robust,high_low_permutation_alternating_centering,finite_RF_static_Bloch,,0.05799194740521304,0.30236594133705996,0.5754965431167922,90.89078836037922,91.1942907252504,includes physical relaxation and prescribed receiver/RF phase; no arbitrary rephasing
1f4385f31f097453,timing_transfer_robust,high_low_permutation_alternating_centering,finite_RF_static_Bloch,,0.05787102733386408,0.28980927590103794,0.5716895410061726,92.48934760728322,93.739834749806,includes physical relaxation and prescribed receiver/RF phase; no arbitrary rephasing
22ca420f9a3d9085,timing_transfer_robust,high_low_permutation_alternating_centering,finite_RF_static_Bloch,,0.052441986429601906,0.24850106405226652,0.5213417767817361,4.728022726217948,4.728022726217948,includes physical relaxation and prescribed receiver/RF phase; no arbitrary rephasing
2ece6539738e5b9c,timing_transfer_robust,high_low_permutation_alternating_centering,finite_RF_static_Bloch,,0.05598937448106669,0.27307489239635924,0.6132157580057086,178.56822896788543,357.1548972610635,includes physical relaxation and prescribed receiver/RF phase; no arbitrary rephasing
2f128dea220365b9,timing_transfer_robust,high_low_permutation_alternating_centering,finite_RF_static_Bloch,,0.01771732210153011,0.15017055119591924,0.7838323095601059,20.667319227779263,20.667319227779263,includes physical relaxation and prescribed receiver/RF phase; no arbitrary rephasing
37ad5e269a0ae890,timing_transfer_robust,high_low_permutation_alternating_centering,finite_RF_static_Bloch,,0.053930449061824114,0.24472905082739174,0.5159735074550328,92.13284149027812,92.13284149027812,includes physical relaxation and prescribed receiver/RF phase; no arbitrary rephasing
4312612fc660606e,timing_transfer_robust,high_low_permutation_alternating_centering,finite_RF_static_Bloch,,0.05398556397199043,0.24805902664203094,0.5207711179273077,179.83894677162678,357.5325661458145,includes physical relaxation and prescribed receiver/RF phase; no arbitrary rephasing
55da712b51191eb3,timing_transfer_robust,high_low_permutation_alternating_centering,finite_RF_static_Bloch,,0.05799360313500931,0.30234939877894174,0.5754762812360601,90.89300694157623,91.19538275137994,includes physical relaxation and prescribed receiver/RF phase; no arbitrary rephasing
569112445fd6b5ac,timing_transfer_robust,high_low_permutation_alternating_centering,finite_RF_static_Bloch,,0.014750915864339085,0.15533182164648082,0.7986726619553921,178.17421871882024,179.1048004489702,includes physical relaxation and prescribed receiver/RF phase; no arbitrary rephasing
734374198a402189,timing_transfer_robust,high_low_permutation_alternating_centering,finite_RF_static_Bloch,,0.058430080755530404,0.2910134879142601,0.5766111475028624,2.7603300033614526,3.564887938320925,includes physical relaxation and prescribed receiver/RF phase; no arbitrary rephasing
96f1274dc3329ff0,timing_transfer_robust,high_low_permutation_alternating_centering,finite_RF_static_Bloch,,0.05279970806245987,0.2715281439884361,0.6338685591096115,179.84595038496533,358.16850636061656,includes physical relaxation and prescribed receiver/RF phase; no arbitrary rephasing
a7ba1c5e509c3636,timing_transfer_robust,high_low_permutation_alternating_centering,finite_RF_static_Bloch,,0.01994702261156699,0.1515152963129878,0.7408060724097282,179.25172162833724,533.6988378155925,includes physical relaxation and prescribed receiver/RF phase; no arbitrary rephasing
b9651d9813f4dee0,timing_transfer_robust,high_low_permutation_alternating_centering,finite_RF_static_Bloch,,0.05535977122010464,0.29023691820886044,0.5703472568536004,93.31779691107657,94.27583479836062,includes physical relaxation and prescribed receiver/RF phase; no arbitrary rephasing
c17c8ec43c4e1339,timing_transfer_robust,high_low_permutation_alternating_centering,finite_RF_static_Bloch,,0.05844634141559176,0.28711333277371676,0.5726665980932105,179.7509925313788,537.5549698951061,includes physical relaxation and prescribed receiver/RF phase; no arbitrary rephasing
d2ae684ed4803133,timing_transfer_robust,high_low_permutation_alternating_centering,finite_RF_static_Bloch,,0.05635128617903149,0.29079164795022977,0.5709873851671184,93.64670557298413,94.26402121397555,includes physical relaxation and prescribed receiver/RF phase; no arbitrary rephasing
d559858ea700916f,timing_transfer_robust,high_low_permutation_alternating_centering,finite_RF_static_Bloch,,0.05563677022508445,0.2737416166959955,0.6234342168202651,179.57063661975693,539.047065465424,includes physical relaxation and prescribed receiver/RF phase; no arbitrary rephasing
e49b39afa96765bc,timing_transfer_robust,high_low_permutation_alternating_centering,finite_RF_static_Bloch,,0.05777335121377446,0.2662803722160658,0.5901881226410752,179.9774229394574,359.00044576035634,includes physical relaxation and prescribed receiver/RF phase; no arbitrary rephasing
f065b16b523ab2e9,timing_transfer_robust,high_low_permutation_alternating_centering,finite_RF_static_Bloch,,0.05800483229925756,0.30300832457061405,0.5763560866095295,90.86173837137692,91.16584758154666,includes physical relaxation and prescribed receiver/RF phase; no arbitrary rephasing
f6caf1cb60fe1222,timing_transfer_robust,high_low_permutation_alternating_centering,finite_RF_static_Bloch,,0.015654715155594225,0.1594099626782847,0.8387080350456889,174.13851728791954,177.56718902317095,includes physical relaxation and prescribed receiver/RF phase; no arbitrary rephasing
04e145b762fa1503,heldout,weak_increasing_centering,instant_RF_exact_pathways,0.001,0.041128847512073026,0.20965307663279026,0.5185565482740955,139.24564513181193,139.24564513181193,includes physical relaxation and prescribed receiver/RF phase; no arbitrary rephasing
0749fe8b095ea556,heldout,original,instant_RF_exact_pathways,0.001,0.023683965148173693,0.18887683340751865,0.7052099531046931,135.39105851782685,135.39105851782685,includes physical relaxation and prescribed receiver/RF phase; no arbitrary rephasing
0bebaf9956bf17c3,heldout,weak_increasing_centering,instant_RF_exact_pathways,0.001,0.11359352599926449,0.2304294032871493,0.26094308608211386,61.30333103021496,61.30333103021496,includes physical relaxation and prescribed receiver/RF phase; no arbitrary rephasing
1449d618623a083a,heldout,increasing_centering,instant_RF_exact_pathways,0.001,0.03790925313406382,0.20965307663279026,0.5353103219750271,135.7347276238968,135.7347276238968,includes physical relaxation and prescribed receiver/RF phase; no arbitrary rephasing
21e7e7cff345f3da,heldout,increasing_alternating_centering,instant_RF_exact_pathways,0.001,0.037322840757575415,0.20965307663279026,0.5354613335825158,134.89016655405774,134.89016655405774,includes physical relaxation and prescribed receiver/RF phase; no arbitrary rephasing
24bc764fd36f19d0,heldout,weak_increasing_centering,instant_RF_exact_pathways,0.001,0.19545643475491714,0.6095721085645806,0.3808066089933336,123.3122260146009,123.3122260146009,includes physical relaxation and prescribed receiver/RF phase; no arbitrary rephasing
411a534d0e61207e,heldout,high_low_permutation_alternating,instant_RF_exact_pathways,0.001,0.03899302509137449,0.1888761568400216,0.5229640307711778,45.5824753032438,45.5824753032438,includes physical relaxation and prescribed receiver/RF phase; no arbitrary rephasing
41cdd99f86f76fc0,heldout,original,instant_RF_exact_pathways,0.001,0.04211975410607921,0.1888761568400216,0.4740837909333601,45.45222137437854,45.45222137437854,includes physical relaxation and prescribed receiver/RF phase; no arbitrary rephasing
4da921d49fa25232,heldout,high_low_permutation_alternating,instant_RF_exact_pathways,0.001,0.03874124153022391,0.18887683340751865,0.526216293161069,135.00367824746118,135.00367824746118,includes physical relaxation and prescribed receiver/RF phase; no arbitrary rephasing
571bc90d63c2aa3b,heldout,high_low_permutation_alternating,instant_RF_exact_pathways,0.001,0.04183626705166352,0.20268179287418034,0.5230975158550194,45.53317142972843,45.53317142972843,includes physical relaxation and prescribed receiver/RF phase; no arbitrary rephasing
76ed92d111f3f313,heldout,increasing_alternating_centering,instant_RF_exact_pathways,0.001,0.11125287366847023,0.2304294032871493,0.265239563935151,59.88773504495861,59.9214464801628,includes physical relaxation and prescribed receiver/RF phase; no arbitrary rephasing
7a5eb9eba48d5faa,heldout,increasing_centering,instant_RF_exact_pathways,0.001,0.18565003303358446,0.6095721085645806,0.3948076803052704,119.57321929865375,119.59457466039346,includes physical relaxation and prescribed receiver/RF phase; no arbitrary rephasing
7b79ab9f0eb59816,heldout,increasing_centering,instant_RF_exact_pathways,0.001,0.040919080180116016,0.22590887326154166,0.5348361189343883,135.5886658124351,135.5886658124351,includes physical relaxation and prescribed receiver/RF phase; no arbitrary rephasing
7ecdfbe6ed20757d,heldout,high_low_permutation_alternating,instant_RF_exact_pathways,0.001,0.04160484193410197,0.20276157857891,0.5262451079596446,135.04902306470032,135.04902306470032,includes physical relaxation and prescribed receiver/RF phase; no arbitrary rephasing
81593717f4b027b6,heldout,original,instant_RF_exact_pathways,0.001,0.04523033218038351,0.20268179287418034,0.4740811308753547,45.457513688156986,45.457513688156986,includes physical relaxation and prescribed receiver/RF phase; no arbitrary rephasing
859bacebcc328686,heldout,original,instant_RF_exact_pathways,0.001,0.0254471653509342,0.20276157857891,0.7048973739919007,135.4011985703908,135.4011985703908,includes physical relaxation and prescribed receiver/RF phase; no arbitrary rephasing
88bb090dbba32230,heldout,weak_increasing_centering,instant_RF_exact_pathways,0.001,0.04438378539051199,0.22590887326154166,0.5180482661440473,138.99868051258042,138.99868051258042,includes physical relaxation and prescribed receiver/RF phase; no arbitrary rephasing
95134782626b1825,heldout,increasing_centering,instant_RF_exact_pathways,0.001,0.03972997959389653,0.20965229373796623,0.5209979201752506,47.89192885389041,47.89192885389041,includes physical relaxation and prescribed receiver/RF phase; no arbitrary rephasing
96c5552de93a1115,heldout,high_low_permutation_alternating,instant_RF_exact_pathways,0.001,0.11250386598634816,0.2083822499709603,0.24688286070492493,59.8666576753128,59.8666576753128,includes physical relaxation and prescribed receiver/RF phase; no arbitrary rephasing
9e92eab758a5a924,heldout,increasing_alternating_centering,instant_RF_exact_pathways,0.001,0.041414097315094975,0.22586290811960877,0.5261686306941858,45.19370413157696,45.19370413157696,includes physical relaxation and prescribed receiver/RF phase; no arbitrary rephasing
a78312da7c23188a,heldout,original,instant_RF_exact_pathways,0.001,0.11631601969486872,0.2083822499709603,0.22617990203579486,60.2700001157854,60.2700001157854,includes physical relaxation and prescribed receiver/RF phase; no arbitrary rephasing
ae619fcf1bda920d,heldout,increasing_alternating_centering,instant_RF_exact_pathways,0.001,0.0402150092419269,0.22590887326154166,0.5355492087437632,134.93127277950728,134.93127277950728,includes physical relaxation and prescribed receiver/RF phase; no arbitrary rephasing
bbaa205ae842d3ef,heldout,increasing_alternating_centering,instant_RF_exact_pathways,0.001,0.03847426515411222,0.20965229373796623,0.5258213013237047,45.26651408215069,45.26651408215069,includes physical relaxation and prescribed receiver/RF phase; no arbitrary rephasing
bf5d2daf2cfaf4f1,heldout,increasing_centering,instant_RF_exact_pathways,0.001,0.11164694460680105,0.2304294032871493,0.26426905365988546,61.16467210227201,61.16467210227201,includes physical relaxation and prescribed receiver/RF phase; no arbitrary rephasing
c2f61773e212b874,heldout,high_low_permutation_alternating,instant_RF_exact_pathways,0.001,0.18132503537006567,0.5468393257539506,0.390823727204653,119.75424088721462,119.75424088721462,includes physical relaxation and prescribed receiver/RF phase; no arbitrary rephasing
c8b0375ed941e7f5,heldout,original,instant_RF_exact_pathways,0.001,0.1229449175834086,0.5468393257539506,0.4776589145202783,119.45166640740301,119.45166640740301,includes physical relaxation and prescribed receiver/RF phase; no arbitrary rephasing
ce51370231fadc72,heldout,weak_increasing_centering,instant_RF_exact_pathways,0.001,0.04436246306141943,0.22586290811960877,0.5223713735728777,48.81615466572849,48.81615466572849,includes physical relaxation and prescribed receiver/RF phase; no arbitrary rephasing
def2f99b610afccf,heldout,weak_increasing_centering,instant_RF_exact_pathways,0.001,0.0411901256492259,0.20965229373796623,0.5228078024648717,49.005275243251106,49.005275243251106,includes physical relaxation and prescribed receiver/RF phase; no arbitrary rephasing
ebd637ffadec4810,heldout,increasing_centering,instant_RF_exact_pathways,0.001,0.04281175297026464,0.22586290811960877,0.5210777034409247,47.6155051311773,47.6155051311773,includes physical relaxation and prescribed receiver/RF phase; no arbitrary rephasing
f797e2726ea524c8,heldout,increasing_alternating_centering,instant_RF_exact_pathways,0.001,0.17793152111778968,0.6095721085645806,0.40631992707466524,120.50949473825399,120.50949473825399,includes physical relaxation and prescribed receiver/RF phase; no arbitrary rephasing
04c4f982266dbaa6,robust,original,instant_RF_exact_pathways,0.001,0.03372458540180787,0.13203094093247952,0.4327744445694409,10.672903930850064,10.765738915246178,includes physical relaxation and prescribed receiver/RF phase; no arbitrary rephasing
0e89d3062629e8c5,robust,high_low_permutation_alternating,instant_RF_exact_pathways,0.001,0.026240551615239978,0.1601445272553896,0.6267100923221255,90.51687546461149,90.99200002744412,includes physical relaxation and prescribed receiver/RF phase; no arbitrary rephasing
1045df0afb8db713,robust,high_low_permutation_alternating,instant_RF_exact_pathways,0.001,0.02596799281972071,0.16055437185145946,0.629251630999763,1.7528536957056422,2.376504130119234,includes physical relaxation and prescribed receiver/RF phase; no arbitrary rephasing
106460ef1d52f185,robust,increasing_alternating_centering,instant_RF_exact_pathways,0.001,0.04503620328515258,0.20793430679853445,0.4794157220402886,89.99987129001451,89.99987129001451,includes physical relaxation and prescribed receiver/RF phase; no arbitrary rephasing
10faa8749de2bfe4,robust,increasing_alternating_centering,instant_RF_exact_pathways,0.001,0.007160533113593941,0.1463647768741332,0.9125329658444296,179.9997057395798,179.9997057395798,includes physical relaxation and prescribed receiver/RF phase; no arbitrary rephasing
14c4c1a0d78a06cb,robust,increasing_alternating_centering,instant_RF_exact_pathways,0.001,0.006148843860102325,0.14687197950404451,0.9422044033294706,179.43820134709097,357.1732432722477,includes physical relaxation and prescribed receiver/RF phase; no arbitrary rephasing
1c75861e2d46f338,robust,increasing_alternating_centering,instant_RF_exact_pathways,0.001,0.019197585168402555,0.1786207769624791,0.6875124314665113,90.25794369835667,90.25794369835667,includes physical relaxation and prescribed receiver/RF phase; no arbitrary rephasing
22c7168783cda100,robust,increasing_centering,instant_RF_exact_pathways,0.001,0.02527465461298855,0.1463647768741332,0.7286070128791857,179.99968943218698,179.99969740440193,includes physical relaxation and prescribed receiver/RF phase; no arbitrary rephasing
26c28023e86a14cb,robust,increasing_alternating_centering,instant_RF_exact_pathways,0.001,0.019419079515106005,0.17887683999786422,0.6756274967496173,2.795477724531674,2.795477724531674,includes physical relaxation and prescribed receiver/RF phase; no arbitrary rephasing
26cf4e6726d618ae,robust,increasing_alternating_centering,instant_RF_exact_pathways,0.001,0.006960727244003912,0.14709380704758254,0.8983508896650265,6.90262818769974,6.90262818769974,includes physical relaxation and prescribed receiver/RF phase; no arbitrary rephasing
2bf500a6679f66aa,robust,weak_increasing_centering,instant_RF_exact_pathways,0.001,0.04804242213763582,0.20793430686639502,0.4652990397286228,0.00011035489858630516,0.00011035489858630516,includes physical relaxation and prescribed receiver/RF phase; no arbitrary rephasing
2f69de2ef353755d,robust,increasing_centering,instant_RF_exact_pathways,0.001,0.028580304162867706,0.1787745968653144,0.6338931174641844,177.49372563984176,177.49372563984176,includes physical relaxation and prescribed receiver/RF phase; no arbitrary rephasing
2fec9aeb3c7f5618,robust,original,instant_RF_exact_pathways,0.001,0.03784602579968507,0.16055464220755597,0.4406299570961552,10.232598949849645,10.232598949849645,includes physical relaxation and prescribed receiver/RF phase; no arbitrary rephasing
303edba31b45020b,robust,weak_increasing_centering,instant_RF_exact_pathways,0.001,0.031105870662320557,0.17887683999786422,0.6112404288923318,22.093196979034623,22.093196979034623,includes physical relaxation and prescribed receiver/RF phase; no arbitrary rephasing
35c2cff4a43deb03,robust,weak_increasing_centering,instant_RF_exact_pathways,0.001,0.024757791709249775,0.17864022374867325,0.6424663262309471,89.11136064771748,89.11136064771748,includes physical relaxation and prescribed receiver/RF phase; no arbitrary rephasing
360f977cbbafdbe2,robust,increasing_centering,instant_RF_exact_pathways,0.001,0.03709586680190217,0.2056589792390247,0.5934025088190182,88.15319091255517,88.15319091255517,includes physical relaxation and prescribed receiver/RF phase; no arbitrary rephasing
39ee6e8fd7a8c8f4,robust,weak_increasing_centering,instant_RF_exact_pathways,0.001,0.0219330443637269,0.14658166188849484,0.736448536676031,88.05503199935596,88.61148721055584,includes physical relaxation and prescribed receiver/RF phase; no arbitrary rephasing
3ab1ab3ad36a0292,robust,high_low_permutation_alternating,instant_RF_exact_pathways,0.001,0.02618102936781744,0.16011115239681895,0.6280218550484183,90.2362782753729,90.63196947943753,includes physical relaxation and prescribed receiver/RF phase; no arbitrary rephasing
3c529e3b85494e79,robust,high_low_permutation_alternating,instant_RF_exact_pathways,0.001,0.025970099398723936,0.16055464220755597,0.6292171963658544,2.4382778344297638,2.8919967870141443,includes physical relaxation and prescribed receiver/RF phase; no arbitrary rephasing
3df3de4c900de6ed,robust,weak_increasing_centering,instant_RF_exact_pathways,0.001,0.023288557105849896,0.17855295662318357,0.6348059269889645,108.74196580937593,108.74196580937593,includes physical relaxation and prescribed receiver/RF phase; no arbitrary rephasing
3e29d8d6d3060739,robust,high_low_permutation_alternating,instant_RF_exact_pathways,0.001,0.019547094721180835,0.13164573895933665,0.755859808935051,179.48330349246194,356.6936358750246,includes physical relaxation and prescribed receiver/RF phase; no arbitrary rephasing
4765a2057437b802,robust,weak_increasing_centering,instant_RF_exact_pathways,0.001,0.048042423543910806,0.20793430679853445,0.46529903103389403,89.99987443654275,89.99987443654275,includes physical relaxation and prescribed receiver/RF phase; no arbitrary rephasing
4b6a1c0427c9ee6e,robust,high_low_permutation_alternating,instant_RF_exact_pathways,0.001,0.031182615132386817,0.18609042896248196,0.6299047772290665,90.95145965079011,90.95145965079011,includes physical relaxation and prescribed receiver/RF phase; no arbitrary rephasing
4ef5c61d4f2139f0,robust,increasing_alternating_centering,instant_RF_exact_pathways,0.001,0.018022274405073993,0.1787745968653144,0.7014685129231014,179.31641896937987,179.88779248268355,includes physical relaxation and prescribed receiver/RF phase; no arbitrary rephasing
4f353dd8114d1a14,robust,increasing_centering,instant_RF_exact_pathways,0.001,0.02498139619191527,0.14687197950404451,0.7056590761147751,175.2922797522459,175.2922797522459,includes physical relaxation and prescribed receiver/RF phase; no arbitrary rephasing
4f4ae033d4475486,robust,weak_increasing_centering,instant_RF_exact_pathways,0.001,0.025296008737077477,0.19063337874459635,0.6334998155157165,107.57244977121634,107.57244977121634,includes physical relaxation and prescribed receiver/RF phase; no arbitrary rephasing
5bb80d2afa0b0fcb,robust,high_low_permutation_alternating,instant_RF_exact_pathways,0.001,0.045037152752938764,0.18663396088449194,0.4782496564542402,179.9996958292107,179.9996958292107,includes physical relaxation and prescribed receiver/RF phase; no arbitrary rephasing
5be3c457204fc93a,robust,weak_increasing_centering,instant_RF_exact_pathways,0.001,0.02213907549578199,0.17853985638305092,0.6521431651621051,179.9996948487639,179.9996948487639,includes physical relaxation and prescribed receiver/RF phase; no arbitrary rephasing
5f4ca28c84e455cb,robust,high_low_permutation_alternating,instant_RF_exact_pathways,0.001,0.020340184259806746,0.13114371185936402,0.7113352298482924,96.84666678623604,96.84666678623604,includes physical relaxation and prescribed receiver/RF phase; no arbitrary rephasing
663ab00cc97c6b94,robust,increasing_centering,instant_RF_exact_pathways,0.001,0.024896533166597574,0.14709380704758254,0.6874345169448094,13.557793577341426,13.557793577341426,includes physical relaxation and prescribed receiver/RF phase; no arbitrary rephasing
66eeceebce0c0dc5,robust,increasing_centering,instant_RF_exact_pathways,0.001,0.04551226786238335,0.20793430679853445,0.4768871950072287,89.99987167835965,89.99987168966737,includes physical relaxation and prescribed receiver/RF phase; no arbitrary rephasing
691ca6f5a33e6a3d,robust,increasing_alternating_centering,instant_RF_exact_pathways,0.001,0.020860718228686972,0.2056589792390247,0.704614146929529,91.21072066873032,91.21072066873032,includes physical relaxation and prescribed receiver/RF phase; no arbitrary rephasing
6a13aa2bf37a0bee,robust,high_low_permutation_alternating,instant_RF_exact_pathways,0.001,0.028800585638228546,0.17184054528759854,0.6304427689033396,91.1075443299674,91.1075443299674,includes physical relaxation and prescribed receiver/RF phase; no arbitrary rephasing
6c18f2e6aa97e6f4,robust,high_low_permutation_alternating,instant_RF_exact_pathways,0.001,0.02624567547916178,0.15997223011302025,0.6279941806995835,179.99969642996672,179.99969794467535,includes physical relaxation and prescribed receiver/RF phase; no arbitrary rephasing
6dbcdd73f2e3d4b5,robust,increasing_centering,instant_RF_exact_pathways,0.001,0.029036334073634557,0.1786207769624791,0.6374744183668334,88.05255442602511,88.05255442602511,includes physical relaxation and prescribed receiver/RF phase; no arbitrary rephasing
6dc98e1b7cf9c57f,robust,increasing_centering,instant_RF_exact_pathways,0.001,0.030187449661499752,0.17887728333862657,0.6049826251099514,10.70584590215759,10.70584590215759,includes physical relaxation and prescribed receiver/RF phase; no arbitrary rephasing
713a709150dc0a38,robust,weak_increasing_centering,instant_RF_exact_pathways,0.001,0.09215354801206532,0.5576366983139631,0.598424715822743,97.76411692320585,97.76411692320585,includes physical relaxation and prescribed receiver/RF phase; no arbitrary rephasing
719c6f0361b0bb01,robust,original,instant_RF_exact_pathways,0.001,0.0266307178843783,0.13114371185936402,0.5412774717003735,86.81638237291631,86.81638237291631,includes physical relaxation and prescribed receiver/RF phase; no arbitrary rephasing
7411aab01ff2db8e,robust,increasing_centering,instant_RF_exact_pathways,0.001,0.045512267647332655,0.20793430686639502,0.4768871958728835,0.00011035489858630516,0.00011035489858630516,includes physical relaxation and prescribed receiver/RF phase; no arbitrary rephasing
75b4b222e2958b86,robust,original,instant_RF_exact_pathways,0.001,0.03627730267484825,0.159994498477996,0.5097065456395843,88.52721683178628,88.52721683178628,includes physical relaxation and prescribed receiver/RF phase; no arbitrary rephasing
76343b7238250131,robust,weak_increasing_centering,instant_RF_exact_pathways,0.001,0.030095331203238266,0.1787745968653144,0.6077585834857726,177.7257904993182,351.4725551308106,includes physical relaxation and prescribed receiver/RF phase; no arbitrary rephasing
7f41eaf4e3a2b17e,robust,high_low_permutation_alternating,instant_RF_exact_pathways,0.001,0.045037152791933446,0.1866339609333966,0.47824965564497585,89.9998713271977,89.9998713271977,includes physical relaxation and prescribed receiver/RF phase; no arbitrary rephasing
8554bdff87a8b03e,robust,increasing_centering,instant_RF_exact_pathways,0.001,0.03018692383741216,0.17887683999786422,0.6050547946822673,10.440127749119522,10.440127749119522,includes physical relaxation and prescribed receiver/RF phase; no arbitrary rephasing
89ff3e2539f9591f,robust,original,instant_RF_exact_pathways,0.001,0.01760558976969905,0.16037643085045428,0.7343072835134399,178.2567672140583,179.30947210685113,includes physical relaxation and prescribed receiver/RF phase; no arbitrary rephasing
8d042d3ee4d6430b,robust,increasing_centering,instant_RF_exact_pathways,0.001,0.0455122679513638,0.20793430677042551,0.4768871946491641,179.99969582921202,179.99969582921204,includes physical relaxation and prescribed receiver/RF phase; no arbitrary rephasing
8f3753bab9c5b853,robust,weak_increasing_centering,instant_RF_exact_pathways,0.001,0.025168029470474508,0.1786207769624791,0.6370708942990527,89.8935000845239,89.8935000845239,includes physical relaxation and prescribed receiver/RF phase; no arbitrary rephasing
916d90d38bd62f46,robust,increasing_alternating_centering,instant_RF_exact_pathways,0.001,0.019056772096788858,0.17853985638305092,0.6944753910438003,179.99969690607264,179.99969690607264,includes physical relaxation and prescribed receiver/RF phase; no arbitrary rephasing
94ef3e5bd0e3137d,robust,original,instant_RF_exact_pathways,0.001,0.038826841378341005,0.17184054528759854,0.5110910251651346,88.47805169444796,88.47805169444796,includes physical relaxation and prescribed receiver/RF phase; no arbitrary rephasing
975b0fab941a7d94,robust,increasing_alternating_centering,instant_RF_exact_pathways,0.001,0.007119895367957398,0.14658166188849484,0.9042170016462725,93.19305368835701,93.19305368835701,includes physical relaxation and prescribed receiver/RF phase; no arbitrary rephasing
99baf432440836dd,robust,weak_increasing_centering,instant_RF_exact_pathways,0.001,0.025101815345658376,0.14687197950404451,0.6825122655594527,178.29082479932288,340.0981068406731,includes physical relaxation and prescribed receiver/RF phase; no arbitrary rephasing
9d3dd210ecbf69eb,robust,weak_increasing_centering,instant_RF_exact_pathways,0.001,0.02608653147863584,0.14709380704758254,0.692209498435036,27.0883583938185,27.0883583938185,includes physical relaxation and prescribed receiver/RF phase; no arbitrary rephasing
a23ac295109998d2,robust,increasing_centering,instant_RF_exact_pathways,0.001,0.10464373007168248,0.5576366983139631,0.5879300087501673,86.43704668298878,86.43704668298878,includes physical relaxation and prescribed receiver/RF phase; no arbitrary rephasing
a285d48671d74d2d,robust,original,instant_RF_exact_pathways,0.001,0.0347136519626838,0.16011115239681895,0.5085943612201351,88.48614644793268,88.48614644793268,includes physical relaxation and prescribed receiver/RF phase; no arbitrary rephasing
a2d829f87f7bcf96,robust,weak_increasing_centering,instant_RF_exact_pathways,0.001,0.027873697408030144,0.2056589792390247,0.6316228014798081,106.34653687942804,106.34653687942804,includes physical relaxation and prescribed receiver/RF phase; no arbitrary rephasing
a44f55b7d768cc9b,robust,high_low_permutation_alternating,instant_RF_exact_pathways,0.001,0.02638363113619626,0.16037643085045428,0.6352830961536424,179.84004545469062,360.42727195651565,includes physical relaxation and prescribed receiver/RF phase; no arbitrary rephasing
a63ac7fe9681b596,robust,increasing_alternating_centering,instant_RF_exact_pathways,0.001,0.05658037344429986,0.5576366983139631,0.7037746895488202,89.51575002056904,89.51575002056904,includes physical relaxation and prescribed receiver/RF phase; no arbitrary rephasing
ac00f2fb408bee1a,robust,weak_increasing_centering,instant_RF_exact_pathways,0.001,0.0313286525987017,0.17887728333862657,0.6100216980661233,24.964255678071915,24.964255678071915,includes physical relaxation and prescribed receiver/RF phase; no arbitrary rephasing
b081bc0bf9916614,robust,increasing_alternating_centering,instant_RF_exact_pathways,0.001,0.018100215721470476,0.17855295662318357,0.7062168688748444,91.56540143475966,91.56540143475966,includes physical relaxation and prescribed receiver/RF phase; no arbitrary rephasing
b1b45f650042aed2,robust,increasing_centering,instant_RF_exact_pathways,0.001,0.02808637601240312,0.1785125223377237,0.6601547936886278,179.99968847376218,179.99968847376218,includes physical relaxation and prescribed receiver/RF phase; no arbitrary rephasing
bf68627e1269fdb9,robust,high_low_permutation_alternating,instant_RF_exact_pathways,0.001,0.02616234472288326,0.15992509038940247,0.6298552476902292,179.99969554926713,179.99969676614526,includes physical relaxation and prescribed receiver/RF phase; no arbitrary rephasing
bfffc11e4c74e0ed,robust,high_low_permutation_alternating,instant_RF_exact_pathways,0.001,0.04503715288600412,0.1866339610514625,0.47824965369172573,0.00011178872289207641,0.00011178872289207641,includes physical relaxation and prescribed receiver/RF phase; no arbitrary rephasing
c0c0ba7b1acc6aee,robust,original,instant_RF_exact_pathways,0.001,0.04963675550773804,0.1866339610514625,0.4472022413280835,0.00011046011695274597,0.0001107178083815779,includes physical relaxation and prescribed receiver/RF phase; no arbitrary rephasing
c0c5f8c181a0295d,robust,high_low_permutation_alternating,instant_RF_exact_pathways,0.001,0.08310190896628639,0.5111371233769958,0.632428440583016,90.05717759102839,90.27646300410491,includes physical relaxation and prescribed receiver/RF phase; no arbitrary rephasing
c38b9c93b24f46aa,robust,original,instant_RF_exact_pathways,0.001,0.003112536677063789,0.13164573895933665,0.9613945466926296,176.8110389526717,181.61665163909723,includes physical relaxation and prescribed receiver/RF phase; no arbitrary rephasing
c657803534b6a788,robust,high_low_permutation_alternating,instant_RF_exact_pathways,0.001,0.02061585107379981,0.13077014639702828,0.7047374309602109,179.9997197231974,179.9997197231974,includes physical relaxation and prescribed receiver/RF phase; no arbitrary rephasing
c9d079a0703500a4,robust,original,instant_RF_exact_pathways,0.001,0.04963675547742614,0.18663396088449194,0.44720224061451946,179.99969582921204,179.9996958292124,includes physical relaxation and prescribed receiver/RF phase; no arbitrary rephasing
d07be06221f3362d,robust,original,instant_RF_exact_pathways,0.001,0.11480038442313419,0.5111371233769958,0.5100949231343613,86.63763036104459,86.63763036104459,includes physical relaxation and prescribed receiver/RF phase; no arbitrary rephasing
d519a7ba692bdbd2,robust,original,instant_RF_exact_pathways,0.001,0.03463092443367963,0.1601445272553896,0.5087220298895649,88.40706306862312,88.40706306862312,includes physical relaxation and prescribed receiver/RF phase; no arbitrary rephasing
dab28f2513d68b31,robust,original,instant_RF_exact_pathways,0.001,0.03783901879692642,0.16055437185145946,0.44065077478038295,10.071344794160018,10.071344794160018,includes physical relaxation and prescribed receiver/RF phase; no arbitrary rephasing
dba43b61ecaa4539,robust,weak_increasing_centering,instant_RF_exact_pathways,0.001,0.048042424126507936,0.20793430677042551,0.4652990274319445,179.9996958292224,179.9996958292224,includes physical relaxation and prescribed receiver/RF phase; no arbitrary rephasing
e02c4c4b4c14093d,robust,original,instant_RF_exact_pathways,0.001,0.011244792574517546,0.15997223011302025,0.7439812591055104,179.99968982165603,179.99968982165603,includes physical relaxation and prescribed receiver/RF phase; no arbitrary rephasing
e525368e9dd6a0c4,robust,high_low_permutation_alternating,instant_RF_exact_pathways,0.001,0.01962689916058467,0.13203094093247952,0.7344983996578704,11.580403697779246,11.580403697779246,includes physical relaxation and prescribed receiver/RF phase; no arbitrary rephasing
e6b4112af172814d,robust,original,instant_RF_exact_pathways,0.001,0.042008310463293286,0.18609042896248196,0.5115093590872495,88.59491922188754,88.59491922188754,includes physical relaxation and prescribed receiver/RF phase; no arbitrary rephasing
e72b5cccff399f0f,robust,weak_increasing_centering,instant_RF_exact_pathways,0.001,0.020136555262810607,0.1463647768741332,0.752928102092864,179.9996927068565,179.9996927068565,includes physical relaxation and prescribed receiver/RF phase; no arbitrary rephasing
e819680ccb38ffc6,robust,increasing_alternating_centering,instant_RF_exact_pathways,0.001,0.045036203130391014,0.20793430677042551,0.4794157232623638,179.99969582921057,179.99969582921057,includes physical relaxation and prescribed receiver/RF phase; no arbitrary rephasing
e8d1a89b31b2ed5c,robust,weak_increasing_centering,instant_RF_exact_pathways,0.001,0.022909926554460603,0.1785125223377237,0.6434544433250263,179.9996977497207,179.9996977497207,includes physical relaxation and prescribed receiver/RF phase; no arbitrary rephasing
e91d00766e2473e9,robust,original,instant_RF_exact_pathways,0.001,0.0004545959556284091,0.13077014639702828,0.9962962975692023,179.99968373039556,179.99968373039556,includes physical relaxation and prescribed receiver/RF phase; no arbitrary rephasing
e929bb963fb40d55,robust,original,instant_RF_exact_pathways,0.001,0.04963675548952619,0.1866339609333966,0.4472022408064765,89.99987169426967,89.99987179438455,includes physical relaxation and prescribed receiver/RF phase; no arbitrary rephasing
ecd6f316f69cc490,robust,increasing_centering,instant_RF_exact_pathways,0.001,0.02806389474728474,0.17853985638305092,0.6612674784972324,179.99968801700297,179.99968801700297,includes physical relaxation and prescribed receiver/RF phase; no arbitrary rephasing
ef01b01f9e627d58,robust,increasing_alternating_centering,instant_RF_exact_pathways,0.001,0.04503620365866576,0.20793430686639502,0.4794157190906318,0.00011209806595955398,0.00011209806595955398,includes physical relaxation and prescribed receiver/RF phase; no arbitrary rephasing
f12252409849bb3e,robust,original,instant_RF_exact_pathways,0.001,0.011405241987724867,0.15992509038940247,0.7430853655292209,179.99969012551082,179.99969012551082,includes physical relaxation and prescribed receiver/RF phase; no arbitrary rephasing
f1e461e7c8f43e66,robust,increasing_alternating_centering,instant_RF_exact_pathways,0.001,0.018919499178171994,0.1785125223377237,0.6967167743790371,179.9996967836642,179.9996967836642,includes physical relaxation and prescribed receiver/RF phase; no arbitrary rephasing
f2008a8b8f8f5f47,robust,increasing_alternating_centering,instant_RF_exact_pathways,0.001,0.01930792732340508,0.19063337874459635,0.7061876594956294,91.39936557204103,91.39936557204103,includes physical relaxation and prescribed receiver/RF phase; no arbitrary rephasing
f3189c4f0c0e3813,robust,increasing_centering,instant_RF_exact_pathways,0.001,0.02522371389849695,0.14658166188849484,0.7093197784101476,89.18979006289169,90.954436163523,includes physical relaxation and prescribed receiver/RF phase; no arbitrary rephasing
f3b560fbf2bc11f9,robust,increasing_centering,instant_RF_exact_pathways,0.001,0.03275320302718983,0.17855295662318357,0.5894968876189941,87.91354152731488,87.91354152731488,includes physical relaxation and prescribed receiver/RF phase; no arbitrary rephasing
f8a97ab6b1631b0f,robust,increasing_centering,instant_RF_exact_pathways,0.001,0.03467537075647897,0.19063337874459635,0.5918063120456644,87.92369638815401,87.92369638815401,includes physical relaxation and prescribed receiver/RF phase; no arbitrary rephasing
fb20ee98ac8f1175,robust,increasing_alternating_centering,instant_RF_exact_pathways,0.001,0.019293891907348974,0.17864022374867325,0.6859971256275776,90.29067642366888,90.29067642366888,includes physical relaxation and prescribed receiver/RF phase; no arbitrary rephasing
fb4707b66a1b2259,robust,increasing_alternating_centering,instant_RF_exact_pathways,0.001,0.019420884851647467,0.17887728333862657,0.6756486420116911,2.3650520758307643,2.3650520758307643,includes physical relaxation and prescribed receiver/RF phase; no arbitrary rephasing
fc5eb0f871ebf8f3,robust,high_low_permutation_alternating,instant_RF_exact_pathways,0.001,0.02691729691218092,0.159994498477996,0.6295282547070646,91.21035042416811,91.21035042416811,includes physical relaxation and prescribed receiver/RF phase; no arbitrary rephasing
fe4b4783dfb7ed77,robust,increasing_centering,instant_RF_exact_pathways,0.001,0.029021126522611036,0.17864022374867325,0.6381378552502962,87.93446326965402,87.93446326965402,includes physical relaxation and prescribed receiver/RF phase; no arbitrary rephasing
00aec6b40892f37b,screen,increasing,instant_RF_exact_pathways,0.0,0.1566583925936393,0.5717088319203254,0.438200893598434,179.99969582921116,179.99969582921116,includes physical relaxation and prescribed receiver/RF phase; no arbitrary rephasing
00effc5f78998a0e,screen,original_duration500,instant_RF_exact_pathways,0.001,0.04975855749960456,0.18663396088449194,0.4464609815249264,179.99969582921204,179.9996958292124,includes physical relaxation and prescribed receiver/RF phase; no arbitrary rephasing
011c5913d4385c05,screen,increasing_centering_taper,instant_RF_exact_pathways,0.001,0.038034875770324036,0.20793430677042551,0.5112698094152237,179.99969582921162,179.99969582921162,includes physical relaxation and prescribed receiver/RF phase; no arbitrary rephasing
0196ce70f709f9fd,screen,ramp_modulated,instant_RF_exact_pathways,0.001,0.04683149915409756,0.1866339610514625,0.4578823669956759,0.00011046011695274597,0.00011046011695274597,includes physical relaxation and prescribed receiver/RF phase; no arbitrary rephasing
0219e9ef91ce40fa,screen,inc_alt_center_flip160,instant_RF_exact_pathways,0.001,0.03514822867809689,0.2016653596601272,0.5420092875571487,0.144227690720464,0.144227690720464,includes physical relaxation and prescribed receiver/RF phase; no arbitrary rephasing
02c68f228ecc2d5a,screen,weak_increasing_alternating_centering,instant_RF_exact_pathways,0.0,0.06547122502999142,0.54726944031104,0.6573487803024093,179.9997158714791,179.9997158714791,includes physical relaxation and prescribed receiver/RF phase; no arbitrary rephasing
02dbce8227e06709,screen,inc_alt_center_rf180,instant_RF_exact_pathways,0.001,0.04503620307233463,0.20793430677042551,0.47941572284135503,179.99998633962156,359.99970948958844,includes physical relaxation and prescribed receiver/RF phase; no arbitrary rephasing
030b38d597d96a27,screen,quadratic,instant_RF_exact_pathways,0.001,0.04668363013127395,0.18663396088449194,0.4582485449676877,179.9996958292113,179.9996958292115,includes physical relaxation and prescribed receiver/RF phase; no arbitrary rephasing
03af4a55ab043f01,screen,original_taper,instant_RF_exact_pathways,0.0,0.14955108389517976,0.5717088321694999,0.44233987818823084,0.002265437741421185,0.005396608051163435,includes physical relaxation and prescribed receiver/RF phase; no arbitrary rephasing
03f52249a19488c6,screen,high_low,instant_RF_exact_pathways,0.001,0.044179258448869455,0.18663396088449194,0.478725238139536,179.9996958292109,179.9996958292109,includes physical relaxation and prescribed receiver/RF phase; no arbitrary rephasing
04655155842d8019,screen,inc_alt_center_flip_train,instant_RF_exact_pathways,0.001,0.008434605613891205,0.17887683999786422,0.9036619623991873,4.725584496824784,4.87000091222805,includes physical relaxation and prescribed receiver/RF phase; no arbitrary rephasing
04df3fadb118f4ce,screen,inc_alt_center_duration500,instant_RF_exact_pathways,0.001,0.04565117673595718,0.20793430686639502,0.4762654244577689,0.00011207370785016863,0.00011207370785016863,includes physical relaxation and prescribed receiver/RF phase; no arbitrary rephasing
050b636925319389,screen,irregular_seeded,instant_RF_exact_pathways,0.0,0.15665839249422545,0.5717088321694999,0.43820065373284417,0.0001112176690194174,0.0001112176690194174,includes physical relaxation and prescribed receiver/RF phase; no arbitrary rephasing
05410188a3b00917,screen,irregular_seeded,instant_RF_exact_pathways,0.0,0.15665839158356842,0.5717088319203254,0.43820065496301647,179.999695829211,179.999695829211,includes physical relaxation and prescribed receiver/RF phase; no arbitrary rephasing
05728cfcd73c53d4,screen,inc_alt_rf90_exploratory,instant_RF_exact_pathways,0.001,0.020284764025233396,0.15992509038940247,0.6601996446394123,178.39608872595295,542.3308460338995,includes physical relaxation and prescribed receiver/RF phase; no arbitrary rephasing
06a4eabf69db460a,screen,increasing_centering_rf90_exploratory,instant_RF_exact_pathways,0.001,0.04551226767979798,0.20793430686639502,0.47688719517758055,179.99970952567713,719.9985057917602,includes physical relaxation and prescribed receiver/RF phase; no arbitrary rephasing
06d08fd0ddc662cf,screen,high_low_alternating,instant_RF_exact_pathways,0.0,0.007048114607114506,0.4908112020452584,0.9882664452462006,179.99969510258677,179.99969510258677,includes physical relaxation and prescribed receiver/RF phase; no arbitrary rephasing
07631bd538a3e180,screen,increasing_centering_rf180,instant_RF_exact_pathways,0.001,0.04551226764703001,0.20793430686639502,0.47688719587439055,0.002147290218167962,0.002147290218167962,includes physical relaxation and prescribed receiver/RF phase; no arbitrary rephasing
0a624334c6ac66b8,screen,original_rf90_exploratory,instant_RF_exact_pathways,0.0,0.15665840660236208,0.5717088319203254,0.43820086046811096,179.99889372189952,540.00190893636,includes physical relaxation and prescribed receiver/RF phase; no arbitrary rephasing
0b79749664777b63,screen,inc_alt_center_duration500,instant_RF_exact_pathways,0.001,0.04565117621135492,0.20793430677042551,0.47626542858458326,179.99969582921057,179.99969582921057,includes physical relaxation and prescribed receiver/RF phase; no arbitrary rephasing
0bd044d85a5452d1,screen,irregular_energy_matched,instant_RF_exact_pathways,0.001,0.045476373937082135,0.18663396088449194,0.47482636678561213,179.99969582921162,179.99969582921162,includes physical relaxation and prescribed receiver/RF phase; no arbitrary rephasing
0c26471e5bbe9498,screen,inc_alt_center_flip160,instant_RF_exact_pathways,0.001,0.008421235313795291,0.15976201495273112,0.8705931444539636,3.9258026219226387,3.9258026219226387,includes physical relaxation and prescribed receiver/RF phase; no arbitrary rephasing
0c703bf447dfa8af,screen,original_flip160,instant_RF_exact_pathways,0.0,0.04078474571195946,0.5544265514032402,0.8096635132356095,179.99969585173136,179.99969585173136,includes physical relaxation and prescribed receiver/RF phase; no arbitrary rephasing
0e8c391f4789f8dd,screen,geometric,instant_RF_exact_pathways,0.0,0.15665839492220165,0.5717088321694999,0.43820093418878897,0.00011059936300418821,0.00011059936300418821,includes physical relaxation and prescribed receiver/RF phase; no arbitrary rephasing
100f66c11d5687ba,screen,increasing_rf90_exploratory,instant_RF_exact_pathways,0.0,0.15665839258167494,0.5717088319203254,0.43820089351410796,179.9988937212323,540.001908811059,includes physical relaxation and prescribed receiver/RF phase; no arbitrary rephasing
1195436f4754eb63,screen,original_taper,instant_RF_exact_pathways,0.0,0.013996270355355011,0.4908112020452584,0.8827873698449031,179.9996938723752,179.9996938723752,includes physical relaxation and prescribed receiver/RF phase; no arbitrary rephasing
1384f436617fa9dd,screen,high_low_alternating,instant_RF_exact_pathways,0.0,0.15665838298017867,0.5717088319203254,0.4382012624727822,179.99969582921082,179.99969582921082,includes physical relaxation and prescribed receiver/RF phase; no arbitrary rephasing
146dcb8630cc1eca,screen,alternating,instant_RF_exact_pathways,0.001,0.0024991282288771024,0.15992509038940247,0.9897631814196248,179.99989242023975,179.99989242023975,includes physical relaxation and prescribed receiver/RF phase; no arbitrary rephasing
149f1c309e221623,screen,inc_alt_center_flip_train,instant_RF_exact_pathways,0.0,0.11610928835093912,0.6368838359288833,0.5505504621008079,0.06278318374063899,0.06278318374063899,includes physical relaxation and prescribed receiver/RF phase; no arbitrary rephasing
152b84623ee378c7,screen,high_low_energy_matched,instant_RF_exact_pathways,0.001,0.0015625019793606403,0.16055437185145946,1.0007064637172556,110.02346191199939,175.18465503868876,includes physical relaxation and prescribed receiver/RF phase; no arbitrary rephasing
15448a865a98cdd4,screen,original_rf90_exploratory,instant_RF_exact_pathways,0.001,0.03823494583349243,0.15992509038940247,0.4577700431045766,176.86910918194891,184.12084420914653,includes physical relaxation and prescribed receiver/RF phase; no arbitrary rephasing
171194baafd6fd75,screen,increasing_rf90_exploratory,instant_RF_exact_pathways,0.0,0.1566583923686779,0.5717088321694999,0.43820089370168425,179.99970951893056,719.9985059574282,includes physical relaxation and prescribed receiver/RF phase; no arbitrary rephasing
190eb7943ef2e915,screen,high_low_permutation_alternating,instant_RF_exact_pathways,0.0,0.0995366089916659,0.4918741430933228,0.5715996527570771,0.6292116200054338,0.7015769855393075,includes physical relaxation and prescribed receiver/RF phase; no arbitrary rephasing
198a25bb76f638b4,screen,high_low,instant_RF_exact_pathways,0.001,0.0013338879638465876,0.16055437185145946,1.002184838676436,172.3440929747753,223.83228764804974,includes physical relaxation and prescribed receiver/RF phase; no arbitrary rephasing
1abf2aec5e4c9f97,screen,inc_alt_center_flip160,instant_RF_exact_pathways,0.001,0.008547657935319624,0.15926859099379725,0.8872350587426715,179.99969855565195,179.99969855565195,includes physical relaxation and prescribed receiver/RF phase; no arbitrary rephasing
1ad912218d97e7ca,screen,weak_increasing_alternating_centering,instant_RF_exact_pathways,0.001,0.019640240456067597,0.1785125223377237,0.6632545865337799,179.99972210183049,179.99972210183049,includes physical relaxation and prescribed receiver/RF phase; no arbitrary rephasing
1b66021583cc4b23,screen,high_low_permutation,instant_RF_exact_pathways,0.0,0.0716430818541339,0.4918741430933228,0.6436296516354534,3.210593616991195,3.210593616991195,includes physical relaxation and prescribed receiver/RF phase; no arbitrary rephasing
1b9c699014053264,screen,high_low_permutation,instant_RF_exact_pathways,0.001,0.04547876124412041,0.1866339610514625,0.4758494958154494,0.00011046011695274597,0.00011046011695274597,includes physical relaxation and prescribed receiver/RF phase; no arbitrary rephasing
1be3e311d6a16738,screen,inc_alt_center_rf180,instant_RF_exact_pathways,0.0,0.15665839168032708,0.6368838359288833,0.4486945802003905,0.0021447107690444416,0.0021447107690444416,includes physical relaxation and prescribed receiver/RF phase; no arbitrary rephasing
1e0e3da3e81bf9ad,screen,alternating_centering,instant_RF_exact_pathways,0.001,0.002563130322518972,0.1785125223377237,0.9959962620271677,179.9999103482305,179.9999103482305,includes physical relaxation and prescribed receiver/RF phase; no arbitrary rephasing
1e1a42e9cfa7b857,screen,increasing_taper,instant_RF_exact_pathways,0.0,0.0967006484499129,0.4908112020452584,0.6154168949757066,179.99969432721662,179.99970724421127,includes physical relaxation and prescribed receiver/RF phase; no arbitrary rephasing
22d5cd97d64a4895,screen,increasing_centering_taper,instant_RF_exact_pathways,0.001,0.03895830382087655,0.20793430686639502,0.507609913217453,0.006210430654252987,0.020143482073336102,includes physical relaxation and prescribed receiver/RF phase; no arbitrary rephasing
23523d7c0b208f24,screen,original_flip160,instant_RF_exact_pathways,0.001,0.007306442686447642,0.14254965990695503,0.9343149154175575,179.99968859368025,179.99968859368025,includes physical relaxation and prescribed receiver/RF phase; no arbitrary rephasing
2354eecefca9f7ab,screen,original_rf90_exploratory,instant_RF_exact_pathways,0.0,0.11693394795618077,0.4908112020452584,0.45825507382227265,176.19992687440066,181.13570908240652,includes physical relaxation and prescribed receiver/RF phase; no arbitrary rephasing
2395a6a224d9ee1e,screen,inc_alt_center_rf90_exploratory,instant_RF_exact_pathways,0.0,0.06893326189433917,0.54726944031104,0.6480408482237633,179.06470851062787,541.758669640666,includes physical relaxation and prescribed receiver/RF phase; no arbitrary rephasing
256d1462dbfabf3d,screen,alternating,instant_RF_exact_pathways,0.0,0.011199626853985937,0.4908112020452584,0.9753906663865151,179.99969539987757,179.99969539987757,includes physical relaxation and prescribed receiver/RF phase; no arbitrary rephasing
25f7bc0cb2b25c85,screen,decreasing,instant_RF_exact_pathways,0.0,0.09804592069405238,0.4908112020452584,0.5851316931642708,179.99969493671261,179.99969493671261,includes physical relaxation and prescribed receiver/RF phase; no arbitrary rephasing
26d46db38eb13650,screen,irregular_energy_matched,instant_RF_exact_pathways,0.001,0.007900211419183066,0.15992509038940247,0.7208140313766854,179.9996924683343,179.9996924683343,includes physical relaxation and prescribed receiver/RF phase; no arbitrary rephasing
28c73c882c30eef7,screen,increasing_centering_rf90_exploratory,instant_RF_exact_pathways,0.0,0.10637896053710029,0.54726944031104,0.5721365611347973,179.86520385704566,361.8063602844947,includes physical relaxation and prescribed receiver/RF phase; no arbitrary rephasing
2963642ef30706b0,screen,inc_alt_rf180,instant_RF_exact_pathways,0.0,0.1566583902682862,0.5717088321694999,0.4382008971707579,0.002144713424334367,0.002144713424334367,includes physical relaxation and prescribed receiver/RF phase; no arbitrary rephasing
2985dd920c1757b2,screen,increasing_centering,instant_RF_exact_pathways,0.001,0.045512267647332655,0.20793430686639502,0.4768871958728835,0.00011035489858630516,0.00011035489858630516,includes physical relaxation and prescribed receiver/RF phase; no arbitrary rephasing
29d46234da238b9a,screen,high_low_alternating,instant_RF_exact_pathways,0.001,0.04327262765644729,0.1866339610514625,0.48433790440299823,0.00011418859733776597,0.00011418859733776597,includes physical relaxation and prescribed receiver/RF phase; no arbitrary rephasing
2b8e189f4db213db,screen,quadratic,instant_RF_exact_pathways,0.0,0.1566583963441744,0.5717088321694999,0.43820094434267143,0.00011087673506217836,0.00011089461315373866,includes physical relaxation and prescribed receiver/RF phase; no arbitrary rephasing
2baa7004b1aaf398,screen,original_duration500,instant_RF_exact_pathways,0.0,0.15665840572906448,0.5717088321694999,0.4382008606283625,0.00011059931908253117,0.00011069346077530958,includes physical relaxation and prescribed receiver/RF phase; no arbitrary rephasing
2e04d1ad8fc197da,screen,high_low_alternating,instant_RF_exact_pathways,0.001,0.04327262621755841,0.18663396088449194,0.484337913295556,179.99969582921082,179.99969582921082,includes physical relaxation and prescribed receiver/RF phase; no arbitrary rephasing
2f584f4ccb1b9106,screen,geometric,instant_RF_exact_pathways,0.001,0.04626236598138728,0.1866339610514625,0.461287637770075,0.00011046011695274597,0.00011046011695274597,includes physical relaxation and prescribed receiver/RF phase; no arbitrary rephasing
2f95b76ba57e675a,screen,high_low_permutation,instant_RF_exact_pathways,0.0,0.06012976670332623,0.4908112020452584,0.68550481090644,179.9996938723752,179.9996938723752,includes physical relaxation and prescribed receiver/RF phase; no arbitrary rephasing
30bf60803ea49569,screen,original_rf90_exploratory,instant_RF_exact_pathways,0.0,0.11481189521700322,0.4918741430933228,0.46238366853934687,179.927019242823,179.927019242823,includes physical relaxation and prescribed receiver/RF phase; no arbitrary rephasing
30de67cf8a804ee9,screen,inc_alt_center_rf90_exploratory,instant_RF_exact_pathways,0.0,0.15665839158164385,0.6368838359288833,0.4486945802742055,179.99970951572104,719.9985059500012,includes physical relaxation and prescribed receiver/RF phase; no arbitrary rephasing
318585fdc5d8ff70,screen,centering,instant_RF_exact_pathways,0.0,0.13303130068430735,0.5479395279897853,0.44399930127961224,3.641104040817758,3.641104040817758,includes physical relaxation and prescribed receiver/RF phase; no arbitrary rephasing
320902b907b357d6,screen,increasing_centering_taper,instant_RF_exact_pathways,0.0,0.09999711543597647,0.54726944031104,0.6389573198974462,179.9996933583538,179.99969579256916,includes physical relaxation and prescribed receiver/RF phase; no arbitrary rephasing
32a6b96ebb048a7e,screen,inc_alt_center_rf180,instant_RF_exact_pathways,0.001,0.04503620365846411,0.20793430686639502,0.47941571909193054,0.0021456328577977675,0.0021456328577977675,includes physical relaxation and prescribed receiver/RF phase; no arbitrary rephasing
34a8cbb9e1e3dcbd,screen,irregular_seeded,instant_RF_exact_pathways,0.001,0.0077879779913052095,0.15992509038940247,0.7231205450297965,179.99969163298059,179.99969163298059,includes physical relaxation and prescribed receiver/RF phase; no arbitrary rephasing
3600d50f0b6edab6,screen,weak_increasing_alternating_centering,instant_RF_exact_pathways,0.001,0.018755082364192713,0.17887683999786422,0.6964246385092175,6.501704721872511,6.501704721872511,includes physical relaxation and prescribed receiver/RF phase; no arbitrary rephasing
3761a034c5aaa9b9,screen,inc_alt_rf90_exploratory,instant_RF_exact_pathways,0.0,0.15665839047982222,0.5717088319203254,0.4382008967620235,179.99889346132898,540.0019088456935,includes physical relaxation and prescribed receiver/RF phase; no arbitrary rephasing
380367e30887f73b,screen,high_low_permutation,instant_RF_exact_pathways,0.001,0.017528363465562264,0.15992509038940247,0.7354094944240093,179.99969012551082,179.99969012551082,includes physical relaxation and prescribed receiver/RF phase; no arbitrary rephasing
38527e7ed802eca9,screen,irregular_energy_matched,instant_RF_exact_pathways,0.0,0.1566583922352117,0.5717088321694999,0.43820114861588294,0.00011125813473663282,0.00011125813473663282,includes physical relaxation and prescribed receiver/RF phase; no arbitrary rephasing
39198a327ae6c017,screen,irregular_energy_matched,instant_RF_exact_pathways,0.0,0.1566583912311627,0.5717088319203254,0.43820114984180036,179.99969582921105,179.99969582921105,includes physical relaxation and prescribed receiver/RF phase; no arbitrary rephasing
3932aa7cea0e8390,screen,high_low,instant_RF_exact_pathways,0.0,0.15665838646336305,0.5717088319203254,0.4382012563724365,179.99969582921082,179.99969582921082,includes physical relaxation and prescribed receiver/RF phase; no arbitrary rephasing
3b0c7b2b31b6deb7,screen,inc_alt_center_rf90_exploratory,instant_RF_exact_pathways,0.001,0.04503620386957404,0.20793430677042551,0.4794157177352955,179.9988933722148,540.0019089278302,includes physical relaxation and prescribed receiver/RF phase; no arbitrary rephasing
3b3c9cf548fff5bb,screen,ramp_modulated,instant_RF_exact_pathways,0.0,0.12792304524139195,0.4918741430933228,0.4307143147461995,7.0569172587088405,8.146761235032914,includes physical relaxation and prescribed receiver/RF phase; no arbitrary rephasing
3d03442803cebe0e,screen,increasing_taper,instant_RF_exact_pathways,0.0,0.09671208647873251,0.4918741430933228,0.6068847502527975,4.16807506114138,4.16807506114138,includes physical relaxation and prescribed receiver/RF phase; no arbitrary rephasing
3d868b9bcf59fea3,screen,original_flip_train,instant_RF_exact_pathways,0.001,0.046886921338988405,0.1866339610514625,0.443303164082473,0.02662824825572837,0.08171276677819979,includes physical relaxation and prescribed receiver/RF phase; no arbitrary rephasing
3df659b371ea9be3,screen,ramp_modulated,instant_RF_exact_pathways,0.001,0.046831499613676976,0.18663396088449194,0.4578823648522147,179.99969582921355,179.99969582921403,includes physical relaxation and prescribed receiver/RF phase; no arbitrary rephasing
40479392cac7839d,screen,increasing_rf90_exploratory,instant_RF_exact_pathways,0.0,0.10352500190356857,0.4918741430933228,0.56116601798867,179.927019242823,534.3398589979045,includes physical relaxation and prescribed receiver/RF phase; no arbitrary rephasing
413c2512c057d2f2,screen,high_low,instant_RF_exact_pathways,0.0,0.006087541933219359,0.4908112020452584,0.9878822331084536,179.99969493671261,179.999715765901,includes physical relaxation and prescribed receiver/RF phase; no arbitrary rephasing
42bab1bd40be3f05,screen,increasing_centering_rf180,instant_RF_exact_pathways,0.0,0.10709686277503752,0.54726944031104,0.5679558152746262,179.99998589187012,359.9997090592877,includes physical relaxation and prescribed receiver/RF phase; no arbitrary rephasing
4337bc2212ca90a1,screen,inc_alt_rf90_exploratory,instant_RF_exact_pathways,0.001,0.044908272604181794,0.1866339610514625,0.4696463874705852,179.99970954406035,719.9985058062973,includes physical relaxation and prescribed receiver/RF phase; no arbitrary rephasing
436f6be90e0ea2a6,screen,increasing_taper,instant_RF_exact_pathways,0.001,0.02679295276451751,0.15992509038940247,0.6532152938640372,179.99969012551082,179.9997138428326,includes physical relaxation and prescribed receiver/RF phase; no arbitrary rephasing
438901fe9f945783,screen,inc_alt_center_flip_train,instant_RF_exact_pathways,0.001,0.033124835022142016,0.20793430686639502,0.5798336328426451,0.1875985997198368,0.1875985997198368,includes physical relaxation and prescribed receiver/RF phase; no arbitrary rephasing
43e153756210555e,screen,alternating_centering,instant_RF_exact_pathways,0.0,0.15665840616603338,0.6368838359288833,0.4486945594609252,0.00011215812203253792,0.00011215812203253792,includes physical relaxation and prescribed receiver/RF phase; no arbitrary rephasing
45c9ce91218994da,screen,increasing_rf180,instant_RF_exact_pathways,0.0,0.1566583923703656,0.5717088321694999,0.4382008939233813,0.002145321615957892,0.002145321615957892,includes physical relaxation and prescribed receiver/RF phase; no arbitrary rephasing
46088acf223fa9ad,screen,inc_alt_center_flip160,instant_RF_exact_pathways,0.0,0.12302334311242796,0.6177015124874357,0.5117134013008335,0.05127857593993337,0.05127857593993337,includes physical relaxation and prescribed receiver/RF phase; no arbitrary rephasing
46a54dfba95fa60f,screen,increasing,instant_RF_exact_pathways,0.001,0.045514858674592075,0.1866339610514625,0.46649211279845176,0.00011046011695274597,0.00011051077720026275,includes physical relaxation and prescribed receiver/RF phase; no arbitrary rephasing
46f39b7ffab58679,screen,increasing_centering_taper,instant_RF_exact_pathways,0.0,0.13401165949686877,0.6368838359288833,0.48080622158792435,0.0018342388581072523,0.005496500989348903,includes physical relaxation and prescribed receiver/RF phase; no arbitrary rephasing
4a07eef78baad686,screen,alternating_centering,instant_RF_exact_pathways,0.001,0.04940593868416002,0.20793430686639502,0.459167730030246,0.00011517774809231413,0.00011517774809231413,includes physical relaxation and prescribed receiver/RF phase; no arbitrary rephasing
4ac8fdf11834b77e,screen,weak_increasing_alternating_centering,instant_RF_exact_pathways,0.0,0.061490374333075325,0.5479395279897853,0.6818337218259243,2.0264016408974554,2.0264016408974554,includes physical relaxation and prescribed receiver/RF phase; no arbitrary rephasing
4bd8f5f5816ce208,screen,increasing_centering,instant_RF_exact_pathways,0.001,0.0455122679513638,0.20793430677042551,0.4768871946491641,179.99969582921202,179.99969582921204,includes physical relaxation and prescribed receiver/RF phase; no arbitrary rephasing
4c169ccf1f2e1db1,screen,original_rf180,instant_RF_exact_pathways,0.0,0.15665840240944875,0.5717088319203254,0.4382008674434008,179.99998633962156,359.9997094895889,includes physical relaxation and prescribed receiver/RF phase; no arbitrary rephasing
4c21390a89f5cf3c,screen,inc_alt_center_rf90_exploratory,instant_RF_exact_pathways,0.0,0.06844531233924563,0.5479395279897853,0.6506786906449248,179.87348215321018,359.413048492667,includes physical relaxation and prescribed receiver/RF phase; no arbitrary rephasing
4ccaa26eb4d092a7,screen,weak_increasing_centering,instant_RF_exact_pathways,0.0,0.09314419770851597,0.54726944031104,0.5963474070764714,179.99970219033176,179.99970219033176,includes physical relaxation and prescribed receiver/RF phase; no arbitrary rephasing
4f0885f4e5bb4a1a,screen,increasing_centering_taper,instant_RF_exact_pathways,0.0,0.13092561000617137,0.6368838357851905,0.48455731845529304,179.99969582921105,179.99969582921105,includes physical relaxation and prescribed receiver/RF phase; no arbitrary rephasing
5130233fbc03ec12,screen,quadratic,instant_RF_exact_pathways,0.001,0.008305012274973078,0.15992509038940247,0.8504045327862457,179.99969012551082,179.99969012551082,includes physical relaxation and prescribed receiver/RF phase; no arbitrary rephasing
5132963750a783e7,screen,inc_alt_center_rf180,instant_RF_exact_pathways,0.0,0.06526466032674105,0.54726944031104,0.6642774067841075,179.99998598512587,359.99970781601854,includes physical relaxation and prescribed receiver/RF phase; no arbitrary rephasing
521026b7bd03fc8d,screen,high_low_permutation,instant_RF_exact_pathways,0.001,0.020781646500959778,0.16055437185145946,0.6788463530982111,9.043084974602978,9.043084974602978,includes physical relaxation and prescribed receiver/RF phase; no arbitrary rephasing
52e68da475330929,screen,original_rf180,instant_RF_exact_pathways,0.0,0.06341835887604372,0.4918741430933228,0.7379089937939238,179.29022486694384,180.77555750906564,includes physical relaxation and prescribed receiver/RF phase; no arbitrary rephasing
550ed31523c5f6bc,screen,increasing_rf90_exploratory,instant_RF_exact_pathways,0.001,0.03471170021193154,0.15992509038940247,0.5570483641772641,175.46034652523795,362.42965545152146,includes physical relaxation and prescribed receiver/RF phase; no arbitrary rephasing
55a23d9035847580,screen,increasing_centering_rf180,instant_RF_exact_pathways,0.001,0.03508454336445617,0.1785125223377237,0.562410100438397,179.9999860396518,359.9997053344849,includes physical relaxation and prescribed receiver/RF phase; no arbitrary rephasing
574290f3a6a0332d,screen,increasing_centering,instant_RF_exact_pathways,0.001,0.02808637601240312,0.1785125223377237,0.6601547936886278,179.99968847376218,179.99968847376218,includes physical relaxation and prescribed receiver/RF phase; no arbitrary rephasing
58d750c4f7d41e78,screen,increasing_alternating_centering,instant_RF_exact_pathways,0.0,0.06548202871327181,0.54726944031104,0.6664092732539448,179.99969589431612,179.99969589431612,includes physical relaxation and prescribed receiver/RF phase; no arbitrary rephasing
5a47c635a5ca0c1f,screen,original_taper,instant_RF_exact_pathways,0.0,0.12871213807974652,0.4918741430933228,0.4310897871158864,3.23317890664082,3.23317890664082,includes physical relaxation and prescribed receiver/RF phase; no arbitrary rephasing
5b77a80425393cca,screen,geometric,instant_RF_exact_pathways,0.0,0.15665839611053115,0.5717088319203254,0.4382009324000617,179.99969582921256,179.99969582921258,includes physical relaxation and prescribed receiver/RF phase; no arbitrary rephasing
5cf3aa0c813a6abd,screen,increasing_centering,instant_RF_exact_pathways,0.0,0.09706460288255078,0.54726944031104,0.6123330784766043,179.9996933583538,179.9996933583538,includes physical relaxation and prescribed receiver/RF phase; no arbitrary rephasing
5e92e7b1865ec841,screen,geometric,instant_RF_exact_pathways,0.001,0.019076538822107417,0.15992509038940247,0.6635087476727007,179.9997483645964,179.9997483645964,includes physical relaxation and prescribed receiver/RF phase; no arbitrary rephasing
5eb0d175e0930904,screen,ramp_modulated,instant_RF_exact_pathways,0.0,0.15665839684320315,0.5717088321694999,0.43820085265369546,0.00011059936300418821,0.00011060312535312897,includes physical relaxation and prescribed receiver/RF phase; no arbitrary rephasing
5eb39248247fd3d4,screen,ramp_modulated,instant_RF_exact_pathways,0.0,0.15665839733551132,0.5717088319203254,0.43820085198674197,179.99969582921162,179.99969582921182,includes physical relaxation and prescribed receiver/RF phase; no arbitrary rephasing
602fb6525e4ed347,screen,inc_alt_center_flip_train,instant_RF_exact_pathways,0.001,0.00852946849747084,0.1785125223377237,0.9212412668291069,179.99970002562617,179.99970002562617,includes physical relaxation and prescribed receiver/RF phase; no arbitrary rephasing
6041cb2d5ebb5377,screen,alternating_centering,instant_RF_exact_pathways,0.0,0.15665840399222833,0.6368838357851905,0.44869456338310243,179.9996958292107,179.9996958292107,includes physical relaxation and prescribed receiver/RF phase; no arbitrary rephasing
60bd0e68b7032ea1,screen,high_low_permutation,instant_RF_exact_pathways,0.001,0.04547876191292882,0.18663396088449194,0.47584949152255457,179.99969582921472,179.99969582921472,includes physical relaxation and prescribed receiver/RF phase; no arbitrary rephasing
60fdedc0ad8fa545,screen,inc_alt_center_duration500,instant_RF_exact_pathways,0.0,0.06869777497941958,0.5479395279897853,0.6471848215395523,1.0359764971249248,1.0359764971249248,includes physical relaxation and prescribed receiver/RF phase; no arbitrary rephasing
619adfb10f138b95,screen,original_rf90_exploratory,instant_RF_exact_pathways,0.0,0.15665840561361102,0.5717088321694999,0.4382008610556975,179.99970951893056,719.9985057989816,includes physical relaxation and prescribed receiver/RF phase; no arbitrary rephasing
61f42f154c14c665,screen,increasing_centering_rf180,instant_RF_exact_pathways,0.0,0.15665839332760556,0.6368838359288833,0.4486945775951306,0.0021453404802540895,0.0021453404802540895,includes physical relaxation and prescribed receiver/RF phase; no arbitrary rephasing
61fcabbba049f77e,screen,original_taper,instant_RF_exact_pathways,0.001,0.001267787819573654,0.15992509038940247,0.8971555982117293,179.99969012551082,179.99969012551082,includes physical relaxation and prescribed receiver/RF phase; no arbitrary rephasing
629501b09d396503,screen,geometric,instant_RF_exact_pathways,0.0,0.05324168361274934,0.4918741430933228,0.6999962230316881,9.322603572140808,9.322603572140808,includes physical relaxation and prescribed receiver/RF phase; no arbitrary rephasing
63e109d431b5640b,screen,original,instant_RF_exact_pathways,0.001,0.011405241987724867,0.15992509038940247,0.7430853655292209,179.99969012551082,179.99969012551082,includes physical relaxation and prescribed receiver/RF phase; no arbitrary rephasing
6590d5b0281e9008,screen,weak_increasing_centering,instant_RF_exact_pathways,0.0,0.1566584039839545,0.6368838357851905,0.44869456152271175,179.99969582921472,179.99969582921472,includes physical relaxation and prescribed receiver/RF phase; no arbitrary rephasing
6656369739f731a4,screen,inc_alt_rf180,instant_RF_exact_pathways,0.001,0.01796097182575688,0.16055437185145946,0.677477280849844,5.068641938592613,5.068641938592613,includes physical relaxation and prescribed receiver/RF phase; no arbitrary rephasing
67aaedbb8ec3e622,screen,geometric,instant_RF_exact_pathways,0.0,0.07391672912786601,0.4908112020452584,0.6061750085263544,179.99977586048857,179.99977586048857,includes physical relaxation and prescribed receiver/RF phase; no arbitrary rephasing
69361d787d18e814,screen,high_low_alternating,instant_RF_exact_pathways,0.001,0.0019289972555591379,0.15992509038940247,1.0085969320482449,179.99996192109955,359.9997461451257,includes physical relaxation and prescribed receiver/RF phase; no arbitrary rephasing
6a2049a5b49bece3,screen,quadratic,instant_RF_exact_pathways,0.0,0.1566583962751269,0.5717088319203254,0.43820094501464313,179.99969582921096,179.999695829211,includes physical relaxation and prescribed receiver/RF phase; no arbitrary rephasing
6afb723ddcd2e319,screen,inc_alt_center_rf180,instant_RF_exact_pathways,0.0,0.15665839096887882,0.6368838357851905,0.4486945815130036,179.99998633962159,359.99970948958895,includes physical relaxation and prescribed receiver/RF phase; no arbitrary rephasing
6b1eed52975ee837,screen,centering,instant_RF_exact_pathways,0.001,0.049642646150535645,0.20793430686639502,0.4578129681009872,0.00011039099765569953,0.00011060614118593011,includes physical relaxation and prescribed receiver/RF phase; no arbitrary rephasing
6b4cbe8555b1f2bc,screen,decreasing,instant_RF_exact_pathways,0.0,0.15665839275833568,0.5717088319203254,0.4382010505826676,179.999695829211,179.99969582921116,includes physical relaxation and prescribed receiver/RF phase; no arbitrary rephasing
6d5746baec884b7b,screen,high_low_energy_matched,instant_RF_exact_pathways,0.001,0.04554788264257813,0.18663396088449194,0.4703503109379124,179.99969582922367,179.99969582922367,includes physical relaxation and prescribed receiver/RF phase; no arbitrary rephasing
6f48f9eb5d78a7d1,screen,inc_alt_center_rf180,instant_RF_exact_pathways,0.001,0.017949291938495215,0.17887683999786422,0.6999954861133197,5.420267859895484,5.420267859895484,includes physical relaxation and prescribed receiver/RF phase; no arbitrary rephasing
6fb0d85d8eae344e,screen,quadratic,instant_RF_exact_pathways,0.001,0.025170546502559857,0.16055437185145946,0.5671831114423651,45.79521227605901,45.79521227605901,includes physical relaxation and prescribed receiver/RF phase; no arbitrary rephasing
7050c91b9d0fb927,screen,original_duration500,instant_RF_exact_pathways,0.0,0.1204706590130216,0.4918741430933228,0.4320529078540287,3.316540252736125,3.316540252736125,includes physical relaxation and prescribed receiver/RF phase; no arbitrary rephasing
709bde2d2c82b69b,screen,inc_alt_rf90_exploratory,instant_RF_exact_pathways,0.001,0.01986043105738845,0.16055437185145946,0.6670208453300494,179.76239344721733,179.76239344721733,includes physical relaxation and prescribed receiver/RF phase; no arbitrary rephasing
70f6cdb50c58d69d,screen,inc_alt_center_rf90_exploratory,instant_RF_exact_pathways,0.001,0.04503620356646025,0.20793430686639502,0.479415719315182,179.99970952569967,719.9985057680934,includes physical relaxation and prescribed receiver/RF phase; no arbitrary rephasing
7134ac62fc2dc47f,screen,increasing_rf180,instant_RF_exact_pathways,0.001,0.045514858674494243,0.1866339610514625,0.4664921127993612,0.002147239344699693,0.002147239344699693,includes physical relaxation and prescribed receiver/RF phase; no arbitrary rephasing
7248878f2f5e56f1,screen,increasing_centering_rf90_exploratory,instant_RF_exact_pathways,0.0,0.15665839352771818,0.6368838357851905,0.4486945772041465,179.998893726168,540.0019087864154,includes physical relaxation and prescribed receiver/RF phase; no arbitrary rephasing
72734c358579c97a,screen,original_rf180,instant_RF_exact_pathways,0.001,0.02006556867361551,0.16055437185145946,0.731714079879537,177.1087273029452,182.81157974744255,includes physical relaxation and prescribed receiver/RF phase; no arbitrary rephasing
72975858af64ce8f,screen,original_flip160,instant_RF_exact_pathways,0.001,0.012465093513446154,0.1809913566626191,0.8131456801440268,179.9996959089729,179.9996959089729,includes physical relaxation and prescribed receiver/RF phase; no arbitrary rephasing
72ea88dedb9cc912,screen,weak_increasing_centering,instant_RF_exact_pathways,0.001,0.022909926554460603,0.1785125223377237,0.6434544433250263,179.9996977497207,179.9996977497207,includes physical relaxation and prescribed receiver/RF phase; no arbitrary rephasing
73914f4afca7e2be,screen,increasing_centering_rf90_exploratory,instant_RF_exact_pathways,0.001,0.04551226784155517,0.20793430677042551,0.476887194574093,179.99889416776173,540.0019087696527,includes physical relaxation and prescribed receiver/RF phase; no arbitrary rephasing
73f8021e18feaea9,screen,increasing_rf180,instant_RF_exact_pathways,0.001,0.02901918286793642,0.16055437185145946,0.6034174812750692,20.84389034706515,20.84389034706515,includes physical relaxation and prescribed receiver/RF phase; no arbitrary rephasing
74b48565315dd1a9,screen,high_low,instant_RF_exact_pathways,0.0,0.010616555419528995,0.4918741430933228,0.9609382892692178,8.402579341467755,13.83952828808321,includes physical relaxation and prescribed receiver/RF phase; no arbitrary rephasing
74d15ebad65c5d15,screen,high_low_alternating,instant_RF_exact_pathways,0.0,0.011903985441053578,0.4918741430933228,0.9572899086989718,7.4525835883165295,11.466313283841256,includes physical relaxation and prescribed receiver/RF phase; no arbitrary rephasing
74e5b5045bd1654c,screen,quadratic,instant_RF_exact_pathways,0.0,0.07565793261504332,0.4918741430933228,0.5625917366844129,15.683647491740372,15.683647491740372,includes physical relaxation and prescribed receiver/RF phase; no arbitrary rephasing
74fddb3e02476bae,screen,increasing_taper,instant_RF_exact_pathways,0.0,0.13370474913123734,0.5717088319203254,0.4713975340974529,179.99969691734967,179.99969863691638,includes physical relaxation and prescribed receiver/RF phase; no arbitrary rephasing
7505d749cdab4e4a,screen,alternating,instant_RF_exact_pathways,0.001,0.004092638811576398,0.16055437185145946,0.9587748029093776,144.12285261467406,144.12285261467406,includes physical relaxation and prescribed receiver/RF phase; no arbitrary rephasing
7528e8addde297e9,screen,weak_increasing_centering,instant_RF_exact_pathways,0.0,0.09777645044371182,0.5479395279897853,0.5996768452724542,7.031747959446655,7.031747959446655,includes physical relaxation and prescribed receiver/RF phase; no arbitrary rephasing
75626b0eaec52ab6,screen,centering,instant_RF_exact_pathways,0.001,0.006219300991888353,0.1785125223377237,0.7720017938601089,179.99968847376218,179.99968847376218,includes physical relaxation and prescribed receiver/RF phase; no arbitrary rephasing
779e2a190a1cbf8b,screen,decreasing,instant_RF_exact_pathways,0.0,0.10106969023365311,0.4918741430933228,0.5689004786727083,1.5723675154768335,1.7965061773810866,includes physical relaxation and prescribed receiver/RF phase; no arbitrary rephasing
783d30ab6af33a1c,screen,inc_alt_center_duration500,instant_RF_exact_pathways,0.001,0.019179465901599232,0.1785125223377237,0.694038289880349,179.99969678082343,179.99969678082343,includes physical relaxation and prescribed receiver/RF phase; no arbitrary rephasing
78e23cab62353dc7,screen,decreasing,instant_RF_exact_pathways,0.001,0.02971760923909044,0.16055437185145946,0.6091759055189433,4.154548291367283,5.619747044574364,includes physical relaxation and prescribed receiver/RF phase; no arbitrary rephasing
7966ccf58ea6eb23,screen,original_taper,instant_RF_exact_pathways,0.001,0.004843754302751648,0.18663396088449194,0.646094289405231,179.9996958292113,179.9996958292113,includes physical relaxation and prescribed receiver/RF phase; no arbitrary rephasing
79690a23da0f7cb8,screen,increasing,instant_RF_exact_pathways,0.001,0.02538659534387207,0.15992509038940247,0.6432657413963981,179.99969012551082,179.9996972639538,includes physical relaxation and prescribed receiver/RF phase; no arbitrary rephasing
79f1f6174138646b,screen,increasing_centering_rf180,instant_RF_exact_pathways,0.0,0.15665839168735415,0.6368838357851905,0.4486945807319695,179.99998633962159,359.99970948958895,includes physical relaxation and prescribed receiver/RF phase; no arbitrary rephasing
7b60e0b4fc85f574,screen,high_low,instant_RF_exact_pathways,0.001,5.155684182260651e-05,0.15992509038940247,1.0466757624770844,179.9997765569363,359.9996685172139,includes physical relaxation and prescribed receiver/RF phase; no arbitrary rephasing
7d8d614734dd625c,screen,original_rf180,instant_RF_exact_pathways,0.001,0.03879087437373151,0.15992509038940247,0.4379529040732186,179.99998576314908,359.99975386870693,includes physical relaxation and prescribed receiver/RF phase; no arbitrary rephasing
7e38568b852c7b4c,screen,original_rf180,instant_RF_exact_pathways,0.0,0.12122702560883401,0.4908112020452584,0.4310703419970632,179.99998586144153,359.9997589993268,includes physical relaxation and prescribed receiver/RF phase; no arbitrary rephasing
7e9418c73b5b4bcc,screen,original_rf180,instant_RF_exact_pathways,0.0,0.15665840590504237,0.5717088321694999,0.4382008612108749,0.0021466543513078812,0.0021466543513078812,includes physical relaxation and prescribed receiver/RF phase; no arbitrary rephasing
7ebfd6f6dcc39a16,screen,increasing_centering_taper,instant_RF_exact_pathways,0.001,0.030668202862857888,0.1785125223377237,0.6741607570460344,179.99968847376218,179.99970013086616,includes physical relaxation and prescribed receiver/RF phase; no arbitrary rephasing
7f829c17a9d3cfc7,screen,high_low_energy_matched,instant_RF_exact_pathways,0.0,0.15665839396349826,0.5717088319203254,0.4382008801458981,179.99969582921497,179.99969582921497,includes physical relaxation and prescribed receiver/RF phase; no arbitrary rephasing
7fd85d3ce82b543c,screen,inc_alt_rf90_exploratory,instant_RF_exact_pathways,0.0,0.06828694606835946,0.4918741430933228,0.6441510528683572,179.87113307819453,359.4326696668729,includes physical relaxation and prescribed receiver/RF phase; no arbitrary rephasing
811ee8838cd17534,screen,increasing_alternating,instant_RF_exact_pathways,0.001,0.044908272401622644,0.18663396088449194,0.46964639100880157,179.9996958292107,179.9996958292107,includes physical relaxation and prescribed receiver/RF phase; no arbitrary rephasing
81a270019037aa89,screen,inc_alt_center_rf180,instant_RF_exact_pathways,0.0,0.062339289787373194,0.5479395279897853,0.6758739028494273,1.8284579482900338,1.8284579482900338,includes physical relaxation and prescribed receiver/RF phase; no arbitrary rephasing
82cd38fe087402d3,screen,original_duration500,instant_RF_exact_pathways,0.0,0.15665840562865946,0.5717088319203254,0.438200860499536,179.99969582921113,179.99969582921128,includes physical relaxation and prescribed receiver/RF phase; no arbitrary rephasing
83e578c642b73e0e,screen,weak_increasing_alternating_centering,instant_RF_exact_pathways,0.0,0.15665840135205011,0.6368838357851905,0.4486945660614737,179.99969582921224,179.99969582921224,includes physical relaxation and prescribed receiver/RF phase; no arbitrary rephasing
85509d5f1eeb777d,screen,irregular_seeded,instant_RF_exact_pathways,0.001,0.04555164776132752,0.18663396088449194,0.47431396435296086,179.99969582921162,179.99969582921162,includes physical relaxation and prescribed receiver/RF phase; no arbitrary rephasing
86b5350597c2c92c,screen,inc_alt_center_rf90_exploratory,instant_RF_exact_pathways,0.001,0.020001468623362058,0.17887683999786422,0.6738585748194584,179.8299119616638,179.8299119616638,includes physical relaxation and prescribed receiver/RF phase; no arbitrary rephasing
87904cea81dcf479,screen,increasing_alternating,instant_RF_exact_pathways,0.0,0.15665839026906309,0.5717088321694999,0.43820089716922983,0.00011113425273804396,0.00011113425273804396,includes physical relaxation and prescribed receiver/RF phase; no arbitrary rephasing
886d4403a9004ef2,screen,inc_alt_center_duration500,instant_RF_exact_pathways,0.0,0.06547789122214626,0.54726944031104,0.6664247090048716,179.99969589374425,179.99969589374425,includes physical relaxation and prescribed receiver/RF phase; no arbitrary rephasing
8902509111d0c6a4,screen,irregular_energy_matched,instant_RF_exact_pathways,0.001,0.04547637488830582,0.1866339610514625,0.47482636309751847,0.00011254240866305719,0.00011254240866305719,includes physical relaxation and prescribed receiver/RF phase; no arbitrary rephasing
8bebbf8a419cc57c,screen,original_rf90_exploratory,instant_RF_exact_pathways,0.001,0.049636756144796,0.18663396088449194,0.447202239164271,179.99889415278855,540.0019092218521,includes physical relaxation and prescribed receiver/RF phase; no arbitrary rephasing
8d007b0a94ccc733,screen,inc_alt_center_duration500,instant_RF_exact_pathways,0.001,0.019672926269979397,0.17887683999786422,0.6731325533128144,2.784830322859962,2.784830322859962,includes physical relaxation and prescribed receiver/RF phase; no arbitrary rephasing
8d1fb92384261428,screen,inc_alt_center_rf90_exploratory,instant_RF_exact_pathways,0.0,0.15665839188042377,0.6368838357851905,0.4486945798092797,179.99889346373624,540.0019088469016,includes physical relaxation and prescribed receiver/RF phase; no arbitrary rephasing
8eb124d725ab4fc1,screen,increasing_taper,instant_RF_exact_pathways,0.0,0.1312363763725236,0.5717088321694999,0.47262733366071163,0.003251093648922481,0.006637439707688575,includes physical relaxation and prescribed receiver/RF phase; no arbitrary rephasing
8f34bafd4b4d4cc5,screen,inc_alt_rf180,instant_RF_exact_pathways,0.001,0.044908272699331876,0.1866339610514625,0.469646387051786,0.002145638452650227,0.002145638452650227,includes physical relaxation and prescribed receiver/RF phase; no arbitrary rephasing
903ba4628e25c8a8,screen,high_low_permutation_alternating,instant_RF_exact_pathways,0.0,0.09790646131898478,0.4908112020452584,0.5810137809220407,179.99969539987757,179.99969539987757,includes physical relaxation and prescribed receiver/RF phase; no arbitrary rephasing
90aa559755c6e418,screen,original,instant_RF_exact_pathways,0.001,0.04963675547742614,0.18663396088449194,0.44720224061451946,179.99969582921204,179.9996958292124,includes physical relaxation and prescribed receiver/RF phase; no arbitrary rephasing
91e83e8a6017a590,screen,irregular_seeded,instant_RF_exact_pathways,0.0,0.03950601941708714,0.4908112020452584,0.6940615975198594,179.9996944440154,179.9996944440154,includes physical relaxation and prescribed receiver/RF phase; no arbitrary rephasing
91f1c3afa5ca2c5f,screen,increasing_centering_rf180,instant_RF_exact_pathways,0.001,0.04551226635368145,0.20793430677042551,0.4768872045217071,179.99998633962153,359.99970948958855,includes physical relaxation and prescribed receiver/RF phase; no arbitrary rephasing
924ac2167608c276,screen,decreasing,instant_RF_exact_pathways,0.001,0.0455148586131733,0.1866339610514625,0.47840384967376476,0.00011067633929889407,0.00011084063785146036,includes physical relaxation and prescribed receiver/RF phase; no arbitrary rephasing
9424059a5e0c7961,screen,weak_increasing_centering,instant_RF_exact_pathways,0.0,0.1566584018031646,0.6368838359288833,0.44869456566438515,0.00011056781875667116,0.00011056781875667116,includes physical relaxation and prescribed receiver/RF phase; no arbitrary rephasing
957c97b4dc65e124,screen,original,instant_RF_exact_pathways,0.001,0.04963675550773804,0.1866339610514625,0.4472022413280835,0.00011046011695274597,0.0001107178083815779,includes physical relaxation and prescribed receiver/RF phase; no arbitrary rephasing
95b095bedbcd9c74,screen,increasing_rf90_exploratory,instant_RF_exact_pathways,0.001,0.03184249798193165,0.16055437185145946,0.5690623695412051,179.82304575555614,529.2481212587961,includes physical relaxation and prescribed receiver/RF phase; no arbitrary rephasing
95ec7a0cb8c83b7e,screen,original_rf90_exploratory,instant_RF_exact_pathways,0.001,0.03577522574691245,0.16055437185145946,0.4708422387945169,179.82304575555614,179.82304575555614,includes physical relaxation and prescribed receiver/RF phase; no arbitrary rephasing
965728da4b6b4097,screen,inc_alt_center_flip_train,instant_RF_exact_pathways,0.0,0.030139656121001487,0.5479395279897853,0.8811939696070552,1.3743520849756583,1.5617690047140949,includes physical relaxation and prescribed receiver/RF phase; no arbitrary rephasing
9a06d357c269e83b,screen,weak_increasing_alternating_centering,instant_RF_exact_pathways,0.0,0.1566584006046938,0.6368838359288833,0.44869456764675797,0.00011069835083781643,0.00011069835083781643,includes physical relaxation and prescribed receiver/RF phase; no arbitrary rephasing
9b0d43db89b16501,screen,increasing_alternating_centering,instant_RF_exact_pathways,0.0,0.15665839168126905,0.6368838359288833,0.44869458019873915,0.00011115825298416314,0.00011115825298416314,includes physical relaxation and prescribed receiver/RF phase; no arbitrary rephasing
9b40b2d4b3a6e0e0,screen,original_flip_train,instant_RF_exact_pathways,0.0,0.140568117125688,0.4918741430933228,0.41356203689006965,2.9453264821262013,2.9453264821262013,includes physical relaxation and prescribed receiver/RF phase; no arbitrary rephasing
9bb8a6413bccf3c1,screen,increasing_alternating_centering,instant_RF_exact_pathways,0.001,0.019419079515106005,0.17887683999786422,0.6756274967496173,2.795477724531674,2.795477724531674,includes physical relaxation and prescribed receiver/RF phase; no arbitrary rephasing
9c3f0b485ed64148,screen,original,instant_RF_exact_pathways,0.001,0.03783901879692642,0.16055437185145946,0.44065077478038295,10.071344794160018,10.071344794160018,includes physical relaxation and prescribed receiver/RF phase; no arbitrary rephasing
9d18b4593e13bb5c,screen,increasing_alternating,instant_RF_exact_pathways,0.001,0.019303647730264262,0.16055437185145946,0.654471076429569,2.8588865417483738,2.8588865417483738,includes physical relaxation and prescribed receiver/RF phase; no arbitrary rephasing
9d2a913b2b588c49,screen,inc_alt_rf180,instant_RF_exact_pathways,0.0,0.1566583893710196,0.5717088319203254,0.4382008984742767,179.99998633962156,359.99970948958895,includes physical relaxation and prescribed receiver/RF phase; no arbitrary rephasing
9d2c9cdda9a36fd5,screen,alternating,instant_RF_exact_pathways,0.0,0.1566584031882186,0.5717088319203254,0.43820086646608764,179.99969582921074,179.99969582921074,includes physical relaxation and prescribed receiver/RF phase; no arbitrary rephasing
9f7c6c93554867c7,screen,increasing_rf180,instant_RF_exact_pathways,0.001,0.045514857494388,0.18663396088449194,0.4664921211204585,179.99998633962153,359.9997094895886,includes physical relaxation and prescribed receiver/RF phase; no arbitrary rephasing
9fa4dea99fcd975f,screen,decreasing,instant_RF_exact_pathways,0.001,0.04551485899348915,0.18663396088449194,0.478403849050832,179.9996958292114,179.99969582921196,includes physical relaxation and prescribed receiver/RF phase; no arbitrary rephasing
9fa5b510205b1230,screen,increasing_centering_rf90_exploratory,instant_RF_exact_pathways,0.001,0.03419833029098933,0.1785125223377237,0.5738870632629434,179.05235469577724,365.0079835868279,includes physical relaxation and prescribed receiver/RF phase; no arbitrary rephasing
a13288c604b0a478,screen,increasing,instant_RF_exact_pathways,0.001,0.029691236238235285,0.16055437185145946,0.5910337102423804,11.885662920392841,13.431267921814571,includes physical relaxation and prescribed receiver/RF phase; no arbitrary rephasing
a247f3fee931995b,screen,centering,instant_RF_exact_pathways,0.001,0.04191415965072308,0.17887683999786422,0.45241132854528776,11.06894371675166,11.06894371675166,includes physical relaxation and prescribed receiver/RF phase; no arbitrary rephasing
a2f7b9f185f87f2c,screen,high_low_energy_matched,instant_RF_exact_pathways,0.0,0.011704237891432753,0.4918741430933228,0.9529263123120202,2.950085650190681,3.196253187065746,includes physical relaxation and prescribed receiver/RF phase; no arbitrary rephasing
a3f54534159c6d13,screen,decreasing,instant_RF_exact_pathways,0.0,0.15665839237074214,0.5717088321694999,0.4382010507539215,0.00011066997842722794,0.00011072076926193757,includes physical relaxation and prescribed receiver/RF phase; no arbitrary rephasing
a4496a210ac9804d,screen,ramp_modulated,instant_RF_exact_pathways,0.0,0.0012309795090502684,0.4908112020452584,1.0437314173422736,179.9996938723752,179.9996938723752,includes physical relaxation and prescribed receiver/RF phase; no arbitrary rephasing
a5261f6c4767b95b,screen,high_low_permutation,instant_RF_exact_pathways,0.0,0.1566583928993185,0.5717088319203254,0.43820055355715914,179.99969582921193,179.99969582921193,includes physical relaxation and prescribed receiver/RF phase; no arbitrary rephasing
a5fbfee89d997615,screen,high_low_energy_matched,instant_RF_exact_pathways,0.001,0.04554788134699515,0.1866339610514625,0.47035032367300333,0.00011061393526740212,0.00011061393526740212,includes physical relaxation and prescribed receiver/RF phase; no arbitrary rephasing
a6217f4a2521d5d3,screen,increasing_taper,instant_RF_exact_pathways,0.001,0.03888764298538252,0.18663396088449194,0.49822070970585036,179.9996969607092,179.99969885560913,includes physical relaxation and prescribed receiver/RF phase; no arbitrary rephasing
a7aff89d88d4fce9,screen,high_low_permutation_alternating,instant_RF_exact_pathways,0.001,0.02616234472288326,0.15992509038940247,0.6298552476902292,179.99969554926713,179.99969676614526,includes physical relaxation and prescribed receiver/RF phase; no arbitrary rephasing
aa297ec0ef38945e,screen,centering,instant_RF_exact_pathways,0.0,0.039996751611249784,0.54726944031104,0.7655628595812812,179.9996933583538,179.9996933583538,includes physical relaxation and prescribed receiver/RF phase; no arbitrary rephasing
aab63a64dde0b543,screen,original_flip160,instant_RF_exact_pathways,0.001,0.042758537662915014,0.18100732842709377,0.4477563504595687,0.04152432029815893,0.04812662154893771,includes physical relaxation and prescribed receiver/RF phase; no arbitrary rephasing
aac4ce7c01ef2766,screen,decreasing,instant_RF_exact_pathways,0.001,0.02736773191122678,0.15992509038940247,0.6349148574434843,179.9996936067489,179.9996936067489,includes physical relaxation and prescribed receiver/RF phase; no arbitrary rephasing
ab2fb16a31b384eb,screen,increasing_centering,instant_RF_exact_pathways,0.001,0.03018692383741216,0.17887683999786422,0.6050547946822673,10.440127749119522,10.440127749119522,includes physical relaxation and prescribed receiver/RF phase; no arbitrary rephasing
ace1039a5c9126a8,screen,increasing_alternating,instant_RF_exact_pathways,0.001,0.044908272699496474,0.1866339610514625,0.4696463870505972,0.00011202234478942819,0.00011202234478942819,includes physical relaxation and prescribed receiver/RF phase; no arbitrary rephasing
ace808bed675286b,screen,original_duration500,instant_RF_exact_pathways,0.001,0.04975855753044492,0.1866339610514625,0.44646098223733777,0.00011046009886252022,0.00011071834849999359,includes physical relaxation and prescribed receiver/RF phase; no arbitrary rephasing
af1024186102256a,screen,original,instant_RF_exact_pathways,0.0,0.1566584058516637,0.5717088319203254,0.43820086100100636,179.99969582921113,179.99969582921128,includes physical relaxation and prescribed receiver/RF phase; no arbitrary rephasing
b00c4a0334df89cb,screen,increasing_alternating_centering,instant_RF_exact_pathways,0.001,0.04503620365866576,0.20793430686639502,0.4794157190906318,0.00011209806595955398,0.00011209806595955398,includes physical relaxation and prescribed receiver/RF phase; no arbitrary rephasing
b0dad28a94e8433e,screen,inc_alt_rf180,instant_RF_exact_pathways,0.0,0.06264771076381195,0.4918741430933228,0.6530444243971294,1.7147846177735466,1.7147846177735466,includes physical relaxation and prescribed receiver/RF phase; no arbitrary rephasing
b0fe8460749a5d9d,screen,alternating_centering,instant_RF_exact_pathways,0.0,0.013660157104926416,0.5479395279897853,0.957274274323135,34.93866179982149,34.93866179982149,includes physical relaxation and prescribed receiver/RF phase; no arbitrary rephasing
b1a8e9eb949686cc,screen,increasing_rf90_exploratory,instant_RF_exact_pathways,0.001,0.045514858858944525,0.18663396088449194,0.46649211142476105,179.99889415144366,540.0019088457703,includes physical relaxation and prescribed receiver/RF phase; no arbitrary rephasing
b1d7238c95f6a97e,screen,original_flip160,instant_RF_exact_pathways,0.0,0.13544496416632867,0.5544918192524666,0.4387453087295469,0.012597699963084692,0.015863285825224525,includes physical relaxation and prescribed receiver/RF phase; no arbitrary rephasing
b2019684135e5cec,screen,increasing_alternating,instant_RF_exact_pathways,0.001,0.018751540867469253,0.15992509038940247,0.675338232749058,179.9996951332984,179.9996951332984,includes physical relaxation and prescribed receiver/RF phase; no arbitrary rephasing
b25b67c049c700ca,screen,high_low_alternating,instant_RF_exact_pathways,0.001,0.0021045544176278306,0.16055437185145946,0.9822687989782009,125.91980599754136,201.60694998061132,includes physical relaxation and prescribed receiver/RF phase; no arbitrary rephasing
b44a85e66011280e,screen,inc_alt_rf90_exploratory,instant_RF_exact_pathways,0.0,0.06889229467404107,0.4908112020452584,0.6417732975530136,179.1021959040965,541.7617950845677,includes physical relaxation and prescribed receiver/RF phase; no arbitrary rephasing
b51d66f8ad3d3218,screen,high_low_permutation_alternating,instant_RF_exact_pathways,0.001,0.02596799281972071,0.16055437185145946,0.629251630999763,1.7528536957056422,2.376504130119234,includes physical relaxation and prescribed receiver/RF phase; no arbitrary rephasing
b55e47f0da72d719,screen,quadratic,instant_RF_exact_pathways,0.001,0.04668363016531966,0.1866339610514625,0.4582485431147575,0.00011127130896629763,0.00011132265157494206,includes physical relaxation and prescribed receiver/RF phase; no arbitrary rephasing
b71a98f7176d441e,screen,original_rf180,instant_RF_exact_pathways,0.001,0.04963675210881831,0.18663396088449194,0.44720226021223985,179.99998633962153,359.9997094895883,includes physical relaxation and prescribed receiver/RF phase; no arbitrary rephasing
b8dba1c13df0a61e,screen,high_low_energy_matched,instant_RF_exact_pathways,0.0,0.0062298509324679495,0.4908112020452584,0.9839618024045578,179.99969713764114,179.99969713764114,includes physical relaxation and prescribed receiver/RF phase; no arbitrary rephasing
b8e8c63f48726289,screen,inc_alt_center_flip160,instant_RF_exact_pathways,0.001,0.03441833647559932,0.20165519654810238,0.5481036241246661,179.99969579202445,179.99969579202445,includes physical relaxation and prescribed receiver/RF phase; no arbitrary rephasing
b90f5fcc84f2ad65,screen,high_low_energy_matched,instant_RF_exact_pathways,0.0,0.15665839246201116,0.5717088321694999,0.4382008843418281,0.00011064894856118903,0.00011064894856118903,includes physical relaxation and prescribed receiver/RF phase; no arbitrary rephasing
b9404595d87b9bdc,screen,alternating_centering,instant_RF_exact_pathways,0.001,0.003693944294873968,0.17887683999786422,0.9740588350277505,146.5449800814742,146.5449800814742,includes physical relaxation and prescribed receiver/RF phase; no arbitrary rephasing
b96497c509e18565,screen,irregular_seeded,instant_RF_exact_pathways,0.001,0.014908226761913678,0.16055437185145946,0.6800322494050475,13.228944020514476,21.68295797427174,includes physical relaxation and prescribed receiver/RF phase; no arbitrary rephasing
babb689f98c36fb5,screen,original_flip160,instant_RF_exact_pathways,0.001,0.036573187272368794,0.14339893729823283,0.4331680638409215,7.293372634726385,7.293372634726385,includes physical relaxation and prescribed receiver/RF phase; no arbitrary rephasing
bac30e66eeedb023,screen,alternating,instant_RF_exact_pathways,0.001,0.04933496379095033,0.18663396088449194,0.44885201293266647,179.9996958292107,179.9996958292107,includes physical relaxation and prescribed receiver/RF phase; no arbitrary rephasing
bdad2a207496f33c,screen,high_low_permutation,instant_RF_exact_pathways,0.0,0.1566583922474962,0.5717088321694999,0.4382005548212338,0.00011059936300418821,0.00011059936300418821,includes physical relaxation and prescribed receiver/RF phase; no arbitrary rephasing
bf40e0f1b1debf3b,screen,original_flip_train,instant_RF_exact_pathways,0.0,0.013489660006773247,0.4908112020452584,0.9491917730646071,179.9996934332565,179.9996934332565,includes physical relaxation and prescribed receiver/RF phase; no arbitrary rephasing
bf55687686614458,screen,increasing_rf180,instant_RF_exact_pathways,0.0,0.0979734117558808,0.4918741430933228,0.5821603752274412,6.8517166126632585,6.8517166126632585,includes physical relaxation and prescribed receiver/RF phase; no arbitrary rephasing
bf59194046a16689,screen,centering,instant_RF_exact_pathways,0.0,0.15665840694087224,0.6368838359288833,0.44869455806338265,0.00011058445170743063,0.00011064697604579578,includes physical relaxation and prescribed receiver/RF phase; no arbitrary rephasing
c031f5ec824d9004,screen,increasing_alternating_centering,instant_RF_exact_pathways,0.001,0.045036203130391014,0.20793430677042551,0.4794157232623638,179.99969582921057,179.99969582921057,includes physical relaxation and prescribed receiver/RF phase; no arbitrary rephasing
c147d558685e7f7c,screen,increasing_alternating_centering,instant_RF_exact_pathways,0.0,0.15665839102199128,0.6368838357851905,0.44869458166863124,179.9996958292107,179.9996958292107,includes physical relaxation and prescribed receiver/RF phase; no arbitrary rephasing
c1610665b6dd4382,screen,original_duration500,instant_RF_exact_pathways,0.001,0.011444469523277169,0.15992509038940247,0.7427199290929307,179.9996901251595,179.9996901251595,includes physical relaxation and prescribed receiver/RF phase; no arbitrary rephasing
c1e73545fcb4b6d1,screen,high_low,instant_RF_exact_pathways,0.001,0.044179259621627845,0.1866339610514625,0.4787252308480772,0.00011352767430762823,0.00011352767430762823,includes physical relaxation and prescribed receiver/RF phase; no arbitrary rephasing
c20b3bf9364ba4c7,screen,inc_alt_center_flip_train,instant_RF_exact_pathways,0.0,0.11253519807505905,0.6368838357851905,0.5595021166814339,179.99969583103208,179.99969583103208,includes physical relaxation and prescribed receiver/RF phase; no arbitrary rephasing
c2ffb541fc69422f,screen,inc_alt_center_flip_train,instant_RF_exact_pathways,0.001,0.032427718084211486,0.20793430677042551,0.5869097583489622,179.99969582569213,179.99969582569213,includes physical relaxation and prescribed receiver/RF phase; no arbitrary rephasing
c46ceeea4f8dbeba,screen,high_low_alternating,instant_RF_exact_pathways,0.0,0.15665838443393693,0.5717088321694999,0.4382012597493554,0.00011168958396750633,0.00011168958396750633,includes physical relaxation and prescribed receiver/RF phase; no arbitrary rephasing
c59a39c3bb0fa378,screen,irregular_energy_matched,instant_RF_exact_pathways,0.0,0.05201237720590655,0.4918741430933228,0.6450274285577141,5.397080863057708,8.014101628816555,includes physical relaxation and prescribed receiver/RF phase; no arbitrary rephasing
c6ba1d893e986802,screen,alternating,instant_RF_exact_pathways,0.0,0.013947944004958752,0.4918741430933228,0.9414220899201813,35.725796131473125,35.725796131473125,includes physical relaxation and prescribed receiver/RF phase; no arbitrary rephasing
c6c76388e71785e6,screen,increasing_centering,instant_RF_exact_pathways,0.0,0.15665839359810263,0.6368838357851905,0.44869457723942585,179.99969582921116,179.99969582921116,includes physical relaxation and prescribed receiver/RF phase; no arbitrary rephasing
c74f90bbd6946c3c,screen,alternating,instant_RF_exact_pathways,0.0,0.15665840497462277,0.5717088321694999,0.43820086282158555,0.00011204358313600349,0.00011204358313600349,includes physical relaxation and prescribed receiver/RF phase; no arbitrary rephasing
c862d7787215f511,screen,alternating,instant_RF_exact_pathways,0.001,0.049334965508186154,0.1866339610514625,0.44885200206362647,0.00011481836936407113,0.00011481836936407113,includes physical relaxation and prescribed receiver/RF phase; no arbitrary rephasing
c8a84e575672b04e,screen,inc_alt_center_flip160,instant_RF_exact_pathways,0.0,0.029267069365854558,0.48845976145479963,0.868100965261307,179.99969573398968,179.99969573398968,includes physical relaxation and prescribed receiver/RF phase; no arbitrary rephasing
c9c524e957fee37e,screen,original_flip_train,instant_RF_exact_pathways,0.001,0.0064703477726885325,0.18663396088449194,0.8376956018732881,179.999695843532,179.999695843532,includes physical relaxation and prescribed receiver/RF phase; no arbitrary rephasing
cc78fd457a699663,screen,original_rf180,instant_RF_exact_pathways,0.001,0.04963675549236967,0.1866339610514625,0.4472022414094319,0.0021515153071017122,0.0021515153071017122,includes physical relaxation and prescribed receiver/RF phase; no arbitrary rephasing
ce95bc7ec244a086,screen,increasing_alternating,instant_RF_exact_pathways,0.0,0.06843150594502923,0.4918741430933228,0.6255027564498886,1.0513819549720214,1.0513819549720214,includes physical relaxation and prescribed receiver/RF phase; no arbitrary rephasing
ceb81300f74a79ad,screen,high_low_energy_matched,instant_RF_exact_pathways,0.001,0.00033527337644256096,0.15992509038940247,0.9948195574444535,179.99971048425417,359.99977233817583,includes physical relaxation and prescribed receiver/RF phase; no arbitrary rephasing
cf5f08fe88ff9956,screen,original_flip_train,instant_RF_exact_pathways,0.0,0.1480713786994609,0.5717088321694999,0.43439801355599184,0.008802869679495747,0.02734547082964381,includes physical relaxation and prescribed receiver/RF phase; no arbitrary rephasing
cf9c622579639fc2,screen,increasing,instant_RF_exact_pathways,0.0,0.10088177922954852,0.4918741430933228,0.5691852879429926,4.119446455672162,4.574162805734477,includes physical relaxation and prescribed receiver/RF phase; no arbitrary rephasing
d0672fa7b6c5b617,screen,weak_increasing_alternating_centering,instant_RF_exact_pathways,0.001,0.04767642181266823,0.20793430686639502,0.4672549141421928,0.00011075470430241751,0.00011075470430241751,includes physical relaxation and prescribed receiver/RF phase; no arbitrary rephasing
d1198f85e616f5f5,screen,increasing_centering_taper,instant_RF_exact_pathways,0.0,0.09992169259336432,0.5479395279897853,0.6158079886129425,3.5144901262324795,3.5144901262324795,includes physical relaxation and prescribed receiver/RF phase; no arbitrary rephasing
d1244697a14698e0,screen,original_flip_train,instant_RF_exact_pathways,0.001,0.004661751973138226,0.15992509038940247,0.9570368141874376,179.99968878342673,179.99968878342673,includes physical relaxation and prescribed receiver/RF phase; no arbitrary rephasing
d3b97c0c21b796dd,screen,high_low_permutation_alternating,instant_RF_exact_pathways,0.001,0.045037152752938764,0.18663396088449194,0.4782496564542402,179.9996958292107,179.9996958292107,includes physical relaxation and prescribed receiver/RF phase; no arbitrary rephasing
d4ca888b043335d2,screen,original_taper,instant_RF_exact_pathways,0.001,0.04053327478015579,0.16055437185145946,0.43947834592584667,9.742942981665578,9.794567960543603,includes physical relaxation and prescribed receiver/RF phase; no arbitrary rephasing
d71918bc52442c68,screen,inc_alt_rf90_exploratory,instant_RF_exact_pathways,0.0,0.15665839017280728,0.5717088321694999,0.43820089730981593,179.9997095189327,719.9985059578265,includes physical relaxation and prescribed receiver/RF phase; no arbitrary rephasing
d78db0a7e501085d,screen,original_flip160,instant_RF_exact_pathways,0.0,0.022002755229477155,0.4378605060644508,0.9261915276731292,179.99969332669426,179.99969332669426,includes physical relaxation and prescribed receiver/RF phase; no arbitrary rephasing
d7b050df9c44a424,screen,ramp_modulated,instant_RF_exact_pathways,0.001,1.5468344748738862e-05,0.15992509038940247,1.1100043318741133,179.99969012551082,179.99969012551082,includes physical relaxation and prescribed receiver/RF phase; no arbitrary rephasing
d8425a9c3f1d6ac8,screen,high_low_permutation_alternating,instant_RF_exact_pathways,0.0,0.1566583905027767,0.5717088319203254,0.43820055833992955,179.99969582921074,179.99969582921074,includes physical relaxation and prescribed receiver/RF phase; no arbitrary rephasing
d8a93a02d6b0a6ce,screen,increasing_alternating,instant_RF_exact_pathways,0.0,0.15665838991712797,0.5717088319203254,0.4382008985667189,179.99969582921074,179.99969582921074,includes physical relaxation and prescribed receiver/RF phase; no arbitrary rephasing
da104e9ed470fbb1,screen,geometric,instant_RF_exact_pathways,0.001,0.016380170554092324,0.16055437185145946,0.709777622749808,26.47089674898553,26.871403682619555,includes physical relaxation and prescribed receiver/RF phase; no arbitrary rephasing
daa53a3493eaa147,screen,quadratic,instant_RF_exact_pathways,0.0,0.05484178133570909,0.4908112020452584,0.7488574997105427,179.9996938723752,179.9996938723752,includes physical relaxation and prescribed receiver/RF phase; no arbitrary rephasing
db12c8c32131690f,screen,increasing_centering_rf90_exploratory,instant_RF_exact_pathways,0.0,0.10426063919523676,0.5479395279897853,0.5781449571083763,179.94691289466928,537.7313484330089,includes physical relaxation and prescribed receiver/RF phase; no arbitrary rephasing
dbd5d2538f6cc715,screen,irregular_seeded,instant_RF_exact_pathways,0.0,0.051373003334653396,0.4918741430933228,0.647486959986126,5.280634567166214,7.8835727209050726,includes physical relaxation and prescribed receiver/RF phase; no arbitrary rephasing
dc2769c86d25d4a1,screen,weak_increasing_centering,instant_RF_exact_pathways,0.001,0.04804242213763582,0.20793430686639502,0.4652990397286228,0.00011035489858630516,0.00011035489858630516,includes physical relaxation and prescribed receiver/RF phase; no arbitrary rephasing
dcf53d7567f7295b,screen,increasing_rf180,instant_RF_exact_pathways,0.0,0.15665839089820505,0.5717088319203254,0.43820089694854775,179.99998633962156,359.99970948958895,includes physical relaxation and prescribed receiver/RF phase; no arbitrary rephasing
dd2568215c394b30,screen,increasing_centering,instant_RF_exact_pathways,0.0,0.10245646536716303,0.5479395279897853,0.581910365463035,3.6300141855357704,3.6300141855357704,includes physical relaxation and prescribed receiver/RF phase; no arbitrary rephasing
ddd5f1969064f1d9,screen,original_duration500,instant_RF_exact_pathways,0.001,0.037935988526711595,0.16055437185145946,0.43993022094786444,10.068301527991844,10.068301527991844,includes physical relaxation and prescribed receiver/RF phase; no arbitrary rephasing
de380a30306d298d,screen,weak_increasing_centering,instant_RF_exact_pathways,0.001,0.031105870662320557,0.17887683999786422,0.6112404288923318,22.093196979034623,22.093196979034623,includes physical relaxation and prescribed receiver/RF phase; no arbitrary rephasing
de605d9e55d48694,screen,original,instant_RF_exact_pathways,0.0,0.05320311181419983,0.4908112020452584,0.7384865970393232,179.9996938723752,179.9996938723752,includes physical relaxation and prescribed receiver/RF phase; no arbitrary rephasing
de65abca9907b5dc,screen,increasing_centering,instant_RF_exact_pathways,0.0,0.15665839332863538,0.6368838359288833,0.448694577593602,0.00011056781875667116,0.00011057143995727665,includes physical relaxation and prescribed receiver/RF phase; no arbitrary rephasing
dfad93f093902b33,screen,increasing_rf180,instant_RF_exact_pathways,0.001,0.03309178265214515,0.15992509038940247,0.5471195898005745,179.99998576314908,359.99970575930695,includes physical relaxation and prescribed receiver/RF phase; no arbitrary rephasing
dfb6a03d4d1febb3,screen,alternating_centering,instant_RF_exact_pathways,0.0,0.012385469277012891,0.54726944031104,0.9800993599222724,179.99969589431612,179.99969589431612,includes physical relaxation and prescribed receiver/RF phase; no arbitrary rephasing
e117284aa6673391,screen,original_flip160,instant_RF_exact_pathways,0.0,0.11636878855480602,0.43937715338949995,0.4244803136370302,2.3779490973110806,2.3779490973110806,includes physical relaxation and prescribed receiver/RF phase; no arbitrary rephasing
e162e4f5d5e9b007,screen,centering,instant_RF_exact_pathways,0.0,0.15665840757995753,0.6368838357851905,0.4486945576599797,179.99969582921116,179.99969582921142,includes physical relaxation and prescribed receiver/RF phase; no arbitrary rephasing
e1715633c32e2f93,screen,increasing,instant_RF_exact_pathways,0.0,0.09697414209611152,0.4908112020452584,0.5937350467908304,179.9996938723752,179.9996947997595,includes physical relaxation and prescribed receiver/RF phase; no arbitrary rephasing
e19bce3cf2a69150,screen,ramp_modulated,instant_RF_exact_pathways,0.001,0.039669288180482494,0.16055437185145946,0.4434352425673622,20.100882444639304,23.58933045803568,includes physical relaxation and prescribed receiver/RF phase; no arbitrary rephasing
e2b493e3f97f0cc2,screen,increasing_taper,instant_RF_exact_pathways,0.001,0.038113808477291365,0.1866339610514625,0.49948944853710736,0.01152826621412603,0.02560937665226442,includes physical relaxation and prescribed receiver/RF phase; no arbitrary rephasing
e2c371aa483b3f81,screen,original,instant_RF_exact_pathways,0.0,0.15665840595303046,0.5717088321694999,0.438200861129644,0.00011059936300418821,0.00011069381250987091,includes physical relaxation and prescribed receiver/RF phase; no arbitrary rephasing
e44bb95b5b173bc0,screen,increasing_alternating,instant_RF_exact_pathways,0.0,0.06554325036215997,0.4908112020452584,0.6450541796314241,179.99969539987757,179.99969539987757,includes physical relaxation and prescribed receiver/RF phase; no arbitrary rephasing
e4e87029383242e6,screen,original_rf90_exploratory,instant_RF_exact_pathways,0.001,0.049636755152901876,0.1866339610514625,0.4472022411631449,179.9997095440507,719.9985053274436,includes physical relaxation and prescribed receiver/RF phase; no arbitrary rephasing
e4f208c5e6190053,screen,weak_increasing_alternating_centering,instant_RF_exact_pathways,0.001,0.04767642254769676,0.20793430677042551,0.4672549091251107,179.99969582921548,179.99969582921548,includes physical relaxation and prescribed receiver/RF phase; no arbitrary rephasing
e57eb7a84f2b5c97,screen,geometric,instant_RF_exact_pathways,0.001,0.04626236700669086,0.18663396088449194,0.4612876324365847,179.99969582921594,179.99969582921614,includes physical relaxation and prescribed receiver/RF phase; no arbitrary rephasing
e5a2c8192d342da1,screen,original_taper,instant_RF_exact_pathways,0.001,0.04739216448044486,0.1866339610514625,0.451238725797425,0.00827082890366934,0.019646347700969718,includes physical relaxation and prescribed receiver/RF phase; no arbitrary rephasing
e7b966a194f236c6,screen,increasing_rf90_exploratory,instant_RF_exact_pathways,0.001,0.04551485864642638,0.1866339610514625,0.46649211218449743,179.9997095440507,719.9985058288038,includes physical relaxation and prescribed receiver/RF phase; no arbitrary rephasing
e84b3e64d7b166f6,screen,increasing_centering_rf90_exploratory,instant_RF_exact_pathways,0.001,0.032537895862503274,0.17887683999786422,0.5905994079948824,179.9085621404127,533.1704214022375,includes physical relaxation and prescribed receiver/RF phase; no arbitrary rephasing
e8cc84b849e1f4c8,screen,inc_alt_center_duration500,instant_RF_exact_pathways,0.0,0.15665839155140157,0.6368838357851905,0.44869458152365316,179.9996958292107,179.9996958292107,includes physical relaxation and prescribed receiver/RF phase; no arbitrary rephasing
e960acd36dd3bcc8,screen,alternating_centering,instant_RF_exact_pathways,0.001,0.04940593663266387,0.20793430677042551,0.45916774175996355,179.99969582921057,179.99969582921057,includes physical relaxation and prescribed receiver/RF phase; no arbitrary rephasing
e97082e0187b393d,screen,original_flip_train,instant_RF_exact_pathways,0.001,0.044452196526048295,0.16055437185145946,0.42182805937609497,8.993323997603955,8.993323997603955,includes physical relaxation and prescribed receiver/RF phase; no arbitrary rephasing
e971d7198afbfdad,screen,irregular_energy_matched,instant_RF_exact_pathways,0.001,0.015033963913718617,0.16055437185145946,0.6782324766855194,13.55441161190941,22.06271076997534,includes physical relaxation and prescribed receiver/RF phase; no arbitrary rephasing
eb3bff6b28c90c2d,screen,increasing_centering_rf180,instant_RF_exact_pathways,0.0,0.09638478213899783,0.5479395279897853,0.6017299178930977,6.424514319669573,6.424514319669573,includes physical relaxation and prescribed receiver/RF phase; no arbitrary rephasing
eb9e72cedca24e3a,screen,increasing_centering_taper,instant_RF_exact_pathways,0.001,0.02978472993781477,0.17887683999786422,0.6372694801290321,10.102808523917561,10.102808523917561,includes physical relaxation and prescribed receiver/RF phase; no arbitrary rephasing
ebd61c8e7a0fdbc3,screen,weak_increasing_centering,instant_RF_exact_pathways,0.001,0.048042424126507936,0.20793430677042551,0.4652990274319445,179.9996958292224,179.9996958292224,includes physical relaxation and prescribed receiver/RF phase; no arbitrary rephasing
ec36c3fef920cc79,screen,inc_alt_center_flip160,instant_RF_exact_pathways,0.0,0.11958668605619084,0.6176448263256159,0.5192693116768785,179.99969578794628,179.99969578794628,includes physical relaxation and prescribed receiver/RF phase; no arbitrary rephasing
ec7888c0f4155e06,screen,increasing_rf90_exploratory,instant_RF_exact_pathways,0.0,0.10717545010736797,0.4908112020452584,0.5567344543048546,178.7438224734874,363.099313181755,includes physical relaxation and prescribed receiver/RF phase; no arbitrary rephasing
ecace7c686fcd13d,screen,increasing_taper,instant_RF_exact_pathways,0.001,0.028939399664584906,0.16055437185145946,0.6266281554295967,12.054167343004748,12.054167343004748,includes physical relaxation and prescribed receiver/RF phase; no arbitrary rephasing
ece2b93fdb4964c8,screen,inc_alt_center_flip_train,instant_RF_exact_pathways,0.0,0.029288126061791597,0.54726944031104,0.9021330401718234,179.999696019168,179.999696019168,includes physical relaxation and prescribed receiver/RF phase; no arbitrary rephasing
ed7b96b6c69f1d15,screen,increasing_rf180,instant_RF_exact_pathways,0.0,0.10393719852441315,0.4908112020452584,0.5544378412379203,179.99998586144153,359.9997093913209,includes physical relaxation and prescribed receiver/RF phase; no arbitrary rephasing
ee100bc7c71231f9,screen,high_low,instant_RF_exact_pathways,0.0,0.15665838768194335,0.5717088321694999,0.4382012541305482,0.00011150367015595069,0.00011150367015595069,includes physical relaxation and prescribed receiver/RF phase; no arbitrary rephasing
ee499195cea12f32,screen,inc_alt_rf180,instant_RF_exact_pathways,0.0,0.0649408514599967,0.4908112020452584,0.6411608311156122,179.99998595182115,359.999708361461,includes physical relaxation and prescribed receiver/RF phase; no arbitrary rephasing
ee607d2b0d9fcd70,screen,original_flip_train,instant_RF_exact_pathways,0.0,0.018244748392604968,0.5717088319203254,0.8368867181670923,179.99969582524366,179.99969582524366,includes physical relaxation and prescribed receiver/RF phase; no arbitrary rephasing
ee81c0eebfb72e13,screen,original_duration500,instant_RF_exact_pathways,0.0,0.053200882970249136,0.4908112020452584,0.7384888892085012,179.99969387150637,179.99969387150637,includes physical relaxation and prescribed receiver/RF phase; no arbitrary rephasing
ee876a6bdbdea19c,screen,high_low_permutation_alternating,instant_RF_exact_pathways,0.001,0.04503715288600412,0.1866339610514625,0.47824965369172573,0.00011178872289207641,0.00011178872289207641,includes physical relaxation and prescribed receiver/RF phase; no arbitrary rephasing
eedca3efb2a142da,screen,irregular_energy_matched,instant_RF_exact_pathways,0.0,0.03991734225121949,0.4908112020452584,0.6919550374201215,179.9996946682813,179.9996946682813,includes physical relaxation and prescribed receiver/RF phase; no arbitrary rephasing
f1f3531add7836cb,screen,increasing_centering_rf90_exploratory,instant_RF_exact_pathways,0.0,0.15665839339453386,0.6368838359288833,0.4486945773470444,179.99970951571828,719.9985059499301,includes physical relaxation and prescribed receiver/RF phase; no arbitrary rephasing
f2cd3b2c481369dd,screen,increasing,instant_RF_exact_pathways,0.001,0.04551485891977866,0.18663396088449194,0.46649211166268023,179.99969582921202,179.9996958292122,includes physical relaxation and prescribed receiver/RF phase; no arbitrary rephasing
f2e6327f5052126c,screen,inc_alt_center_duration500,instant_RF_exact_pathways,0.0,0.15665839221020372,0.6368838359288833,0.44869458005429197,0.00011115795276929185,0.00011115795276929185,includes physical relaxation and prescribed receiver/RF phase; no arbitrary rephasing
f383a55be39073ac,screen,inc_alt_rf180,instant_RF_exact_pathways,0.001,0.04490827194469544,0.18663396088449194,0.4696463907699293,179.99998633962153,359.99970948958855,includes physical relaxation and prescribed receiver/RF phase; no arbitrary rephasing
f44e5434f59e8916,screen,increasing_alternating_centering,instant_RF_exact_pathways,0.0,0.06870157416942199,0.5479395279897853,0.64716875381759,1.0368482273875828,1.0368482273875828,includes physical relaxation and prescribed receiver/RF phase; no arbitrary rephasing
f4aa6fafb171be9f,screen,irregular_seeded,instant_RF_exact_pathways,0.001,0.04555164860866783,0.1866339610514625,0.4743139607545866,0.00011236887073752476,0.00011236887073752476,includes physical relaxation and prescribed receiver/RF phase; no arbitrary rephasing
f4d51980d0ab749d,screen,increasing_centering_rf180,instant_RF_exact_pathways,0.001,0.028705546025551233,0.17887683999786422,0.6239524034308467,19.63321917382199,19.63321917382199,includes physical relaxation and prescribed receiver/RF phase; no arbitrary rephasing
f5c6cad9c858420e,screen,inc_alt_center_rf90_exploratory,instant_RF_exact_pathways,0.001,0.020425982093329634,0.1785125223377237,0.6661388728040437,178.3781740076222,542.442149755866,includes physical relaxation and prescribed receiver/RF phase; no arbitrary rephasing
f6bfc8211cd252d7,screen,inc_alt_center_flip160,instant_RF_exact_pathways,0.0,0.030030422638663255,0.48944932240690275,0.8462595632526387,0.9460803434717474,1.17896350965524,includes physical relaxation and prescribed receiver/RF phase; no arbitrary rephasing
f73e6c25a871defd,screen,original_taper,instant_RF_exact_pathways,0.0,0.01658446473701194,0.5717088319203254,0.6382568178319497,179.99969582921096,179.99969582921096,includes physical relaxation and prescribed receiver/RF phase; no arbitrary rephasing
f809821011e6b28c,screen,increasing_alternating_centering,instant_RF_exact_pathways,0.001,0.018919499178171994,0.1785125223377237,0.6967167743790371,179.9996967836642,179.9996967836642,includes physical relaxation and prescribed receiver/RF phase; no arbitrary rephasing
f81c8ae5ba5cf570,screen,increasing,instant_RF_exact_pathways,0.0,0.1566583923707527,0.5717088321694999,0.4382008939224238,0.00011059936300418821,0.00011061880818661697,includes physical relaxation and prescribed receiver/RF phase; no arbitrary rephasing
f9e631024e7eda7a,screen,inc_alt_rf180,instant_RF_exact_pathways,0.001,0.018112530091207765,0.15992509038940247,0.6801175007739754,179.9999857138981,359.99970508521704,includes physical relaxation and prescribed receiver/RF phase; no arbitrary rephasing
fb6811bba24baf2f,screen,inc_alt_rf90_exploratory,instant_RF_exact_pathways,0.001,0.04490827289932639,0.18663396088449194,0.46964638562226857,179.99889336679146,540.0019089321504,includes physical relaxation and prescribed receiver/RF phase; no arbitrary rephasing
fbe838a61b911296,screen,centering,instant_RF_exact_pathways,0.001,0.049642646862832804,0.20793430677042551,0.4578129665631478,179.99969582921221,179.99969582921295,includes physical relaxation and prescribed receiver/RF phase; no arbitrary rephasing
fccffe31fde90bb9,screen,inc_alt_center_rf180,instant_RF_exact_pathways,0.001,0.018292688826986484,0.1785125223377237,0.7033795795933943,179.9999858978986,359.9997042634982,includes physical relaxation and prescribed receiver/RF phase; no arbitrary rephasing
fdebcaeea551ada0,screen,original,instant_RF_exact_pathways,0.0,0.1204705721166085,0.4918741430933228,0.4320530085251506,3.315652240378589,3.315652240378589,includes physical relaxation and prescribed receiver/RF phase; no arbitrary rephasing
fff02dedf354c6f9,screen,high_low_permutation_alternating,instant_RF_exact_pathways,0.0,0.15665839071743265,0.5717088321694999,0.43820055727169166,0.00011108561190803765,0.00011108561190803765,includes physical relaxation and prescribed receiver/RF phase; no arbitrary rephasing
0192e739354d5a13,timing_transfer_heldout,high_low_permutation_alternating_centering,instant_RF_exact_pathways,0.001,0.03909985406687336,0.20965229373796623,0.5342420878224629,45.22989710096548,45.22989710096548,includes physical relaxation and prescribed receiver/RF phase; no arbitrary rephasing
453e28fda75973bb,timing_transfer_heldout,high_low_permutation_alternating_centering,instant_RF_exact_pathways,0.001,0.04188510003434035,0.22590887326154166,0.5378451897543965,134.93127277950728,134.93127277950728,includes physical relaxation and prescribed receiver/RF phase; no arbitrary rephasing
8b7c1b258af4d377,timing_transfer_heldout,high_low_permutation_alternating_centering,instant_RF_exact_pathways,0.001,0.03887055236051813,0.20965307663279026,0.5378146261390992,134.89016655405774,134.89016655405774,includes physical relaxation and prescribed receiver/RF phase; no arbitrary rephasing
8d2cc861a5145cba,timing_transfer_heldout,high_low_permutation_alternating_centering,instant_RF_exact_pathways,0.001,0.0421005683776194,0.22586290811960877,0.5344247515383692,45.19022116209971,45.19022116209971,includes physical relaxation and prescribed receiver/RF phase; no arbitrary rephasing
afdaa96f7547ea00,timing_transfer_heldout,high_low_permutation_alternating_centering,instant_RF_exact_pathways,0.001,0.11182499900913485,0.2304294032871493,0.26616410548850317,59.73664197814113,59.73664197814113,includes physical relaxation and prescribed receiver/RF phase; no arbitrary rephasing
bfe60bcfe9244f89,timing_transfer_heldout,high_low_permutation_alternating_centering,instant_RF_exact_pathways,0.001,0.18076113107474287,0.6095721085645806,0.4070659806824081,119.91803418014034,119.91803418014034,includes physical relaxation and prescribed receiver/RF phase; no arbitrary rephasing
042bb4108b9c0895,timing_transfer,high_low_permutation_alternating_centering,instant_RF_exact_pathways,0.0,0.15665839213197466,0.6368838359288833,0.44869458822305575,0.00011112081303440035,0.00011112081303440035,includes physical relaxation and prescribed receiver/RF phase; no arbitrary rephasing
0a7b46d66064aad5,timing_transfer,high_low_permutation_alternating_centering,instant_RF_exact_pathways,0.001,0.04516611921815924,0.20793430677042551,0.4877432766279314,179.99969582921057,179.99969582921057,includes physical relaxation and prescribed receiver/RF phase; no arbitrary rephasing
12a870b8424f96b7,timing_transfer,high_low_permutation_alternating_centering,instant_RF_exact_pathways,0.0,0.09989837221621302,0.5479395279897853,0.5879718128818667,0.5883192127566219,0.5883192127566219,includes physical relaxation and prescribed receiver/RF phase; no arbitrary rephasing
36407cb8283e7ac1,timing_transfer,high_low_permutation_alternating_centering,instant_RF_exact_pathways,0.001,0.026176225596124474,0.1785125223377237,0.6462360786604302,179.9996968028381,179.99969784516097,includes physical relaxation and prescribed receiver/RF phase; no arbitrary rephasing
538bbb0e7b64bd28,timing_transfer,high_low_permutation_alternating_centering,instant_RF_exact_pathways,0.001,0.02614053564711118,0.17887683999786422,0.6445481924825597,1.9232753356409293,1.9232753356409293,includes physical relaxation and prescribed receiver/RF phase; no arbitrary rephasing
645d6d090940e8c4,timing_transfer,high_low_permutation_alternating_centering,instant_RF_exact_pathways,0.0,0.15665839148740432,0.6368838357851905,0.4486945894048603,179.9996958292107,179.9996958292107,includes physical relaxation and prescribed receiver/RF phase; no arbitrary rephasing
6a0df43be858c9dc,timing_transfer,high_low_permutation_alternating_centering,instant_RF_exact_pathways,0.001,0.03887055236051813,0.20965307663279026,0.5378146261390992,134.89016655405774,134.89016655405774,includes physical relaxation and prescribed receiver/RF phase; no arbitrary rephasing
ab6af8e6ef1a196c,timing_transfer,high_low_permutation_alternating_centering,instant_RF_exact_pathways,0.001,0.0421005683776194,0.22586290811960877,0.5344247515383692,45.19022116209971,45.19022116209971,includes physical relaxation and prescribed receiver/RF phase; no arbitrary rephasing
c0467d7707fcb335,timing_transfer,high_low_permutation_alternating_centering,instant_RF_exact_pathways,0.001,0.045166119696264315,0.20793430686639502,0.4877432735298514,0.00011190153767435964,0.00011190153767435964,includes physical relaxation and prescribed receiver/RF phase; no arbitrary rephasing
c3995eeb192c3239,timing_transfer,high_low_permutation_alternating_centering,instant_RF_exact_pathways,0.0,0.09748381359767155,0.54726944031104,0.5983644130682915,179.99969589431612,179.99969589431612,includes physical relaxation and prescribed receiver/RF phase; no arbitrary rephasing
170cfb627ad7be57,timing_transfer_robust,high_low_permutation_alternating_centering,instant_RF_exact_pathways,0.001,0.026274440680583343,0.1786207769624791,0.6439471469616519,90.485984816584,90.6555223366772,includes physical relaxation and prescribed receiver/RF phase; no arbitrary rephasing
1cc6737aa708b4ad,timing_transfer_robust,high_low_permutation_alternating_centering,instant_RF_exact_pathways,0.001,0.02643000042733066,0.1787745968653144,0.6532144390059892,179.72194504397004,358.9486678343023,includes physical relaxation and prescribed receiver/RF phase; no arbitrary rephasing
38d504b372a03865,timing_transfer_robust,high_low_permutation_alternating_centering,instant_RF_exact_pathways,0.001,0.045166119696264315,0.20793430686639502,0.4877432735298514,0.00011190153767435964,0.00011190153767435964,includes physical relaxation and prescribed receiver/RF phase; no arbitrary rephasing
3d204d3ecd8e07ff,timing_transfer_robust,high_low_permutation_alternating_centering,instant_RF_exact_pathways,0.001,0.02614053564711118,0.17887683999786422,0.6445481924825597,1.9232753356409293,1.9232753356409293,includes physical relaxation and prescribed receiver/RF phase; no arbitrary rephasing
4be0d4222a2a7bc5,timing_transfer_robust,high_low_permutation_alternating_centering,instant_RF_exact_pathways,0.001,0.031136566735139298,0.2056589792390247,0.6465598412961481,90.97116132685278,90.97116132685278,includes physical relaxation and prescribed receiver/RF phase; no arbitrary rephasing
644375c6f0fc7154,timing_transfer_robust,high_low_permutation_alternating_centering,instant_RF_exact_pathways,0.001,0.04516611921815924,0.20793430677042551,0.4877432766279314,179.99969582921057,179.99969582921057,includes physical relaxation and prescribed receiver/RF phase; no arbitrary rephasing
687cf5c6e715686e,timing_transfer_robust,high_low_permutation_alternating_centering,instant_RF_exact_pathways,0.001,0.02885411007430459,0.19063337874459635,0.6472922632374751,91.00510371532582,91.00510371532582,includes physical relaxation and prescribed receiver/RF phase; no arbitrary rephasing
7092743d38d3561a,timing_transfer_robust,high_low_permutation_alternating_centering,instant_RF_exact_pathways,0.001,0.01976188816765052,0.14709380704758254,0.7550754390504857,10.431548360311266,11.461206383554842,includes physical relaxation and prescribed receiver/RF phase; no arbitrary rephasing
7473ee53e4080505,timing_transfer_robust,high_low_permutation_alternating_centering,instant_RF_exact_pathways,0.001,0.02077749656256533,0.14658166188849484,0.7341530274909527,95.94081934888209,96.64133526975922,includes physical relaxation and prescribed receiver/RF phase; no arbitrary rephasing
8836694614970b78,timing_transfer_robust,high_low_permutation_alternating_centering,instant_RF_exact_pathways,0.001,0.019780833544126207,0.14687197950404451,0.7815947876878628,179.8458229715435,357.1200298681319,includes physical relaxation and prescribed receiver/RF phase; no arbitrary rephasing
96829cdcb625af4c,timing_transfer_robust,high_low_permutation_alternating_centering,instant_RF_exact_pathways,0.001,0.02640299599947794,0.17864022374867325,0.6424979730638316,90.76345331236362,90.77531759815426,includes physical relaxation and prescribed receiver/RF phase; no arbitrary rephasing
9f620667bb8e3a2f,timing_transfer_robust,high_low_permutation_alternating_centering,instant_RF_exact_pathways,0.001,0.04516611935822024,0.20793430679853445,0.48774327572037135,89.99987129001451,89.99987129001451,includes physical relaxation and prescribed receiver/RF phase; no arbitrary rephasing
ab946957117e7d2b,timing_transfer_robust,high_low_permutation_alternating_centering,instant_RF_exact_pathways,0.001,0.08478474347213928,0.5576366983139631,0.6449121108423322,89.94811170006923,89.98173830892947,includes physical relaxation and prescribed receiver/RF phase; no arbitrary rephasing
abb851f17cfd2c16,timing_transfer_robust,high_low_permutation_alternating_centering,instant_RF_exact_pathways,0.001,0.026176225596124474,0.1785125223377237,0.6462360786604302,179.9996968028381,179.99969784516097,includes physical relaxation and prescribed receiver/RF phase; no arbitrary rephasing
b4ee5deaad2f89d2,timing_transfer_robust,high_low_permutation_alternating_centering,instant_RF_exact_pathways,0.001,0.021162256343687843,0.1463647768741332,0.7286826331572218,179.9997170320392,179.99971878875294,includes physical relaxation and prescribed receiver/RF phase; no arbitrary rephasing
bac5e900724f61d6,timing_transfer_robust,high_low_permutation_alternating_centering,instant_RF_exact_pathways,0.001,0.02614526010699133,0.17887728333862657,0.6445069431878951,2.429745051389321,2.429745051389321,includes physical relaxation and prescribed receiver/RF phase; no arbitrary rephasing
dc745a0e2b4983ae,timing_transfer_robust,high_low_permutation_alternating_centering,instant_RF_exact_pathways,0.001,0.027087487697330652,0.17855295662318357,0.6468199428035716,91.08633213219402,91.08633213219402,includes physical relaxation and prescribed receiver/RF phase; no arbitrary rephasing
f14dedcc5d49c269,timing_transfer_robust,high_low_permutation_alternating_centering,instant_RF_exact_pathways,0.001,0.026356578780387063,0.17853985638305092,0.6441859212336043,179.9996974055515,179.9996982925388,includes physical relaxation and prescribed receiver/RF phase; no arbitrary rephasing
