stage,variant,b,direction,phase,b1,b0,etl,seqid,case_id,echo,D_MRzero,D_mm2_s,l1,unwanted_l1_share,cancellation,elapsed_s,model,cache,primary_real,primary_imag,primary_abs,primary_phase_deg,primary_l1,stimulated_real,stimulated_imag,stimulated_abs,stimulated_phase_deg,stimulated_l1,other_real,other_imag,other_abs,other_phase_deg,other_l1,total_real,total_imag,total_abs,total_phase_deg,total_l1,stimulated_l1_share,stimulated_relative_phase_deg,group_closure_abs,actual_excitation_phase_deg
robust,original,1000,read,0,0.7,0,8,e6d32fbe35ea3179,04c4f982266dbaa6,1,1,0.001,0.13326553912111416,0.009362483131601564,0.9907358031432821,2.9172733000013977,instant_RF_exact_pathways,runs\combined_factor_study\cases\04c4f982266dbaa6,0.13201784275881148,2.607233292859037e-07,0.13201784275906894,0.00011315399552433168,0.13201784275906894,0.0,0.0,0.0,0.0,0.0,7.268712388817686e-06,0.0012404263979980464,0.0012404476945966723,89.66425918031877,0.001247696362045211,0.1320251114712003,0.0012406871213273324,0.13203094093247952,0.5384130527939883,0.13203094093247952,0.0,0.0,0.0,0.0
robust,original,1000,read,0,0.7,0,8,e6d32fbe35ea3179,04c4f982266dbaa6,2,1,0.001,0.10194847836504088,0.06626672060410721,0.9348505495052754,2.917418499942869,instant_RF_exact_pathways,runs\combined_factor_study\cases\04c4f982266dbaa6,0.09519268703321075,4.161004671799819e-09,0.09519268703321085,2.504478165903355e-06,0.09519268703321085,-0.00023372327938451812,-4.2387763327920454e-10,0.0002337232793849025,-179.99989608908672,0.00023372327938493587,0.00013398960046690598,-0.006377817967836116,0.006379225285556741,-88.79646777561528,0.006522068052445103,0.09509295335429313,-0.006377814230709078,0.09530659102078515,-3.8370391831496766,0.09530659102078515,0.002292562705527166,-179.9998985935649,0.0,0.0
robust,original,1000,read,0,0.7,0,8,e6d32fbe35ea3179,04c4f982266dbaa6,3,1,0.001,0.10475666591543858,0.47222850734158645,0.9031966138838051,2.917501399992034,instant_RF_exact_pathways,runs\combined_factor_study\cases\04c4f982266dbaa6,0.05528758193600196,1.0918798648192204e-07,0.055287581936109775,0.00011315399552433165,0.055287581936109775,0.03865148035562115,1.5037054830172905e-09,0.03865148035562118,2.2290472968920004e-06,0.03923247608150051,0.00014383526717011823,0.010028372437412067,0.010029403886948014,89.17827257010704,0.010236607897828308,0.09408289755879319,0.010028483129104033,0.09461586593658115,6.084297508707987,0.09461586593658115,0.37451054535440875,-0.00011092494822743964,2.7755575615628914e-17,0.0
robust,original,1000,read,0,0.7,0,8,e6d32fbe35ea3179,04c4f982266dbaa6,4,1,0.001,0.12234599942447366,0.6742242149758824,0.5318421294971658,2.917603899957612,instant_RF_exact_pathways,runs\combined_factor_study\cases\04c4f982266dbaa6,0.039857364007068116,1.742220784052203e-09,0.03985736400706815,2.5044781659033553e-06,0.03985736400706815,0.022389211026058585,8.809251718911265e-08,0.02238921102623189,0.00022543578850184713,0.06821773300504615,0.0026136238953582422,-0.005205636442221721,0.005824918938060375,-63.33988181832629,0.014270902412359336,0.06486019892848496,-0.005205546607483748,0.0650687568693711,-4.588606422142078,0.0650687568693711,0.5575804139567159,0.0002229313103359438,1.3904866443919908e-17,0.0
robust,original,1000,read,0,0.7,0,8,e6d32fbe35ea3179,04c4f982266dbaa6,5,1,0.001,0.14826271666099153,0.8438973767984067,0.4321183058653336,2.9178403998957947,instant_RF_exact_pathways,runs\combined_factor_study\cases\04c4f982266dbaa6,0.02314419899373022,4.5707705028364834e-08,0.023144198993775355,0.00011315399552433168,0.023144198993775355,0.037912201370259455,-3.1425080658044125e-08,0.03791220137027248,-4.7491953183603536e-05,0.1068475346609826,0.0030069359529105214,0.0006883015277403711,0.003084707898326134,12.893142779060279,0.01827098300623346,0.0640633363169002,0.0006883158103647422,0.06406703394653963,0.6155794518305754,0.06406703394653963,0.7206635428466729,-0.0001606459487079352,7.589415207398531e-19,0.0
robust,original,1000,read,0,0.7,0,8,e6d32fbe35ea3179,04c4f982266dbaa6,6,1,0.001,0.1869088796400181,0.9107511905401446,0.2534853667000601,2.91856799996458,instant_RF_exact_pathways,runs\combined_factor_study\cases\04c4f982266dbaa6,0.016681394985347,7.291669626044952e-10,0.016681394985347018,2.5044781659033426e-06,0.016681394985347018,0.02631960123147723,6.970094007334829e-08,0.026319601231569522,0.00015173367024693505,0.1463900844546683,0.004223515928153594,0.0038187559162158216,0.0056939427063327965,42.118788139452285,0.023837400200002877,0.04722451214497782,0.003818826346322864,0.04737866589504739,4.623183031915199,0.04737866589504739,0.783216317687057,0.00014922919208103168,9.511364005193117e-18,0.0
robust,original,1000,read,0,0.7,0,8,e6d32fbe35ea3179,04c4f982266dbaa6,7,1,0.001,0.24063769797890527,0.9597550858853988,0.17556766819649813,2.92274319997523,instant_RF_exact_pathways,runs\combined_factor_study\cases\04c4f982266dbaa6,0.0096844434878775,1.912590219379329e-08,0.009684443487896386,0.00011315399552433162,0.009684443487896386,0.02871337388946553,1.2428467026332983e-08,0.028713373889468218,2.4800244971824835e-05,0.2013309833292489,0.003709436867450201,-0.0034481472958920187,0.005064547526459417,-42.909330235973734,0.029622271161760014,0.042107254244793266,-0.0034481157415227983,0.04224819951432957,-4.681441406538191,0.04224819951432957,0.8366560394327656,-8.83537505525068e-05,3.4697179919096507e-17,0.0
robust,original,1000,read,0,0.7,0,8,e6d32fbe35ea3179,04c4f982266dbaa6,8,1,0.001,0.3141334744422134,0.9777843570256418,0.10735750292671117,2.9300594999222085,instant_RF_exact_pathways,runs\combined_factor_study\cases\04c4f982266dbaa6,0.006978677114502913,3.05047677310527e-10,0.00697867711450292,2.5044781659033337e-06,0.00697867711450292,0.022689468436547133,1.9459496851084678e-08,0.02268946843655548,4.913940774474424e-05,0.26902313655578286,0.004014171411872405,0.001687932999325117,0.004354617082374107,22.806437238838384,0.03813166077192536,0.03368231696292251,0.0016879527638696513,0.03372458540180787,2.8689157522010102,0.03372458540180787,0.8563975457676707,4.663492957884089e-05,5.581904089367314e-17,0.0
robust,high_low_permutation_alternating,1000,read,45,1.2,0,8,8cff258929ec712e,0e89d3062629e8c5,1,1,0.001,0.16112780933716797,0.0035859086923091745,0.9938975023254937,2.6974553999025375,instant_RF_exact_pathways,runs\combined_factor_study\cases\0e89d3062629e8c5,0.11352624968945484,-0.11352576564452375,0.16055001972509308,-44.9998778529598,0.16055001972509308,0.0,0.0,0.0,0.0,0.0,2.541592551979033e-06,0.0005767366097473605,0.0005767422099305542,89.7475076467481,0.0005777896120748985,0.11352879128200681,-0.1129490290347764,0.1601445272553896,-44.85332843065728,0.1601445272553896,0.0,0.0,0.0,45.0
robust,high_low_permutation_alternating,1000,read,45,1.2,0,8,8cff258929ec712e,0e89d3062629e8c5,2,1,0.001,0.13177517167637848,0.0006035083048327325,0.9990168305199657,2.6975888999877498,instant_RF_exact_pathways,runs\combined_factor_study\cases\0e89d3062629e8c5,0.0931228936590224,0.09312287256727615,0.13169564426590102,44.99999351143348,0.13169564426590102,3.832932405504095e-06,-9.845577938805059e-06,1.056535734247774e-05,-68.72878956202112,1.3923770951747578e-05,3.661381372173251e-07,-6.512332053139394e-05,6.512434977925078e-05,-89.67787347484357,6.560363952569733e-05,0.09312709272956511,0.09304790366880594,0.13164561434935998,44.97562938751575,0.13164561434935998,0.00010566308337614939,-113.72878307345461,1.962615573354719e-17,45.0
robust,high_low_permutation_alternating,1000,read,45,1.2,0,8,8cff258929ec712e,0e89d3062629e8c5,3,1,0.001,0.08799807691588905,0.03886598235549356,0.9653964179596607,2.697669699904509,instant_RF_exact_pathways,runs\combined_factor_study\cases\0e89d3062629e8c5,0.05980576609522726,-0.05980551109977019,0.08457794521115874,-44.99987785295979,0.08457794521115874,0.0001720660105165535,0.000290977388499384,0.0003380451931221684,59.40255849464066,0.0004512410128817811,-1.534628762929599e-05,-0.0006645099998744449,0.0006646871809183144,-91.32296164806648,0.0029688906918485464,0.059962485818114517,-0.060179043711145255,0.084953028241938,-45.10327685939635,0.084953028241938,0.0051278508428438665,104.40243634760046,0.0,45.0
robust,high_low_permutation_alternating,1000,read,45,1.2,0,8,8cff258929ec712e,0e89d3062629e8c5,4,1,0.001,0.07227216665669937,0.04324134022975327,0.9551831481853036,2.697801199974492,instant_RF_exact_pathways,runs\combined_factor_study\cases\0e89d3062629e8c5,0.04889433320368289,0.04889432212942575,0.0691470213091556,44.99999351143348,0.0691470213091556,-0.00020275635481113523,-0.0005948838940198421,0.0006284878573055407,-108.82082940863671,0.0008897904317306945,1.122082218300511e-05,0.0006251371968755818,0.0006252378921402017,88.97168697287329,0.002235354915813057,0.04870279767105476,0.04892457543228151,0.06903315567331904,45.13015722380119,0.06903315567331904,0.012311661223016815,-153.82082292007019,1.3877787807814457e-17,45.0
robust,high_low_permutation_alternating,1000,read,45,1.2,0,8,8cff258929ec712e,0e89d3062629e8c5,5,1,0.001,0.05644344786370577,0.20760969581842986,0.8452882265666639,2.6980878999456763,instant_RF_exact_pathways,runs\combined_factor_study\cases\0e89d3062629e8c5,0.031625588496646144,-0.031625453653771944,0.04472524082177841,-44.99987785295979,0.04472524082177841,0.00189720225161016,-0.0011328129231341457,0.002209669998514346,-30.84127975381309,0.006466063153659083,-1.450507450592958e-05,-0.0012054285910193961,0.0012055158585574182,-90.68941407896008,0.005252143888268299,0.03350828567375035,-0.033963695167925474,0.047710981946019804,-45.38671824081029,0.047710981946019804,0.11455825961009174,14.158598099146698,2.1942709178604383e-17,45.0
robust,high_low_permutation_alternating,1000,read,45,1.2,0,8,8cff258929ec712e,0e89d3062629e8c5,6,1,0.001,0.045463710358607946,0.19914976854112995,0.8709877760197263,2.698878499912098,instant_RF_exact_pathways,runs\combined_factor_study\cases\0e89d3062629e8c5,0.025745494213652256,0.0257454883824607,0.0364096229636702,44.99999351143348,0.0364096229636702,0.0022102571555741597,0.0017532639566347936,0.002821200311108991,38.4228510007696,0.006077032376427011,1.811063632661642e-05,0.0005278645896615619,0.0005281751794307681,88.03499575340727,0.002977055018510729,0.02797386200555304,0.028026616928757048,0.03959833597484893,45.05397513756141,0.03959833597484893,0.13366776113283957,-6.577142510663886,9.813077866773595e-18,45.0
robust,high_low_permutation_alternating,1000,read,45,1.2,0,8,8cff258929ec712e,0e89d3062629e8c5,7,1,0.001,0.04571430866482753,0.4816435091365333,0.6454322155542663,2.701577299972996,instant_RF_exact_pathways,runs\combined_factor_study\cases\0e89d3062629e8c5,0.016755856236688113,-0.01675578479429219,0.023696308621749367,-44.999877852959784,0.023696308621749367,0.004158993759920127,-0.0035491115350634794,0.0054674877030840415,-40.47605679050619,0.014058778406220577,-8.25041938935157e-06,-0.0005154756209951457,0.0005155416426055525,-90.9169664508052,0.007959221636857569,0.020906599577218875,-0.020820371950350795,0.029505487524071224,-44.881600032696625,0.029505487524071224,0.30753562323993683,4.523821062453595,2.5018537765542006e-17,45.0
robust,high_low_permutation_alternating,1000,read,45,1.2,0,8,8cff258929ec712e,0e89d3062629e8c5,8,1,0.001,0.037280500517329763,0.4852429821737175,0.7038680074330577,2.710695799905807,instant_RF_exact_pathways,runs\combined_factor_study\cases\0e89d3062629e8c5,0.013569662993771527,0.013569659920328707,0.01919039926937185,44.99999351143347,0.01919039926937185,0.004769537945993677,0.004509529358900955,0.006563866791538601,43.39493593472546,0.013226033388166261,1.862269150091653e-05,0.0006706603360445186,0.0006709188408310538,88.40943699773665,0.004864067859791622,0.018357823631266104,0.018749849615274285,0.026240551615239978,45.605281786633824,0.026240551615239978,0.354770810601595,-1.605057576708011,1.0500451862475693e-16,45.0
robust,high_low_permutation_alternating,1000,read,0,0.8,0,8,823de6099de30e8c,1045df0afb8db713,1,1,0.001,0.16117406049512423,0.0038746002361893226,0.9961551589519982,5.174127000034787,instant_RF_exact_pathways,runs\combined_factor_study\cases\1045df0afb8db713,0.16054957544194914,3.170709273074338e-07,0.16054957544226223,0.00011315399552433165,0.16054957544226223,0.0,0.0,0.0,0.0,0.0,3.5946377925182628e-06,0.0006208897885556855,0.0006209001940357108,89.66829012633157,0.0006244850528620027,0.16055317007974165,0.0006212068594829929,0.16055437185145946,0.22168577316073537,0.16055437185145946,0.0,0.0,0.0,0.0
robust,high_low_permutation_alternating,1000,read,0,0.8,0,8,823de6099de30e8c,1045df0afb8db713,2,1,0.001,0.13177469256084498,0.0006053097631200948,0.9994398771341048,5.174296199926175,instant_RF_exact_pathways,runs\combined_factor_study\cases\1045df0afb8db713,0.1316949280529056,5.7565683663210556e-09,0.13169492805290575,2.504478165903356e-06,0.13169492805290575,5.420687003336089e-06,1.8916241800730158e-11,5.4206870033690955e-06,0.00019994159757967284,1.3924084717981044e-05,5.177812254244909e-07,-6.496751935598814e-05,6.496958264194173e-05,-89.5433710395811,6.584042322124294e-05,0.13170086652113436,-6.496174387138001e-05,0.13170088254239534,-0.02826126775094935,0.13170088254239534,0.00010566584863441671,0.0001974371194137695,2.7755575615628914e-17,0.0
robust,high_low_permutation_alternating,1000,read,0,0.8,0,8,823de6099de30e8c,1045df0afb8db713,3,1,0.001,0.08794255100931282,0.0382669327512246,0.9642689499093757,5.174419999937527,instant_RF_exact_pathways,runs\combined_factor_study\cases\1045df0afb8db713,0.08457725932370337,1.6703245691599043e-07,0.08457725932386831,0.00011315399552433165,0.08457725932386831,0.00024334297321253797,-1.5174761361946153e-10,0.0002433429732125853,-3.572939747054909e-05,0.00045124991717825514,-2.1703780345807302e-05,-0.00048268664374000446,0.00048317434754577884,-92.57454392202892,0.0029140417682662375,0.08479889851657012,-0.0004825197630307021,0.08480027131410178,-0.3260189467681243,0.08480027131410178,0.005131189759670143,-0.00014888339299488074,2.7755575615628914e-17,0.0
robust,high_low_permutation_alternating,1000,read,0,0.8,0,8,823de6099de30e8c,1045df0afb8db713,4,1,0.001,0.07219456786199413,0.04222328761436894,0.9540533204686666,5.174639599979855,instant_RF_exact_pathways,runs\combined_factor_study\cases\1045df0afb8db713,0.069146275858962,3.0224798338376837e-09,0.06914627585896208,2.504478165903368e-06,0.06914627585896208,-0.0002867440522300569,5.229510662383859e-10,0.00028674405223053377,179.99989550650224,0.0008898053963816235,1.5869705641049078e-05,0.0005334313777456178,0.0005336673892235888,88.2959400613594,0.002158486606650442,0.06887540151237297,0.0005334349231765183,0.06887746718853599,0.4437427294295746,0.06887746718853599,0.012325101773343389,179.99989300202407,2.7758963540648015e-17,0.0
robust,high_low_permutation_alternating,1000,read,0,0.8,0,8,823de6099de30e8c,1045df0afb8db713,5,1,0.001,0.05630621251641829,0.20568908493195848,0.8417597437310945,5.175085599999875,instant_RF_exact_pathways,runs\combined_factor_study\cases\1045df0afb8db713,0.04472463918784461,8.832712750403842e-08,0.044724639187931826,0.0001131539955243316,0.044724639187931826,0.002683148311424221,4.255151674464979e-09,0.002683148311427595,9.086424000365947e-05,0.006466212841528817,-2.0514477734507844e-05,-0.0009252387242584409,0.000925466120754351,-91.27015916077212,0.0051153604869576316,0.04738727302153432,-0.000925146141979263,0.04739630301828881,-1.118448751584304,0.04739630301828881,0.11484013135572453,-2.228975552067214e-05,6.969320381211996e-18,0.0
robust,high_low_permutation_alternating,1000,read,0,0.8,0,8,823de6099de30e8c,1045df0afb8db713,6,1,0.001,0.0453830315974509,0.1977390083058692,0.8717576331654973,5.17630279995501,instant_RF_exact_pathways,runs\combined_factor_study\cases\1045df0afb8db713,0.036409035935456996,1.5914895707304687e-09,0.03640903593545703,2.5044781659033613e-06,0.03640903593545703,0.0031259295120127824,7.606933502110739e-10,0.003125929512012875,1.3942898681261921e-05,0.006077217893508908,2.561359103286732e-05,0.00043804828330756807,0.000438796484209145,86.65360730212112,0.002896777768484931,0.03956057903850267,0.00043805063549048965,0.03956300421126877,0.6344049441213385,0.03956300421126877,0.133909474083046,1.143842051535856e-05,2.776319786554118e-17,0.0
robust,high_low_permutation_alternating,1000,read,0,0.8,0,8,823de6099de30e8c,1045df0afb8db713,7,1,0.001,0.045520907058140256,0.4794509862629063,0.6495248530476525,5.17989619995933,instant_RF_exact_pathways,runs\combined_factor_study\cases\1045df0afb8db713,0.02369586327348661,4.679719221176751e-08,0.02369586327353282,0.00011315399552433165,0.02369586327353282,0.005881915333537036,1.0783448724844142e-08,0.005881915333546921,0.00010504165148481835,0.014059092978214083,-1.1668512234760997e-05,-0.00022430109016919543,0.00022460439271942636,-92.9779364293267,0.007765950806393395,0.02956611009478887,-0.00022424350952825824,0.0295669604675344,-0.43455024300100253,0.0295669604675344,0.3088491395889259,-8.112344039513295e-06,1.388945607535331e-17,0.0
robust,high_low_permutation_alternating,1000,read,0,0.8,0,8,823de6099de30e8c,1045df0afb8db713,8,1,0.001,0.037155921238361374,0.48352815093354934,0.6988924498233201,5.193760099937208,instant_RF_exact_pathways,runs\combined_factor_study\cases\1045df0afb8db713,0.019189987345743887,8.388210217194776e-10,0.019189987345743904,2.5044781659033736e-06,0.019189987345743904,0.006745408096407199,6.49898161236239e-10,0.00674540809640723,5.52026226137189e-06,0.01322637715292918,2.6337797616728537e-05,0.0005701373296362968,0.0005707453497209655,87.35507132819919,0.00473955673968812,0.02596173323976792,0.0005701388183554792,0.02596799281972071,1.25805537853493,0.02596799281972071,0.35596956587564565,3.0157840954685164e-06,1.0755482279489902e-16,0.0
robust,increasing_alternating_centering,1000,read,45,1,0,8,e5693cbecd4da986,106460ef1d52f185,1,1,0.001,0.20793430696236384,4.6153590860538757e-10,0.9999999992121098,4.51284660003148,instant_RF_exact_pathways,runs\combined_factor_study\cases\106460ef1d52f185,0.1470320718785222,-0.14703144497391388,0.2079343068663947,-44.9998778529598,0.2079343068663947,0.0,0.0,0.0,0.0,0.0,2.5166958302444933e-17,9.5969104338173e-11,9.59691043381763e-11,89.99998497474262,9.596915488449069e-11,0.14703207187852224,-0.14703144487794478,0.20793430679853445,-44.99987783426099,0.20793430679853445,0.0,0.0,0.0,45.0
robust,increasing_alternating_centering,1000,read,45,1,0,8,e5693cbecd4da986,106460ef1d52f185,2,1,0.001,0.16930703073803985,1.3743446011901858e-09,0.9999999976538617,4.513069000095129,instant_RF_exact_pathways,runs\combined_factor_study\cases\106460ef1d52f185,0.11971816293059569,0.11971813581518924,0.16930703050535365,44.99999351143349,0.16930703050535365,1.3001674442903737e-15,-1.622415850746393e-15,2.0791028295747433e-15,-51.29210156653825,2.294446931417318e-15,-6.977943165635069e-16,-2.3268168065794308e-10,2.326816806589894e-10,-90.00017182559966,2.3268393763918118e-10,0.11971816293059628,0.11971813558250594,0.16930703034082215,44.99999345575352,0.16930703034082215,1.3551988487515318e-14,-96.29209507797175,1.3877787807814457e-17,45.0
robust,increasing_alternating_centering,1000,read,45,1,0,8,e5693cbecd4da986,106460ef1d52f185,3,1,0.001,0.13765185210145392,5.716514871499495e-09,0.999999990241949,4.513156300061382,instant_RF_exact_pathways,runs\combined_factor_study\cases\106460ef1d52f185,0.09733476501162082,-0.09733435000275946,0.13765185131456506,-44.99987785295981,0.13765185131456506,4.777722770790489e-14,-7.971615761271484e-15,4.843769343495153e-14,-9.472525102380596,6.76813043828111e-14,-5.694561945673661e-16,7.868190908840746e-10,7.868190908842806e-10,90.00004146752022,7.868211752180854e-10,0.09733476501166803,-0.09733434921594832,0.13765185075824013,-44.999877621368064,0.13765185075824013,4.916846620627216e-13,35.52735275057921,1.3877787807814457e-17,45.0
robust,increasing_alternating_centering,1000,read,45,1,0,8,e5693cbecd4da986,106460ef1d52f185,4,1,0.001,0.11127099456571941,5.98515176936377e-09,0.9999999897834958,4.513289300026372,instant_RF_exact_pathways,runs\combined_factor_study\cases\106460ef1d52f185,0.0786804832461924,0.07868046542556077,0.11127099389974562,44.9999935114335,0.11127099389974562,3.2717632425167574e-14,-2.357175273976658e-14,4.0324570657764854e-14,-35.77124964789448,1.1234658240556757e-13,7.819965071788586e-16,-6.658596490113846e-10,6.658596490118437e-10,-89.99993271089558,6.658614501063494e-10,0.0786804832462259,0.07868046475967756,0.11127099342891883,44.999993268970414,0.11127099342891883,1.0096663811089861e-12,-80.77124315932797,1.3877787807814457e-17,45.0
robust,increasing_alternating_centering,1000,read,45,1,0,8,e5693cbecd4da986,106460ef1d52f185,5,1,0.001,0.08973109055904539,9.970996663609408e-09,0.999999982979809,4.513682000106201,instant_RF_exact_pathways,runs\combined_factor_study\cases\106460ef1d52f185,0.0634495972506457,-0.06344932671888756,0.08973108966433699,-44.99987785295981,0.08973108966433699,3.632076889817313e-14,5.843048162135935e-14,6.87991238015319e-14,58.13464601661317,1.9276649454179432e-13,-7.304275318545701e-16,8.945142791816864e-10,8.945142791819846e-10,90.00004678563081,8.945156433539585e-10,0.06344959725068129,-0.06344932582431485,0.08973108903180509,-44.99987744903685,0.08973108903180509,2.1482687142306486e-12,103.13452386957299,1.3877787807814457e-17,45.0
robust,increasing_alternating_centering,1000,read,45,1,0,8,e5693cbecd4da986,106460ef1d52f185,6,1,0.001,0.07174059748591609,1.0378526084493481e-08,0.9999999829976962,4.514730300055817,instant_RF_exact_pathways,runs\combined_factor_study\cases\106460ef1d52f185,0.0507282681869968,0.05072825669736505,0.07174059674135443,44.99999351143351,0.07174059674135443,1.2776026549917286e-14,-8.965163364829025e-14,9.055739765591457e-14,-81.8895332801007,2.3154441390635185e-13,9.103402347704808e-16,-6.719496027569462e-10,6.719496027575628e-10,-89.9999223771349,7.443301642109361e-10,0.050728268187010504,0.05072825602532578,0.07174059626616065,44.99999313190343,0.07174059626616065,3.227522797699141e-12,-126.88952679153421,2.5018537765542006e-17,45.0
robust,increasing_alternating_centering,1000,read,45,1,0,8,e5693cbecd4da986,106460ef1d52f185,7,1,0.001,0.05716747387944663,1.4490136658445791e-08,0.9999999759231523,4.518029200029559,instant_RF_exact_pathways,runs\combined_factor_study\cases\106460ef1d52f185,0.04042359403521129,-0.040423421680043745,0.05716747305108212,-44.99987785295981,0.05716747305108212,-1.1523443128672616e-15,1.2215812132809276e-13,1.22163556365327e-13,90.54046760584235,2.846501961428118e-13,-7.022723034929236e-16,7.749346151569972e-10,7.749346151573155e-10,90.0000519233988,8.280798532842536e-10,0.04042359403520943,-0.040423420904986955,0.05716747250303406,-44.999877303682005,0.05716747250303406,4.9792334141451685e-12,135.54034545880216,1.5515838457795457e-17,45.0
robust,increasing_alternating_centering,1000,read,45,1,0,8,e5693cbecd4da986,106460ef1d52f185,8,1,0.001,0.04503620437356418,1.5872982269010167e-08,0.9999999758325192,4.531791500048712,instant_RF_exact_pathways,runs\combined_factor_study\cases\106460ef1d52f185,0.031845408612360494,0.03184540139957695,0.04503620365870531,44.99999351143351,0.04503620365870531,-2.851445988047092e-14,-1.416482312762849e-13,1.444897776521747e-13,-101.38179507631975,3.0249809443297763e-13,6.858220498260806e-16,-5.281139310714673e-10,5.281139310719126e-10,-89.99992559425792,7.145563814780283e-10,0.031845408612332655,0.031845400871321386,0.04503620328515258,44.999993036243715,0.04503620328515258,6.716775950384955e-12,-146.38178858775328,2.5018537765542006e-17,45.0
robust,increasing_alternating_centering,1000,read,90,0.7,0,8,1b6331729c140095,10faa8749de2bfe4,1,1,0.001,0.14780503523776445,0.004872155949616217,0.990255688100785,3.614516200032085,instant_RF_exact_pathways,runs\combined_factor_study\cases\10faa8749de2bfe4,-2.4196648032106443e-07,-0.1470849060557485,0.14708490605594754,-90.00009425615774,0.14708490605594754,0.0,0.0,0.0,0.0,0.0,-7.45872517866079e-10,0.000720129181816507,0.0007201291818168932,90.00005934400163,0.0007201291818169182,-2.427123528389305e-07,-0.14636477687393198,0.1463647768741332,-90.00009501188573,0.1463647768741332,0.0,180.0,0.0,90.0
robust,increasing_alternating_centering,1000,read,90,0.7,0,8,1b6331729c140095,10faa8749de2bfe4,2,1,0.001,0.09715593601066341,0.02139209514966502,0.9949621554999831,3.6146442000754178,instant_RF_exact_pathways,runs\combined_factor_study\cases\10faa8749de2bfe4,-3.483358215892897e-07,0.09507756698253043,0.09507756698316853,90.00020991463144,0.09507756698316853,-8.462735507350492e-11,-7.570552157094288e-05,7.570552157099018e-05,-90.00006404804004,7.570552157108562e-05,-1.5646018836341087e-09,0.001664618051195045,0.0016646180511957803,90.00005385324549,0.0020026635059237933,-3.4998505082799733e-07,0.09666647951215454,0.0966664795127881,90.00020744177719,0.0966664795127881,0.0007792166354382763,179.99972603732851,1.3877787807814457e-17,90.0
robust,increasing_alternating_centering,1000,read,90,0.7,0,8,1b6331729c140095,10faa8749de2bfe4,3,1,0.001,0.06803502445945875,0.09798515066972122,0.867921828114773,3.6147242999868467,instant_RF_exact_pathways,runs\combined_factor_study\cases\10faa8749de2bfe4,-1.0095627830128242e-07,-0.06136860233689747,0.061368602336980514,-90.00009425615774,0.061368602336980514,-4.333984829361748e-09,-0.0002660799158270718,0.0002660799158623684,-90.00093324984113,0.0017507113893836022,-2.627597358710602e-09,0.0025855994481364135,0.0025855994481377488,90.00005822643527,0.004915710733094639,-1.0791786048935477e-07,-0.05904908280458812,0.05904908280468674,-90.00010471353062,0.05904908280468674,0.02573250180025775,-0.0008389936833949524,6.938893903907228e-18,90.0
robust,increasing_alternating_centering,1000,read,90,0.7,0,8,1b6331729c140095,10faa8749de2bfe4,4,1,0.001,0.04591027001042177,0.14217755651318317,0.838028923863298,3.6148508000187576,instant_RF_exact_pathways,runs\combined_factor_study\cases\10faa8749de2bfe4,-1.4428704194313168e-07,0.03938286000121522,0.03938286000147953,90.00020991463144,0.03938286000147953,-2.6341238283494003e-09,-0.00047307900069284325,0.0004730790007001767,-90.00031902531683,0.0022641708692843375,3.1255688837527444e-10,-0.0004356468296945345,0.00043564682969464663,-89.9999588928707,0.004263239139657899,-1.4660860888310577e-07,0.038474134170827866,0.0384741341711072,90.00021832991725,0.0384741341711072,0.049317306754466134,179.99947106005177,2.0816681711789e-17,90.0
robust,increasing_alternating_centering,1000,read,90,0.7,0,8,1b6331729c140095,10faa8749de2bfe4,5,1,0.001,0.033709494592153534,0.25204220350494855,0.7416034937708554,3.6151399000082165,instant_RF_exact_pathways,runs\combined_factor_study\cases\10faa8749de2bfe4,-4.147786888690586e-08,-0.025213279296074892,0.02521327929610901,-90.00009425615774,0.02521327929610901,-3.50607324887502e-09,0.0004214130392271244,0.0004214130392417093,90.00047668956847,0.0032304217488918893,3.697729361982576e-11,-0.00020721270590264829,0.0002072127059026516,-89.99998977551665,0.005265793547152611,-4.494696484216106e-08,-0.02499907896275041,0.024999078962790817,-90.00010301465072,0.024999078962790817,0.09583121277777405,-179.99942905427378,3.469446951959925e-18,90.0
robust,increasing_alternating_centering,1000,read,90,0.7,0,8,1b6331729c140095,10faa8749de2bfe4,6,1,0.001,0.024568444888550593,0.34861940180601164,0.6851530965327569,3.6159869000548497,instant_RF_exact_pathways,runs\combined_factor_study\cases\10faa8749de2bfe4,-5.8631710561328614e-08,0.016003408328092716,0.01600340832820012,90.00020991463144,0.01600340832820012,-2.2779465182020383e-09,-4.7342235833468166e-05,4.7342235888271666e-05,-90.0027568770053,0.003668003314797376,-1.070553050786119e-09,0.000877080000011457,0.0008770800000121103,90.00006993452314,0.004897033245553107,-6.198021013031676e-08,0.016833146092270716,0.016833146092384822,90.00021096498743,0.016833146092384822,0.14929733369110154,179.99703320836326,1.0408340855869257e-17,90.0
robust,increasing_alternating_centering,1000,read,90,0.7,0,8,1b6331729c140095,10faa8749de2bfe4,7,1,0.001,0.020535416577071017,0.5069918614261923,0.5537818835014178,3.6190935000777245,instant_RF_exact_pathways,runs\combined_factor_study\cases\10faa8749de2bfe4,-1.6655002634517225e-08,-0.010124127501485796,0.010124127501499495,-90.00009425615774,0.010124127501499495,-1.6490874662229217e-09,-0.0003940600287793633,0.00039406002878281387,-90.00023977502147,0.004546748703351329,6.949122093604822e-10,-0.0008539541402578408,0.0008539541402581236,-89.99995337508791,0.005864540372220232,-1.760917789137963e-08,-0.011372141670522992,0.011372141670536625,-90.00008871957483,0.011372141670536625,0.22141010318865592,-0.00014551886373463213,6.938893903986114e-18,90.0
robust,increasing_alternating_centering,1000,read,90,0.7,0,8,1b6331729c140095,10faa8749de2bfe4,8,1,0.001,0.01723292942846103,0.6325718858341617,0.41551456142842247,3.627676900010556,instant_RF_exact_pathways,runs\combined_factor_study\cases\10faa8749de2bfe4,-2.3198054884930033e-08,0.006331862761409919,0.006331862761452415,90.00020991463144,0.006331862761452415,-2.01432888303222e-09,0.0004904869182721663,0.0004904869182763025,90.00023530198105,0.00498628575866415,-4.750585136136554e-10,0.0003381834338657865,0.00033818343386612015,90.0000804854559,0.0059147809083444,-2.568744228157593e-08,0.007160533113547866,0.007160533113593941,90.00020554084534,0.007160533113593941,0.2893463806814559,2.53873496217945e-05,6.0715321659512806e-18,90.0
robust,increasing_alternating_centering,1000,read,90,0.7,100,8,1b6331729c140095,14c4c1a0d78a06cb,1,1,0.001,0.14780503523776445,0.004872155949616217,0.9936872533995951,3.6407245999434963,instant_RF_exact_pathways,runs\combined_factor_study\cases\14c4c1a0d78a06cb,-0.002310545790802539,-0.1470667568406794,0.14708490605594754,-90.90009213794605,0.14708490605594754,0.0,0.0,0.0,0.0,0.0,-0.0006788246241424568,0.00022520268124289112,0.0007152056473358798,161.64653778824595,0.0007201291818169181,-0.0029893704149449958,-0.1468415541594365,0.14687197950404451,-91.16625469895455,0.14687197950404451,0.0,180.0,0.0,90.0
robust,increasing_alternating_centering,1000,read,90,0.7,100,8,1b6331729c140095,14c4c1a0d78a06cb,2,1,0.001,0.09715593601066341,0.02139209514966502,0.9829592589278204,3.640864499961026,instant_RF_exact_pathways,runs\combined_factor_study\cases\14c4c1a0d78a06cb,0.001493068660097038,0.09506584291644994,0.09507756698316853,89.10020784189155,0.09507756698316853,3.4431230961254532e-06,-6.216608361152852e-05,6.226136079665001e-05,-86.82986189004865,7.570552157108562e-05,-0.0018810423524205622,0.0004958758723493454,0.001945305429072285,165.23180663094064,0.0020026635059237938,-0.00038453056922739884,0.09549955270518776,0.09550032686148045,90.23070118153005,0.09550032686148045,0.0007792166354382763,-175.9300697319402,1.3877787807814457e-17,90.0
robust,increasing_alternating_centering,1000,read,90,0.7,100,8,1b6331729c140095,14c4c1a0d78a06cb,3,1,0.001,0.06803502445945873,0.09798515066972104,0.8740888609905476,3.640939199947752,instant_RF_exact_pathways,runs\combined_factor_study\cases\14c4c1a0d78a06cb,-0.0009640347852090939,-0.0613610298946111,0.061368602336980514,-90.90009213794605,0.061368602336980514,0.0005625575147438822,0.0013842764971969794,0.0014942196552337117,67.88361754955399,0.001750711389383602,-0.004409955331175394,0.0007030553000975289,0.004465645841080269,170.94187185755945,0.00491571073309464,-0.004811432601640604,-0.05927369809731659,0.05946865703723233,-94.64070391762647,0.05946865703723233,0.02573250180025775,158.78370968750002,7.152448122690996e-18,90.0
robust,increasing_alternating_centering,1000,read,90,0.7,100,8,1b6331729c140095,14c4c1a0d78a06cb,4,1,0.001,0.04591027001042178,0.14217755651318315,0.8117521205642811,3.641055000014603,instant_RF_exact_pathways,runs\combined_factor_study\cases\14c4c1a0d78a06cb,0.0006184562339884845,0.03937800367950079,0.03938286000147954,89.10020784189155,0.03938286000147954,0.0002928428399523609,-0.0019871729189998113,0.00200863464545387,-81.61685580531764,0.0022641708692843375,-0.0020560030310920203,-0.00014065604328064392,0.002060808721441886,-176.08635785310005,0.0042632391396579,-0.0011447039571511747,0.03725017471722033,0.0372677590366386,91.76015474495935,0.0372677590366386,0.04931730675446613,-170.7170636472092,6.942281208919283e-18,90.0
robust,increasing_alternating_centering,1000,read,90,0.7,100,8,1b6331729c140095,14c4c1a0d78a06cb,5,1,0.001,0.033709494592153534,0.25204220350494866,0.6973427550982152,3.6413453000131994,instant_RF_exact_pathways,runs\combined_factor_study\cases\14c4c1a0d78a06cb,-0.0003960735191127914,-0.02521016815951565,0.025213279296109007,-90.90009213794605,0.025213279296109007,0.0003518356579354025,0.0018569512261119704,0.0018899884090527086,79.27137101147515,0.003230421748891889,-0.0007901931797859795,-0.00013904032183123362,0.0008023325198913543,-170.0205392909488,0.005265793547152611,-0.0008344310409633694,-0.023492257255234905,0.02350707183186073,-92.03425689331324,0.02350707183186073,0.09583121277777405,170.1714631494212,7.007167689862071e-18,90.0
robust,increasing_alternating_centering,1000,read,90,0.7,100,8,1b6331729c140095,14c4c1a0d78a06cb,6,1,0.001,0.0245684448885506,0.34861940180601186,0.6093242195721612,3.6421019999543205,instant_RF_exact_pathways,runs\combined_factor_study\cases\14c4c1a0d78a06cb,0.0002513125670727512,0.016001434939177682,0.01600340832820012,89.10020784189155,0.01600340832820012,0.0002840752343237298,-0.0012996856369433755,0.0013303689313994783,-77.67063146923887,0.003668003314797376,0.00014267332648278816,0.00025303519815142266,0.0002904866427104592,60.58362035736743,0.004897033245553107,0.0006780611278792694,0.014954784500385721,0.014970148507817747,87.40394445377773,0.014970148507817747,0.1492973336911015,-166.77083931113043,8.679713874558332e-18,90.0
robust,increasing_alternating_centering,1000,read,90,0.7,100,8,1b6331729c140095,14c4c1a0d78a06cb,7,1,0.001,0.020535416577071017,0.5069918614261923,0.4723189408402403,3.6444046000251547,instant_RF_exact_pathways,runs\combined_factor_study\cases\14c4c1a0d78a06cb,-0.00015903916187865009,-0.010122878257274821,0.010124127501499495,-90.90009213794605,0.010124127501499495,0.000248075882346192,0.0007637413347878581,0.0008030208402435025,72.00534180555027,0.00454674870335133,0.00030039420557164683,-0.00033230819760555406,0.0004479569364758992,-47.88759555912015,0.005864540372220232,0.00038943092603918817,-0.009691445120092491,0.009699266207395295,-87.69892409476314,0.009699266207395295,0.22141010318865598,162.90543394349632,2.429344834538141e-17,90.0
robust,increasing_alternating_centering,1000,read,90,0.7,100,8,1b6331729c140095,14c4c1a0d78a06cb,8,1,0.001,0.01723292942846103,0.6325718858341617,0.35680781295066444,3.6527317999862134,instant_RF_exact_pathways,runs\combined_factor_study\cases\14c4c1a0d78a06cb,9.94336114094474e-05,0.006331081975996668,0.006331862761452415,89.10020784189155,0.006331862761452415,0.0002185314578096071,-0.00036173510891742935,0.000422620736684674,-58.86298132482894,0.004986285758664151,0.00021039662914167486,0.00015675423652848627,0.0002623711726234574,36.6876426167592,0.005914780908344399,0.0005283616983607286,0.0061261011036076955,0.006148843860102325,85.0705734496858,0.006148843860102325,0.28934638068145596,-147.96318916672047,2.950006326678409e-17,90.0
robust,increasing_alternating_centering,1000,read,45,0.8,0,8,e5693cbecd4da986,1c75861e2d46f338,1,1,0.001,0.1792333509128116,0.002010866201569565,0.9965822546573351,4.354480700101703,instant_RF_exact_pathways,runs\combined_factor_study\cases\1c75861e2d46f338,0.12648253610168975,-0.12648199681469105,0.17887293662526696,-44.999877852959806,0.17887293662526696,0.0,0.0,0.0,0.0,0.0,2.5077794290551865e-06,0.00035937538193157246,0.0003593841316699005,89.60018729081231,0.0003604142875446312,0.1264850438811188,-0.12612262143275949,0.1786207769624791,-44.91779638825285,0.1786207769624791,0.0,0.0,0.0,45.0
robust,increasing_alternating_centering,1000,read,45,0.8,0,8,e5693cbecd4da986,1c75861e2d46f338,2,1,0.001,0.13312839964505285,0.01045636173901297,0.9955440672586108,4.354619699995965,instant_RF_exact_pathways,runs\combined_factor_study\cases\1c75861e2d46f338,0.0931516846990899,0.0931516636008227,0.1317363609406283,44.9999935114335,0.1317363609406283,2.4171213753250783e-05,-3.0162084504782465e-05,3.865228215744807e-05,-51.292101566538264,4.265571136112238e-05,-1.733966393836007e-05,0.0011497402695522304,0.001149871015103664,90.86403362226088,0.0013493829930634582,0.09315851624890478,0.09427124178587015,0.1325351884502657,45.340147310103816,0.1325351884502657,0.0003204103067027855,-96.29209507797177,1.3877787807814457e-17,45.0
robust,increasing_alternating_centering,1000,read,45,0.8,0,8,e5693cbecd4da986,1c75861e2d46f338,3,1,0.001,0.10228657539727526,0.0528772472991411,0.9367889304429938,4.354687500046566,instant_RF_exact_pathways,runs\combined_factor_study\cases\1c75861e2d46f338,0.06850319637920532,-0.06850290430028032,0.0968779428546113,-44.999877852959806,0.0968779428546113,0.0007967641774632035,-0.00012865200687515785,0.0008070839444330564,-9.17227503112566,0.0011323119519987916,3.4858377317183194e-06,0.002459936681668134,0.0024599391514590605,89.9188094320066,0.0042763205906651836,0.06930344639440024,-0.06617161962548733,0.09582093156509014,-43.675708331734576,0.09582093156509014,0.011069995721344235,35.82760282183414,1.3877787807814457e-17,45.0
robust,increasing_alternating_centering,1000,read,45,0.8,0,8,e5693cbecd4da986,1c75861e2d46f338,4,1,0.001,0.07613887098450867,0.06968383344922797,0.9211067281526724,4.3547987000783905,instant_RF_exact_pathways,runs\combined_factor_study\cases\1c75861e2d46f338,0.05008665769163629,0.05008664634732522,0.07083322257981191,44.999993511433495,0.07083322257981191,0.0005417693428790643,-0.00031209665022668406,0.0006252346279328508,-29.944921021725353,0.001687104514521126,1.1061459464717036e-05,-0.0012550348261621263,0.001255083571227545,-89.49502713435797,0.003618543890175651,0.05063948849398008,0.0485195148709364,0.07013202633777922,43.77522932305606,0.07013202633777922,0.022158254945287892,-74.94491453315885,1.962615573354719e-17,45.0
robust,increasing_alternating_centering,1000,read,45,0.8,0,8,e5693cbecd4da986,1c75861e2d46f338,5,1,0.001,0.058918742848639766,0.12308664326457164,0.8583871944816488,4.355053900042549,instant_RF_exact_pathways,runs\combined_factor_study\cases\1c75861e2d46f338,0.03653390413372801,-0.03653374836313613,0.05166663256603221,-44.999877852959806,0.05166663256603221,0.0005746057803883114,0.0005648891974441997,0.000805773918816446,44.511445234832664,0.0026534605229702694,1.6886553391802188e-05,0.0016243529340561722,0.0016244407068472363,89.40438228234483,0.0045986497596373155,0.037125396467508114,-0.03434450623163575,0.0505750943762296,-42.77174822677812,0.0505750943762296,0.04503593245000014,89.51132308779246,9.813077866773595e-18,45.0
robust,increasing_alternating_centering,1000,read,45,0.8,0,8,e5693cbecd4da986,1c75861e2d46f338,6,1,0.001,0.0446713781694784,0.16359806189166193,0.8227842447730557,4.355790400062688,instant_RF_exact_pathways,runs\combined_factor_study\cases\1c75861e2d46f338,0.026419794367898073,0.02641978838398181,0.03736322727892224,44.999993511433495,0.03736322727892224,0.00034931183144160647,-0.0006172347800202442,0.0007092231871926697,-60.493165903576745,0.003101663725537884,2.0507904573236196e-05,-0.000638299149091277,0.000638628513206726,-88.15977771780905,0.004206487165018272,0.026789614103912913,0.025164254454870295,0.03675490615014585,43.20810486964052,0.03675490615014585,0.06943290878043891,-105.49315941501024,4.9065389333867974e-18,45.0
robust,increasing_alternating_centering,1000,read,45,0.8,0,8,e5693cbecd4da986,1c75861e2d46f338,7,1,0.001,0.03563275259543285,0.24422729721023598,0.747344890744497,4.35816510010045,instant_RF_exact_pathways,runs\combined_factor_study\cases\1c75861e2d46f338,0.019042611289487272,-0.019042530096992204,0.026930261736889265,-44.99987785295981,0.026930261736889265,0.0002804699324600329,0.00048824190786248597,0.0005630661982461171,60.12484212550751,0.003834276334772968,1.9510677506014535e-05,0.00025077285403582396,0.0002515306956576401,85.55122478453099,0.00486821452377071,0.019342591899453355,-0.018303515335093907,0.026629955595359456,-43.418970919550254,0.026629955595359456,0.10760539266518573,105.12471997846733,4.0608835428777945e-17,45.0
robust,increasing_alternating_centering,1000,read,45,0.8,0,8,e5693cbecd4da986,1c75861e2d46f338,8,1,0.001,0.028109919821693873,0.31733768687849734,0.6829469913175202,4.367345300037414,instant_RF_exact_pathways,runs\combined_factor_study\cases\1c75861e2d46f338,0.01356908572429221,0.013569082650980148,0.019189582887137516,44.9999935114335,0.019189582887137516,0.0001440648677501645,-0.00029866270247312887,0.00033159326888286664,-64.24889793619967,0.004182403528759174,1.7899443113491377e-05,0.00014619442435607295,0.00014728611535571386,83.01968201339376,0.004737933405797181,0.013731050035155835,0.013416614372863102,0.019197585168402555,44.33640586722611,0.019197585168402555,0.14878745849468406,-109.24889144763317,3.2407308941019226e-17,45.0
robust,increasing_centering,1000,read,90,0.7,0,8,bc062153b6b100ae,22c7168783cda100,1,1,0.001,0.14780503523776445,0.004872155949616217,0.990255688100785,2.723186200018972,instant_RF_exact_pathways,runs\combined_factor_study\cases\22c7168783cda100,-2.4196648032106443e-07,-0.1470849060557485,0.14708490605594754,-90.00009425615774,0.14708490605594754,0.0,0.0,0.0,0.0,0.0,-7.45872517866079e-10,0.000720129181816507,0.0007201291818168932,90.00005934400163,0.0007201291818169182,-2.427123528389305e-07,-0.14636477687393198,0.1463647768741332,-90.00009501188573,0.1463647768741332,0.0,180.0,0.0,90.0
robust,increasing_centering,1000,read,90,0.7,0,8,bc062153b6b100ae,22c7168783cda100,2,1,0.001,0.10431595859716819,0.08747189673118479,0.8297886681269213,2.723292200011201,instant_RF_exact_pathways,runs\combined_factor_study\cases\22c7168783cda100,-3.4875229965396224e-07,0.09519124383870328,0.09519124383934215,90.00020991463144,0.09519124383934215,4.681567539199942e-10,0.00022180032177756843,0.0002218003217780625,89.99987906507107,0.00026070846315888745,8.643234393862262e-09,-0.00885284381241992,0.00885284381242414,-89.99994406081677,0.008864006294667142,-3.3964090850618e-07,0.08656020034806093,0.08656020034872726,90.00022481452827,0.08656020034872726,0.0024992193588102133,-0.00033084956035473665,0.0,90.0
robust,increasing_centering,1000,read,90,0.7,0,8,bc062153b6b100ae,22c7168783cda100,3,1,0.001,0.07175067156143397,0.14367385465069266,0.7175124494663271,2.723357699927874,instant_RF_exact_pathways,runs\combined_factor_study\cases\22c7168783cda100,-1.0107698387560904e-07,-0.06144197600434378,0.06144197600442692,-90.00009425615774,0.06144197600442692,-2.5781975779221157e-09,0.0007802206631872214,0.0007802206631914811,90.00018933084823,0.001070114158873879,-9.551229454649531e-09,0.009179755238382587,0.009179755238387556,90.00005961434948,0.009238581398133187,-1.1320641090818067e-07,-0.051482000102773956,0.051482000102898426,-90.00012599062869,0.051482000102898426,0.01491434345611151,-179.99971641299405,1.3877787807820768e-17,90.0
robust,increasing_centering,1000,read,90,0.7,0,8,bc062153b6b100ae,22c7168783cda100,4,1,0.001,0.054352245567240796,0.2729859018362504,0.6681593392058124,2.7234620000235736,instant_RF_exact_pathways,runs\combined_factor_study\cases\22c7168783cda100,-1.4477060947674043e-07,0.03951484879397703,0.039514848794242226,90.00020991463144,0.039514848794242226,6.621235197356473e-10,-0.001720930058010237,0.0017209300580103644,-89.99997795559267,0.0019739955962905834,1.1598144613330716e-09,-0.0014779582536884731,0.001477958253688928,-89.99995503765179,0.012863401176707982,-1.429486714956717e-07,0.03631596048227831,0.03631596048255965,90.00022553046801,0.03631596048255965,0.03631856560274946,179.9998121297759,6.938893903957715e-18,90.0
robust,increasing_centering,1000,read,90,0.7,0,8,bc062153b6b100ae,22c7168783cda100,5,1,0.001,0.05455502388594394,0.5362887234374825,0.5523494385293343,2.7236877999966964,instant_RF_exact_pathways,runs\combined_factor_study\cases\22c7168783cda100,-4.1616878949672934e-08,-0.025297779769015465,0.0252977797690497,-90.00009425615774,0.0252977797690497,-1.9434221333106223e-08,-0.008398508597717997,0.008398508597740483,-90.00013258292798,0.01257825366773695,-3.862137528867298e-09,0.0035628515544478064,0.0035628515544498997,90.00006210872863,0.016678990449157306,-6.491323781164643e-08,-0.030133436812285634,0.030133436812355554,-90.00012342616557,0.030133436812355554,0.23056086812524937,-3.832677023727219e-05,2.0816681711738513e-17,90.0
robust,increasing_centering,1000,read,90,0.7,0,8,bc062153b6b100ae,22c7168783cda100,6,1,0.001,0.05048415055502437,0.6809492844548583,0.5925383468516994,2.724282699986361,instant_RF_exact_pathways,runs\combined_factor_study\cases\22c7168783cda100,-5.901125548861823e-08,0.016107004358161092,0.016107004358269193,90.00020991463144,0.016107004358269193,-4.724861278113021e-08,0.011798967167325064,0.011798967167419665,90.00022943924343,0.016283010758168733,-2.2717882875821743e-09,0.0020078235864034347,0.0020078235864047196,90.00006482834534,0.018094135438586404,-1.0853165655733064e-07,0.029913795111889557,0.02991379511208644,90.00020787753078,0.02991379511208644,0.32253708498910627,1.9524612007671288e-05,3.4694469519546237e-17,90.0
robust,increasing_centering,1000,read,90,0.7,0,8,bc062153b6b100ae,22c7168783cda100,7,1,0.001,0.055457372316289354,0.8162613133530289,0.5146345025543313,2.7262799999443814,instant_RF_exact_pathways,runs\combined_factor_study\cases\22c7168783cda100,-1.676281667752241e-08,-0.010189664754273312,0.0101896647542871,-90.00009425615774,0.0101896647542871,-3.3489643628718675e-08,-0.01916772157408608,0.019167721574115337,-90.00010010658961,0.023839643240357717,-1.0461660128816517e-09,0.0008171091134416004,0.0008171091134422701,90.0000733572741,0.021428064321644565,-5.129862631912279e-08,-0.028540277214917812,0.028540277214963914,-90.0001029841007,0.028540277214963914,0.4298732926687073,-5.850431869470823e-06,2.0816681711773223e-17,90.0
robust,increasing_centering,1000,read,90,0.7,0,8,bc062153b6b100ae,22c7168783cda100,8,1,0.001,0.055078869265393085,0.883824867157842,0.4588811453482218,2.733328399946913,instant_RF_exact_pathways,runs\combined_factor_study\cases\22c7168783cda100,-2.3443274455835457e-08,0.006398794953659951,0.0063987949537028955,90.00020991463144,0.0063987949537028955,-6.720565962268487e-08,0.018141546757130103,0.018141546757254587,90.00021225316162,0.02643790207945789,-9.216262145735362e-10,0.000734312902032611,0.0007343129020331893,90.00007191115972,0.022242172232232425,-9.157056029309389e-08,0.025274654612822668,0.02527465461298855,90.00020758371234,0.02527465461298855,0.48000081396132144,2.338530185327445e-06,3.469446951978858e-18,90.0
robust,increasing_alternating_centering,1000,read,0,0.8,0,8,d4d21aba7d252395,26c28023e86a14cb,1,1,0.001,0.17923335091281165,0.002010866201569564,0.998010911958451,3.879857199965045,instant_RF_exact_pathways,runs\combined_factor_study\cases\26c28023e86a14cb,0.17887293662491818,3.532579125777479e-07,0.17887293662526701,0.0001131539955243316,0.17887293662526701,0.0,0.0,0.0,0.0,0.0,3.546684473854441e-06,0.00035686724303575496,0.000356884866760553,89.43059116373611,0.0003604142875446312,0.17887648330939204,0.00035722050094833273,0.17887683999786422,0.11442085327722949,0.17887683999786422,0.0,0.0,0.0,0.0
robust,increasing_alternating_centering,1000,read,0,0.8,0,8,d4d21aba7d252395,26c28023e86a14cb,2,1,0.001,0.13312839964505288,0.010456361739012968,0.9896527687085565,3.8800176000222564,instant_RF_exact_pathways,runs\combined_factor_study\cases\26c28023e86a14cb,0.13173636094062818,5.758379455436808e-09,0.13173636094062832,2.5044781659033803e-06,0.13173636094062832,3.4183176883438216e-05,7.568976295132717e-11,3.418317688352201e-05,0.00012686661582793842,4.265571136112237e-05,-2.4521462210943508e-05,0.001132401557109482,0.0011326670246162116,91.24051114330628,0.0013493829930634582,0.1317460226553007,0.0011324073911787003,0.13175088930246578,0.49246698399626226,0.13175088930246578,0.0003204103067027853,0.00012436213766203502,0.0,0.0
robust,increasing_alternating_centering,1000,read,0,0.8,0,8,d4d21aba7d252395,26c28023e86a14cb,3,1,0.001,0.10228657539727527,0.052877247299141096,0.9584878106129993,3.880139600019902,instant_RF_exact_pathways,runs\combined_factor_study\cases\26c28023e86a14cb,0.09687794285442237,1.9132519716687047e-07,0.09687794285461131,0.0001131539955243316,0.09687794285461131,0.0011267932572548217,1.3129681413437806e-09,0.0011267932572555867,6.676249848829915e-05,0.0011323119519987923,4.930745990742049e-06,0.0024558684750861513,0.002455873424909762,89.8849651117782,0.0042763205906651836,0.09800966685766793,0.002456061113251459,0.09804043570763585,1.4354960599885669,0.09804043570763585,0.01106999572134424,-4.639149703603243e-05,8.673617379884035e-19,0.0
robust,increasing_alternating_centering,1000,read,0,0.8,0,8,d4d21aba7d252395,26c28023e86a14cb,4,1,0.001,0.07613887098450865,0.06968383344922799,0.9407306972524523,3.8803324999753386,instant_RF_exact_pathways,runs\combined_factor_study\cases\26c28023e86a14cb,0.07083322257981182,3.0962186199283272e-09,0.0708332225798119,2.504478165903385e-06,0.0708332225798119,0.0007661762468188625,1.1994988102166894e-09,0.0007661762468198014,8.970027411013167e-05,0.0016871045145211265,1.5642731523307048e-05,-0.0012627427339414628,0.0012628396205264824,-89.29026188024345,0.003618543890175651,0.07161504155815399,-0.0012627384382240332,0.07162617318927134,-1.0101521297312408,0.07162617318927134,0.022158254945287902,8.71957959442283e-05,1.389302603484999e-17,0.0
robust,increasing_alternating_centering,1000,read,0,0.8,0,8,d4d21aba7d252395,26c28023e86a14cb,5,1,0.001,0.058918742848639745,0.12308664326457157,0.8915436054263031,3.8807932999916375,instant_RF_exact_pathways,runs\combined_factor_study\cases\26c28023e86a14cb,0.051666632565931445,1.0203693814472691e-07,0.0516666325660322,0.0001131539955243316,0.0516666325660322,0.0008126151817479452,4.8788973761740256e-11,0.0008126151817479466,3.440007455077667e-06,0.0026534605229702702,2.3881832936788282e-05,0.001636415132723,0.0016365893891105532,89.16388508328006,0.0045986497596373155,0.05250312958061618,0.0016365172184501175,0.052528628426461485,1.7853255948004336,0.052528628426461485,0.04503593245000017,-0.00010971398806925392,6.992893892674703e-18,0.0
robust,increasing_alternating_centering,1000,read,0,0.8,0,8,d4d21aba7d252395,26c28023e86a14cb,6,1,0.001,0.0446713781694784,0.16359806189166193,0.8482356703318991,3.8819848999846727,instant_RF_exact_pathways,runs\combined_factor_study\cases\26c28023e86a14cb,0.037363227278922204,1.6331986007168265e-09,0.03736322727892224,2.5044781659033693e-06,0.03736322727892224,0.0004940000939483287,1.3414742265174207e-09,0.0004940000939501501,0.00015558865766708807,0.0031016637255378847,2.900227219586877e-05,-0.0006529847448611085,0.0006536284944935083,-87.45688330129053,0.004206487165018272,0.03788622964506638,-0.0006529817701882804,0.037891856406237275,-0.9874140535369623,0.037891856406237275,0.06943290878043892,0.00015308417950118472,2.0830511988883782e-17,0.0
robust,increasing_alternating_centering,1000,read,0,0.8,0,8,d4d21aba7d252395,26c28023e86a14cb,7,1,0.001,0.03563275259543284,0.24422729721023598,0.7677154787362435,3.8858298000413924,instant_RF_exact_pathways,runs\combined_factor_study\cases\26c28023e86a14cb,0.026930261736836738,5.318483738138659e-08,0.026930261736889255,0.0001131539955243316,0.026930261736889255,0.0003966446339738818,-2.663880523456014e-10,0.0003966446339739712,-3.848006453332166e-05,0.003834276334772968,2.7592320837898085e-05,0.00026837751579913705,0.00026979219254036536,84.12995403083487,0.00486821452377071,0.027354498691648462,0.0002684304342484672,0.02735581571749284,0.5622269852018472,0.02735581571749284,0.10760539266518578,-0.00015163406005765326,5.552282317697253e-17,0.0
robust,increasing_alternating_centering,1000,read,0,0.8,0,8,d4d21aba7d252395,26c28023e86a14cb,8,1,0.001,0.028109919821693863,0.3173376868784975,0.6908265707723331,3.8970625000074506,instant_RF_exact_pathways,runs\combined_factor_study\cases\26c28023e86a14cb,0.01918958288713749,8.388033422715774e-10,0.019189582887137506,2.50447816590337e-06,0.019189582887137506,0.0002037378348203787,6.134782893429919e-10,0.00020373783482130234,0.00017252424829753286,0.004182403528759174,2.5313682765925818e-05,0.0001314788492442706,0.00013389350370265004,79.10216523476981,0.004737933405797181,0.019418634404723734,0.0001314803015259017,0.019419079515106005,0.38793414067887966,0.019419079515106005,0.1487874584946841,0.00017001977013162952,5.89828465145787e-17,0.0
robust,increasing_alternating_centering,1000,read,0,0.7,0,8,d4d21aba7d252395,26cf4e6726d618ae,1,1,0.001,0.14780503523776448,0.004872155949616216,0.9951880652168729,3.426502300077118,instant_RF_exact_pathways,runs\combined_factor_study\cases\26cf4e6726d618ae,0.14708490605566074,2.9047942000231383e-07,0.14708490605594757,0.0001131539955243316,0.14708490605594757,0.0,0.0,0.0,0.0,0.0,7.171739780138113e-06,0.0007129567227551673,0.0007129927926516947,89.42367250442908,0.0007201291818169182,0.14709207779544087,0.0007132472021751696,0.14709380704758254,0.27782416810883503,0.14709380704758254,0.0,0.0,0.0,0.0
robust,increasing_alternating_centering,1000,read,0,0.7,0,8,d4d21aba7d252395,26cf4e6726d618ae,2,1,0.001,0.09715593601066341,0.02139209514966502,0.9789266202977981,3.4266927000135183,instant_RF_exact_pathways,runs\combined_factor_study\cases\26cf4e6726d618ae,0.09507756698316844,4.155972614391086e-09,0.09507756698316853,2.504478165903363e-06,0.09507756698316853,6.0668434597389254e-05,1.3433448415174392e-10,6.066843459753798e-05,0.00012686661582793845,7.570552157108559e-05,-4.351999643232895e-05,0.0016210982659343467,0.0016216823295284485,91.5377928657091,0.0020026635059237933,0.09509471542133349,0.0016211025562414452,0.09510853208078787,0.976640377167569,0.09510853208078787,0.0007792166354382761,0.00012436213766203508,0.0,0.0
robust,increasing_alternating_centering,1000,read,0,0.7,0,8,d4d21aba7d252395,26cf4e6726d618ae,3,1,0.001,0.06803502445945875,0.09798515066972122,0.928372307190792,3.4267931000795215,instant_RF_exact_pathways,runs\combined_factor_study\cases\26cf4e6726d618ae,0.06136860233686084,1.2119745316639112e-07,0.061368602336980514,0.00011315399552433162,0.061368602336980514,0.001733935322267895,2.0070058307112983e-09,0.0017339353222690565,6.631906166341266e-05,0.0017507113893836025,6.750159470425428e-06,0.002575705178190234,0.0025757140232581842,89.84984509618944,0.004915710733094639,0.06310928781859916,0.002575828382649231,0.06316183262720969,2.337250646508385,0.06316183262720969,0.025732501800257754,-4.683493386091897e-05,0.0,0.0
robust,increasing_alternating_centering,1000,read,0,0.7,0,8,d4d21aba7d252395,26cf4e6726d618ae,4,1,0.001,0.045910270010421785,0.14217755651318315,0.8844603069325494,3.426947799976915,instant_RF_exact_pathways,runs\combined_factor_study\cases\26cf4e6726d618ae,0.0393828600014795,1.7214795543887124e-09,0.039382860001479544,2.504478165903376e-06,0.039382860001479544,0.0011722491574273266,1.6399681881350281e-09,0.0011722491574284737,8.015638579942218e-05,0.002264170869284338,4.790076240877306e-05,-0.000476986894465712,0.00047938604540744196,-84.26537514676278,0.004263239139657899,0.04060300992131563,-0.00047698353301796917,0.04060581150477387,-0.6730507497626453,0.04060581150477387,0.04931730675446613,7.765190763351882e-05,2.775748137433345e-17,0.0
robust,increasing_alternating_centering,1000,read,0,0.7,0,8,d4d21aba7d252395,26cf4e6726d618ae,5,1,0.001,0.03370949459215354,0.2520422035049486,0.784324756624488,3.427290300023742,instant_RF_exact_pathways,runs\combined_factor_study\cases\26cf4e6726d618ae,0.025213279296059845,4.979395196067395e-08,0.025213279296109014,0.00011315399552433162,0.025213279296109014,0.0011606190446716263,7.645089968887077e-10,0.001160619044671878,3.77411857254936e-05,0.00323042174889189,6.486048859684317e-05,-0.00015124514790084063,0.00016456602852523477,-66.7882443469228,0.005265793547152611,0.026438758829328324,-0.00015119458943988335,0.02643919114192532,-0.3276521974414932,0.02643919114192532,0.09583121277777407,-7.5412809798838e-05,1.041261043792876e-17,0.0
robust,increasing_alternating_centering,1000,read,0,0.7,0,8,d4d21aba7d252395,26cf4e6726d618ae,6,1,0.001,0.024568444888550593,0.3486194018060118,0.6906845521880614,3.428294699988328,instant_RF_exact_pathways,runs\combined_factor_study\cases\26cf4e6726d618ae,0.016003408328200103,6.995312233925029e-10,0.016003408328200117,2.5044781659033854e-06,0.016003408328200117,0.0008761820106644867,9.300534042773692e-10,0.0008761820106649804,6.081856753305699e-05,0.003668003314797377,6.981064310591764e-05,0.0008162744510192184,0.0008192542372655684,85.11175955507463,0.004897033245553107,0.016949400981970505,0.000816276080603847,0.01696904535580563,2.757210515198132,0.01696904535580563,0.1492973336911016,5.831408936715361e-05,3.576224061345498e-18,0.0
robust,increasing_alternating_centering,1000,read,0,0.7,0,8,d4d21aba7d252395,26cf4e6726d618ae,7,1,0.001,0.020535416577071017,0.5069918614261922,0.5350215320995004,3.4321874000597745,instant_RF_exact_pathways,runs\combined_factor_study\cases\26cf4e6726d618ae,0.010124127501479754,1.9994238453988064e-08,0.010124127501499497,0.00011315399552433162,0.010124127501499497,0.0007711058837675106,1.1587893793684096e-09,0.0007711058837683813,8.610197662862305e-05,0.00454674870335133,6.291269090602855e-05,-0.000794242350684343,0.000796730141451689,-85.47100330030139,0.005864540372220232,0.010958146076153266,-0.0007942211976565088,0.010986890039366015,-4.145417672501607,0.010986890039366015,0.22141010318865598,-2.7052018895708553e-05,2.60353041552843e-17,0.0
robust,increasing_alternating_centering,1000,read,0,0.7,0,8,d4d21aba7d252395,26cf4e6726d618ae,8,1,0.001,0.017232929428461035,0.6325718858341617,0.40392013864502496,3.4439310000743717,instant_RF_exact_pathways,runs\combined_factor_study\cases\26cf4e6726d618ae,0.0063318627614524095,2.767745228413115e-10,0.006331862761452416,2.5044781659033956e-06,0.006331862761452416,0.0005723630439444454,1.0407830544276356e-10,0.0005723630439444548,1.0418645480057505e-05,0.00498628575866415,5.037902011814477e-05,0.00029188227766246136,0.0002961980919612593,80.20720591999584,0.0059147809083444,0.006954604825514987,0.00029188265851528905,0.006960727244003912,2.4032760899669428,0.006960727244003912,0.28934638068145585,7.91416731415411e-06,1.3024084365495072e-17,0.0
robust,weak_increasing_centering,1000,read,0,1,0,8,345b2b1c4709d8a0,2bf500a6679f66aa,1,1,0.001,0.2079343069623639,4.615359086053874e-10,0.9999999995384654,4.071411799988709,instant_RF_exact_pathways,runs\combined_factor_study\cases\2bf500a6679f66aa,0.20793430686598924,4.106514969942499e-07,0.20793430686639475,0.0001131539955243316,0.20793430686639475,0.0,0.0,0.0,0.0,0.0,7.571319947865433e-17,9.596898230874003e-11,9.59689823087699e-11,89.99995479740767,9.596915488449069e-11,0.20793430686598932,4.1074746597655864e-07,0.20793430686639502,0.00011318043953798813,0.20793430686639502,0.0,0.0,0.0,0.0
robust,weak_increasing_centering,1000,read,0,1,0,8,345b2b1c4709d8a0,2bf500a6679f66aa,2,1,0.001,0.1695094587679279,5.940369892652228e-09,0.9999999940595978,4.071551200002432,instant_RF_exact_pathways,runs\combined_factor_study\cases\2bf500a6679f66aa,0.16950945776097884,7.409494023544126e-09,0.169509457760979,2.5044781659033354e-06,0.169509457760979,-7.901428071223007e-15,-1.446596391606742e-20,7.901428071236249e-15,-179.99989510267366,7.901428071237268e-15,2.3756587108621448e-15,9.498636581621633e-10,9.498636581651341e-10,89.99985670025744,1.0069409893231188e-09,0.16950945776097334,8.359357681691822e-09,0.16950945776097354,2.8255409516829723e-06,0.16950945776097354,4.6613493598932197e-14,-179.99989760715184,2.775557561562896e-17,0.0
robust,weak_increasing_centering,1000,read,0,1,0,8,345b2b1c4709d8a0,2bf500a6679f66aa,3,1,0.001,0.13801008403183923,1.1137273803557856e-08,0.9999999888625237,4.071629900019616,instant_RF_exact_pathways,runs\combined_factor_study\cases\2bf500a6679f66aa,0.138010082494514,2.725574621661531e-07,0.13801008249478314,0.00011315399552433168,0.13801008249478314,-3.1056304142418334e-14,-7.576429819157387e-22,3.105630414241834e-14,-179.9999986022244,4.1916746095996356e-14,6.079296440898282e-15,-1.5179882245171072e-09,1.5179882245292806e-09,-89.99977053970323,1.5370141754054673e-09,0.13801008249448904,2.710394739416353e-07,0.1380100824947552,0.0001125237928823201,0.1380100824947552,3.0372234311752226e-13,179.9998882437801,2.775557561583086e-17,0.0
robust,weak_increasing_centering,1000,read,0,1,0,8,345b2b1c4709d8a0,2bf500a6679f66aa,4,1,0.001,0.11219420527481284,1.66825233382915e-08,0.9999999833168204,4.071754200034775,instant_RF_exact_pathways,runs\combined_factor_study\cases\2bf500a6679f66aa,0.11219420340313029,4.904164585105269e-09,0.1121942034031304,2.5044781659033414e-06,0.1121942034031304,-7.641056234278051e-14,-1.0306832979477989e-19,7.641056234285002e-14,-179.99992271513102,1.0010889904848506e-13,2.6793133600440614e-15,1.865939739194421e-09,1.8659397391963448e-09,89.99991772866814,1.8715823595139818e-09,0.11219420340305655,6.770104324196622e-09,0.11219420340305676,3.457383651508387e-06,0.11219420340305676,8.922822600621346e-13,-179.9999252196092,0.0,0.0
robust,weak_increasing_centering,1000,read,0,1,0,8,345b2b1c4709d8a0,2bf500a6679f66aa,5,1,0.001,0.09104917633936706,2.21817615087106e-08,0.9999999778168455,4.072009800001979,instant_RF_exact_pathways,runs\combined_factor_study\cases\2bf500a6679f66aa,0.09104917431955838,1.7981390516050856e-07,0.09104917431973594,0.00011315399552433165,0.09104917431973594,-1.29027994689179e-13,-8.876074633401599e-20,1.2902799468920952e-13,-179.99996058517252,1.6323211172218742e-13,6.164214917488762e-15,-2.0175900439512545e-09,2.017590043960671e-09,-89.99982494783822,2.0194678921718253e-09,0.09104917431943552,1.777963151164685e-07,0.09104917431960911,0.00011188435859285113,0.09104917431960911,1.7927906466036918e-12,179.99992626083196,5.293955920339377e-23,0.0
robust,weak_increasing_centering,1000,read,0,1,0,8,345b2b1c4709d8a0,2bf500a6679f66aa,6,1,0.001,0.0737427431834738,2.8278637839456696e-08,0.9999999717187884,4.07277269999031,instant_RF_exact_pathways,runs\combined_factor_study\cases\2bf500a6679f66aa,0.07374274109812941,3.2233977187090672e-09,0.07374274109812948,2.5044781659033287e-06,0.07374274109812948,-1.9123824036196673e-13,-2.2287260303676036e-19,1.912382403620966e-13,-179.99993322643266,2.3231265427916506e-13,1.3366296087795776e-15,2.0845554957372536e-09,2.084555495737682e-09,89.99996326159918,2.0851120229905135e-09,0.07374274109793949,5.30795321422345e-09,0.07374274109793968,4.124111912574412e-06,0.07374274109793968,3.150312074791757e-12,-179.99993573091083,1.3877787807814555e-17,0.0
robust,weak_increasing_centering,1000,read,0,1,0,8,345b2b1c4709d8a0,2bf500a6679f66aa,7,1,0.001,0.0595943877722368,3.443727535590811e-08,0.9999999655585211,4.075400999980047,instant_RF_exact_pathways,runs\combined_factor_study\cases\2bf500a6679f66aa,0.05959438571985224,1.1769353541107714e-07,0.05959438571996846,0.00011315399552433168,0.05959438571996846,-2.513445905718674e-13,-2.121296893552435e-19,2.5134459057195693e-13,-179.99995164353496,2.953811375466086e-13,4.831774176286486e-15,-2.051787083888522e-09,2.0517870838942115e-09,-89.99986507358877,2.0519729629026304e-09,0.05959438571960575,1.156417483269765e-07,0.05959438571971795,0.00011118134761579886,0.05959438571971795,4.9565260855690444e-12,179.99993520246952,2.775557561563207e-17,0.0
robust,weak_increasing_centering,1000,read,0,1,0,8,345b2b1c4709d8a0,2bf500a6679f66aa,8,1,0.001,0.048042424126892504,4.1399802310601195e-08,0.9999999585937488,4.087534800055437,instant_RF_exact_pathways,runs\combined_factor_study\cases\2bf500a6679f66aa,0.048042422137945594,2.1000010525054963e-09,0.04804242213794564,2.504478165903333e-06,0.04804242213794564,-3.100598522206003e-13,-3.3919838449905715e-19,3.1005985222078583e-13,-179.99993731972808,3.5374199607816436e-13,1.0966206976198394e-16,1.98853724395234e-09,1.988537243952343e-09,89.9999968403037,1.988593140044065e-09,0.04804242213763564,4.088538296118639e-09,0.04804242213763582,4.87602369576812e-06,0.04804242213763582,7.36311713047285e-12,-179.99993982420625,6.938893903907278e-18,0.0
robust,increasing_centering,1000,read,90,1.2,100,8,bc062153b6b100ae,2f69de2ef353755d,1,1,0.001,0.1792070068442489,0.0018613961388770479,0.997587092231777,3.3521138000069186,instant_RF_exact_pathways,runs\combined_factor_study\cases\2f69de2ef353755d,-0.0028099093617676555,-0.1788513599238807,0.1788734316136493,-90.90009213794605,0.1788734316136493,0.0,0.0,0.0,0.0,0.0,-0.00031436468316796943,0.00010406513023122506,0.00033114151861906357,161.68374480829752,0.00033357523059958746,-0.003124274044935625,-0.17874729479364948,0.1787745968653144,-91.00135496357119,0.1787745968653144,0.0,180.0,0.0,90.0
robust,increasing_centering,1000,read,90,1.2,100,8,bc062153b6b100ae,2f69de2ef353755d,2,1,0.001,0.13846807787095314,0.047472983015099474,0.940700891615349,3.3522320999763906,instant_RF_exact_pathways,runs\combined_factor_study\cases\2f69de2ef353755d,0.002071231708914274,0.13187832116871123,0.1318945851620519,89.10020784189155,0.1318945851620519,8.716480491401964e-06,0.0001446785232430283,0.00014494085731752958,86.55225533382021,0.00014689092854045676,0.005889366321953818,-0.002009971039053044,0.006222910834327921,-18.844165847830553,0.006426601780360767,0.007969314511359495,0.1300130286529012,0.13025704431346918,86.49237067627055,0.13025704431346918,0.0010608288263909706,-2.5479525080713374,2.7755575615628914e-17,90.0
robust,increasing_centering,1000,read,90,1.2,100,8,bc062153b6b100ae,2f69de2ef353755d,3,1,0.001,0.10550653247078151,0.08067721885083748,0.8940314544347041,3.352302100043744,instant_RF_exact_pathways,runs\combined_factor_study\cases\2f69de2ef353755d,-0.0015236802722673674,-0.09698259043230335,0.09699455886044328,-90.90009213794605,0.09699455886044328,-4.2787352916964785e-05,0.0003344458576572629,0.00033717175040881326,97.29053581506447,0.0006963498068779184,0.0014036864417574372,0.0023221263554639025,0.0027134123235353896,58.84774183496026,0.007815623803460335,-0.00016278118342689477,-0.09432601821918218,0.09432615867721512,-90.09887691341036,0.09432615867721512,0.006600063432761969,-171.8093720469895,2.981555974335137e-19,90.0
robust,increasing_centering,1000,read,90,1.2,100,8,bc062153b6b100ae,2f69de2ef353755d,4,1,0.001,0.08233816093555792,0.13683545557359722,0.8323077181475214,3.3524089000420645,instant_RF_exact_pathways,runs\combined_factor_study\cases\2f69de2ef353755d,0.001116082954434208,0.07106261732201517,0.07107138117284868,89.10020784189155,0.07107138117284868,6.720866838301037e-06,-0.0010729034865971637,0.001072924536770135,-89.64109328320882,0.0014422387606667117,0.0047699724804652665,-0.0017128493286968033,0.005068184121281808,-19.75270483630312,0.009824541002042553,0.005892776301737773,0.06827686450672121,0.06853068684473759,85.06719277695443,0.06853068684473759,0.01751604291715335,-178.7413011251004,1.3985787785349405e-17,90.0
robust,increasing_centering,1000,read,90,1.2,100,8,bc062153b6b100ae,2f69de2ef353755d,5,1,0.001,0.06942211818372745,0.253256912457842,0.7478500546173175,3.352687600068748,instant_RF_exact_pathways,runs\combined_factor_study\cases\2f69de2ef353755d,-0.0008143583319111861,-0.05183409013450662,0.05184048687623323,-90.90009213794605,0.05184048687623323,-7.585143031365307e-05,-0.0017929534545925384,0.0017945571960280187,-92.42247052322806,0.005505569911586767,0.004714590474551563,0.0018507577747761841,0.005064846264559945,21.432966472895036,0.012076061395907474,0.003824380712326723,-0.05177628581432298,0.05191733487535045,-85.77560122418386,0.05191733487535045,0.07930570336410843,-1.5223783852820252,7.05981306231723e-18,90.0
robust,increasing_centering,1000,read,90,1.2,100,8,bc062153b6b100ae,2f69de2ef353755d,6,1,0.001,0.058962643504886884,0.3622114366051439,0.6831307184392852,3.3533265000442043,instant_RF_exact_pathways,runs\combined_factor_study\cases\2f69de2ef353755d,0.0005905482590386721,0.037601062515574234,0.03760569969494485,89.10020784189155,0.03760569969494485,0.00010850290610060225,0.0030280389804457184,0.003029982334557583,87.94781377262552,0.007862052578774464,0.005728634768717668,-0.0008660754069112094,0.0057937330732281194,-8.59707492704598,0.013494891231167594,0.006427685933856943,0.039763026089108755,0.04027919301857283,80.81757876522897,0.04027919301857283,0.13333955385027554,-1.1523940692660295,6.938893903907228e-18,90.0
robust,increasing_centering,1000,read,90,1.2,100,8,bc062153b6b100ae,2f69de2ef353755d,7,1,0.001,0.0558032287076748,0.5142736109605645,0.6090800133389603,3.355635700048879,instant_RF_exact_pathways,runs\combined_factor_study\cases\2f69de2ef353755d,-0.00042579200129189745,-0.027101756203217902,0.027105100776920646,-90.90009213794605,0.027105100776920646,-0.00012193813078881211,-0.007470954636719417,0.007471949684764989,-90.93507728268749,0.012904814960072232,0.0058587543712198915,0.0010015911356197618,0.0059437519787790835,9.701291406276312,0.015793312970681872,0.005311024239139184,-0.03357111970431759,0.03398863128562762,-81.01018762033576,0.03398863128562762,0.23125570435492368,-0.03498514474145187,2.787728152484798e-17,90.0
robust,increasing_centering,1000,read,90,1.2,100,8,bc062153b6b100ae,2f69de2ef353755d,8,1,0.001,0.05183695783369737,0.625887644619813,0.551349951024492,3.3641908999998122,instant_RF_exact_pathways,runs\combined_factor_study\cases\2f69de2ef353755d,0.0003045392524765223,0.019390455048426607,0.019392846390907957,89.10020784189155,0.019392846390907957,0.00025222539407867097,0.008842787612551117,0.00884638403021854,88.36617885851939,0.015669627937704027,0.005430000789594236,-0.00028700095203661093,0.005437580171497608,-3.025534769899198,0.016774483505085386,0.005986765436149421,0.02794624170894111,0.028580304162867706,77.90860457923978,0.028580304162867706,0.30228679676718523,-0.7340289833721607,8.673617379884035e-18,90.0
robust,original,1000,read,0,1.2,0,8,e6d32fbe35ea3179,2fec9aeb3c7f5618,1,1,0.001,0.1611278093371679,0.003585908692309176,0.9964427796047761,2.0063446999993175,instant_RF_exact_pathways,runs\combined_factor_study\cases\2fec9aeb3c7f5618,0.16055001972477992,3.170718047259431e-07,0.160550019725093,0.00011315399552433168,0.160550019725093,0.0,0.0,0.0,0.0,0.0,3.594594303438678e-06,0.0005741944383877919,0.0005742056897869248,89.64131942345185,0.0005777896120748985,0.16055361431908335,0.0005745115101925178,0.16055464220755597,0.2050215092479875,0.16055464220755597,0.0,0.0,0.0,0.0
robust,original,1000,read,0,1.2,0,8,e6d32fbe35ea3179,2fec9aeb3c7f5618,2,1,0.001,0.13676133270367136,0.035571076944365114,0.9646188439666891,2.0064781999681145,instant_RF_exact_pathways,runs\combined_factor_study\cases\2fec9aeb3c7f5618,0.131896584815055,5.765383063705384e-09,0.13189658481505515,2.504478165903334e-06,0.13189658481505515,-0.0001316866706754706,-2.3882530849014763e-10,0.00013168667067568716,-179.99989608908672,0.00013168667067570594,7.549424561547512e-05,-0.004655369715507875,0.0046559818050749425,-89.07093897909498,0.0047330612179405035,0.13184039238999504,-0.00465536418895012,0.1319225586519592,-2.022308494160386,0.1319225586519592,0.0009628940291261934,-179.9998985935649,2.7755575615628914e-17,0.0
robust,original,1000,read,0,1.2,0,8,e6d32fbe35ea3179,2fec9aeb3c7f5618,3,1,0.001,0.12115051570976472,0.2795820476324677,0.9288124017259753,2.006544999894686,instant_RF_exact_pathways,runs\combined_factor_study\cases\2fec9aeb3c7f5618,0.08727900645572904,1.7236816376008185e-07,0.08727900645589926,0.00011315399552433165,0.08727900645589926,0.024829256269556815,9.969091904084381e-10,0.024829256269556833,2.3004591256420574e-06,0.025202216812003922,9.16209936799514e-05,0.008561929457873645,0.008562419660825285,89.38690269320021,0.008669292441861562,0.1121998837189658,0.008562102822946598,0.11252610146672708,4.363849476709338,0.11252610146672708,0.2080240159470706,-0.00011085353639868959,3.469446951953614e-18,0.0
robust,original,1000,read,0,1.2,0,8,e6d32fbe35ea3179,2fec9aeb3c7f5618,4,1,0.001,0.13637280759135292,0.4743275431769093,0.6293642281029463,2.0066467999713495,instant_RF_exact_pathways,runs\combined_factor_study\cases\2fec9aeb3c7f5618,0.07168742881040906,3.133557161647924e-09,0.07168742881040913,2.504478165903338e-06,0.07168742881040913,0.01293372635714126,6.427756623695375e-08,0.012933726357300982,0.0002847464961778998,0.053332478268560295,0.0008286712792134372,-0.008049997455155337,0.008092537001274732,-84.12264211046208,0.011352900512383505,0.08544982644676373,-0.008049930044031947,0.08582816678396346,-5.381752228779515,0.08582816678396346,0.3910785383870177,0.0002822420180119965,1.6365348541700844e-17,0.0
robust,original,1000,read,0,1.2,0,8,e6d32fbe35ea3179,2fec9aeb3c7f5618,5,1,0.001,0.1514219491879008,0.6867868505100515,0.5249956128187516,2.0068663998972625,instant_RF_exact_pathways,runs\combined_factor_study\cases\2fec9aeb3c7f5618,0.04742734560695688,9.366472885358258e-08,0.04742734560704937,0.00011315399552433168,0.04742734560704937,0.030708995108481258,-4.385820506181566e-08,0.030708995108512577,-8.182912004064955e-05,0.08942103357569928,0.0010747806268302437,0.006722290198120574,0.00680766765519275,80.91625363275884,0.014573570005152145,0.07921112134226833,0.006722340004644358,0.07949585900811186,4.8508467210701305,0.07949585900811186,0.5905420849175304,-0.00019498311556498125,4.235887837390338e-17,0.0
robust,original,1000,read,0,1.2,0,8,e6d32fbe35ea3179,2fec9aeb3c7f5618,6,1,0.001,0.18172680361318452,0.7856851446979395,0.306561498007717,2.007485599955544,instant_RF_exact_pathways,runs\combined_factor_study\cases\2fec9aeb3c7f5618,0.03894675362086556,1.702416738287044e-09,0.038946753620865596,2.5044781659033537e-06,0.038946753620865596,0.015021012280025099,9.502616346912622e-08,0.015021012280325676,0.00036246545895370536,0.1245801250111444,0.0016543515309205544,-0.0031359068057285134,0.003545531057835143,-62.18605632783673,0.018199924981174554,0.05562211743181125,-0.0031358100771483074,0.055710441143812045,-3.2267504736196098,0.055710441143812045,0.6855352239415383,0.000359960980787802,3.471885549823333e-17,0.0
robust,original,1000,read,0,1.2,0,8,e6d32fbe35ea3179,2fec9aeb3c7f5618,7,1,0.001,0.21747054935497856,0.8815417402216629,0.25067625016518247,2.009254799922928,instant_RF_exact_pathways,runs\combined_factor_study\cases\2fec9aeb3c7f5618,0.02576118282957952,5.087601200953978e-08,0.025761182829629758,0.00011315399552433162,0.025761182829629758,0.027112962328304725,-4.7365762886883596e-08,0.027112962328346098,-0.00010009449627715199,0.16934248154067072,0.0016381269121803726,0.0005146903531370249,0.0017170806445889247,17.442428323098394,0.02236688498467782,0.05451227207006462,0.0005146938633861495,0.054514701833668265,0.540959103818215,0.054514701833668265,0.7786915609628222,-0.0002132484918014836,7.208110037058612e-18,0.0
robust,original,1000,read,0,1.2,0,8,e6d32fbe35ea3179,2fec9aeb3c7f5618,8,1,0.001,0.26732670710680945,0.9208822150120156,0.14157218412361552,2.0158473999472335,instant_RF_exact_pathways,runs\combined_factor_study\cases\2fec9aeb3c7f5618,0.021150296934422396,9.245088787480166e-10,0.021150296934422417,2.5044781659033422e-06,0.021150296934422417,0.01468390395744305,6.997282263387493e-08,0.01468390395760977,0.000273030076274504,0.21838400112405004,0.0019539277558095988,0.0020925356440859937,0.002862959848948902,46.96184725182297,0.027792409048336048,0.03778812864767511,0.002092606541417506,0.03784602579968507,3.169651184496734,0.03784602579968507,0.816918008258694,0.0002705255981086007,6.938893903907228e-17,0.0
robust,weak_increasing_centering,1000,read,0,0.8,0,8,345b2b1c4709d8a0,303edba31b45020b,1,1,0.001,0.17923335091281165,0.002010866201569564,0.998010911958451,3.3384188000345603,instant_RF_exact_pathways,runs\combined_factor_study\cases\303edba31b45020b,0.17887293662491818,3.532579125777479e-07,0.17887293662526701,0.0001131539955243316,0.17887293662526701,0.0,0.0,0.0,0.0,0.0,3.546684473854441e-06,0.00035686724303575496,0.000356884866760553,89.43059116373611,0.0003604142875446312,0.17887648330939204,0.00035722050094833273,0.17887683999786422,0.11442085327722949,0.17887683999786422,0.0,0.0,0.0,0.0
robust,weak_increasing_centering,1000,read,0,0.8,0,8,345b2b1c4709d8a0,303edba31b45020b,2,1,0.001,0.13808894844736558,0.044862971656196855,0.955505246785818,3.338602800038643,instant_RF_exact_pathways,runs\combined_factor_study\cases\303edba31b45020b,0.13189386786713725,5.765264302135293e-09,0.1318938678671374,2.5044781659033596e-06,0.1318938678671374,-0.00014689423866454934,-2.6893451877878786e-10,0.00014689423866479553,-179.99989510267366,0.00014689423866481445,6.199511217492041e-05,-0.005983609246336703,0.005983930397888972,-89.40638984941782,0.006048186341563366,0.1318089687406476,-0.005983603750006919,0.13194471476459416,-2.599216353073549,0.13194471476459416,0.001063765350641403,-179.99989760715184,2.7755575615628914e-17,0.0
robust,weak_increasing_centering,1000,read,0,0.8,0,8,345b2b1c4709d8a0,303edba31b45020b,3,1,0.001,0.10624550598230426,0.08579604059987063,0.9101040551695078,3.3386820999439806,instant_RF_exact_pathways,runs\combined_factor_study\cases\303edba31b45020b,0.09713006223730326,1.9182311020277965e-07,0.09713006223749268,0.00011315399552433162,0.09713006223749268,-0.0005137023266675347,2.3143960377574023e-12,0.0005137023266675347,179.9999997418639,0.0006963300356258261,7.756917988519004e-05,0.0003219893961182777,0.00033120107016837083,76.45519360619458,0.008419113709185732,0.09669392909052092,0.00032218122154287616,0.0966944658380313,0.19090708272808735,0.0966944658380313,0.006553971663910222,179.99988658786836,3.2526065174565133e-19,0.0
robust,weak_increasing_centering,1000,read,0,0.8,0,8,345b2b1c4709d8a0,303edba31b45020b,4,1,0.001,0.08276609664313155,0.13707514371905893,0.8517940178679317,3.338806299958378,instant_RF_exact_pathways,runs\combined_factor_study\cases\303edba31b45020b,0.0714209220507087,3.121907780726588e-09,0.07142092205070877,2.5044781659033723e-06,0.07142092205070877,-0.00110417993154736,-1.5541271618261173e-09,0.0011041799315484537,-179.99991935650644,0.0014879249919156805,8.586815011773252e-05,-0.003698024525017749,0.0036990213201382595,-88.6698307073148,0.00985724960050709,0.07040261026927906,-0.0036980229572371307,0.07049966600289856,-3.0067999561791576,0.07049966600289856,0.017977469667698264,-179.9999218609846,4.336808689942018e-19,0.0
robust,weak_increasing_centering,1000,read,0,0.8,0,8,345b2b1c4709d8a0,303edba31b45020b,5,1,0.001,0.07025796349977471,0.25381301520119587,0.7741041576325556,3.339113699970767,instant_RF_exact_pathways,runs\combined_factor_study\cases\303edba31b45020b,0.052425577941899094,1.0353578679301104e-07,0.05242557794200133,0.00011315399552433162,0.05242557794200133,0.0018764181496231246,5.7185374167147315e-09,0.0018764181496318385,0.00017461356309636625,0.005679695823842569,8.103197968372738e-05,-0.0006558767576026836,0.0006608634525337843,-82.9569360701512,0.01215268973393082,0.05438302807120597,-0.0006557675032784731,0.05438698165197194,-0.6908568851525695,0.05438698165197194,0.08084059857301132,6.145956757203461e-05,2.7769124835677133e-17,0.0
robust,weak_increasing_centering,1000,read,0,0.8,0,8,345b2b1c4709d8a0,303edba31b45020b,6,1,0.001,0.06535304457848724,0.41233090934088307,0.6463029367461767,3.339904100052081,instant_RF_exact_pathways,runs\combined_factor_study\cases\303edba31b45020b,0.038405964279244295,1.6787780844463322e-09,0.03840596427924433,2.504478165903359e-06,0.03840596427924433,0.0031889675283196446,-2.0033359966715722e-09,0.003188967528320274,-3.5993686525990597e-05,0.008165227763989414,7.558331976379831e-05,-0.006899664744437688,0.006900078725917764,-89.37237066337998,0.018781852535253545,0.04167051512732776,-0.006899665068995593,0.04223786463638011,-9.401547093024941,0.04223786463638011,0.12494028115527496,-3.8498164691893955e-05,2.1942709178604383e-17,0.0
robust,weak_increasing_centering,1000,read,0,0.8,0,8,345b2b1c4709d8a0,303edba31b45020b,7,1,0.001,0.06322782229715893,0.555994139784274,0.5713412185783181,3.3437980000162497,instant_RF_exact_pathways,runs\combined_factor_study\cases\303edba31b45020b,0.028073523628562358,5.5442676476674427e-08,0.028073523628617106,0.00011315399552433165,0.028073523628617106,0.007787415113682291,1.7421840894844742e-08,0.007787415113701779,0.0001281809098461377,0.013579810318409321,6.711198216917311e-05,0.0037637425333392747,0.003764340828806262,88.97845672367923,0.02157448835013234,0.03592805072441383,0.0037638153978566398,0.03612466103931213,5.980480223479833,0.03612466103931213,0.21477586646250058,1.5026914321806045e-05,9.511364005193117e-18,0.0
robust,weak_increasing_centering,1000,read,0,0.8,0,8,345b2b1c4709d8a0,303edba31b45020b,8,1,0.001,0.06724668847415458,0.6955908146981311,0.46256360525880336,3.3555840000044554,instant_RF_exact_pathways,runs\combined_factor_study\cases\303edba31b45020b,0.020470509652665954,8.947944317313989e-10,0.020470509652665975,2.5044781659033664e-06,0.020470509652665975,0.009354095267399457,-1.2362573098726438e-09,0.009354095267399538,-7.572333210541596e-06,0.01673822594741937,5.935188860472192e-05,-0.008632746331441867,0.008632950357189827,-89.60608605725156,0.030037952874069247,0.029883956808670217,-0.00863274667290473,0.031105870662320557,-16.112716755554793,0.031105870662320557,0.24890780984482974,-1.0076811376444964e-05,8.813009902325737e-17,0.0
robust,weak_increasing_centering,1000,read,45,1.2,0,8,42110b7ebaad7151,35c2cff4a43deb03,1,1,0.001,0.1792070068442489,0.0018613961388770479,0.9968372715690283,4.911688399966806,instant_RF_exact_pathways,runs\combined_factor_study\cases\35c2cff4a43deb03,0.1264828861120777,-0.12648234682358667,0.1788734316136493,-44.999877852959806,0.1788734316136493,0.0,0.0,0.0,0.0,0.0,2.5077432998664264e-06,0.00033253635117231733,0.0003325458068108163,89.56792578318468,0.0003335752305995875,0.12648539385537758,-0.12614981047241436,0.17864022374867325,-44.92389223718473,0.17864022374867325,0.0,0.0,0.0,45.0
robust,weak_increasing_centering,1000,read,45,1.2,0,8,42110b7ebaad7151,35c2cff4a43deb03,2,1,0.001,0.13846807787095317,0.04747298301509947,0.9205131537371855,4.911854699952528,instant_RF_exact_pathways,runs\combined_factor_study\cases\35c2cff4a43deb03,0.09326356613167673,0.09326354500806908,0.13189458516205194,44.99999351143349,0.13189458516205194,-0.000103867777451956,8.836616711993882e-05,0.00013637116514966796,139.61031554447123,0.00014689092854045684,4.383842093430984e-05,-0.006406052165243144,0.006406202162823648,-89.60791494864193,0.006426601780360767,0.09320353677515908,0.08694585900994588,0.12746168705291727,43.01057103246929,0.12746168705291727,0.001060828826390971,94.61032203303775,1.3877787807814457e-17,45.0
robust,weak_increasing_centering,1000,read,45,1.2,0,8,42110b7ebaad7151,35c2cff4a43deb03,3,1,0.001,0.10634459317019979,0.08664044849489484,0.9082882482732462,4.911977999960072,instant_RF_exact_pathways,runs\combined_factor_study\cases\35c2cff4a43deb03,0.0686820290634675,-0.06868173622204878,0.09713084992292655,-44.99987785295981,0.09713084992292655,-0.0003632353751063568,-0.0003813729581268214,0.000526673780360346,-133.60463353640696,0.0006963164428619576,5.4848029578654014e-05,0.0008357573508212061,0.0008375551658251183,86.24524905845004,0.008517426804411282,0.06837364171793978,-0.06822735182935438,0.09659154424389178,-44.93864034382622,0.09659154424389178,0.006547737144920326,-88.60475568344715,2.7755575615628914e-17,45.0
robust,weak_increasing_centering,1000,read,45,1.2,0,8,42110b7ebaad7151,35c2cff4a43deb03,4,1,0.001,0.08315826733231828,0.14113539982829917,0.8188638548826648,4.912159499945119,instant_RF_exact_pathways,runs\combined_factor_study\cases\35c2cff4a43deb03,0.05050276847280139,0.05050275703424386,0.07142169202334295,44.99999351143349,0.07142169202334295,-0.0007807620310703729,0.00032195959662935234,0.0008445397154798992,157.59042150337748,0.0014879003658181426,6.0718414507806473e-05,-0.004363441359126239,0.004363863794894816,-89.20276587117857,0.010248674943157215,0.049782724856238816,0.046461275271746975,0.06809529935310532,43.0234659168547,0.06809529935310532,0.017892392585239583,112.590427991944,6.938893903907228e-18,45.0
robust,weak_increasing_centering,1000,read,45,1.2,0,8,42110b7ebaad7151,35c2cff4a43deb03,5,1,0.001,0.07051996889053685,0.25657535031092665,0.7862515023954002,4.912586700054817,instant_RF_exact_pathways,runs\combined_factor_study\cases\35c2cff4a43deb03,0.03707105937122827,-0.03707090131035312,0.052426283168531713,-44.999877852959806,0.052426283168531713,0.001326741056453125,-0.002800672251020965,0.0030990332183629776,-64.65203904504246,0.005679517213053161,5.729660832929351e-05,-7.229050836997993e-05,9.224325951759622e-05,-51.6000694025733,0.01241416850895197,0.03845509703601068,-0.03994386406974407,0.05544643148906148,-46.08789473086279,0.05544643148906148,0.08053771580456981,-19.652161192082662,6.938893903907228e-18,45.0
robust,weak_increasing_centering,1000,read,45,1.2,0,8,42110b7ebaad7151,35c2cff4a43deb03,6,1,0.001,0.06614298852839802,0.41934006372065025,0.5661147684032234,4.913840799941681,instant_RF_exact_pathways,runs\combined_factor_study\cases\35c2cff4a43deb03,0.02715755871355258,0.02715755256253736,0.03840658350422536,44.999993511433495,0.03840658350422536,0.0022548032008514866,0.003823911571917644,0.00443919330333967,59.47389767951465,0.008164983150947113,5.344726583253337e-05,-0.007876088904629153,0.007876270249543717,-89.61119588786572,0.019571421873225504,0.02946580918023659,0.023105375229825864,0.03744452263225111,38.101480589023204,0.03744452263225111,0.12344442445991892,14.473904168081152,1.962615573354719e-17,45.0
robust,weak_increasing_centering,1000,read,45,1.2,0,8,42110b7ebaad7151,35c2cff4a43deb03,7,1,0.001,0.06388201228069441,0.5605327658005781,0.5273922701038893,4.91754429996945,instant_RF_exact_pathways,runs\combined_factor_study\cases\35c2cff4a43deb03,0.01985139433614919,-0.019851309695224036,0.028074051252090282,-44.999877852959806,0.028074051252090282,0.005506300086293862,-0.007001924993921415,0.008907653689991614,-51.81855895344173,0.013579411754877905,4.745206152450182e-05,0.004725110232649789,0.004725348496019597,89.42462475435596,0.022228549273726198,0.025405146483967585,-0.022128124456495663,0.033690879475519964,-41.05617491329616,0.033690879475519964,0.21257019417626732,-6.818681100481927,3.122502256758253e-17,45.0
robust,weak_increasing_centering,1000,read,45,1.2,0,8,42110b7ebaad7151,35c2cff4a43deb03,8,1,0.001,0.06817427644086944,0.699726199790847,0.3631544477149427,4.928076999960467,instant_RF_exact_pathways,runs\combined_factor_study\cases\35c2cff4a43deb03,0.014475148539325735,0.014475145260796171,0.020470949063409197,44.99999351143348,0.020470949063409197,0.006614083033094194,0.007818830781943472,0.010241103903648829,49.77154588350865,0.016737757088336542,4.197032579509896e-05,-0.009393566876536008,0.009393660637483228,-89.7440049596813,0.030965570289123466,0.02113120189821501,0.012900409166203651,0.024757791709249775,31.40369078748212,0.024757791709249775,0.24551426083493438,4.77155237207517,2.2215299868541707e-17,45.0
robust,increasing_centering,1000,slice,45,0.8,100,8,364196377889f30e,360f977cbbafdbe2,1,1,0.001,0.20582918308682255,0.0004392966187486785,0.9991730820418888,3.0267340999562293,instant_RF_exact_pathways,runs\combined_factor_study\cases\360f977cbbafdbe2,0.14317655838021195,-0.14774610566945245,0.2057387630226527,-45.89987573474809,0.2057387630226527,0.0,0.0,0.0,0.0,0.0,-8.452762732455438e-05,2.9192363452456507e-05,8.942658365977686e-05,160.9471944454835,9.04200641698573e-05,0.1430920307528874,-0.147716913306,0.2056589792390247,-45.91112711487053,0.2056589792390247,0.0,0.0,0.0,45.0
robust,increasing_centering,1000,slice,45,0.8,100,8,364196377889f30e,360f977cbbafdbe2,2,1,0.001,0.15791973168248455,0.03936214984602786,0.9783650672481217,3.0268579999683425,instant_RF_exact_pathways,runs\combined_factor_study\cases\360f977cbbafdbe2,0.10894241177531809,0.10557251003647052,0.15170367154035408,44.0999914386936,0.15170367154035408,-9.303220315420037e-05,0.0001390694458109445,0.0001673179655084523,123.78102662318427,0.00022343460288625703,0.0055310400079550655,-0.0018446326755161425,0.0058305294165437,-18.443830187398905,0.005992625539244213,0.11438041958011895,0.10386694680676531,0.15450314890733932,42.24206379768463,0.15450314890733932,0.0014148618447218334,79.68103518449065,1.962615573354719e-17,45.0
robust,increasing_centering,1000,slice,45,0.8,100,8,364196377889f30e,360f977cbbafdbe2,3,1,0.001,0.12014608855460834,0.07144913055002719,0.9225157971991377,3.0269297000486404,instant_RF_exact_pathways,runs\combined_factor_study\cases\360f977cbbafdbe2,0.0776374266639104,-0.08011526169898349,0.111561754988395,-45.899875734748086,0.111561754988395,0.00048115234203049956,0.00017228445574734086,0.0005110670307636683,19.700736264904602,0.0009156967481931553,0.0009516409066088332,0.0022727348291129686,0.0024639285741665557,67.2799347178851,0.007668636818020184,0.07907021991254974,-0.07767024241412317,0.11083666466331271,-44.488258054567595,0.11083666466331271,0.007621527751833189,65.60061199965268,1.962615573354719e-17,45.0
robust,increasing_centering,1000,slice,45,0.8,100,8,364196377889f30e,360f977cbbafdbe2,4,1,0.001,0.09292764737735965,0.12033640625305203,0.8974869572364814,3.027036100043915,instant_RF_exact_pathways,runs\combined_factor_study\cases\360f977cbbafdbe2,0.05870329172336169,0.05688743028215709,0.08174506825041733,44.0999914386936,0.08174506825041733,0.00026815625956021466,-0.0007557611152110844,0.0008019243373326608,-70.46449239949303,0.0017552917806423734,0.004177250944142991,-0.0016520651502223045,0.004492075768608824,-21.57835111313122,0.009427287346299947,0.06314869892706487,0.05447960401672369,0.0834013514878512,40.78497547651485,0.0834013514878512,0.018888800375140267,-114.56448383818662,1.962615573354719e-17,45.0
robust,increasing_centering,1000,slice,45,0.8,100,8,364196377889f30e,360f977cbbafdbe2,5,1,0.001,0.07781073390492471,0.23370638763812865,0.8313235358925708,3.027274699998088,instant_RF_exact_pathways,runs\combined_factor_study\cases\360f977cbbafdbe2,0.04149449766996726,-0.0428188141048034,0.0596258683645331,-45.89987573474808,0.0596258683645331,0.003202504291737707,-0.0015727816293791318,0.003567867120887619,-26.156112688451657,0.00644473670616036,0.00399748400703311,0.0018109431349798758,0.004388552543221538,24.37151202209442,0.011740128834231301,0.04869448596873804,-0.04258065259920263,0.06468589444023795,-41.16791194681521,0.06468589444023795,0.08282580542210342,19.74376304629642,5.003707553108401e-17,45.0
robust,increasing_centering,1000,slice,45,0.8,100,8,364196377889f30e,360f977cbbafdbe2,6,1,0.001,0.06547235343258047,0.33936708687313144,0.7860776740052161,3.0281863999553025,instant_RF_exact_pathways,runs\combined_factor_study\cases\360f977cbbafdbe2,0.03106125883164586,0.030100444870932025,0.043253191577437566,44.09999143869358,0.043253191577437566,0.0043494937644282415,0.0024027821171784553,0.004969050000697591,28.91748947656382,0.009157463790317297,0.005123338540467253,-0.0007892997102194756,0.005183781615075009,-8.758111125540296,0.013061698064825567,0.040534091136541314,0.03171392727789101,0.05146635529793028,38.03967391601427,0.05146635529793028,0.13986764351990352,-15.182501962129754,4.220764384040162e-17,45.0
robust,increasing_centering,1000,slice,45,0.8,100,8,364196377889f30e,360f977cbbafdbe2,7,1,0.001,0.061639844914784934,0.49423029263412876,0.7199715863159754,3.030339700053446,instant_RF_exact_pathways,runs\combined_factor_study\cases\360f977cbbafdbe2,0.021695524102197872,-0.022387946971356244,0.03117556632462846,-45.89987573474807,0.03117556632462846,0.007729033313749676,-0.006160363351483493,0.009883725643063612,-38.556313301775084,0.015001990579306653,0.0053617378385649875,0.0009910298885888766,0.005452556546206195,10.472005365753317,0.015462288010849874,0.03478629525451249,-0.027557280434250882,0.04437893692356842,-38.385837476986794,0.04437893692356842,0.24338138098897577,7.343562432972995,5.2845041577819695e-17,45.0
robust,increasing_centering,1000,slice,45,0.8,100,8,364196377889f30e,360f977cbbafdbe2,8,1,0.001,0.05686385549135032,0.6077459646900056,0.6523628495001521,3.0377294999780133,instant_RF_exact_pathways,runs\combined_factor_study\cases\360f977cbbafdbe2,0.016017864528578847,0.01552238596657667,0.022305076779766547,44.09999143869359,0.022305076779766547,0.008706949819274478,0.006999693621366797,0.011171691275199421,38.79650758881363,0.01823638770176353,0.004953313343783832,-0.0002664719686634301,0.004960475823123255,-3.0793561660632642,0.016322391009820365,0.029678127691637076,0.022255607619279957,0.03709586680190217,36.86620541020065,0.03709586680190217,0.32070262461428606,-5.303483849879953,1.153297605929378e-16,45.0
robust,weak_increasing_centering,1000,read,45,0.7,0,8,42110b7ebaad7151,39ee6e8fd7a8c8f4,1,1,0.001,0.14780503523776445,0.004872155949616217,0.9917230603997919,3.713574199937284,instant_RF_exact_pathways,runs\combined_factor_study\cases\39ee6e8fd7a8c8f4,0.10400495620647812,-0.10400451275774276,0.14708490605594754,-44.99987785295981,0.14708490605594754,0.0,0.0,0.0,0.0,0.0,5.07097564136657e-06,0.0007180284165290768,0.0007180463228352393,89.59536326806355,0.0007201291818169182,0.10401002718211949,-0.1032864843412137,0.14658166188849484,-44.80001697844044,0.14658166188849484,0.0,0.0,0.0,45.0
robust,weak_increasing_centering,1000,read,45,0.7,0,8,42110b7ebaad7151,39ee6e8fd7a8c8f4,2,1,0.001,0.10431595859716816,0.08747189673118481,0.8550481171828852,3.713700999971479,instant_RF_exact_pathways,runs\combined_factor_study\cases\39ee6e8fd7a8c8f4,0.06731038165106834,0.06731036640569275,0.09519124383934212,44.99999351143348,0.09519124383934212,-0.00018434908745076524,0.00015683614947491846,0.00024203752565676433,139.61031554447123,0.0002607084631588874,7.780447996128423e-05,-0.008820620677477402,0.00882096381769271,-89.4946214238587,0.008864006294667142,0.06720383704357885,0.05864658187769027,0.08919516399063644,41.11013540974,0.08919516399063644,0.0024992193588102133,94.61032203303775,6.938893903907228e-18,45.0
robust,weak_increasing_centering,1000,read,45,0.7,0,8,42110b7ebaad7151,39ee6e8fd7a8c8f4,3,1,0.001,0.07277927610736754,0.15459023564713595,0.8358585890909785,3.7137683999026194,instant_RF_exact_pathways,runs\combined_factor_study\cases\39ee6e8fd7a8c8f4,0.043507178456521904,-0.04350699295379232,0.06152831066370162,-44.9998778529598,0.06152831066370162,-0.0005521384383461091,-0.0006048308871755114,0.0008189488733619433,-132.3923507985771,0.0010653384460970173,8.721964430835029e-05,0.001122987590272671,0.0011263695638020835,85.55889537569884,0.010185626997568904,0.04304225966248415,-0.04298883625069517,0.06083318304216699,-44.96442059005803,0.06083318304216699,0.014637936828684282,-87.39247294561729,9.813077866773595e-18,45.0
robust,weak_increasing_centering,1000,read,45,0.7,0,8,42110b7ebaad7151,39ee6e8fd7a8c8f4,4,1,0.001,0.05355564364124507,0.2585353327651054,0.668382416804564,3.7138810999458656,instant_RF_exact_pathways,runs\combined_factor_study\cases\39ee6e8fd7a8c8f4,0.028078942986065832,0.028078936626362905,0.03970961749100638,44.999993511433495,0.03970961749100638,-0.0009877894606396662,0.0005075413968211596,0.0011105522446233568,152.80520494503153,0.00196807046116594,0.00010628032218174263,-0.005313571264384732,0.005314634050297181,-88.85414126574729,0.011877955689072765,0.027197433847607907,0.02327290675879932,0.03579565053045936,40.55368019854015,0.03579565053045936,0.036748143190090614,107.80521143359805,1.0971354589302191e-17,45.0
robust,weak_increasing_centering,1000,read,45,0.7,0,8,42110b7ebaad7151,39ee6e8fd7a8c8f4,5,1,0.001,0.054217774449875654,0.5281317916523441,0.6625718851152294,3.714127599960193,instant_RF_exact_pathways,runs\combined_factor_study\cases\39ee6e8fd7a8c8f4,0.018090406789922516,-0.018090329657367434,0.025583644090260135,-44.999877852959806,0.025583644090260135,0.006077738165351778,-0.007565852267583201,0.009704690708181661,-51.22467707826432,0.012840968944411018,0.00010057408088087625,-0.0008297320003203441,0.0008358052034419459,-83.08873850821746,0.015793161415204527,0.024268719036155167,-0.02648591392527098,0.03592317302400643,-47.501351800815826,0.03592317302400643,0.23684057626309424,-6.224799225304523,4.9065389333867974e-18,45.0
robust,weak_increasing_centering,1000,read,45,0.7,0,8,42110b7ebaad7151,39ee6e8fd7a8c8f4,6,1,0.001,0.058983750694859075,0.7211090683418006,0.39421520677707766,3.7150746999541298,instant_RF_exact_pathways,runs\combined_factor_study\cases\39ee6e8fd7a8c8f4,0.011631931332418324,0.011631928697859471,0.016450033183984216,44.99999351143349,0.016450033183984216,0.008318608828947487,0.009527809206861084,0.012648256841612204,48.8762034853671,0.016752398925117807,9.429731771175531e-05,-0.009375275704306348,0.00937574991752044,-89.4237336252387,0.02578131858575699,0.020044837479077555,0.01178446220041421,0.02325229147666147,30.451487626264516,0.02325229147666147,0.2840171865601269,3.8762099739336113,1.4821483875836085e-17,45.0
robust,weak_increasing_centering,1000,read,45,0.7,0,8,42110b7ebaad7151,39ee6e8fd7a8c8f4,7,1,0.001,0.06496794647534071,0.8375518319458075,0.42263433402732725,3.718788899946958,instant_RF_exact_pathways,runs\combined_factor_study\cases\39ee6e8fd7a8c8f4,0.007462767058322465,-0.00746273523912139,0.010553923887161929,-44.999877852959806,0.010553923887161929,0.013763568023798963,-0.014419871778068362,0.0199341041143482,-46.333997571076154,0.025008040113701106,9.756660726764518e-05,0.004584755391534142,0.004585793414781689,88.78089217299954,0.029405982474477697,0.021323901689389087,-0.017297851625655624,0.027457684791728665,-39.04880648521501,0.027457684791728665,0.3849288991024702,-1.334119718116344,1.962615573354719e-17,45.0
robust,weak_increasing_centering,1000,read,45,0.7,0,8,42110b7ebaad7151,39ee6e8fd7a8c8f4,8,1,0.001,0.0763740289518044,0.9115599636649551,0.28717935487687424,3.7299116000067443,instant_RF_exact_pathways,runs\combined_factor_study\cases\39ee6e8fd7a8c8f4,0.004776168776903347,0.004776167695131337,0.0067545218955513495,44.99999351143348,0.0067545218955513495,0.013122598027304635,0.013484853061523182,0.018816052749636162,45.78002218995974,0.028381905922467227,9.009202797808176e-05,-0.0057127382854597255,0.00571344863385176,-89.09649893837927,0.0412376011337857,0.017988858832186025,0.012548282471194822,0.0219330443637269,34.8980304766885,0.0219330443637269,0.37161724099140486,0.7800286785262454,4.718958039861916e-17,45.0
robust,high_low_permutation_alternating,1000,read,45,0.8,0,8,8cff258929ec712e,3ab1ab3ad36a0292,1,1,0.001,0.16117406049512423,0.0038746002361893226,0.9934052161058669,2.7282118999864906,instant_RF_exact_pathways,runs\combined_factor_study\cases\3ab1ab3ad36a0292,0.11352593553338264,-0.11352545148979105,0.16054957544226223,-44.999877852959806,0.16054957544226223,0.0,0.0,0.0,0.0,0.0,2.5416094993193757e-06,0.0006234320239926871,0.0006234372047916819,89.76641769252248,0.0006244850528620027,0.11352847714288196,-0.11290201946579836,0.16011115239681895,-44.84148208877701,0.16011115239681895,0.0,0.0,0.0,45.0
robust,high_low_permutation_alternating,1000,read,45,0.8,0,8,8cff258929ec712e,3ab1ab3ad36a0292,2,1,0.001,0.131774692560845,0.0006053097631200947,0.9990139002966016,2.7283350999932736,instant_RF_exact_pathways,runs\combined_factor_study\cases\3ab1ab3ad36a0292,0.09312238721989932,0.09312236612826781,0.13169492805290578,44.999993511433495,0.13169492805290578,3.833018778999332e-06,-9.845799804700213e-06,1.0565595428294436e-05,-68.72878956202112,1.3924084717981041e-05,3.6614660159446655e-07,-6.533337987120766e-05,6.533440585732284e-05,-89.67890172883072,6.584042322124294e-05,0.09312658638527992,0.0930471869485919,0.13164474957559535,44.97556448332835,0.13164474957559535,0.00010566584863441667,-113.72878307345461,0.0,45.0
robust,high_low_permutation_alternating,1000,read,45,0.8,0,8,8cff258929ec712e,3ab1ab3ad36a0292,3,1,0.001,0.08794255100931284,0.0382669327512246,0.9646645264995142,2.7284037999343127,instant_RF_exact_pathways,runs\combined_factor_study\cases\3ab1ab3ad36a0292,0.05980528109863913,-0.05980502610524996,0.08457725932386832,-44.99987785295979,0.08457725932386832,0.0001720693659779709,0.00029098320924337477,0.00033805191135332236,59.40257112372564,0.0004512499171782552,-1.5346748498351287e-05,-0.000498834069092674,0.0004990700864377931,-91.76216242990142,0.0029140417682662375,0.059962003716118754,-0.06001287696509926,0.08483505932855814,-45.02429527135557,0.08483505932855814,0.005131189759670142,104.40244897668543,0.0,45.0
robust,high_low_permutation_alternating,1000,read,45,0.8,0,8,8cff258929ec712e,3ab1ab3ad36a0292,4,1,0.001,0.07219456786199413,0.04222328761436894,0.9553970112371535,2.7285168999806046,instant_RF_exact_pathways,runs\combined_factor_study\cases\3ab1ab3ad36a0292,0.04889380609073629,0.048893795016598574,0.06914627585896208,44.999993511433495,0.06914627585896208,-0.00020275829097275553,-0.0005948930630643292,0.000628497160725689,-108.82072681501715,0.0008898053963816236,1.1221421351828038e-05,0.0005433654626425073,0.0005434813210128396,88.81691283661341,0.002158486606650442,0.048702269221115355,0.04884226741617675,0.06897447436290705,45.08223218322001,0.06897447436290705,0.01232510177334339,-153.82072032645064,6.938893903907228e-18,45.0
robust,high_low_permutation_alternating,1000,read,45,0.8,0,8,8cff258929ec712e,3ab1ab3ad36a0292,5,1,0.001,0.05630621251641828,0.20568908493195853,0.8438730469721677,2.72875979996752,instant_RF_exact_pathways,runs\combined_factor_study\cases\3ab1ab3ad36a0292,0.03162516307636648,-0.03162502823530617,0.04472463918793181,-44.999877852959806,0.04472463918793181,0.001897275639163362,-0.0011328783675925223,0.002209766559327442,-30.841761167719973,0.006466212841528818,-1.4505663579459335e-05,-0.0009306922533533555,0.000930805288300312,-90.89293320211877,0.0051153604869576316,0.03350793305195037,-0.03368859885625204,0.0475152951196923,-45.15404609215289,0.0475152951196923,0.11484013135572457,14.15811668523983,1.5515838457795457e-17,45.0
robust,high_low_permutation_alternating,1000,read,45,0.8,0,8,8cff258929ec712e,3ab1ab3ad36a0292,6,1,0.001,0.04538303159745089,0.19773900830586924,0.8713768892611441,2.7293903999961913,instant_RF_exact_pathways,runs\combined_factor_study\cases\3ab1ab3ad36a0292,0.025745079121974955,0.025745073290877434,0.036409035935457024,44.9999935114335,0.036409035935457024,0.002210366667021401,0.0017533719917782685,0.0028213532469777316,38.42318775967226,0.006077217893508908,1.8111418550384896e-05,0.0004540940458917576,0.00045445508688566016,87.71598390484183,0.002896777768484931,0.027973557207546757,0.027952539328547486,0.03954572489862697,44.97846737428736,0.03954572489862697,0.133909474083046,-6.576805751761241,3.1031676915590914e-17,45.0
robust,high_low_permutation_alternating,1000,read,45,0.8,0,8,8cff258929ec712e,3ab1ab3ad36a0292,7,1,0.001,0.04552090705814025,0.47945098626290616,0.6436876434530107,2.7313569999532774,instant_RF_exact_pathways,runs\combined_factor_study\cases\3ab1ab3ad36a0292,0.016755541327272853,-0.016755469886219638,0.02369586327353282,-44.99987785295982,0.02369586327353282,0.004159150469911444,-0.0035492733992522917,0.005467711979795983,-40.476281052437315,0.014059092978214083,-8.250826048355729e-06,-0.00022532508870404296,0.0002254761001302911,-92.0970873449196,0.007765950806393395,0.020906440971135955,-0.020530068374175998,0.029301245392097816,-44.47959013311337,0.029301245392097816,0.30884913958892596,4.523596800522504,2.797157557069881e-17,45.0
robust,high_low_permutation_alternating,1000,read,45,0.8,0,8,8cff258929ec712e,3ab1ab3ad36a0292,8,1,0.001,0.03715592123836138,0.48352815093354923,0.704626032547055,2.7381610999582335,instant_RF_exact_pathways,runs\combined_factor_study\cases\3ab1ab3ad36a0292,0.013569371719747885,0.013569368646371052,0.01918998734574391,44.99999351143351,0.01918998734574391,0.004769724609417435,0.0045097231981351136,0.006564135599869971,43.39504598791322,0.013226377152929184,1.862347016762252e-05,0.0005874670919367524,0.0005877622119103176,88.18425743356912,0.00473955673968812,0.018357719799332973,0.018666558936442933,0.02618102936781744,45.47792338728464,0.02618102936781744,0.3559695658756457,-1.6049475235202904,3.572014261108911e-17,45.0
robust,high_low_permutation_alternating,1000,read,0,1.2,0,8,823de6099de30e8c,3c529e3b85494e79,1,1,0.001,0.1611278093371679,0.003585908692309176,0.9964427796047761,4.5747084999457,instant_RF_exact_pathways,runs\combined_factor_study\cases\3c529e3b85494e79,0.16055001972477992,3.170718047259431e-07,0.160550019725093,0.00011315399552433168,0.160550019725093,0.0,0.0,0.0,0.0,0.0,3.594594303438678e-06,0.0005741944383877919,0.0005742056897869248,89.64131942345185,0.0005777896120748985,0.16055361431908335,0.0005745115101925178,0.16055464220755597,0.2050215092479875,0.16055464220755597,0.0,0.0,0.0,0.0
robust,high_low_permutation_alternating,1000,read,0,1.2,0,8,823de6099de30e8c,3c529e3b85494e79,2,1,0.001,0.13177517167637848,0.0006035083048327325,0.9994416766253322,4.5748511999845505,instant_RF_exact_pathways,runs\combined_factor_study\cases\3c529e3b85494e79,0.13169564426590089,5.756599672986616e-09,0.13169564426590102,2.5044781659033448e-06,0.13169564426590102,5.4205648532215005e-06,1.8915815540903302e-11,5.420564853254505e-06,0.00019994159757967298,1.3923770951747577e-05,5.177693428284955e-07,-6.475746825742257e-05,6.475953814075163e-05,-89.54190046704174,6.560363952569733e-05,0.13170158260009693,-6.475169274193404e-05,0.1317015985178307,-0.02816973295433862,0.1317015985178307,0.00010566308337614938,0.00019743711941376963,1.3552527156068805e-20,0.0
robust,high_low_permutation_alternating,1000,read,0,1.2,0,8,823de6099de30e8c,3c529e3b85494e79,3,1,0.001,0.08799807691588905,0.03886598235549356,0.9636808045857609,4.5749308000085875,instant_RF_exact_pathways,runs\combined_factor_study\cases\3c529e3b85494e79,0.08457794521099381,1.6703381148151085e-07,0.08457794521115874,0.00011315399552433168,0.08457794521115874,0.0002433382278705119,-1.517444545436887e-10,0.00024333822787055923,-3.5729350402327775e-05,0.0004512410128817811,-2.1703197842828524e-05,-0.0006483629064490269,0.000648726049465901,-91.91719404499588,0.0029688906918485464,0.0847995802410215,-0.0006481960243820001,0.08480205756430363,-0.43795232346360397,0.08480205756430363,0.0051278508428438665,-0.00014888334592665946,1.0842021724855044e-19,0.0
robust,high_low_permutation_alternating,1000,read,0,1.2,0,8,823de6099de30e8c,3c529e3b85494e79,4,1,0.001,0.07227216665669939,0.04324134022975326,0.9530487261943552,4.575057000038214,instant_RF_exact_pathways,runs\combined_factor_study\cases\3c529e3b85494e79,0.06914702130915555,3.0225124185018036e-09,0.06914702130915562,2.5044781659033308e-06,0.06914702130915562,-0.0002867413140740207,5.229413089645767e-10,0.00028674131407449755,179.99989550745406,0.0008897904317306946,1.5868892475070634e-05,0.000615203550829199,0.0006154081821858077,88.52240938608087,0.002235354915813057,0.06887614888755662,0.0006152070962829265,0.0688788963714735,0.5117567307667286,0.0688788963714735,0.012311661223016815,179.99989300297588,2.7755575615628914e-17,0.0
robust,high_low_permutation_alternating,1000,read,0,1.2,0,8,823de6099de30e8c,3c529e3b85494e79,5,1,0.001,0.05644344786370577,0.20760969581842986,0.8398310479550164,4.575320799951442,instant_RF_exact_pathways,runs\combined_factor_study\cases\3c529e3b85494e79,0.04472524082169119,8.832831567660825e-08,0.04472524082177841,0.00011315399552433165,0.04472524082177841,0.002683044525961096,4.254957553934487e-09,0.0026830445259644698,9.086360941409327e-05,0.006466063153659083,-2.051375951835883e-05,-0.0011999749889839994,0.001200150319133702,-90.97938488432044,0.005252143888268299,0.047387771588133946,-0.0011998824057107681,0.04740295996957035,-1.4504482690692573,0.04740295996957035,0.11455825961009174,-2.2290386110238368e-05,2.082684362675785e-17,0.0
robust,high_low_permutation_alternating,1000,read,0,1.2,0,8,823de6099de30e8c,3c529e3b85494e79,6,1,0.001,0.045463710358607946,0.19914976854112995,0.8702395938184975,4.576054999954067,instant_RF_exact_pathways,runs\combined_factor_study\cases\3c529e3b85494e79,0.03640962296367017,1.5915152305496367e-09,0.0364096229636702,2.5044781659033265e-06,0.0364096229636702,0.0031257746394585087,7.60684564563584e-10,0.0031257746394586015,1.3943428467315715e-05,0.00607703237642701,2.5612515643125856e-05,0.0005118194849258444,0.000512459936099717,87.13518933468274,0.002977055018510729,0.039561010118771826,0.0005118218371256396,0.0395643208359568,0.7412246314331884,0.0395643208359568,0.13366776113283954,1.1438950301412387e-05,2.081696405412269e-17,0.0
robust,high_low_permutation_alternating,1000,read,0,1.2,0,8,823de6099de30e8c,3c529e3b85494e79,7,1,0.001,0.04571430866482753,0.4816435091365334,0.6468611142770261,4.5786080999532714,instant_RF_exact_pathways,runs\combined_factor_study\cases\3c529e3b85494e79,0.023696308621703153,4.679807173431752e-08,0.023696308621749363,0.00011315399552433168,0.023696308621749363,0.005881693712621778,1.0783004004219014e-08,0.005881693712631662,0.00010504127724092748,0.014058778406220575,-1.166805843557483e-05,-0.000514451582577821,0.0005145838847112106,-91.29927854996055,0.007959221636857569,0.029566334275889304,-0.0005143940015020827,0.029570808641334243,-0.9967293164848768,0.029570808641334243,0.3075356232399368,-8.112718283404185e-06,5.204215602824871e-17,0.0
robust,high_low_permutation_alternating,1000,read,0,1.2,0,8,823de6099de30e8c,3c529e3b85494e79,8,1,0.001,0.03728050051732975,0.4852429821737175,0.6966134852897642,4.587660199962556,instant_RF_exact_pathways,runs\combined_factor_study\cases\3c529e3b85494e79,0.019190399269371827,8.388390274738211e-10,0.019190399269371845,2.5044781659033024e-06,0.019190399269371845,0.006745144114481344,6.498964213027084e-10,0.0067451441144813756,5.5204635259545295e-06,0.013226033388166261,2.633673119674036e-05,0.0006533312529631577,0.0006538618734171147,87.69157382226393,0.004864067859791622,0.02596188011504995,0.0006533327416986046,0.025970099398723936,1.441548517944887,0.025970099398723936,0.3547708106015951,3.0159853600512267e-06,3.821378183508551e-17,0.0
robust,weak_increasing_centering,1000,read,45,0.8,100,8,42110b7ebaad7151,3df3de4c900de6ed,1,1,0.001,0.17923335091281156,0.0020108662015695653,0.9962038633649216,5.617393900058232,instant_RF_exact_pathways,runs\combined_factor_study\cases\3df3de4c900de6ed,0.12448024415577764,-0.1284530897715767,0.17887293662526693,-45.899875734748086,0.17887293662526693,0.0,0.0,0.0,0.0,0.0,-0.0003411386513382853,0.00011509538395136869,0.00036003128592362237,161.3563284213467,0.00036041428754463115,0.12413910550443936,-0.12833799438762533,0.17855295662318357,-45.95278516540754,0.17855295662318357,0.0,0.0,0.0,45.0
robust,weak_increasing_centering,1000,read,45,0.8,100,8,42110b7ebaad7151,3df3de4c900de6ed,2,1,0.001,0.13808894844736558,0.044862971656196855,0.9748841728953814,5.617621600045823,instant_RF_exact_pathways,runs\combined_factor_study\cases\3df3de4c900de6ed,0.09471646874412583,0.09178661628798032,0.1318938678671374,44.09999143869361,0.1318938678671374,-8.374582536584169e-05,9.916129561658688e-05,0.00012979339665239594,130.1824785395772,0.00014689423866481443,0.005471650499166233,-0.0018754701335456643,0.005784146212436878,-18.919731392370338,0.006048186341563364,0.10010437341792622,0.09001030745005124,0.13462073029310295,41.960756361907336,0.13462073029310295,0.0010637653506414028,86.0824871008836,0.0,45.0
robust,weak_increasing_centering,1000,read,45,0.8,100,8,42110b7ebaad7151,3df3de4c900de6ed,3,1,0.001,0.10624550598230426,0.08579604059987063,0.9649365244810421,5.617730400059372,instant_RF_exact_pathways,runs\combined_factor_study\cases\3df3de4c900de6ed,0.06759420452473897,-0.06975150539541752,0.09713006223749268,-45.8998757347481,0.09713006223749268,-0.00042703594132376815,-0.00021739099871967223,0.0004791852893261784,-153.02074073479838,0.0006963300356258262,0.0077000193398754305,-6.887400540558554e-05,0.007700327360773454,-0.5124772312984122,0.008419113709185732,0.07486718792329064,-0.07003777039954279,0.10252016928429443,-43.09114290256135,0.10252016928429443,0.006553971663910223,-107.12086500005029,0.0,45.0
robust,weak_increasing_centering,1000,read,45,0.8,100,8,42110b7ebaad7151,3df3de4c900de6ed,4,1,0.001,0.08276609664313157,0.13707514371905888,0.9074330052147336,5.617864700034261,instant_RF_exact_pathways,runs\combined_factor_study\cases\3df3de4c900de6ed,0.05128924976183903,0.049702725935718214,0.0714209220507088,44.099991438693614,0.0714209220507088,-0.0009383720821904772,0.00030868852870353424,0.000987841471283548,161.79077163302227,0.0014879249919156807,0.0067084815432444395,-0.0011755295474343446,0.006810697051913445,-9.939050730664839,0.009857249600507092,0.05705935922289299,0.0488358849169874,0.07510468780676996,40.5595112302405,0.07510468780676996,0.01797746966769826,117.69078019432867,6.938893903907228e-18,45.0
robust,weak_increasing_centering,1000,read,45,0.8,100,8,42110b7ebaad7151,3df3de4c900de6ed,5,1,0.001,0.07025796349977473,0.2538130152011957,0.8238114106140069,5.618173000053503,instant_RF_exact_pathways,runs\combined_factor_study\cases\3df3de4c900de6ed,0.03648371221130971,-0.03764810706841965,0.05242557794200135,-45.89987573474809,0.05242557794200135,0.0011085378643033799,-0.0026939760333609284,0.0029131362935704503,-67.63343917630839,0.00567969582384257,0.0036245774388331685,-0.00029272819687111774,0.003636378886659341,-4.617301523234969,0.012152689733930822,0.04121682751444626,-0.040634811298651666,0.05787931201761683,-44.59259812932683,0.05787931201761683,0.08084059857301132,-21.733563441560296,2.8609792490763984e-17,45.0
robust,weak_increasing_centering,1000,read,45,0.8,100,8,42110b7ebaad7151,3df3de4c900de6ed,6,1,0.001,0.06535304457848727,0.412330909340883,0.5877190545741291,5.619003399973735,instant_RF_exact_pathways,runs\combined_factor_study\cases\3df3de4c900de6ed,0.027580336933537012,0.026727197886257496,0.03840596427924435,44.09999143869361,0.03840596427924435,0.0021818473219501933,0.003775202009730741,0.004360344934816082,59.97458419438513,0.008165227763989417,-0.004026596146088237,-0.001990149527578726,0.004491566727302898,-153.69906500783452,0.018781852535253545,0.025735588109398983,0.02851225036840953,0.038409229573209455,47.93011330841246,0.038409229573209455,0.12494028115527496,15.874592755691515,2.7097246932071044e-17,45.0
robust,weak_increasing_centering,1000,read,45,0.8,100,8,42110b7ebaad7151,3df3de4c900de6ed,7,1,0.001,0.06322782229715894,0.5559941397842739,0.5238436566090282,5.6224613999947906,instant_RF_exact_pathways,runs\combined_factor_study\cases\3df3de4c900de6ed,0.019536768063043112,-0.020160293216552737,0.028073523628617116,-45.89987573474812,0.028073523628617116,0.00533404735118882,-0.0070140316864097975,0.008811850069235468,-52.74765168202276,0.013579810318409321,-0.004301373200839036,0.001214136394093836,0.004469444998694966,164.23736960114695,0.02157448835013234,0.020569442213392866,-0.02596018850886865,0.03312149363156958,-51.608608137336724,0.03312149363156958,0.21477586646250052,-6.8477759472746484,5.594315114139762e-17,45.0
robust,weak_increasing_centering,1000,read,45,0.8,100,8,42110b7ebaad7151,3df3de4c900de6ed,8,1,0.001,0.06724668847415459,0.6955908146981309,0.34631530019207646,5.6358126000268385,instant_RF_exact_pathways,runs\combined_factor_study\cases\3df3de4c900de6ed,0.014700413438827942,0.01424568742347726,0.02047050965266599,44.09999143869362,0.02047050965266599,0.006797796393001677,0.007776552290775737,0.010328833493278705,48.841990273277,0.016738225947419375,-0.008859846870729967,-0.0024613431669079297,0.009195384535628074,-164.47424046152483,0.030037952874069254,0.012638362961099606,0.019560896547345094,0.023288557105849896,57.13335767203921,0.023288557105849896,0.24890780984482974,4.741998834583376,5.444379262168902e-17,45.0
robust,high_low_permutation_alternating,1000,read,90,0.7,100,8,0829a82ef8bc951b,3e29d8d6d3060739,1,1,0.001,0.13326553912111416,0.009362483131601564,0.9878453186588214,2.8220455000409856,instant_RF_exact_pathways,runs\combined_factor_study\cases\3e29d8d6d3060739,-0.002073859740198075,-0.1320015526898689,0.13201784275906894,-90.9000927109277,0.13201784275906894,0.0,0.0,0.0,0.0,0.0,-0.001177914679758394,0.0003959808121117043,0.0012426921567109711,161.41884580532798,0.001247696362045211,-0.003251774419956469,-0.1316055718777572,0.13164573895933665,-91.41540396926484,0.13164573895933665,0.0,180.0,0.0,90.0
robust,high_low_permutation_alternating,1000,read,90,0.7,100,8,0829a82ef8bc951b,3e29d8d6d3060739,2,1,0.001,0.09517843994662015,0.0013740103225140065,0.9981721818570708,2.8221977000357583,instant_RF_exact_pathways,runs\combined_factor_study\cases\3e29d8d6d3060739,0.00149259211808766,0.09503594351749074,0.09504766378765271,89.10021203284313,0.09504766378765271,4.261039602288247e-06,-1.1130086968635452e-05,1.1917856116838191e-05,-69.0511681689404,2.4712519433810238e-05,-6.730731049287494e-06,-3.202918916316897e-05,3.272875950762423e-05,-101.86766236464857,0.00010606363953361841,0.0014901224266406607,0.09499278424135893,0.09500447106727002,89.1012925382732,0.09500447106727002,0.00025964409006567037,-158.15138020178355,0.0,90.0
robust,high_low_permutation_alternating,1000,read,90,0.7,100,8,0829a82ef8bc951b,3e29d8d6d3060739,3,1,0.001,0.05780361682317643,0.07312766713411897,0.9264175296551003,2.8222726000240073,instant_RF_exact_pathways,runs\combined_factor_study\cases\3e29d8d6d3060739,-0.0008416309174510655,-0.05356996220232748,0.053576573172983026,-90.9000927109277,0.053576573172983026,-9.589036466864492e-05,0.00034766254446206207,0.000360644155447057,105.41962757982536,0.0006981535941095934,-0.0033211634422909103,-0.00015837578233324302,0.0033249375180353802,-177.26981371565864,0.003528890056083815,-0.004258684724410622,-0.05338067544019866,0.053550283902457106,-94.5613688655112,0.053550283902457106,0.012078026124996175,-163.68027970924695,1.734723475976807e-18,90.0
robust,high_low_permutation_alternating,1000,read,90,0.7,100,8,0829a82ef8bc951b,3e29d8d6d3060739,4,1,0.001,0.04407231030479322,0.12768522537126534,0.7967110324316424,2.822385099949315,instant_RF_exact_pathways,runs\combined_factor_study\cases\3e29d8d6d3060739,0.0006037244196974978,0.03844018681005228,0.03844492743089336,89.10021203284313,0.03844492743089336,6.32452706099862e-05,-0.0006676756710903906,0.0006706644213170502,-84.58882945460337,0.0011921348759728508,0.0017509893655216784,-0.0027429674851170314,0.0032542025724560017,-57.44763594666481,0.004435247997927003,0.0024179590558291632,0.03502954365384488,0.03511289584457952,86.05134886925333,0.03511289584457952,0.02704952083810311,-173.6890414874465,1.3904866443919908e-17,90.0
robust,high_low_permutation_alternating,1000,read,90,0.7,100,8,0829a82ef8bc951b,3e29d8d6d3060739,5,1,0.001,0.04050776789978908,0.4611998467509138,0.6554815796277832,2.8226373000070453,instant_RF_exact_pathways,runs\combined_factor_study\cases\3e29d8d6d3060739,-0.0003428568038995157,-0.02182289842836691,0.02182559155218477,-90.9000927109277,0.02182559155218477,-0.0001979652414472916,-0.006569959879642926,0.0065729417353981604,-91.72590733383768,0.011267539787900946,0.0014169745486525068,0.0018552219714820686,0.0023344518489355885,52.62826693793525,0.007414636559703352,0.0008761525033056988,-0.026537636336527767,0.026552095690149352,-88.1090398442895,0.026552095690149352,0.2781575083518639,-0.8258146229099781,3.529906531158615e-18,90.0
robust,high_low_permutation_alternating,1000,read,90,0.7,100,8,0829a82ef8bc951b,3e29d8d6d3060739,6,1,0.001,0.03269125005401078,0.5229699292428068,0.7104286580364351,2.8233736000256613,instant_RF_exact_pathways,runs\combined_factor_study\cases\3e29d8d6d3060739,0.00024489334400121547,0.015592786352193558,0.015594709326405857,89.10021203284313,0.015594709326405857,-9.537546075421697e-05,0.008588344098144648,0.0085888736646111,90.63625614923377,0.0126239204585983,0.0011503274134209338,-0.0009927329356239814,0.0015194643265112556,-40.79420394375319,0.004472620269006623,0.001299845296667931,0.023188397514714205,0.023224800905404415,86.79159420244214,0.023224800905404415,0.3861559419643396,1.5360441163906404,2.0857299665879863e-17,90.0
robust,high_low_permutation_alternating,1000,read,90,0.7,100,8,0829a82ef8bc951b,3e29d8d6d3060739,7,1,0.001,0.04362729464445945,0.7958114975752534,0.5220746477971645,2.825873199966736,instant_RF_exact_pathways,runs\combined_factor_study\cases\3e29d8d6d3060739,-0.0001399382104279677,-0.008907092750336664,0.00890819195829534,-90.9000927109277,0.00890819195829534,-0.0005642414441173195,-0.013221608009914933,0.01323364223390924,-92.44365503422594,0.02127727239808251,-0.0014502917017289757,-0.0005458779659497296,0.0015496221390433678,-159.3740718710009,0.013441830288081639,-0.0021544713562742603,-0.022674578726201308,0.02277670448584929,-95.4277800907948,0.02277670448584929,0.48770551947998614,-1.5435623232982363,2.0978681678024108e-17,90.0
robust,high_low_permutation_alternating,1000,read,90,0.7,100,8,0829a82ef8bc951b,3e29d8d6d3060739,8,1,0.001,0.03505038137810207,0.8193458681735429,0.5576856499881909,2.834081699955277,instant_RF_exact_pathways,runs\combined_factor_study\cases\3e29d8d6d3060739,9.943524406799724e-05,0.006331215423408192,0.0063319962180472455,89.10021203284313,0.0063319962180472455,-7.409340696613777e-05,0.01319180372609116,0.013192011801869663,90.32180549052441,0.020919835662489766,-0.00022150227767968753,2.3091285069630736e-05,0.0002227026413481806,174.04849736267843,0.007798549497565042,-0.00019616044057782736,0.01954611043456902,0.019547094721180835,90.5749884657867,0.019547094721180835,0.596850443275335,1.2215934576812686,3.817042266999502e-17,90.0
robust,weak_increasing_centering,1000,read,45,1,0,8,42110b7ebaad7151,4765a2057437b802,1,1,0.001,0.20793430696236384,4.6153590860538757e-10,0.9999999992121098,5.332490500062704,instant_RF_exact_pathways,runs\combined_factor_study\cases\4765a2057437b802,0.1470320718785222,-0.14703144497391388,0.2079343068663947,-44.9998778529598,0.2079343068663947,0.0,0.0,0.0,0.0,0.0,2.5166958302444933e-17,9.5969104338173e-11,9.59691043381763e-11,89.99998497474262,9.596915488449069e-11,0.14703207187852224,-0.14703144487794478,0.20793430679853445,-44.99987783426099,0.20793430679853445,0.0,0.0,0.0,45.0
robust,weak_increasing_centering,1000,read,45,1,0,8,42110b7ebaad7151,4765a2057437b802,2,1,0.001,0.1695094587679279,5.940369892652228e-09,0.9999999980219676,5.3326574000529945,instant_RF_exact_pathways,runs\combined_factor_study\cases\4765a2057437b802,0.11986130063195524,0.119861273484129,0.169509457760979,44.99999351143349,0.169509457760979,-5.587164439701062e-15,4.753315404612094e-15,7.335558179987582e-15,139.61031554447126,7.901428071237265e-15,1.3990505008193204e-15,9.498613004076839e-10,9.498613004087141e-10,89.99991560905895,1.0069409893231188e-09,0.11986130063195105,0.11986127443399507,0.16950945843263268,44.999993738460766,0.16950945843263268,4.661349359893218e-14,94.61032203303776,0.0,45.0
robust,weak_increasing_centering,1000,read,45,1,0,8,42110b7ebaad7151,4765a2057437b802,3,1,0.001,0.13801008403183923,1.1137273803557856e-08,0.9999999966402657,5.332730400026776,instant_RF_exact_pathways,runs\combined_factor_study\cases\4765a2057437b802,0.0975880732484035,-0.09758765715950495,0.13801008249478314,-44.9998778529598,0.13801008249478314,-2.1960125301235812e-14,-2.23994050494277e-14,3.1368462662590025e-14,-134.4326348198836,4.1916746095996356e-14,4.747460125190011e-15,-1.5179850091794945e-09,1.5179850091869182e-09,-89.99982080888354,1.5370141754054673e-09,0.0975880732483863,-0.09758765867751236,0.13801008356816202,-44.99987829859199,0.13801008356816202,3.0372234311752226e-13,-89.43275696692379,0.0,45.0
robust,weak_increasing_centering,1000,read,45,1,0,8,42110b7ebaad7151,4765a2057437b802,4,1,0.001,0.11219420527481282,1.6682523338291504e-08,0.9999999950773747,5.332868200028315,instant_RF_exact_pathways,runs\combined_factor_study\cases\4765a2057437b802,0.07933329102042004,0.07933327305193155,0.11219420340313037,44.99999351143349,0.11219420340313037,-5.4030506616472944e-14,1.9000388527818672e-14,5.727399418096131e-14,160.62524686505685,1.001088990484851e-13,1.3429579953167087e-15,1.865936512928438e-09,1.8659365129289215e-09,89.99995876289218,1.8715823595139818e-09,0.07933329102036736,0.0793332749178871,0.11219420472252278,44.999994185264214,0.11219420472252278,8.922822600621351e-13,115.62525335362338,2.7755575615628914e-17,45.0
robust,weak_increasing_centering,1000,read,45,1,0,8,42110b7ebaad7151,4765a2057437b802,5,1,0.001,0.09104917633936704,2.2181761508710604e-08,0.9999999934867707,5.333160600042902,instant_RF_exact_pathways,runs\combined_factor_study\cases\4765a2057437b802,0.06438162583561183,-0.06438135132993825,0.09104917431973593,-44.9998778529598,0.09104917431973593,-9.123664177578985e-14,-3.036743037909692e-14,9.615771227703528e-14,-161.59036619615298,1.6323211172218742e-13,4.955198925311169e-15,-2.017587125128162e-09,2.017587125134247e-09,-89.99985928142506,2.0194678921718253e-09,0.06438162583552554,-0.06438135334755572,0.09104917574634289,-44.999878750781185,0.09104917574634289,1.792790646603692e-12,-116.5904883431932,1.962615573354719e-17,45.0
robust,weak_increasing_centering,1000,read,45,1,0,8,42110b7ebaad7151,4765a2057437b802,6,1,0.001,0.07374274318347379,2.82786378394567e-08,0.9999999917087057,5.3341242000460625,instant_RF_exact_pathways,runs\combined_factor_study\cases\4765a2057437b802,0.052143998198913764,0.05214398638862808,0.07374274109812946,44.99999351143349,0.07374274109812946,-1.3522603044634946e-13,2.1861746431179326e-14,1.3698180633682056e-13,170.81655341628536,2.32312654279165e-13,3.2890827891015614e-16,2.084553062868623e-09,2.084553062868649e-09,89.99999095966587,2.0851120229905135e-09,0.052143998198778865,0.052143988473203014,0.073742742572051,44.999994656772394,0.073742742572051,3.150312074791757e-12,125.81655990485187,6.938893903907228e-18,45.0
robust,weak_increasing_centering,1000,read,45,1,0,8,42110b7ebaad7151,4765a2057437b802,7,1,0.001,0.05959438777223679,3.4437275355908115e-08,0.999999989906071,5.3372552000219,instant_RF_exact_pathways,runs\combined_factor_study\cases\4765a2057437b802,0.0421396840991942,-0.042139504427087165,0.059594385719968446,-44.9998778529598,0.059594385719968446,-1.777276332031486e-13,-3.043085567204471e-14,1.8031402768760323e-13,-170.28392749503422,2.9538113754660863e-13,4.0231302689094506e-15,-2.051785131649242e-09,2.0517851316531862e-09,-89.99988765471525,2.0519729629026304e-09,0.04213968409902052,-0.042139506478902744,0.05959438717069527,-44.9998792479729,0.05959438717069527,4.956526085569046e-12,-125.28404964207442,2.5018537765542006e-17,45.0
robust,weak_increasing_centering,1000,read,45,1,0,8,42110b7ebaad7151,4765a2057437b802,8,1,0.001,0.04804242412689249,4.139980231060121e-08,0.9999999878652733,5.3472834000131115,instant_RF_exact_pathways,runs\combined_factor_study\cases\4765a2057437b802,0.03397112632549044,0.03397111863124526,0.04804242213794563,44.99999351143349,0.04804242213794563,-2.1924568959748864e-13,1.9223830913920076e-14,2.200868648558685e-13,174.98902502632407,3.5374199607816426e-13,-5.103058465716269e-16,1.9885357472086953e-09,1.9885357472087606e-09,90.00001470346777,1.988593140044065e-09,0.03397112632527066,0.033971120619800246,0.048042423543910806,44.999995188569855,0.048042423543910806,7.36311713047285e-12,129.98903151489057,2.5018537765542006e-17,45.0
robust,high_low_permutation_alternating,1000,slice,45,0.8,100,8,b7cbffe33c166645,4b6a1c0427c9ee6e,1,1,0.001,0.1860967542221118,0.00030398223612328087,0.9999660109083778,3.6886218999279663,instant_RF_exact_pathways,runs\combined_factor_study\cases\4b6a1c0427c9ee6e,0.12946803322688416,-0.1336000691533022,0.18604018411462808,-45.89987630772976,0.18604018411462808,0.0,0.0,0.0,0.0,0.0,5.354354451121341e-05,-1.807670306001529e-05,5.651263887259431e-05,-18.655068853261955,5.6570107483729974e-05,0.12952157677139536,-0.1336181458563622,0.18609042896248196,-45.891910796423886,0.18609042896248196,0.0,0.0,0.0,45.0
robust,high_low_permutation_alternating,1000,slice,45,0.8,100,8,b7cbffe33c166645,4b6a1c0427c9ee6e,2,1,0.001,0.15297257256683358,0.00240772331669137,0.9973675951007703,3.688763599959202,instant_RF_exact_pathways,runs\combined_factor_study\cases\4b6a1c0427c9ee6e,0.10958913815767513,0.1061992468578154,0.15260425693705015,44.099995629645186,0.15260425693705015,0.00018845953133098074,-0.00017792250257718387,0.0002591783398990373,-43.35264600480776,0.00026479126906409355,-3.502161987091598e-05,-3.0110751598463254e-05,4.61862665757614e-05,-139.31184432856864,0.00010352436071931484,0.10974257606913519,0.10599121360363975,0.1525698868173609,44.00379269618471,0.1525698868173609,0.0017309721907723457,-87.45264163445295,0.0,45.0
robust,high_low_permutation_alternating,1000,slice,45,0.8,100,8,b7cbffe33c166645,4b6a1c0427c9ee6e,3,1,0.001,0.10153148870736775,0.03472634536294761,0.9493439935139257,3.688832900021225,instant_RF_exact_pathways,runs\combined_factor_study\cases\4b6a1c0427c9ee6e,0.06820355264233825,-0.0703803025535199,0.09800567116530148,-45.899876307729755,0.09800567116530148,0.0002768928494972647,4.5928664157008786e-05,0.0002806761341723984,9.417994567659209,0.0006457834844964711,-0.0026794162447486267,-9.950044386098885e-05,0.0026812630887235525,-177.87329158041175,0.002880034057569803,0.06580102924708689,-0.07043387433322389,0.09638830895686655,-46.947666954605396,0.09638830895686655,0.006360425644478992,55.31787087538895,0.0,45.0
robust,high_low_permutation_alternating,1000,slice,45,0.8,100,8,b7cbffe33c166645,4b6a1c0427c9ee6e,4,1,0.001,0.08359402628833401,0.04150213420319306,0.9486876135137279,3.6889405000256374,instant_RF_exact_pathways,runs\combined_factor_study\cases\4b6a1c0427c9ee6e,0.05753965540079364,0.05575979673487877,0.08012469579073032,44.09999562964517,0.08012469579073032,9.727453217939344e-05,-0.0006389122015519573,0.0006462748145353404,-81.34318436003002,0.0012825327741447943,0.00048614910490271126,-0.0011678493192741055,0.0012649952508712035,-67.3991489521078,0.0021867977234588773,0.05812307903787575,0.05395303521405271,0.07930461730348343,42.86916463087865,0.07930461730348343,0.015342397430661604,-125.4431799896752,6.938893903907228e-18,45.0
robust,high_low_permutation_alternating,1000,slice,45,0.8,100,8,b7cbffe33c166645,4b6a1c0427c9ee6e,5,1,0.001,0.0645336994690146,0.19692171559057708,0.8275605396367091,3.6892108999891207,instant_RF_exact_pathways,runs\combined_factor_study\cases\4b6a1c0427c9ee6e,0.036066187384755484,-0.03721725748513751,0.051825612656169535,-45.89987630772975,0.051825612656169535,0.002392909811555902,-0.0017797688878723448,0.0029822130474664054,-36.64067694291423,0.007587548240571316,-0.0011235029294760428,0.0008105701264322319,0.001385381811056293,144.19080042700227,0.005120538572273719,0.03733559426683536,-0.03818645624657763,0.05340554315733093,-45.64549012554937,0.05340554315733093,0.11757497715150242,9.259199364815519,1.3877787807814457e-17,45.0
robust,high_low_permutation_alternating,1000,slice,45,0.8,100,8,b7cbffe33c166645,4b6a1c0427c9ee6e,6,1,0.001,0.05242492544385019,0.19523522798910384,0.866112369501827,3.6905614000279456,instant_RF_exact_pathways,runs\combined_factor_study\cases\4b6a1c0427c9ee6e,0.030297559126313833,0.02936037288855451,0.04218973317250833,44.09999562964518,0.04218973317250833,0.002728189756684278,0.002091492968670839,0.0034376390424936385,37.4746031700535,0.007313872529902171,0.0004672512646960425,-0.0007938725683947422,0.0009211717533716044,-59.52011937519871,0.0029213197414396535,0.03349300014769414,0.03065799328883059,0.04540587639712971,42.4695901240057,0.04540587639712971,0.13951135777457055,-6.625392459591677,2.7097246932071044e-17,45.0
robust,high_low_permutation_alternating,1000,slice,45,0.8,100,8,b7cbffe33c166645,4b6a1c0427c9ee6e,7,1,0.001,0.051615630868489984,0.46802785235816213,0.6803355643040907,3.694568800041452,instant_RF_exact_pathways,runs\combined_factor_study\cases\4b6a1c0427c9ee6e,0.019108470422213822,-0.019718326649388558,0.027458078004998956,-45.89987630772973,0.027458078004998956,0.005464699161718567,-0.005672445593716738,0.007876520547917338,-46.068641357799606,0.016381826092268792,4.772577556941249e-05,0.0003519741346313931,0.00035519507471700677,82.27809920390521,0.007775726771222184,0.024620895359501876,-0.025038798108473894,0.035115949353825775,-45.48215155779309,0.035115949353825775,0.31738110755649945,-0.16876505006988565,7.664258822861523e-17,45.0
robust,high_low_permutation_alternating,1000,slice,45,0.8,100,8,b7cbffe33c166645,4b6a1c0427c9ee6e,8,1,0.001,0.04262301041840764,0.47829119398940306,0.731591101292084,3.706384600023739,instant_RF_exact_pathways,runs\combined_factor_study\cases\4b6a1c0427c9ee6e,0.01596883194796934,0.01547487236949854,0.022236799873964683,44.099995629645186,0.022236799873964683,0.006505542740833205,0.006063581403156272,0.008893205596718778,42.986169079164185,0.01562578368277166,0.00036748930843604735,-0.00031100136719128263,0.0004814252197482506,-40.240798777927665,0.0047604268616711475,0.022841863997238514,0.021227452405463504,0.031182615132386817,42.901995464350115,0.031182615132386817,0.36660441225013374,-1.1138265504809983,8.341116186757555e-17,45.0
robust,increasing_alternating_centering,1000,read,90,1.2,100,8,1b6331729c140095,4ef5c61d4f2139f0,1,1,0.001,0.1792070068442489,0.0018613961388770479,0.997587092231777,2.8578744999831542,instant_RF_exact_pathways,runs\combined_factor_study\cases\4ef5c61d4f2139f0,-0.0028099093617676555,-0.1788513599238807,0.1788734316136493,-90.90009213794605,0.1788734316136493,0.0,0.0,0.0,0.0,0.0,-0.00031436468316796943,0.00010406513023122506,0.00033114151861906357,161.68374480829752,0.00033357523059958746,-0.003124274044935625,-0.17874729479364948,0.1787745968653144,-91.00135496357119,0.1787745968653144,0.0,180.0,0.0,90.0
robust,increasing_alternating_centering,1000,read,90,1.2,100,8,1b6331729c140095,4ef5c61d4f2139f0,2,1,0.001,0.1332023552088317,0.011000389802276815,0.9914705647710192,2.85800859995652,instant_RF_exact_pathways,runs\combined_factor_study\cases\4ef5c61d4f2139f0,0.0020687582554790624,0.1317208328079833,0.1317370773789532,89.10020784189155,0.1317370773789532,1.9399583064579113e-06,-3.5026226746831265e-05,3.507990875631282e-05,-86.82986189004865,4.265475015453964e-05,-0.0013382361450970568,0.0003783765702091488,0.0013906993956018926,164.21213416959424,0.0014226230797239532,0.0007324620686884635,0.1320641831514456,0.13206621434773028,89.68222606704894,0.13206621434773028,0.0003202251948748689,-175.9300697319402,0.0,90.0
robust,increasing_alternating_centering,1000,read,90,1.2,100,8,1b6331729c140095,4ef5c61d4f2139f0,3,1,0.001,0.10219654602172897,0.05203519818702226,0.9336279947737539,2.8580762000055984,instant_RF_exact_pathways,runs\combined_factor_study\cases\4ef5c61d4f2139f0,-0.001521860701725171,-0.09686677435994984,0.09687872849545916,-90.90009213794605,0.09687872849545916,0.00036179231731379215,0.0008798743694836198,0.0009513530296065079,67.64820486332033,0.0011322896227964402,-0.003890037035298366,0.000707084878578625,0.003953777581188331,169.69792781958492,0.0041855279034733895,-0.005050105419709745,-0.09527981511188759,0.09541355633507047,-93.03400279258007,0.09541355633507047,0.011079529268588916,158.54829700126638,1.3877787807814457e-17,90.0
robust,increasing_alternating_centering,1000,read,90,1.2,100,8,1b6331729c140095,4ef5c61d4f2139f0,4,1,0.001,0.07611101690154345,0.06933333569537496,0.9068752042451285,2.858184600016102,instant_RF_exact_pathways,runs\combined_factor_study\cases\4ef5c61d4f2139f0,0.0011123549775780676,0.07082525163906062,0.07083398621659238,89.10020784189155,0.07083398621659238,0.00018193179639712677,-0.0015085786015442428,0.0015195093206615974,-83.12344371817838,0.0016870761120747954,-0.0026493896963132165,-0.0003067824004456938,0.0026670922751479485,-173.39493057674085,0.0035899545728763143,-0.0013551029223380232,0.06900989063707068,0.06902319399789164,91.12493587008177,0.06902319399789164,0.022165990953151794,-172.22365156006992,1.0842021724855044e-18,90.0
robust,increasing_alternating_centering,1000,read,90,1.2,100,8,1b6331729c140095,4ef5c61d4f2139f0,5,1,0.001,0.05883363221619995,0.12180625881812214,0.8422808649962612,2.858426499995403,instant_RF_exact_pathways,runs\combined_factor_study\cases\4ef5c61d4f2139f0,-0.0008116381855260917,-0.051660952208143006,0.05166732758326329,-90.90009213794605,0.05166732758326329,0.00022706465125118565,0.001772103221785815,0.0017865912191969064,82.69831429743834,0.0026534216671282693,-0.002420740199762195,0.00042562149239212625,0.002457872407089272,170.0280148196897,0.004512882965808399,-0.0030053137340371014,-0.04946322749396509,0.04955444263393279,-93.47693391816256,0.04955444263393279,0.04510042244846554,173.59840643538436,2.7758963540648015e-17,90.0
robust,increasing_alternating_centering,1000,read,90,1.2,100,8,1b6331729c140095,4ef5c61d4f2139f0,6,1,0.001,0.04464829086336535,0.16315207213542726,0.791989776939317,2.8592035999754444,instant_RF_exact_pathways,runs\combined_factor_study\cases\4ef5c61d4f2139f0,0.0005867500074308733,0.037359222337453625,0.03736382969170203,89.10020784189155,0.03736382969170203,0.00012761837821844308,-0.0018443207077544054,0.0018487307331006364,-86.04170906222782,0.0031016203301153546,-0.001164330290806511,-0.0001567746640453467,0.0011748375723376,-172.3313641958008,0.0041828408415480415,-0.00044996190515719575,0.035358126965653824,0.035360989921598474,90.72909762875855,0.035360989921598474,0.06946784009285077,-175.14191690411937,4.858967888080295e-17,90.0
robust,increasing_alternating_centering,1000,read,90,1.2,100,8,1b6331729c140095,4ef5c61d4f2139f0,7,1,0.001,0.03558740236997619,0.2432499682464844,0.712384611768503,2.8619263999862596,instant_RF_exact_pathways,runs\combined_factor_study\cases\4ef5c61d4f2139f0,-0.00042305341874806346,-0.026927444811223254,0.02693076787350462,-90.90009213794605,0.02693076787350462,0.00015223282066310472,0.0015755862808263122,0.001582923548379749,84.48122438404441,0.0038342221412787023,-0.000709452661501541,1.8899730670162134e-05,0.0007097043600901891,178.47400848122948,0.004822412355192815,-0.0009802732595865019,-0.025332958799726826,0.025351917821184993,-92.21598720675662,0.025351917821184993,0.10774099501326619,175.38131652199044,4.862063511799957e-17,90.0
robust,increasing_alternating_centering,1000,read,90,1.2,100,8,1b6331729c140095,4ef5c61d4f2139f0,8,1,0.001,0.0281292403583943,0.3177919290537517,0.640695382294453,2.871644099941477,instant_RF_exact_pathways,runs\combined_factor_study\cases\4ef5c61d4f2139f0,0.00030135373396216803,0.019187628473342398,0.01918999480208353,89.10020784189155,0.01918999480208353,0.00011599327017020218,-0.0012248594568128196,0.0012303394359560182,-84.59026564594178,0.004182342701178896,-0.00013767865466459477,5.733532129516061e-05,0.00014914003828037607,157.39105203983175,0.004756902855131897,0.00027966834946777547,0.01802010433782477,0.018022274405073993,89.11085255374525,0.018022274405073993,0.14868310156590506,-173.69047348783332,3.122506962493303e-17,90.0
robust,increasing_centering,1000,read,90,0.7,100,8,bc062153b6b100ae,4f353dd8114d1a14,1,1,0.001,0.14780503523776445,0.004872155949616217,0.9936872533995951,3.750775199965574,instant_RF_exact_pathways,runs\combined_factor_study\cases\4f353dd8114d1a14,-0.002310545790802539,-0.1470667568406794,0.14708490605594754,-90.90009213794605,0.14708490605594754,0.0,0.0,0.0,0.0,0.0,-0.0006788246241424568,0.00022520268124289112,0.0007152056473358798,161.64653778824595,0.0007201291818169181,-0.0029893704149449958,-0.1468415541594365,0.14687197950404451,-91.16625469895455,0.14687197950404451,0.0,180.0,0.0,90.0
robust,increasing_centering,1000,read,90,0.7,100,8,bc062153b6b100ae,4f353dd8114d1a14,2,1,0.001,0.10431595859716816,0.08747189673118481,0.8932500148389976,3.7509884000755847,instant_RF_exact_pathways,runs\combined_factor_study\cases\4f353dd8114d1a14,0.0014948538062331523,0.0951795057550683,0.09519124383934212,89.10020784189155,0.09519124383934212,1.5470391913561553e-05,0.00025678178919264383,0.00025724739121502196,86.55225533382021,0.00026070846315888745,0.008025806805281234,-0.002745307616507079,0.008482351607010307,-18.883766567681,0.008864006294667146,0.009536131003427949,0.09269097992775387,0.09318023156486471,84.12602505329134,0.09318023156486471,0.002499219358810214,-2.5479525080713383,1.3877787807814457e-17,90.0
robust,increasing_centering,1000,read,90,0.7,100,8,bc062153b6b100ae,4f353dd8114d1a14,3,1,0.001,0.07175067156143396,0.14367385465069257,0.8109498360075069,3.7510705000022426,instant_RF_exact_pathways,runs\combined_factor_study\cases\4f353dd8114d1a14,-0.0009651874066644156,-0.061434394508276785,0.06144197600442691,-90.90009213794605,0.06144197600442691,-6.671479130816851e-05,0.0005357735830336003,0.0005399112849866676,97.09796376424298,0.001070114158873879,0.0019206575393631894,0.002719213557666201,0.003329121168673249,54.76535632133049,0.009238581398133189,0.0008887553413906053,-0.05817940736757699,0.058186195336173356,-89.1248111333953,0.058186195336173356,0.014914343456111513,-172.001944097811,6.939740885162004e-18,90.0
robust,increasing_centering,1000,read,90,0.7,100,8,bc062153b6b100ae,4f353dd8114d1a14,4,1,0.001,0.05435224556724079,0.27298590183625043,0.7049120844130351,3.7512339999666438,instant_RF_exact_pathways,runs\combined_factor_study\cases\4f353dd8114d1a14,0.0006205289451043768,0.03950997619665334,0.03951484879424222,89.10020784189155,0.03951484879424222,2.3796170122787653e-05,-0.0015034795776634926,0.0015036678816027517,-89.09323258830837,0.001973995596290583,0.007291888173134138,-0.0005239007434846054,0.007310684312601471,-4.1094721123709,0.012863401176707978,0.0079362132883613,0.03748259587550524,0.038313554715332855,78.04528489023535,0.038313554715332855,0.03631856560274946,-178.19344043019993,3.469446951953614e-18,90.0
robust,increasing_centering,1000,read,90,0.7,100,8,bc062153b6b100ae,4f353dd8114d1a14,5,1,0.001,0.05455502388594393,0.5362887234374825,0.6151814395294459,3.7518130000680685,instant_RF_exact_pathways,runs\combined_factor_study\cases\4f353dd8114d1a14,-0.00039740093072360394,-0.02529465820570818,0.0252977797690497,-90.90009213794605,0.0252977797690497,-0.0002169190068965843,-0.008333501909526276,0.008336324605701908,-91.49105836754852,0.01257825366773695,0.008387901341445582,0.0009796052188303574,0.008444910615192102,6.661276726517463,0.016678990449157303,0.007773581403825385,-0.0326485548964041,0.033561238127718294,-76.60730967548004,0.033561238127718294,0.2305608681252494,-0.5909662296024791,7.806255641895632e-18,90.0
robust,increasing_centering,1000,read,90,0.7,100,8,bc062153b6b100ae,4f353dd8114d1a14,6,1,0.001,0.05048415055502437,0.6809492844548583,0.5829843471854407,3.753476900048554,instant_RF_exact_pathways,runs\combined_factor_study\cases\4f353dd8114d1a14,0.0002529394070384183,0.016105018194763704,0.016107004358269197,89.10020784189155,0.016107004358269197,0.0002861669859367378,0.011369758284143579,0.011373359001794134,88.55821916410132,0.016283010758168733,0.008680665726333135,0.00047530763916635836,0.008693668661973762,3.134086220223084,0.0180941354385864,0.009219772119308281,0.02795008411807364,0.029431469554532384,71.74405307771045,0.029431469554532384,0.32253708498910627,-0.5419886777902317,1.0408340855860843e-17,90.0
robust,increasing_centering,1000,read,90,0.7,100,8,bc062153b6b100ae,4f353dd8114d1a14,7,1,0.001,0.05545737231628934,0.8162613133530289,0.5312740197140347,3.7587088000727817,instant_RF_exact_pathways,runs\combined_factor_study\cases\4f353dd8114d1a14,-0.00016006868168207277,-0.010188407423238692,0.010189664754287097,-90.90009213794605,0.010189664754287097,-0.00030243985201131973,-0.01874653848864986,0.018748977976692897,-90.9242785763425,0.023839643240357714,0.006612665210872421,0.00012092947874576839,0.006613770870684297,1.0476829357423305,0.02142806432164457,0.006150156677179035,-0.028814016433142794,0.02946306111325286,-77.95140258205345,0.02946306111325286,0.42987329266870733,-0.024186438396467683,9.220181747203677e-18,90.0
robust,increasing_centering,1000,read,90,0.7,100,8,bc062153b6b100ae,4f353dd8114d1a14,8,1,0.001,0.05507886926539309,0.883824867157842,0.4535568090830701,3.769238300039433,instant_RF_exact_pathways,runs\combined_factor_study\cases\4f353dd8114d1a14,0.00010048469382322516,0.006398005914801962,0.006398794953702895,89.10020784189155,0.006398794953702895,0.0003910270066134576,0.017676235796126767,0.01768056034293524,88.7327311161155,0.026437902079457894,0.005408960020384272,0.00020032500341724227,0.005412668344643845,2.1210239442679852,0.02224217223223243,0.005900471720820922,0.024274566714345934,0.02498139619191527,76.33794720520129,0.02498139619191527,0.48000081396132144,-0.36747672577604656,5.0426474987835235e-17,90.0
robust,weak_increasing_centering,1000,oblique,45,0.8,100,8,b349c96b74efbfe2,4f4ae033d4475486,1,1,0.001,0.19063365328892476,1.3128960570743968e-05,0.9999985598328329,3.940915900049731,instant_RF_exact_pathways,runs\combined_factor_study\cases\4f4ae033d4475486,0.13266295394684513,-0.1368969545992469,0.19063115046720727,-45.899875734748115,0.19063115046720727,0.0,0.0,0.0,0.0,0.0,2.3681385316638446e-06,-8.08010534159246e-07,2.502191265363881e-06,-18.839677251885,2.502821717476562e-06,0.1326653220853768,-0.13689776260978104,0.19063337874459635,-45.89953360934135,0.19063337874459635,0.0,0.0,0.0,45.0
robust,weak_increasing_centering,1000,oblique,45,0.8,100,8,b349c96b74efbfe2,4f4ae033d4475486,2,1,0.001,0.14652042636920726,0.04065313108804878,0.978505281608528,3.941177900065668,instant_RF_exact_pathways,runs\combined_factor_study\cases\4f4ae033d4475486,0.10094265653339467,0.09782021020388497,0.14056391226894308,44.099991438693614,0.14056391226894308,-4.905082756392543e-07,5.45832270152212e-07,7.338468747702835e-07,131.94422324709598,7.875082031957842e-07,0.0055627922365567685,-0.001841900657956213,0.00585979995399807,-18.320265559802106,0.005955726592060985,0.1065049582616758,0.09597885537819892,0.14337101106580274,42.02416277881268,0.14337101106580274,5.3747332212328795e-06,87.84423180840234,1.3877787807814457e-17,45.0
robust,weak_increasing_centering,1000,oblique,45,0.8,100,8,b349c96b74efbfe2,4f4ae033d4475486,3,1,0.001,0.11244092538794258,0.07938406540006018,0.969569025155237,3.941301800077781,instant_RF_exact_pathways,runs\combined_factor_study\cases\4f4ae033d4475486,0.07203751007041127,-0.07433662113014029,0.10351490761330286,-45.89987573474809,0.10351490761330286,-0.000376021933904405,-0.0002541247592005391,0.00045384125860915364,-145.94821672699652,0.0006019813657993246,0.007789800798753914,-5.968633524394532e-05,0.007790029457125433,-0.43899815567700534,0.008324036408840402,0.07945128893526078,-0.07465043222458478,0.10901923841594023,-43.215594952517485,0.10901923841594023,0.005353756772477409,-100.04834099224841,0.0,45.0
robust,weak_increasing_centering,1000,oblique,45,0.8,100,8,b349c96b74efbfe2,4f4ae033d4475486,4,1,0.001,0.0874054686988042,0.1291645930738556,0.9129264940991896,3.9414682000642642,instant_RF_exact_pathways,runs\combined_factor_study\cases\4f4ae033d4475486,0.05466074898285203,0.05296993500102174,0.07611577690189353,44.09999143869362,0.07611577690189353,-0.0009579638167206275,0.00029487928464822096,0.0010023215385596574,162.89064993632297,0.0014696163787367214,0.006741060207516811,-0.0011711815340097816,0.006842043474501758,-9.856098370627505,0.009820075418173934,0.060443845373648226,0.052093632751660165,0.07979476810429577,40.75646417612237,0.07979476810429577,0.01681378065485767,118.79065849762935,1.962615573354719e-17,45.0
robust,weak_increasing_centering,1000,oblique,45,0.8,100,8,b349c96b74efbfe2,4f4ae033d4475486,5,1,0.001,0.07393647018693306,0.2443272776848616,0.8323041076104711,3.941773100057617,instant_RF_exact_pathways,runs\combined_factor_study\cases\4f4ae033d4475486,0.03888196930945921,-0.04012290567130801,0.05587177370453177,-45.8998757347481,0.05587177370453177,0.0011798520686088943,-0.0029066210942697897,0.0031369566604361617,-67.90684303447921,0.00593193280789167,0.0036424840219071806,-0.0002926768895085088,0.0036542235305877893,-4.593898250940923,0.012132763674509581,0.043704305399975316,-0.04332220365508633,0.061537627838803524,-44.74843669032454,0.061537627838803524,0.0802301326110647,-22.00696729973111,4.046035655711836e-17,45.0
robust,weak_increasing_centering,1000,oblique,45,0.8,100,8,b349c96b74efbfe2,4f4ae033d4475486,6,1,0.001,0.06829280597949688,0.40066043495259906,0.603832777781828,3.942614100058563,instant_RF_exact_pathways,runs\combined_factor_study\cases\4f4ae033d4475486,0.02939333059046279,0.028484110441457766,0.0409305806316182,44.099991438693614,0.0409305806316182,0.002344538770245384,0.004034534744816867,0.004666297531482347,59.8383789826541,0.008591260254904177,-0.004021089123580852,-0.001984956955328627,0.004484329588053015,-153.7273651710868,0.018770965092974514,0.027716780237127335,0.030533688230945984,0.04123743473711504,47.76858381138161,0.04123743473711504,0.12580036991719856,15.738387543960494,2.5018537765542006e-17,45.0
robust,weak_increasing_centering,1000,oblique,45,0.8,100,8,b349c96b74efbfe2,4f4ae033d4475486,7,1,0.001,0.06585310951326145,0.5456716146312108,0.5400270912352442,3.9455355000682175,instant_RF_exact_pathways,runs\combined_factor_study\cases\4f4ae033d4475486,0.020821017659430657,-0.021485530243622163,0.029918936916674126,-45.8998757347481,0.029918936916674126,0.005685254390408025,-0.007501421465952746,0.00941240891023708,-52.84186552941565,0.01436569489207144,-0.0042976569115252055,0.0012116713147120413,0.0044651990217767865,164.25485707620214,0.02156847770451607,0.022208615138313504,-0.027775280394862902,0.03556246317924257,-51.35479704090944,0.03556246317924257,0.21814755595069488,-6.9419897946675455,4.443059973708341e-17,45.0
robust,weak_increasing_centering,1000,oblique,45,0.8,100,8,b349c96b74efbfe2,4f4ae033d4475486,8,1,0.001,0.06959802754183156,0.6865408470606856,0.36345870178394685,3.9527609000215307,instant_RF_exact_pathways,runs\combined_factor_study\cases\4f4ae033d4475486,0.01566674522741366,0.015182127794004643,0.021816138759509596,44.09999143869361,0.021816138759509596,0.00725782231612452,0.0082999837757902,0.011025684352946789,48.83231289616188,0.01774855230212647,-0.00885898586868127,-0.002457186595511892,0.009193443130114949,-164.49776365025144,0.030033336480195377,0.014065581674856912,0.021024924974283012,0.025296008737077477,56.217652730306895,0.025296008737077477,0.2550151624837182,4.732321457468269,6.254634441385502e-17,45.0
robust,high_low_permutation_alternating,1000,read,90,1,0,8,0829a82ef8bc951b,5bb80d2afa0b0fcb,1,1,0.001,0.18663396121843248,8.946403422654344e-10,0.9999999982107193,2.661333700059913,instant_RF_exact_pathways,runs\combined_factor_study\cases\5bb80d2afa0b0fcb,-3.070278512930722e-07,-0.18663396105120966,0.1866339610514622,-90.00009425615774,0.1866339610514622,0.0,0.0,0.0,0.0,0.0,-1.6852533574209684e-16,1.6697028013458174e-10,1.6697028013466679e-10,90.00005782939618,1.6697028013466679e-10,-3.0702785146159754e-07,-0.1866339608842394,0.18663396088449194,-90.00009425615788,0.18663396088449194,0.0,180.0,0.0,90.0
robust,high_low_permutation_alternating,1000,read,90,1,0,8,0829a82ef8bc951b,5bb80d2afa0b0fcb,2,1,0.001,0.1692537811430814,8.868515939959869e-11,0.99999999988787,2.661475699977018,instant_RF_exact_pathways,runs\combined_factor_study\cases\5bb80d2afa0b0fcb,-6.20095326132794e-07,0.16925378112693518,0.1692537811280711,90.00020991463144,0.1692537811280711,-1.80140274869619e-23,-7.489752821937289e-16,7.489752821937291e-16,-90.00000137805316,7.489752821959677e-16,4.004241436138553e-18,-3.9673767274457725e-12,3.967376727447793e-12,-89.99994217183036,1.5009552265531033e-11,-6.200953261287898e-07,0.16925378112296705,0.16925378112410297,90.00020991463144,0.16925378112410297,4.425161300017336e-15,179.99978870731545,0.0,90.0
robust,high_low_permutation_alternating,1000,read,90,1,0,8,0829a82ef8bc951b,5bb80d2afa0b0fcb,3,1,0.001,0.12017406681444869,4.502052491755509e-09,0.9999999909959386,2.6615409000078216,instant_RF_exact_pathways,runs\combined_factor_study\cases\5bb80d2afa0b0fcb,-1.9769598813211237e-07,-0.12017406627325612,0.12017406627341873,-90.00009425615774,0.12017406627341873,-6.348576438319337e-20,2.4348999503873842e-14,2.4348999503956606e-14,90.0001493887401,2.696041169789125e-14,-5.460338782392907e-16,5.410003627745881e-10,5.410003627748636e-10,90.00005782886454,5.410030116357118e-10,-1.9769598867820976e-07,-0.12017406573223141,0.12017406573239402,-90.00009425615843,0.12017406573239402,2.2434467279466127e-13,-179.9997563551022,1.38777878078397e-17,90.0
robust,high_low_permutation_alternating,1000,read,90,1,0,8,0829a82ef8bc951b,5bb80d2afa0b0fcb,4,1,0.001,0.10862099127690164,1.6459482347417875e-09,0.9999999978662246,2.6616379000479355,instant_RF_exact_pathways,runs\combined_factor_study\cases\5bb80d2afa0b0fcb,-3.979548843809152e-07,0.10862099109738813,0.10862099109811711,90.00020991463144,0.10862099109811711,1.2313585249485764e-19,-5.881526532199637e-14,5.881526532212526e-14,-89.99988004534849,5.926801874326681e-14,5.342226263481097e-17,-5.292949416598397e-11,5.292949416601093e-11,-89.99994217080233,1.787252931933897e-10,-3.9795488432736984e-07,0.10862099104439984,0.10862099104512885,90.00020991463151,0.10862099104512885,5.456405621651716e-13,179.99991004002007,2.77555756156794e-17,90.0
robust,high_low_permutation_alternating,1000,read,90,1,0,8,0829a82ef8bc951b,5bb80d2afa0b0fcb,5,1,0.001,0.07767470897323317,9.721962868594989e-09,0.9999999805594678,2.6618568000849336,instant_RF_exact_pathways,runs\combined_factor_study\cases\5bb80d2afa0b0fcb,-1.2778113173860304e-07,-0.07767470821797742,0.07767470821808253,-90.00009425615774,0.07767470821808253,-1.3611947630634347e-19,6.400704276699282e-14,6.400704276713756e-14,90.00012184708378,3.2546890877534667e-13,-7.618480209948409e-16,7.548230232272023e-10,7.548230232275868e-10,90.00005782902069,7.54825168783097e-10,-1.2778113250058715e-07,-0.0776747074630904,0.07767470746319549,-90.00009425615922,0.07767470746319549,4.190152922072792e-12,-179.9997838967585,0.0,90.0
robust,high_low_permutation_alternating,1000,read,90,1,0,8,0829a82ef8bc951b,5bb80d2afa0b0fcb,6,1,0.001,0.06990846797481617,4.930007046173094e-09,0.9999999938636471,2.662460600025952,instant_RF_exact_pathways,runs\combined_factor_study\cases\5bb80d2afa0b0fcb,-2.561237553787363e-07,0.06990846762969775,0.06990846763016693,90.00020991463144,0.06990846763016693,4.0104259454546403e-19,-1.5993232438206913e-13,1.5993232438257196e-13,-89.99985632642957,1.618584673437748e-13,8.495729848360316e-17,-8.417383376035126e-11,8.417383376039413e-11,-89.9999421709286,3.444873382665279e-10,-2.5612375529337797e-07,0.06990846754536396,0.06990846754583314,90.00020991463161,0.06990846754583314,2.3152912949269993e-12,179.99993375893902,2.7755575615628914e-17,90.0
robust,high_low_permutation_alternating,1000,read,90,1,0,8,0829a82ef8bc951b,5bb80d2afa0b0fcb,7,1,0.001,0.05030150324189788,1.694295431236845e-08,0.9999999661227336,2.665142900077626,instant_RF_exact_pathways,runs\combined_factor_study\cases\5bb80d2afa0b0fcb,-8.275001027946122e-08,-0.050301502389573746,0.05030150238964181,-90.00009425615774,0.05030150238964181,-5.30633111329104e-20,1.9035145072795864e-13,1.9035145072796604e-13,90.00001597205465,6.238570961308197e-13,-8.595586021823456e-16,8.516309987973686e-10,8.516309987978024e-10,90.00005782913047,8.516321900831993e-10,-8.275001113907288e-08,-0.05030150153775239,0.05030150153782045,-90.00009425616031,0.05030150153782045,1.240235491831559e-11,-179.99988977178762,0.0,90.0
robust,high_low_permutation_alternating,1000,read,90,1,0,8,0829a82ef8bc951b,5bb80d2afa0b0fcb,8,1,0.001,0.045037153395941165,1.131768027561391e-08,0.9999999857228454,2.673444600077346,instant_RF_exact_pathways,runs\combined_factor_study\cases\5bb80d2afa0b0fcb,-1.6500268307710168e-07,0.045037152885922804,0.04503715288622506,90.00020991463144,0.04503715288622506,9.10901767061118e-19,-3.209169719418727e-13,3.209169719431655e-13,-89.99983736968946,3.483467060475526e-13,1.3420317778049186e-16,-1.3296540670831094e-10,1.3296540670837866e-10,-89.99994217085576,5.093677877237151e-10,-1.6500268294198756e-07,0.045037152752636506,0.045037152752938764,90.00020991463188,0.045037152752938764,7.734651943587231e-12,179.99995271567911,2.7755575615641535e-17,90.0
robust,weak_increasing_centering,1000,read,90,1.2,0,8,2d2f4765ae50fff9,5be3c457204fc93a,1,1,0.001,0.1792070068442489,0.0018613961388770479,0.9962772077222527,5.311996900010854,instant_RF_exact_pathways,runs\combined_factor_study\cases\5be3c457204fc93a,-2.942611572532274e-07,-0.17887343161340727,0.1788734316136493,-90.00009425615774,0.1788734316136493,0.0,0.0,0.0,0.0,0.0,-3.460960174518722e-10,0.0003335752305993956,0.00033357523059957515,90.00005944638356,0.0003335752305995875,-2.946072532706793e-07,-0.17853985638280787,0.17853985638305092,-90.00009454332813,0.17853985638305092,0.0,180.0,0.0,90.0
robust,weak_increasing_centering,1000,read,90,1.2,0,8,2d2f4765ae50fff9,5be3c457204fc93a,2,1,0.001,0.1384680778709532,0.04747298301509945,0.9070346624951442,5.312217599945143,instant_RF_exact_pathways,runs\combined_factor_study\cases\5be3c457204fc93a,-4.832223850841202e-07,0.13189458516116676,0.13189458516205196,90.00020991463144,0.13189458516205196,2.6377348649354684e-10,0.00012496892053950363,0.000124968920539782,89.99987906507107,0.00014689092854045673,6.319481427603349e-09,-0.006424207804579304,0.0064242078045824115,-89.99994363824685,0.006426601780360767,-4.766391301700232e-07,0.12559534627712693,0.12559534627803137,90.0002174396689,0.12559534627803137,0.0010608288263909702,-0.0003308495603547368,2.77555756156794e-17,90.0
robust,weak_increasing_centering,1000,read,90,1.2,0,8,2d2f4765ae50fff9,5be3c457204fc93a,3,1,0.001,0.10634459317019981,0.08664044849489481,0.9103647061733912,5.3123252999503165,instant_RF_exact_pathways,runs\combined_factor_study\cases\5be3c457204fc93a,-1.5978804703117758e-07,-0.09713084992279514,0.09713084992292657,-90.00009425615774,0.09713084992292657,1.907904814941138e-09,-0.0005393428966700193,0.0005393428966733939,-89.99979731837709,0.0006963164428619574,-1.0717110062463733e-09,0.0008578285050778659,0.0008578285050785354,90.00007158134424,0.008517426804411282,-1.589518532224828e-07,-0.09681236431438728,0.09681236431451777,-90.00009407135545,0.09681236431451777,0.006547737144920323,0.0002969377806593419,1.38777878078397e-17,90.0
robust,weak_increasing_centering,1000,read,90,1.2,0,8,2d2f4765ae50fff9,5be3c457204fc93a,4,1,0.001,0.08315826733231829,0.14113539982829915,0.8116819446690691,5.312507399939932,instant_RF_exact_pathways,runs\combined_factor_study\cases\5be3c457204fc93a,-2.616677578071875e-07,0.07142169202286362,0.07142169202334296,90.00020991463144,0.07142169202334296,2.471318452005949e-09,0.00045532125365950785,0.00045532125366621457,89.9996890193111,0.0014879003658181428,4.191807134251298e-09,-0.004378949133398374,0.00437894913340038,-89.99994515285516,0.010248674943157215,-2.550046322209302e-07,0.06749806414312473,0.06749806414360643,90.00021646086252,0.06749806414360643,0.017892392585239583,-0.0005208953203224257,2.77555756156794e-17,90.0
robust,weak_increasing_centering,1000,read,90,1.2,0,8,2d2f4765ae50fff9,5be3c457204fc93a,5,1,0.001,0.07051996889053684,0.25657535031092665,0.8004746965687248,5.312877199961804,instant_RF_exact_pathways,runs\combined_factor_study\cases\5be3c457204fc93a,-8.624544526533448e-08,-0.05242628316846076,0.0524262831685317,-90.00009425615774,0.0524262831685317,-9.82772678464616e-10,-0.003960755021084974,0.003960755021085096,-90.00001421666487,0.005679517213053161,-1.5209021641906586e-10,-6.241251007504401e-05,6.241251007522931e-05,-90.00013962148768,0.01241416850895197,-8.738030816021816e-08,-0.056449450699620755,0.05644945069968839,-90.00008869037357,0.05644945069968839,0.08053771580456982,8.003949288537196e-05,2.7755575615628914e-17,90.0
robust,weak_increasing_centering,1000,read,90,1.2,0,8,2d2f4765ae50fff9,5be3c457204fc93a,6,1,0.001,0.06614298852839802,0.41934006372065025,0.5432922845998353,5.313834400032647,instant_RF_exact_pathways,runs\combined_factor_study\cases\5be3c457204fc93a,-1.407102563084136e-07,0.03840658350396759,0.03840658350422536,90.00020991463144,0.03840658350422536,-1.3922436197751146e-08,0.005407830458429342,0.005407830458447263,90.00014750773731,0.008164983150947115,7.752196492697575e-09,-0.00787943861484301,0.007879438614846824,-89.9999436294687,0.019571421873225504,-1.468804960134673e-07,0.035934975347553876,0.03593497534785405,90.0002341905743,0.03593497534785405,0.12344442445991895,-6.240689411964768e-05,4.8572257327466e-17,90.0
robust,weak_increasing_centering,1000,read,90,1.2,0,8,2d2f4765ae50fff9,5be3c457204fc93a,7,1,0.001,0.0638820122806944,0.5605327658005781,0.520527834201977,5.317527599981986,instant_RF_exact_pathways,runs\combined_factor_study\cases\5be3c457204fc93a,-4.6184068453887284e-08,-0.028074051252052288,0.028074051252090275,-90.00009425615774,0.028074051252090275,-1.0675483812676889e-08,-0.009902236264520501,0.009902236264526255,-90.00006176990232,0.013579411754877905,-4.94605134370378e-09,0.004723922019696273,0.004723922019698862,90.00005998995455,0.022228549273726198,-6.180560361026792e-08,-0.03325236549687651,0.03325236549693395,-90.00010649468645,0.03325236549693395,0.21257019417626735,3.2486255426004824e-05,6.938893903957715e-18,90.0
robust,weak_increasing_centering,1000,read,90,1.2,0,8,2d2f4765ae50fff9,5be3c457204fc93a,8,1,0.001,0.06817427644086944,0.699726199790847,0.32474236107198273,5.328063099994324,instant_RF_exact_pathways,runs\combined_factor_study\cases\5be3c457204fc93a,-7.499944610464735e-08,0.02047094906327181,0.020470949063409197,90.00020991463144,0.020470949063409197,-3.5988897862309057e-08,0.01105749950552002,0.011057499505578586,90.00018648085454,0.016737757088336542,9.31927803308254e-09,-0.009389373073243274,0.009389373073247899,-89.99994313195405,0.030965570289123466,-1.01669065933874e-07,0.022139075495548544,0.02213907549578199,90.00026311886359,0.02213907549578199,0.24551426083493438,-2.3433776891024186e-05,1.7347234760272942e-17,90.0
robust,high_low_permutation_alternating,1000,read,45,0.7,0,8,8cff258929ec712e,5f4ca28c84e455cb,1,1,0.001,0.1332655391211142,0.009362483131601563,0.9840781999927092,4.136619600001723,instant_RF_exact_pathways,runs\combined_factor_study\cases\5f4ca28c84e455cb,0.09335091086374243,-0.09335051284094735,0.13201784275906897,-44.99987785295979,0.13201784275906897,0.0,0.0,0.0,0.0,0.0,5.139389707656312e-06,0.001245567038199095,0.0012455776410865095,89.76359067042517,0.001247696362045211,0.09335605025345009,-0.09210494580274825,0.13114371185936402,-44.61349330079995,0.13114371185936402,0.0,0.0,0.0,45.0
robust,high_low_permutation_alternating,1000,read,45,0.7,0,8,8cff258929ec712e,5f4ca28c84e455cb,2,1,0.001,0.09517843994662017,0.0013740103225140061,0.9977774097454233,4.136743600014597,instant_RF_exact_pathways,runs\combined_factor_study\cases\5f4ca28c84e455cb,0.06720885521137812,0.06720883998899761,0.09504766378765274,44.99999351143347,0.09504766378765274,6.802856560033574e-06,-1.7474363589647785e-05,1.8751859647501635e-05,-68.72878956202112,2.471251943381024e-05,6.501114329269398e-07,-0.00010426185351586885,0.00010426388033945272,-89.64274413570809,0.00010606363953361842,0.06721630817937108,0.0670871037718921,0.094966897273549,44.94487954660516,0.094966897273549,0.0002596440900656703,-113.72878307345461,0.0,45.0
robust,high_low_permutation_alternating,1000,read,45,0.7,0,8,8cff258929ec712e,5f4ca28c84e455cb,3,1,0.001,0.05780361682317644,0.07312766713411896,0.9349419402620548,4.13682500005234,instant_RF_exact_pathways,runs\combined_factor_study\cases\5f4ca28c84e455cb,0.03788443896771931,-0.037884277438815644,0.05357657317298303,-44.9998778529598,0.05357657317298303,0.0002629757722594477,0.0004566084730376041,0.0005269227215115945,60.06095091064729,0.0006981535941095935,-2.2996986738289592e-05,-0.000876082732998159,0.0008763845140442433,-91.50365681085455,0.0035288900560838153,0.03812441775324047,-0.0383037516987762,0.05404302566682493,-45.134440735908676,0.05404302566682493,0.012078026124996177,105.06082876360709,6.938893903907228e-18,45.0
robust,high_low_permutation_alternating,1000,read,45,0.7,0,8,8cff258929ec712e,5f4ca28c84e455cb,4,1,0.001,0.044072310304793236,0.12768522537126514,0.9068609965080628,4.1369328000582755,instant_RF_exact_pathways,runs\combined_factor_study\cases\5f4ca28c84e455cb,0.027184671967187355,0.027184665810031143,0.03844492743089338,44.99999351143348,0.03844492743089338,-0.00016738327763779942,-0.0007373910045931396,0.000756149889431753,-102.78907548819556,0.0011921348759728508,3.98750631840043e-05,0.002968837919939552,0.0029691056928871588,89.23049505500943,0.004435247997927002,0.027057163752733558,0.029416112725377554,0.03996745924141736,47.391915292640746,0.03996745924141736,0.027049520838103105,-147.78906899962905,4.9065389333867974e-18,45.0
robust,high_low_permutation_alternating,1000,read,45,0.7,0,8,8cff258929ec712e,5f4ca28c84e455cb,5,1,0.001,0.04050776789978908,0.46119984675091374,0.7468323448121363,4.13716700009536,instant_RF_exact_pathways,runs\combined_factor_study\cases\5f4ca28c84e455cb,0.01543305669109253,-0.015432990888752685,0.021825591552184772,-44.999877852959784,0.021825591552184772,0.005155048594615545,-0.004416191720881483,0.006788024405409121,-40.58577694961209,0.011267539787900946,-2.257549566492334e-05,-0.0023380529871129463,0.002338161975473959,-90.55321262323096,0.007414636559703352,0.02056552979004314,-0.022187235596747117,0.030252511283705263,-47.17231263090869,0.030252511283705263,0.2781575083518639,4.414100903347687,1.0408340855860843e-17,45.0
robust,high_low_permutation_alternating,1000,read,45,0.7,0,8,8cff258929ec712e,5f4ca28c84e455cb,6,1,0.001,0.03269125005401079,0.5229699292428068,0.8131234612193935,4.137794200098142,instant_RF_exact_pathways,runs\combined_factor_study\cases\5f4ca28c84e455cb,0.011027125964121741,0.011027123466547474,0.015594709326405857,44.99999351143347,0.015594709326405857,0.006850066085557592,0.006548965264796152,0.009476937871275345,43.712675363785664,0.012623920458598304,4.716280745341628e-05,0.0020535169088815694,0.0020540584279590012,88.68432792775812,0.0044726202690066235,0.01792435485713276,0.019629605640225183,0.026582022395505934,47.59990166698815,0.026582022395505934,0.3861559419643396,-1.2873181476478182,1.734723475976807e-17,45.0
robust,high_low_permutation_alternating,1000,read,45,0.7,0,8,8cff258929ec712e,5f4ca28c84e455cb,7,1,0.001,0.04362729464445944,0.7958114975752535,0.5366000031198589,4.140998300048523,instant_RF_exact_pathways,runs\combined_factor_study\cases\5f4ca28c84e455cb,0.006299056370536013,-0.006299029513079563,0.008908191958295335,-44.999877852959784,0.008908191958295335,0.008983638369514213,-0.008756777008028595,0.012545393653550542,-44.267351422430536,0.02127727239808251,-3.223494294125021e-07,-0.0026782348657100417,0.0026782348851088545,-90.00689605754188,0.013441830288081639,0.015282372390620793,-0.0177340413868182,0.02341040644232794,-49.24676511924788,0.02341040644232794,0.4877055194799862,0.7325264305292458,1.9081958235744878e-17,45.0
robust,high_low_permutation_alternating,1000,read,45,0.7,0,8,8cff258929ec712e,5f4ca28c84e455cb,8,1,0.001,0.03505038137810207,0.819345868173543,0.5803127800633403,4.14832210005261,instant_RF_exact_pathways,runs\combined_factor_study\cases\5f4ca28c84e455cb,0.0044773979712799065,0.004477396957177593,0.006331996218047244,44.99999351143348,0.006331996218047244,0.009331832734313143,0.009301392135755357,0.013175697243193238,44.90639750854942,0.020919835662489766,4.871631614871e-05,0.001110146398413945,0.0011112147881352887,87.48731366907796,0.007798549497565041,0.013857947021741765,0.014888935491346874,0.020340184259806746,47.05399596563089,0.020340184259806746,0.596850443275335,-0.09359600288406446,2.1457344368072987e-17,45.0
robust,increasing_centering,1000,read,0,0.7,0,8,43eed8aa5517d4ab,663ab00cc97c6b94,1,1,0.001,0.14780503523776448,0.004872155949616216,0.9951880652168729,2.6921553999418393,instant_RF_exact_pathways,runs\combined_factor_study\cases\663ab00cc97c6b94,0.14708490605566074,2.9047942000231383e-07,0.14708490605594757,0.0001131539955243316,0.14708490605594757,0.0,0.0,0.0,0.0,0.0,7.171739780138113e-06,0.0007129567227551673,0.0007129927926516947,89.42367250442908,0.0007201291818169182,0.14709207779544087,0.0007132472021751696,0.14709380704758254,0.27782416810883503,0.14709380704758254,0.0,0.0,0.0,0.0
robust,increasing_centering,1000,read,0,0.7,0,8,43eed8aa5517d4ab,663ab00cc97c6b94,2,1,0.001,0.10431595859716819,0.08747189673118479,0.9149304277586428,2.6922895999159664,instant_RF_exact_pathways,runs\combined_factor_study\cases\663ab00cc97c6b94,0.09519124383934206,4.160941587789732e-09,0.09519124383934215,2.504478165903361e-06,0.09519124383934215,-0.00026070846315841685,-4.773060245145409e-10,0.0002607084631588538,-179.99989510267366,0.00026070846315888734,0.00011002826111596813,-0.008742827497039312,0.008743519821057815,-89.278972140056,0.008864006294667142,0.09504056363729961,-0.008742823813403749,0.09544184462135996,-5.255872117277066,0.09544184462135996,0.0024992193588102125,-179.99989760715184,1.3877787807814457e-17,0.0
robust,increasing_centering,1000,read,0,0.7,0,8,43eed8aa5517d4ab,663ab00cc97c6b94,3,1,0.001,0.07175067156143398,0.14367385465069252,0.876414026862027,2.692356599960476,instant_RF_exact_pathways,runs\combined_factor_study\cases\663ab00cc97c6b94,0.06144197600430712,1.2134235954009593e-07,0.06144197600442694,0.00011315399552433162,0.06144197600442694,0.0006746227980958668,-7.247651346632938e-11,0.0006746227980958707,-6.1554373009102374e-06,0.001070114158873879,0.00010773883561659268,0.00907955905009223,0.009080198246779182,89.32015521523824,0.009238581398133187,0.06222433763801958,0.009079680319975254,0.06288329499321108,8.301921460064358,0.06288329499321108,0.014914343456111506,-0.00011930943282524185,1.734723475976807e-18,0.0
robust,increasing_centering,1000,read,0,0.7,0,8,43eed8aa5517d4ab,663ab00cc97c6b94,4,1,0.001,0.0543522455672408,0.2729859018362503,0.7372523270213256,2.6924606999382377,instant_RF_exact_pathways,runs\combined_factor_study\cases\663ab00cc97c6b94,0.0395148487942422,1.7272489679899724e-09,0.03951484879424223,2.504478165903362e-06,0.03951484879424223,0.0004049250678545361,2.0704238396824178e-09,0.00040492506785982924,0.0002929592589675241,0.0019739955962905834,0.00012504125055603618,-0.001457203485596481,0.0014625584818307783,-85.09551744769067,0.012863401176707982,0.040044815112652746,-0.0014571996879236733,0.040071319523282814,-2.0840293212438072,0.040071319523282814,0.03631856560274946,0.00029045478080162084,2.0816681711721685e-17,0.0
robust,increasing_centering,1000,read,0,0.7,0,8,43eed8aa5517d4ab,663ab00cc97c6b94,5,1,0.001,0.05455502388594395,0.5362887234374825,0.661561459785573,2.6927021999144927,instant_RF_exact_pathways,runs\combined_factor_study\cases\663ab00cc97c6b94,0.025297779769000373,4.996083277141056e-08,0.025297779769049705,0.00011315399552433162,0.025297779769049705,0.0105150018365589,1.8722495831006465e-08,0.010515001836575569,0.00010201805094671006,0.012578253667736955,0.00010025054478086042,0.003584702379158872,0.003586103919140679,88.39807165443689,0.016678990449157306,0.03591303215034012,0.003584771062487474,0.03609150124062188,5.7002747147023305,0.03609150124062188,0.23056086812524942,-1.1135944577621557e-05,1.3884562417838567e-17,0.0
robust,increasing_centering,1000,read,0,0.7,0,8,43eed8aa5517d4ab,663ab00cc97c6b94,6,1,0.001,0.05048415055502439,0.6809492844548583,0.5858936990959163,2.693352699978277,instant_RF_exact_pathways,runs\combined_factor_study\cases\663ab00cc97c6b94,0.016107004358269186,7.040595498693769e-10,0.016107004358269204,2.504478165903381e-06,0.016107004358269204,0.013313709964821287,2.0445951977195444e-09,0.013313709964821445,8.798950551843236e-06,0.01628301075816874,9.239989001561628e-05,0.0019633170532687098,0.0019654901656662206,87.30546822267335,0.018094135438586404,0.0295131142131061,0.001963319801923456,0.029578345714398397,3.8059162251627514,0.029578345714398397,0.32253708498910627,6.294472385939854e-06,1.0489340839012054e-17,0.0
robust,increasing_centering,1000,read,0,0.7,0,8,43eed8aa5517d4ab,663ab00cc97c6b94,7,1,0.001,0.05545737231628937,0.8162613133530289,0.5443988915176976,2.696547199971974,instant_RF_exact_pathways,runs\combined_factor_study\cases\663ab00cc97c6b94,0.010189664754267237,2.0123668615714167e-08,0.010189664754287108,0.00011315399552433162,0.010189664754287108,0.01990506686268781,3.859873127363724e-08,0.019905066862725234,0.0001111045952164983,0.023839643240357717,8.342659073583615e-05,0.0008780888474559438,0.0008820430942240364,84.57266045169418,0.021428064321644565,0.03017815820769086,0.0008781475698558335,0.03019093201547218,1.666766918741319,0.03019093201547218,0.42987329266870716,-2.04940030783333e-06,2.082119873069895e-17,0.0
robust,increasing_centering,1000,read,0,0.7,0,8,43eed8aa5517d4ab,663ab00cc97c6b94,8,1,0.001,0.0550788692653931,0.8838248671578419,0.45201605440800957,2.705711399903521,instant_RF_exact_pathways,runs\combined_factor_study\cases\663ab00cc97c6b94,0.006398794953702892,2.7970022200295636e-10,0.006398794953702898,2.5044781659033693e-06,0.006398794953702898,0.01842049895260904,1.074541630224971e-09,0.018420498952609072,3.3422927620686257e-06,0.0264379020794579,6.799096997770226e-05,0.0006785376659303365,0.0006819355805973888,84.27793633414608,0.022242172232232425,0.024887284876289675,0.0006785390201721924,0.024896533166597574,1.5617530547356864,0.024896533166597574,0.4800008139613215,8.378145961652566e-07,3.8341534073878066e-17,0.0
robust,increasing_centering,1000,read,45,1,0,8,2fce845511804024,66eeceebce0c0dc5,1,1,0.001,0.20793430696236384,4.6153590860538757e-10,0.9999999992121098,2.6662956998916343,instant_RF_exact_pathways,runs\combined_factor_study\cases\66eeceebce0c0dc5,0.1470320718785222,-0.14703144497391388,0.2079343068663947,-44.9998778529598,0.2079343068663947,0.0,0.0,0.0,0.0,0.0,2.5166958302444933e-17,9.5969104338173e-11,9.59691043381763e-11,89.99998497474262,9.596915488449069e-11,0.14703207187852224,-0.14703144487794478,0.20793430679853445,-44.99987783426099,0.20793430679853445,0.0,0.0,0.0,45.0
robust,increasing_centering,1000,read,45,1,0,8,2fce845511804024,66eeceebce0c0dc5,2,1,0.001,0.1695094587679279,5.940369892652228e-09,0.9999999980219676,2.66641769988928,instant_RF_exact_pathways,runs\combined_factor_study\cases\66eeceebce0c0dc5,0.11986130063195524,0.119861273484129,0.169509457760979,44.99999351143349,0.169509457760979,-5.587164439701062e-15,4.753315404612094e-15,7.335558179987582e-15,139.61031554447126,7.901428071237265e-15,1.3990505008193204e-15,9.498613004076839e-10,9.498613004087141e-10,89.99991560905895,1.0069409893231188e-09,0.11986130063195105,0.11986127443399507,0.16950945843263268,44.999993738460766,0.16950945843263268,4.661349359893218e-14,94.61032203303776,0.0,45.0
robust,increasing_centering,1000,read,45,1,0,8,2fce845511804024,66eeceebce0c0dc5,3,1,0.001,0.13781643234454694,1.024160670471829e-08,0.9999999906047891,2.6664967999095097,instant_RF_exact_pathways,runs\combined_factor_study\cases\66eeceebce0c0dc5,0.0974511406240182,-0.097450725118963,0.13781643093308524,-44.999877852959806,0.13781643093308524,1.9114690191374394e-14,2.0336507877802564e-14,2.790958498036383e-14,46.773903734134315,4.179514498584071e-14,2.973170584450916e-15,-1.6496271134776036e-10,1.649627113745535e-10,-89.9989673416201,1.4114199081415773e-09,0.0974511406240403,-0.09745072528390536,0.13781643104973249,-44.99987790144192,0.13781643104973249,3.0326677504864637e-13,91.77378158709412,1.962615573354719e-17,45.0
robust,increasing_centering,1000,read,45,1,0,8,2fce845511804024,66eeceebce0c0dc5,4,1,0.001,0.11164391215073385,1.4354876462571224e-08,0.999999989627892,2.6666024998994544,instant_RF_exact_pathways,runs\combined_factor_study\cases\66eeceebce0c0dc5,0.07894417516692294,0.0789441572865667,0.11164391054809929,44.99999351143347,0.11164391054809929,1.1664451179762401e-14,-6.046644127131788e-14,6.158124666928069e-14,-79.08131647676032,9.482235730490232e-14,1.8412531146196763e-15,6.288796779997002e-10,6.288796780023957e-10,89.99983224766808,1.6025397407613164e-09,0.07894417516693648,0.07894415791538592,0.11164391099275114,44.999993739619526,0.11164391099275114,8.493285077369893e-13,-124.08130998819378,2.7755575615628914e-17,45.0
robust,increasing_centering,1000,read,45,1,0,8,2fce845511804024,66eeceebce0c0dc5,5,1,0.001,0.09003181851529644,1.8060601359115398e-08,0.9999999828918426,2.6668403999647126,instant_RF_exact_pathways,runs\combined_factor_study\cases\66eeceebce0c0dc5,0.06366224396401489,-0.06366197252558918,0.09003181688926766,-44.9998778529598,0.09003181688926766,2.730804967332569e-14,1.0338761463434275e-13,1.06933289656403e-13,75.20421491721861,1.527156226146664e-13,2.0898578905706872e-15,-1.213434380187684e-10,1.2134343803676487e-10,-89.99901321374394,1.6258760534478248e-09,0.0636622439640443,-0.0636619726468292,0.09003181697501791,-44.999877907504576,0.09003181697501791,1.696240563981499e-12,120.20409277017839,2.7755575615628914e-17,45.0
robust,increasing_centering,1000,read,45,1,0,8,2fce845511804024,66eeceebce0c0dc5,6,1,0.001,0.07220500195223421,2.181020483819002e-08,0.9999999824594374,2.667481299955398,instant_RF_exact_pathways,runs\combined_factor_study\cases\66eeceebce0c0dc5,0.051056651184460705,0.05105663962045224,0.07220500037742833,44.99999351143349,0.07220500037742833,1.6496872921971506e-14,-1.4666389398176613e-13,1.475887685906296e-13,-83.58229929518107,2.1189410479316936e-13,9.877794300608412e-16,4.3611643308341774e-10,4.3611643308453635e-10,89.99987022825067,1.5745940217418903e-09,0.0510566511844782,0.05105664005642202,0.07220500068571786,44.99999375604639,0.07220500068571786,2.934618088277924e-12,-128.58229280661456,1.5515838457795457e-17,45.0
robust,increasing_centering,1000,read,45,1,0,8,2fce845511804024,66eeceebce0c0dc5,7,1,0.001,0.05753754086850324,2.5124047967835276e-08,0.9999999756312979,2.6694488999200985,instant_RF_exact_pathways,runs\combined_factor_study\cases\66eeceebce0c0dc5,0.040685271034091176,-0.04068509756320433,0.0575375394229273,-44.99987785295979,0.0575375394229273,2.8251671749426148e-14,1.8477577336848846e-13,1.869230948292916e-13,81.3069672822929,2.649688981651457e-13,1.0635955755851717e-15,-6.161837122706723e-11,6.16183712362466e-11,-89.99901101674111,1.4453109602858792e-09,0.04068527103412047,-0.04068509762463795,0.05753753946638805,-44.999877896196864,0.05753753946638805,4.605148120089243e-12,126.30684513525267,3.1031676915590914e-17,45.0
robust,increasing_centering,1000,read,45,1,0,8,2fce845511804024,66eeceebce0c0dc5,8,1,0.001,0.04551226894127319,2.843107843945519e-08,0.9999999762945274,2.6780457999557257,instant_RF_exact_pathways,runs\combined_factor_study\cases\66eeceebce0c0dc5,0.03218203672510388,0.032182029436076176,0.045512267647310305,44.999993511433495,0.045512267647310305,1.5349991811933295e-14,-2.1650208996938309e-13,2.1704556482392648e-13,-85.94451720715863,3.1026693494554813e-13,3.7549845938889457e-16,3.043600035916451e-10,3.0436000359187674e-10,89.99992931240412,1.2936526175462552e-09,0.032182036725119614,0.032182029740219685,0.04551226786238335,44.99999378216281,0.04551226786238335,6.817215273224489e-12,-130.9445107185921,1.5515838457795457e-17,45.0
robust,increasing_alternating_centering,1000,slice,45,0.8,100,8,75a5080b80b31025,691ca6f5a33e6a3d,1,1,0.001,0.20582918308682255,0.0004392966187486785,0.9991730820418888,3.996245199930854,instant_RF_exact_pathways,runs\combined_factor_study\cases\691ca6f5a33e6a3d,0.14317655838021195,-0.14774610566945245,0.2057387630226527,-45.89987573474809,0.2057387630226527,0.0,0.0,0.0,0.0,0.0,-8.452762732455438e-05,2.9192363452456507e-05,8.942658365977686e-05,160.9471944454835,9.04200641698573e-05,0.1430920307528874,-0.147716913306,0.2056589792390247,-45.91112711487053,0.2056589792390247,0.0,0.0,0.0,45.0
robust,increasing_alternating_centering,1000,slice,45,0.8,100,8,75a5080b80b31025,691ca6f5a33e6a3d,2,1,0.001,0.15288276926511496,0.008897414768439894,0.9872866683376391,3.9963660000357777,instant_RF_exact_pathways,runs\combined_factor_study\cases\691ca6f5a33e6a3d,0.10881231335055654,0.10544643592970122,0.15152250785601554,44.09999143869361,0.15152250785601554,-2.8093241710033347e-05,4.546604594164115e-05,5.34452202104714e-05,121.711710951815,7.47041861426762e-05,-0.0011854876691659926,0.00036238796001871474,0.0012396394827977784,163.00229809454802,0.0012855572229567686,0.1075987324396805,0.10585428993566158,0.15093911991398737,44.53176128933524,0.15093911991398737,0.0004886370550570759,77.61171951312137,0.0,45.0
robust,increasing_alternating_centering,1000,slice,45,0.8,100,8,75a5080b80b31025,691ca6f5a33e6a3d,3,1,0.001,0.11710186360174515,0.048447862986741655,0.919526630422423,3.9964378000004217,instant_RF_exact_pathways,runs\combined_factor_study\cases\691ca6f5a33e6a3d,0.07754471247898535,-0.08001958849718316,0.1114285285584757,-45.8998757347481,0.1114285285584757,0.00033319591009786247,0.0009149467907491889,0.0009737284757098269,69.98990833594866,0.0014216881991858715,-0.0039635356701059775,0.0008021645320870781,0.004043894526906076,168.55867272158656,0.004251646844083587,0.07391437271897724,-0.0783024771743469,0.1076782820538989,-46.65126431494127,0.1076782820538989,0.012140611220509084,115.88978407069679,0.0,45.0
robust,increasing_alternating_centering,1000,slice,45,0.8,100,8,75a5080b80b31025,691ca6f5a33e6a3d,4,1,0.001,0.08713948302579899,0.0650389712467216,0.8982684154987786,3.9965502999257296,instant_RF_exact_pathways,runs\combined_factor_study\cases\691ca6f5a33e6a3d,0.058507209064761416,0.056697413023444776,0.08147202069482987,44.0999914386936,0.08147202069482987,-4.942829369353329e-05,-0.0013937720266934165,0.0013946482060399777,-92.03106835339138,0.002026328431624523,-0.0026853171471908055,-0.00038231175934399066,0.002712395705336827,-171.89718649073788,0.0036411338993445836,0.05577246362387708,0.054921329237407376,0.07827464534496717,44.559456353789045,0.07827464534496717,0.02325384958991089,-136.13105979208498,1.5515838457795457e-17,45.0
robust,increasing_alternating_centering,1000,slice,45,0.8,100,8,75a5080b80b31025,691ca6f5a33e6a3d,5,1,0.001,0.06723989438357647,0.11619872948937611,0.8357145712053221,3.996789099997841,instant_RF_exact_pathways,runs\combined_factor_study\cases\691ca6f5a33e6a3d,0.04135589638916083,-0.04267578929884625,0.05942670408520505,-45.8998757347481,0.05942670408520505,7.293069987464989e-05,0.00157158368497551,0.0015732749810079003,87.34304596704513,0.003193194166873204,-0.002562507639170056,0.0005196905297108678,0.0026146746733534663,168.53559280276843,0.004619996131498178,0.03886631944986541,-0.040584515084159875,0.05619335950266176,-46.23887956807377,0.05619335950266176,0.04748957737288104,133.24292170179325,1.3877787807814457e-17,45.0
robust,increasing_alternating_centering,1000,slice,45,0.8,100,8,75a5080b80b31025,691ca6f5a33e6a3d,6,1,0.001,0.0509786212843104,0.1569995950449167,0.7960679581466504,3.9974459999939427,instant_RF_exact_pathways,runs\combined_factor_study\cases\691ca6f5a33e6a3d,0.030861480956608834,0.029906846699442075,0.0429749983867255,44.099991438693614,0.0429749983867255,-0.0002377655566118257,-0.0016565263165651918,0.0016735028823948806,-98.16802651858858,0.0037605608077066286,-0.0012768943113981555,-0.00021999586025194055,0.0012957072435581122,-170.22449253404363,0.004243062089878212,0.029346821088598846,0.028030324522624925,0.04058244695493236,43.68560097300787,0.04058244695493236,0.07376740902296644,-142.26801795728218,1.8683543625880677e-17,45.0
robust,increasing_alternating_centering,1000,slice,45,0.8,100,8,75a5080b80b31025,691ca6f5a33e6a3d,7,1,0.001,0.040491197462626666,0.23501760395333376,0.7200184560946274,3.9994772999780253,instant_RF_exact_pathways,runs\combined_factor_study\cases\691ca6f5a33e6a3d,0.021555984177997,-0.022243953564758653,0.03097505325375884,-45.89987573474811,0.03097505325375884,-0.00023818080359412419,0.0013630301916430553,0.0013836839951850448,99.91199082116482,0.0046188754247560426,-0.0008758939823955171,9.371738769997855e-05,0.0008808934198607607,173.89280015250517,0.0048972687841118395,0.020441909392007348,-0.02078720598541562,0.02915440948246315,-45.47984475918556,0.02915440948246315,0.11407109974999528,145.81186655591293,1.0971354589302191e-17,45.0
robust,increasing_alternating_centering,1000,slice,45,0.8,100,8,75a5080b80b31025,691ca6f5a33e6a3d,8,1,0.001,0.03197020343239049,0.3096145620404485,0.6525050199571772,4.006797999958508,instant_RF_exact_pathways,runs\combined_factor_study\cases\691ca6f5a33e6a3d,0.015850315670422565,0.015360019875895834,0.022071762898326863,44.09999143869364,0.022071762898326863,-0.00033646777332123454,-0.0011379068617272284,0.0011866097035039193,-106.4724258040357,0.005123881853131241,-0.0002704046804880991,1.8919389367344722e-05,0.00027106573838075543,175.99771174916089,0.0047745586809324475,0.015243443216613202,0.014241032403535985,0.020860718228686972,43.05281272387121,0.020860718228686972,0.16027054266223406,-150.57241724272933,4.5534426050565124e-17,45.0
robust,high_low_permutation_alternating,1000,oblique,45,0.8,100,8,83eb012ddefbaa44,6a13aa2bf37a0bee,1,1,0.001,0.1718408366433754,1.5461191948463746e-05,0.9999983045021046,2.827436299994588,instant_RF_exact_pathways,runs\combined_factor_study\cases\6a13aa2bf37a0bee,0.11958465465501261,-0.12340125769567889,0.17183817977921548,-45.89987630772977,0.17183817977921548,0.0,0.0,0.0,0.0,0.0,2.5138791752941006e-06,-8.578725517030397e-07,2.6562254842055166e-06,-18.84243747730949,2.6568641599219484e-06,0.11958716853418791,-0.1234021155682306,0.17184054528759854,-45.89947344033904,0.17184054528759854,0.0,0.0,0.0,45.0
robust,high_low_permutation_alternating,1000,oblique,45,0.8,100,8,83eb012ddefbaa44,6a13aa2bf37a0bee,2,1,0.001,0.14099055595504634,0.00025433750765782354,0.9998588891470375,2.827577800024301,instant_RF_exact_pathways,runs\combined_factor_study\cases\6a13aa2bf37a0bee,0.10122328202483843,0.09809216949993155,0.14095469676844144,44.099995629645186,0.14095469676844144,-9.038123995124894e-07,1.0462308684617854e-06,1.3825613489588175e-06,130.82290534714141,1.535419738043803e-06,3.189423370974757e-05,-1.0090385024884508e-05,3.3452324491467134e-05,-17.55581916041368,3.432376686685744e-05,0.10125427244614868,0.09808312534577511,0.14097066065743585,44.08859039072514,0.14097066065743585,1.0890231105502972e-05,86.72290971749621,1.962615573354719e-17,45.0
robust,high_low_permutation_alternating,1000,oblique,45,0.8,100,8,83eb012ddefbaa44,6a13aa2bf37a0bee,3,1,0.001,0.09383238170434234,0.03525759047433536,0.9466713017462213,2.827648499980569,instant_RF_exact_pathways,runs\combined_factor_study\cases\6a13aa2bf37a0bee,0.06299700463268776,-0.06500758500462266,0.09052407801697912,-45.899876307729755,0.09052407801697912,0.00025412499473936975,0.00012070955887323283,0.00028133664986036775,25.407752393482887,0.000444215039845243,-0.002691785156261375,-9.815758620279582e-05,0.0026935742498023388,-177.91159983062147,0.0028640886475179623,0.06055934447116575,-0.06498503303195222,0.08882842293399808,-47.01895393924226,0.08882842293399808,0.0047341336943244805,71.30762870121265,0.0,45.0
robust,high_low_permutation_alternating,1000,oblique,45,0.8,100,8,83eb012ddefbaa44,6a13aa2bf37a0bee,4,1,0.001,0.07708342019653389,0.03989590808672933,0.9494643065996435,2.827750200056471,instant_RF_exact_pathways,runs\combined_factor_study\cases\6a13aa2bf37a0bee,0.05314717192014563,0.051503184762905344,0.07400810714936223,44.09999562964519,0.07400810714936223,-6.624021717529374e-05,-0.00044610352881352346,0.000450994595079928,-98.44592098054373,0.0009197019247077175,0.00046941365483050716,-0.0011688318038479337,0.001259570150895832,-68.1191494939744,0.0021556111224639253,0.05355034535780085,0.04988824943024388,0.073187956107231,42.9723715088297,0.073187956107231,0.011931254767404217,-142.54591661018893,9.813077866773595e-18,45.0
robust,high_low_permutation_alternating,1000,oblique,45,0.8,100,8,83eb012ddefbaa44,6a13aa2bf37a0bee,5,1,0.001,0.059861034252413105,0.2003257130402535,0.8219708291942497,2.8279789000516757,instant_RF_exact_pathways,runs\combined_factor_study\cases\6a13aa2bf37a0bee,0.033312953442111666,-0.03437615272773512,0.04786932988247141,-45.89987630772976,0.04786932988247141,0.0022189793421285966,-0.0016115696039251447,0.0027424488890568054,-35.98963464506649,0.006886030332974693,-0.0011290533840435657,0.0008099187771670681,0.0013895070959257553,144.34649129721453,0.005105674036966979,0.03440287940019668,-0.03517780355449317,0.04920402396088138,-45.63808008251247,0.04920402396088138,0.1150336010557169,9.910241662663278,4.046035655711836e-17,45.0
robust,high_low_permutation_alternating,1000,oblique,45,0.8,100,8,83eb012ddefbaa44,6a13aa2bf37a0bee,6,1,0.001,0.04833969293197794,0.19385011851250483,0.8669659191714416,2.8286069999448955,instant_RF_exact_pathways,runs\combined_factor_study\cases\6a13aa2bf37a0bee,0.0279846928597485,0.02711904989139138,0.038969037728255926,44.099995629645186,0.038969037728255926,0.002428345374957836,0.0020300313859494324,0.00316510484629165,39.89471575366049,0.006476631382161663,0.00045050363212325754,-0.000797805128586881,0.0009162131551968554,-60.54750438026918,0.002894023821560356,0.030863541866829592,0.028351276148753955,0.0419088663152375,42.570608916287576,0.0419088663152375,0.13398164095240261,-4.205279875984694,2.110382192020081e-17,45.0
robust,high_low_permutation_alternating,1000,oblique,45,0.8,100,8,83eb012ddefbaa44,6a13aa2bf37a0bee,7,1,0.001,0.04813508213052227,0.4731083447832503,0.6733646764254138,2.8309407000197098,instant_RF_exact_pathways,runs\combined_factor_study\cases\6a13aa2bf37a0bee,0.017649760944630347,-0.01821306174173211,0.02536197309774507,-45.89987630772974,0.02536197309774507,0.005047490322472023,-0.005233248665456635,0.007270766819940822,-46.03514067072281,0.015011774608984911,4.47149330736354e-05,0.00035148856050265314,0.0003543213702333052,82.75000955111841,0.007761334423792355,0.022741966200176017,-0.023094821846686098,0.032412464003529845,-45.44105926349416,0.032412464003529845,0.31186764298602915,-0.13526436299306993,1.0971354589302191e-17,45.0
robust,high_low_permutation_alternating,1000,oblique,45,0.8,100,8,83eb012ddefbaa44,6a13aa2bf37a0bee,8,1,0.001,0.03940573445198139,0.47877436844906107,0.7308729564049631,2.8388503999449313,instant_RF_exact_pathways,runs\combined_factor_study\cases\6a13aa2bf37a0bee,0.014749797352643432,0.014293545843041442,0.02053927882646259,44.09999562964518,0.02053927882646259,0.0059546001180528375,0.005665068939012307,0.008218897045813198,43.572637259521414,0.014130329956501732,0.00035740792681592025,-0.00031493675317476397,0.00047636706923455196,-41.385499704681905,0.004736125669016876,0.02106180539751222,0.01964367802887895,0.028800585638228546,43.00469477398302,0.028800585638228546,0.3585856260012237,-0.5273583701237688,4.667663494284973e-17,45.0
robust,high_low_permutation_alternating,1000,read,90,1.2,0,8,0829a82ef8bc951b,6c18f2e6aa97e6f4,1,1,0.001,0.16112780933716794,0.003585908692309175,0.9928281826153945,2.9842344999779016,instant_RF_exact_pathways,runs\combined_factor_study\cases\6c18f2e6aa97e6f4,-2.6411767345849553e-07,-0.16055001972487581,0.16055001972509306,-90.00009425615774,0.16055001972509306,0.0,0.0,0.0,0.0,0.0,-5.927121691087117e-10,0.0005777896120745819,0.0005777896120748859,90.0000587755561,0.0005777896120748985,-2.6471038562760426e-07,-0.15997223011280123,0.15997223011302025,-90.00009480887951,0.15997223011302025,0.0,180.0,0.0,90.0
robust,high_low_permutation_alternating,1000,read,90,1.2,0,8,0829a82ef8bc951b,6c18f2e6aa97e6f4,2,1,0.001,0.13177517167637848,0.0006035083048327325,0.9987954783773401,2.984408500022255,instant_RF_exact_pathways,runs\combined_factor_study\cases\6c18f2e6aa97e6f4,-4.824935250311418e-07,0.13169564426501718,0.13169564426590102,90.00020991463144,0.13169564426590102,-3.3488847844421763e-13,-1.3923770951705957e-05,1.392377095170596e-05,-90.00000137805316,1.392377095174758e-05,6.450842073008419e-11,-6.527486218505047e-05,6.527486218508235e-05,-89.9999433769735,6.560363952569733e-05,-4.824293514988901e-07,0.1316164456318804,0.13161644563276456,90.0002100130088,0.13161644563276456,0.0001056630833761494,179.99978870731545,0.0,90.0
robust,high_low_permutation_alternating,1000,read,90,1.2,0,8,0829a82ef8bc951b,6c18f2e6aa97e6f4,3,1,0.001,0.08799807691588908,0.038865982355493545,0.9640851498992474,2.984485400025733,instant_RF_exact_pathways,runs\combined_factor_study\cases\6c18f2e6aa97e6f4,-1.3913751087244482e-07,-0.08457794521104432,0.08457794521115877,-90.00009425615774,0.08457794521115877,-1.0612505055490847e-09,0.0004115043854910743,0.0004115043854924428,90.00014776312749,0.00045124101288178105,7.350581066056661e-10,-0.0006711983486325484,0.0006711983486329509,-89.99993725293382,0.0029688906918485464,-1.394637032713882e-07,-0.0848376391741858,0.08483763917430043,-90.00009418792968,0.08483763917430043,0.005127850842843865,-179.99975798071478,2.6469779601696886e-23,90.0
robust,high_low_permutation_alternating,1000,read,90,1.2,0,8,0829a82ef8bc951b,6c18f2e6aa97e6f4,4,1,0.001,0.07227216665669937,0.04324134022975327,0.9538247270102821,2.984605700010434,instant_RF_exact_pathways,runs\combined_factor_study\cases\6c18f2e6aa97e6f4,-2.533340433757716e-07,0.06914702130869153,0.0691470213091556,90.00020991463144,0.0691470213091556,1.6102499912958118e-09,-0.0008412935259459126,0.0008412935259474536,-89.99989033491211,0.0008897904317306946,-6.772344442060673e-10,0.0006292518485602138,0.0006292518485605782,90.00006166477776,0.002235354915813057,-2.524010278286819e-07,0.06893497963130582,0.0689349796317679,90.00020978483953,0.0689349796317679,0.012311661223016817,179.99989975045645,1.387778780791543e-17,90.0
robust,high_low_permutation_alternating,1000,read,90,1.2,0,8,0829a82ef8bc951b,6c18f2e6aa97e6f4,5,1,0.001,0.05644344786370578,0.2076096958184298,0.8421698898143027,2.9849133000243455,instant_RF_exact_pathways,runs\combined_factor_study\cases\6c18f2e6aa97e6f4,-7.357661226666783e-08,-0.0447252408217179,0.04472524082177842,-90.00009425615774,0.04472524082177842,-5.504889044560552e-09,-0.001602043905944957,0.0016020439059544148,-90.00019687781825,0.006466063153659084,1.2733865711702758e-09,-0.0012076875403899076,0.001207687540390579,-89.99993958729077,0.005252143888268299,-7.780811474005815e-08,-0.047534972268052755,0.04753497226811644,-90.0000937851938,0.04753497226811644,0.11455825961009172,-0.00010262166051029794,6.938893904020824e-18,90.0
robust,high_low_permutation_alternating,1000,read,90,1.2,0,8,0829a82ef8bc951b,6c18f2e6aa97e6f4,6,1,0.001,0.04546371035860795,0.19914976854112992,0.8671448642884165,2.9857071000151336,instant_RF_exact_pathways,runs\combined_factor_study\cases\6c18f2e6aa97e6f4,-1.3339398904740115e-07,0.03640962296342585,0.03640962296367021,90.00020991463144,0.03640962296367021,-1.0799602489677778e-08,0.002479489294365462,0.0024794892943889816,90.00024955608579,0.0060770323764270115,-6.074742982690699e-10,0.0005345106909056808,0.000534510690906026,90.00006511696408,0.002977055018510729,-1.4480106583534797e-07,0.03942362294869704,0.03942362294896297,90.000210444635,0.03942362294896297,0.13366776113283957,3.964145436756664e-05,4.857225732735781e-17,90.0
robust,high_low_permutation_alternating,1000,read,90,1.2,0,8,0829a82ef8bc951b,6c18f2e6aa97e6f4,7,1,0.001,0.045714308664827535,0.4816435091365334,0.63943702747216,2.988650800078176,instant_RF_exact_pathways,runs\combined_factor_study\cases\6c18f2e6aa97e6f4,-3.8982330325760465e-08,-0.023696308621717302,0.023696308621749367,-90.00009425615774,0.023696308621749367,-1.0546369088860922e-08,-0.005019213238080351,0.005019213238091431,-90.00012038987175,0.01405877840622058,5.516760816758494e-10,-0.0005158997857434768,0.0005158997857437718,-89.99993873090857,0.007959221636857569,-4.897702333294545e-08,-0.0292314216455411,0.02923142164558213,-90.00009599864023,0.02923142164558213,0.30753562323993683,-2.6133714004304627e-05,3.122502256770103e-17,90.0
robust,high_low_permutation_alternating,1000,read,90,1.2,0,8,0829a82ef8bc951b,6c18f2e6aa97e6f4,8,1,0.001,0.03728050051732976,0.4852429821737175,0.7040054482895566,2.997947500087321,instant_RF_exact_pathways,runs\combined_factor_study\cases\6c18f2e6aa97e6f4,-7.030789394628216e-08,0.019190399269243055,0.019190399269371848,90.00020991463144,0.019190399269371848,-2.4341064639632986e-08,0.006377437930328246,0.006377437930374699,90.00021868347257,0.013226033388166265,-7.540590810284233e-10,0.000677838279417017,0.0006778382794174365,90.00006373851132,0.004864067859791622,-9.540301766694357e-08,0.026245675478988383,0.02624567547916178,90.00020827013081,0.02624567547916178,0.35477081060159515,8.768841141399171e-06,6.591949208711867e-17,90.0
robust,increasing_centering,1000,read,45,0.8,0,8,2fce845511804024,6dbcdd73f2e3d4b5,1,1,0.001,0.1792333509128116,0.002010866201569565,0.9965822546573351,2.698013300076127,instant_RF_exact_pathways,runs\combined_factor_study\cases\6dbcdd73f2e3d4b5,0.12648253610168975,-0.12648199681469105,0.17887293662526696,-44.999877852959806,0.17887293662526696,0.0,0.0,0.0,0.0,0.0,2.5077794290551865e-06,0.00035937538193157246,0.0003593841316699005,89.60018729081231,0.0003604142875446312,0.1264850438811188,-0.12612262143275949,0.1786207769624791,-44.91779638825285,0.1786207769624791,0.0,0.0,0.0,45.0
robust,increasing_centering,1000,read,45,0.8,0,8,2fce845511804024,6dbcdd73f2e3d4b5,2,1,0.001,0.13808894844736558,0.044862971656196855,0.9249077103816976,2.6981223000911996,instant_RF_exact_pathways,runs\combined_factor_study\cases\6dbcdd73f2e3d4b5,0.09326305892752113,0.09326303780402835,0.1318938678671374,44.99999351143349,0.1318938678671374,-0.00010387011806797317,8.836815841378574e-05,0.00013637423821564914,139.61031554447126,0.00014689423866481448,4.383902654064874e-05,-0.006027441628153845,0.006027601051915256,-89.58328142123311,0.006048186341563366,0.0932030278359938,0.0873239643342883,0.12771953313746917,43.13475803777225,0.12771953313746917,0.001063765350641403,94.61032203303776,0.0,45.0
robust,increasing_centering,1000,read,45,0.8,0,8,2fce845511804024,6dbcdd73f2e3d4b5,3,1,0.001,0.10537419027232825,0.07953008199070623,0.8710689627697056,2.698188000009395,instant_RF_exact_pathways,runs\combined_factor_study\cases\6dbcdd73f2e3d4b5,0.06858510032615434,-0.06858480789801329,0.0969937722802657,-44.99987785295981,0.0969937722802657,0.00031524518476072177,0.00034692812259471713,0.00046876289183543174,47.73933610761222,0.0006963634584370038,4.7885037858291913e-05,0.0076473466223651535,0.00764749654066286,89.64123834710463,0.007684054533625556,0.06894823054877333,-0.060590533153053426,0.09178818662321457,-41.30845641155372,0.09178818662321457,0.006608482178010834,92.73921396057203,3.1031676915590914e-17,45.0
robust,increasing_centering,1000,read,45,0.8,0,8,2fce845511804024,6dbcdd73f2e3d4b5,4,1,0.001,0.08193184249038118,0.1325641799750968,0.8179134646090824,2.698290300089866,instant_RF_exact_pathways,runs\combined_factor_study\cases\6dbcdd73f2e3d4b5,0.05025451948435498,0.05025450810202428,0.07107061497679501,44.999993511433495,0.07107061497679501,0.00019100806061569248,-0.0009080518231446399,0.0009279235920788265,-78.1210544106602,0.0014422635681845017,4.863754326194169e-05,-0.005288511210252413,0.005288734861153469,-89.47307526082056,0.009418963945401627,0.05049416508823259,0.04405794506862722,0.0670131571531133,41.10584845789154,0.0670131571531133,0.01760321169823349,-123.12104792209368,2.0816681711721685e-17,45.0
robust,increasing_centering,1000,read,45,0.8,0,8,2fce845511804024,6dbcdd73f2e3d4b5,5,1,0.001,0.06907116816521658,0.24947281323369452,0.7328457719939692,2.6985183000797406,instant_RF_exact_pathways,runs\combined_factor_study\cases\6dbcdd73f2e3d4b5,0.0366563448579755,-0.0366561885653298,0.0518397895297024,-44.999877852959806,0.0518397895297024,0.0027331470735276536,-0.0011794365606647456,0.0029767706539411904,-23.341675133167158,0.005505745159387466,4.103270039593292e-05,0.006094994352029225,0.0060951324705678,89.61427937383135,0.01172563347612675,0.03943052463189906,-0.031740630773965335,0.05061851355656341,-38.833234764894485,0.05061851355656341,0.07971119217526271,21.65820271979264,2.5018537765542006e-17,45.0
robust,increasing_centering,1000,read,45,0.8,0,8,2fce845511804024,6dbcdd73f2e3d4b5,6,1,0.001,0.05850853518907746,0.35727166539040806,0.6897831603910443,2.6991331001045182,instant_RF_exact_pathways,runs\combined_factor_study\cases\6dbcdd73f2e3d4b5,0.02659081954926102,0.026590813526608637,0.037605093382522464,44.999993511433495,0.037605093382522464,0.0037674307957587974,0.0022105092313143802,0.004368052868562588,30.401931364799502,0.007862291660966053,3.606606307614968e-05,-0.0022500511502000172,0.00225034018304394,-89.08168476541196,0.013041150145588994,0.030394316408095985,0.026551271607723,0.04035820231257248,41.13917622269625,0.04035820231257248,0.13437854213164113,-14.59806214663399,1.7690777709386487e-17,45.0
robust,increasing_centering,1000,read,45,0.8,0,8,2fce845511804024,6dbcdd73f2e3d4b5,7,1,0.001,0.05545009849760648,0.5111894821058942,0.6049329557478839,2.7010183000238612,instant_RF_exact_pathways,runs\combined_factor_study\cases\6dbcdd73f2e3d4b5,0.019165881213698558,-0.019165799495614182,0.0271045913638942,-44.9998778529598,0.0271045913638942,0.00683247571634432,-0.005400990957947115,0.008709387334494965,-38.325951992822255,0.012905197248465288,2.9068085764116932e-05,0.003406787854031628,0.003406911862080881,89.51114120125335,0.015440309885247003,0.026027425015807036,-0.02116000259952967,0.033543591980668384,-39.1107212320184,0.033543591980668384,0.2327353349791136,6.673925860137544,4.163336342344337e-17,45.0
robust,increasing_centering,1000,read,45,0.8,0,8,2fce845511804024,6dbcdd73f2e3d4b5,8,1,0.001,0.051352464802305195,0.6223661279669674,0.5654321401205873,2.707825700053945,instant_RF_exact_pathways,runs\combined_factor_study\cases\6dbcdd73f2e3d4b5,0.013712520395664219,0.013712517289865106,0.019392430121734527,44.99999351143349,0.019392430121734527,0.007605394790807751,0.006550594454849888,0.010037545398948678,40.7386143303889,0.015670069134328113,2.346827661921171e-05,-0.0005741796173241216,0.0005746590232111131,-87.6594690231096,0.016289965546242607,0.021341383463091286,0.019688932127390885,0.029036334073634557,42.69372117519139,0.029036334073634557,0.3051473613711467,-4.26137918104459,1.0460253102363242e-16,45.0
robust,increasing_centering,1000,read,0,1.2,0,8,43eed8aa5517d4ab,6dc98e1b7cf9c57f,1,1,0.001,0.17920700684424895,0.0018613961388770474,0.9981600970217144,3.1636035999981686,instant_RF_exact_pathways,runs\combined_factor_study\cases\6dc98e1b7cf9c57f,0.17887343161330052,3.5325889013514715e-07,0.17887343161364935,0.00011315399552433165,0.17887343161364935,0.0,0.0,0.0,0.0,0.0,3.546622158905076e-06,0.0003300282754945244,0.00033004733168839244,89.3842992422349,0.0003335752305995875,0.17887697823545942,0.00033038153438465955,0.17887728333862657,0.10582382490603046,0.17887728333862657,0.0,0.0,0.0,0.0
robust,increasing_centering,1000,read,0,1.2,0,8,43eed8aa5517d4ab,6dc98e1b7cf9c57f,2,1,0.001,0.13846807787095317,0.04747298301509947,0.9530221502515335,3.1637348999502137,instant_RF_exact_pathways,runs\combined_factor_study\cases\6dc98e1b7cf9c57f,0.1318945851620518,5.765295656093049e-09,0.13189458516205194,2.504478165903348e-06,0.13189458516205194,-0.00014689092854019173,-2.689284585907961e-10,0.0001468909285404379,-179.99989510267366,0.00014689092854045682,6.199409743502961e-05,-0.006362220771140188,0.006362522802225894,-89.4417220253493,0.006426601780360767,0.13180968833094667,-0.006362215274772992,0.13196314531377257,-2.763418900039078,0.13196314531377257,0.0010608288263909708,-179.99989760715184,2.7769124835677133e-17,0.0
robust,increasing_centering,1000,read,0,1.2,0,8,43eed8aa5517d4ab,6dc98e1b7cf9c57f,3,1,0.001,0.10550653247078152,0.08067721885083746,0.9270912861175298,3.163810799946077,instant_RF_exact_pathways,runs\combined_factor_study\cases\6dc98e1b7cf9c57f,0.09699455886025414,1.9155550325772253e-07,0.0969945588604433,0.00011315399552433169,0.0969945588604433,0.00044581539953867234,-2.3776669639458397e-11,0.000445815399538673,-3.055755414971107e-06,0.0006963498068779187,6.772133274941882e-05,0.007731978236806483,0.007732274803274806,89.49818180860449,0.007815623803460335,0.09750809559254223,0.007732169768533071,0.09781418688213776,4.533937299929607,0.09781418688213776,0.006600063432761972,-0.00011620975093930279,0.0,0.0
robust,increasing_centering,1000,read,0,1.2,0,8,43eed8aa5517d4ab,6dc98e1b7cf9c57f,4,1,0.001,0.08233816093555792,0.13683545557359722,0.8697583215510846,3.1639206999680027,instant_RF_exact_pathways,runs\combined_factor_study\cases\6dc98e1b7cf9c57f,0.07107138117284861,3.1066288630796968e-09,0.07107138117284868,2.5044781659033223e-06,0.07107138117284868,0.0002701194244890188,1.5126175952761042e-09,0.00027011942449325395,0.0003208455089432705,0.001442238760666712,6.878008280530758e-05,-0.005401844257333568,0.005402282117797843,-89.27050923190062,0.009824541002042556,0.07141028068014295,-0.005401839638087108,0.07161430065491393,-4.325907765332182,0.07161430065491393,0.01751604291715335,0.00031834103077736723,1.3985787785349405e-17,0.0
robust,increasing_centering,1000,read,0,1.2,0,8,43eed8aa5517d4ab,6dc98e1b7cf9c57f,5,1,0.001,0.06942211818372745,0.253256912457842,0.8082599424790071,3.1641665999777615,instant_RF_exact_pathways,runs\combined_factor_study\cases\6dc98e1b7cf9c57f,0.05184048687613214,1.0238028472287881e-07,0.05184048687623323,0.00011315399552433162,0.05184048687623323,0.003865098000013828,5.511562918064498e-09,0.003865098000017758,8.17027909058348e-05,0.00550556991158677,5.802997352027596e-05,0.0062350134330155646,0.006235283472923368,89.46675711192633,0.012076061395907476,0.05576361484966623,0.00623512132486321,0.05611111724995039,6.379938136825409,0.05611111724995039,0.07930570336410846,-3.145120461849683e-05,1.4539632184201917e-17,0.0
robust,increasing_centering,1000,read,0,1.2,0,8,43eed8aa5517d4ab,6dc98e1b7cf9c57f,6,1,0.001,0.05896264350488687,0.36221143660514393,0.7302033596383386,3.1648791999323294,instant_RF_exact_pathways,runs\combined_factor_study\cases\6dc98e1b7cf9c57f,0.0376056996949448,1.6437974070673253e-09,0.03760569969494484,2.504478165903305e-06,0.03760569969494484,0.005327745206570162,2.3589487432093005e-09,0.005327745206570684,2.5368669452679085e-05,0.007862052578774465,5.1003009634972785e-05,-0.002458903108100544,0.0024594320080088285,-88.81173105017116,0.013494891231167594,0.042984447911149935,-0.002458899105354394,0.043054720380426056,-3.2740019868323142,0.043054720380426056,0.1333395538502756,2.2864191286775783e-05,4.336808689942018e-19,0.0
robust,increasing_centering,1000,read,0,1.2,0,8,43eed8aa5517d4ab,6dc98e1b7cf9c57f,7,1,0.001,0.055803228707674804,0.5142736109605647,0.6625292546483,3.1669024999719113,instant_RF_exact_pathways,runs\combined_factor_study\cases\6dc98e1b7cf9c57f,0.027105100776867782,5.353012871211475e-08,0.02710510077692064,0.00011315399552433169,0.02710510077692064,0.009662228414268965,1.7127268759031963e-08,0.009662228414284145,0.0001015625146088017,0.012904814960072234,4.110866945607298e-05,0.0034660251672226244,0.0034662689426132346,89.3204772862529,0.015793312970681875,0.036808437860592874,0.003466095824620088,0.036971271522664405,5.379439884071231,0.036971271522664405,0.23125570435492368,-1.1591480915529996e-05,5.599859614134626e-17,0.0
robust,increasing_centering,1000,read,0,1.2,0,8,43eed8aa5517d4ab,6dc98e1b7cf9c57f,8,1,0.001,0.05183695783369737,0.625887644619813,0.5823538055289957,3.174361199955456,instant_RF_exact_pathways,runs\combined_factor_study\cases\6dc98e1b7cf9c57f,0.01939284639090794,8.476882725656162e-10,0.019392846390907957,2.5044781659032795e-06,0.019392846390907957,0.010755315661872452,1.9105521409878106e-09,0.010755315661872622,1.01779043646615e-05,0.01566962793770403,3.3187971397755304e-05,-0.0006068205098138652,0.0006077273834345935,-86.8695221679205,0.016774483505085386,0.030181350024178124,-0.0006068177515734538,0.030187449661499752,-1.1518176729149858,0.030187449661499752,0.3022867967671853,7.673426198758219e-06,2.0929314725772014e-17,0.0
robust,weak_increasing_centering,0,read,45,0.8,100,8,b1ea0ec2c02174a8,713a709150dc0a38,1,1,0.001,0.559387514303704,0.026285082421057197,0.9968701196487729,4.610188300022855,instant_RF_exact_pathways,runs\combined_factor_study\cases\713a709150dc0a38,0.3790533913459273,-0.3911510588446985,0.5446839673849209,-45.89987573474809,0.5446839673849209,0.0,0.0,0.0,0.0,0.0,0.01393847892114835,-0.004470069522434926,0.01463771553797581,-17.781043313568386,0.014703546918783155,0.39299187026707566,-0.3956211283671334,0.5576366983139631,-45.19102504583354,0.5576366983139631,0.0,0.0,0.0,45.0
robust,weak_increasing_centering,0,read,45,0.8,100,8,b1ea0ec2c02174a8,713a709150dc0a38,2,1,0.001,0.4292181919654924,0.06427886552747208,0.9662273281126151,4.6103327999589965,instant_RF_exact_pathways,runs\combined_factor_study\cases\713a709150dc0a38,0.288420053617842,0.2794983928581206,0.4016285335221978,44.099991438693614,0.4016285335221978,0.007471976261027075,-0.007355406261590349,0.010484866738227752,-44.549560997975384,0.010607847258298872,0.015931725574362583,0.0012808062058941496,0.015983126862846822,4.5963195906109435,0.0169818111849957,0.31182375545323165,0.2734237928024244,0.41472234680014525,41.24602163715522,0.41472234680014525,0.02471434682142202,-88.64955243666901,0.0,45.0
robust,weak_increasing_centering,0,read,45,0.8,100,8,b1ea0ec2c02174a8,713a709150dc0a38,3,1,0.001,0.33582593887405,0.11927690574334346,0.9475189207162836,4.610413799993694,instant_RF_exact_pathways,runs\combined_factor_study\cases\713a709150dc0a38,0.20583035191004914,-0.2123995245263954,0.2957696600168001,-45.8998757347481,0.2957696600168001,0.008560900113816656,0.00034260348567972536,0.008567752792135515,2.291729156879135,0.01577814583916923,0.022603750075134783,-0.00027658965955892504,0.02260544224957633,-0.70106195739948,0.02427813301808064,0.23699500209900057,-0.2123335107002746,0.3182014311504725,-41.85846088355718,0.3182014311504725,0.046983106463038146,48.19160489162724,3.925231146709438e-17,45.0
robust,weak_increasing_centering,0,read,45,0.8,100,8,b1ea0ec2c02174a8,713a709150dc0a38,4,1,0.001,0.2621901033323264,0.17051389948748294,0.8834416788143309,4.610552500002086,instant_RF_exact_pathways,runs\combined_factor_study\cases\713a709150dc0a38,0.15618031755692893,0.1513492116989613,0.21748304640610533,44.0999914386936,0.21748304640610533,0.0051932542578959386,-0.004344951236465458,0.006771151381738338,-39.917635507394166,0.021262478694720165,0.018232393629139303,-0.0007373848170244574,0.01824729880876229,-2.315989106481651,0.023444578231500833,0.17960596544396418,0.14626687564547133,0.23162966505641333,39.158561373658785,0.23162966505641333,0.081095657023217,-84.01762694608776,2.7755575615628914e-17,45.0
robust,weak_increasing_centering,0,read,45,0.8,100,8,b1ea0ec2c02174a8,713a709150dc0a38,5,1,0.001,0.22770533434302823,0.29891612694228087,0.7987391999656304,4.61086160002742,instant_RF_exact_pathways,runs\combined_factor_study\cases\713a709150dc0a38,0.11109614169200602,-0.11464182737447416,0.1596405377171131,-45.899875734748086,0.1596405377171131,0.004893650591593316,-0.01049368274077597,0.011578652493993466,-64.99835872017727,0.04052815466078344,0.01649523277814271,0.0005280244031691658,0.016503681836955525,1.8334535232146894,0.02753664196513166,0.1324850250617421,-0.12460748571208095,0.18187717658105673,-43.24495632349896,0.18187717658105673,0.1779850910287834,-19.098482985429186,5.551115123125783e-17,45.0
robust,weak_increasing_centering,0,read,45,0.8,100,8,b1ea0ec2c02174a8,713a709150dc0a38,6,1,0.001,0.20380924089191557,0.42618122058102864,0.6603563462196536,4.6116528999991715,instant_RF_exact_pathways,runs\combined_factor_study\cases\713a709150dc0a38,0.08398457377732665,0.08138668966042019,0.1169495698429061,44.099991438693614,0.1169495698429061,0.00864755968881591,0.013293499356220526,0.01585866998538873,56.95557891233209,0.05392034017019489,0.005102541353151501,-0.00215170660834182,0.005537668244758168,-22.86481838063335,0.03293933087881448,0.09773467481929407,0.09252848240829888,0.13458672564118657,43.432600182155696,0.13458672564118657,0.2645627839749916,12.855587473638485,1.962615573354719e-17,45.0
robust,weak_increasing_centering,0,read,45,0.8,100,8,b1ea0ec2c02174a8,713a709150dc0a38,7,1,0.001,0.20093749188088636,0.5745623664601648,0.5749947428476683,4.614276300068013,instant_RF_exact_pathways,runs\combined_factor_study\cases\713a709150dc0a38,0.059491192682494275,-0.06138988211414045,0.08548637103523415,-45.89987573474811,0.08548637103523415,0.012055990508978116,-0.027245347935900596,0.029793554526119457,-66.13074350648378,0.07858483417346457,0.0045360287668734,0.0016848152013344228,0.004838817958608339,20.37648534659585,0.03686628667218765,0.07608321195834582,-0.08695041484870646,0.11553800147250569,-48.81347809078402,0.11553800147250569,0.3910909479254814,-20.230867771735674,1.5515838457795457e-16,45.0
robust,weak_increasing_centering,0,read,45,0.8,100,8,b1ea0ec2c02174a8,713a709150dc0a38,8,1,0.001,0.20271112409408898,0.6924958165317365,0.4546052833750356,4.626675200066529,instant_RF_exact_pathways,runs\combined_factor_study\cases\713a709150dc0a38,0.0447640636147993,0.04337938254013661,0.06233451869448667,44.09999143869362,0.06233451869448667,0.01903450567885028,0.028456799741026686,0.034235973156010624,56.22178019193297,0.09511160032181966,-0.0032805068683252137,-0.002339128160167549,0.004029050243272938,-144.5096629435891,0.04526500507778289,0.06051806242532415,0.06949705412099565,0.09215354801206532,48.95063883242183,0.09215354801206532,0.4691977351853336,12.121788753239352,2.360244132317689e-16,45.0
robust,original,1000,read,45,0.7,0,8,817d04f3f17dfe0b,719c6f0361b0bb01,1,1,0.001,0.1332655391211142,0.009362483131601563,0.9840781999927092,2.0639289999380708,instant_RF_exact_pathways,runs\combined_factor_study\cases\719c6f0361b0bb01,0.09335091086374243,-0.09335051284094735,0.13201784275906897,-44.99987785295979,0.13201784275906897,0.0,0.0,0.0,0.0,0.0,5.139389707656312e-06,0.001245567038199095,0.0012455776410865095,89.76359067042517,0.001247696362045211,0.09335605025345009,-0.09210494580274825,0.13114371185936402,-44.61349330079995,0.13114371185936402,0.0,0.0,0.0,45.0
robust,original,1000,read,45,0.7,0,8,817d04f3f17dfe0b,719c6f0361b0bb01,2,1,0.001,0.10194847836504088,0.06626672060410721,0.8903665583887433,2.0640742999967188,instant_RF_exact_pathways,runs\combined_factor_study\cases\719c6f0361b0bb01,0.06731140214335506,0.06731138689774832,0.09519268703321085,44.99999351143347,0.09519268703321085,-0.00016526764023379654,0.00013765585925285833,0.00021508725786315271,140.2081755704323,0.00023372327938493578,9.474704248228647e-05,-0.0064725560404330865,0.006473249469826262,-89.1613486347508,0.006522068052445103,0.06724088154560355,0.06097648671656809,0.09077151581485071,42.20288907211634,0.09077151581485071,0.002292562705527165,95.20818205899882,6.938893903907228e-18,45.0
robust,original,1000,read,45,0.7,0,8,817d04f3f17dfe0b,719c6f0361b0bb01,3,1,0.001,0.10475666591543863,0.4722285073415864,0.6352210987170072,2.0641468999674544,instant_RF_exact_pathways,runs\combined_factor_study\cases\719c6f0361b0bb01,0.03909430744606754,-0.039094140758615004,0.0552875819361098,-44.99987785295978,0.0552875819361098,0.027330726820145444,0.027466784922846023,0.038747811583563004,45.14226082144524,0.039232476081500524,0.00010170394237938075,0.010127450465859814,0.01012796112899036,89.424632013884,0.010236607897828308,0.06652673820859237,-0.0014999053699091683,0.06654364442073538,-1.291566260519418,0.06654364442073538,0.37451054535440875,90.14213867440502,1.5178830414797062e-18,45.0
robust,original,1000,read,45,0.7,0,8,817d04f3f17dfe0b,719c6f0361b0bb01,4,1,0.001,0.12234599942447366,0.6742242149758824,0.4204772501335065,2.0642640999285504,instant_RF_exact_pathways,runs\combined_factor_study\cases\719c6f0361b0bb01,0.028183415561301006,0.028183409177935683,0.039857364007068165,44.99999351143347,0.039857364007068165,0.015831629122099254,-0.04796170598276136,0.050507085853734895,-71.73251426939193,0.06821773300504615,0.0018481130967106056,-0.003524621372096405,0.003979758514642818,-62.3300123368908,0.014270902412359336,0.045863157780110866,-0.023302918176922066,0.05144370940283825,-26.93497241509418,0.05144370940283825,0.5575804139567159,-116.73250778082542,1.5515838457795457e-17,45.0
robust,original,1000,read,45,0.7,0,8,817d04f3f17dfe0b,719c6f0361b0bb01,5,1,0.001,0.14826271666099156,0.8438973767984066,0.3795962862806368,2.064516199985519,instant_RF_exact_pathways,runs\combined_factor_study\cases\719c6f0361b0bb01,0.01636545494250794,-0.016365385164676536,0.023144198993775362,-44.99987785295978,0.023144198993775362,0.026807953262884827,0.051034043171390195,0.05764668178277337,62.28725613930127,0.10684753466098262,0.0021262289641507696,-0.0012713730463233966,0.0024773451578073025,-30.877203034661186,0.01827098300623346,0.04529963716954355,0.033397284960390274,0.05627997663839069,36.399600171848746,0.05627997663839069,0.720663542846673,107.28713399226106,1.5515838457795457e-17,45.0
robust,original,1000,read,45,0.7,0,8,817d04f3f17dfe0b,719c6f0361b0bb01,6,1,0.001,0.18690887964001815,0.9107511905401446,0.19191049626759085,2.0652221998898312,instant_RF_exact_pathways,runs\combined_factor_study\cases\719c6f0361b0bb01,0.011795528849596401,0.011795526177983741,0.01668139498534702,44.99999351143347,0.01668139498534702,0.01861082128329681,-0.031588581905880986,0.03666334921503169,-59.49498486019291,0.14639008445466833,0.002986476073851159,0.006694965128487954,0.007330866075120672,65.95940522449598,0.023837400200002877,0.03339282620674434,-0.013098090599409298,0.03586977584853529,-21.41722938651052,0.03586977584853529,0.7832163176870569,-104.49497837162639,2.823925224926892e-17,45.0
robust,original,1000,read,45,0.7,0,8,817d04f3f17dfe0b,719c6f0361b0bb01,7,1,0.001,0.24063769797890525,0.9597550858853988,0.12376412959417335,2.06748779991176,instant_RF_exact_pathways,runs\combined_factor_study\cases\719c6f0361b0bb01,0.006847950261188938,-0.006847921063398811,0.009684443487896387,-44.9998778529598,0.009684443487896387,0.02030343194570251,0.01212119016847989,0.023646407758351515,30.83728740645144,0.2013309833292489,0.002622974464119531,-0.005961735340534745,0.006513239079751646,-66.25202799881758,0.029622271161760017,0.029774356671010967,-0.0006884662354536458,0.029782315237904776,-1.3246023136528198,0.029782315237904776,0.8366560394327657,75.83716525941125,2.240524185360778e-17,45.0
robust,original,1000,read,45,0.7,0,8,817d04f3f17dfe0b,719c6f0361b0bb01,8,1,0.001,0.31413347444221346,0.9777843570256418,0.08477516740826412,2.075715099927038,instant_RF_exact_pathways,runs\combined_factor_study\cases\719c6f0361b0bb01,0.004934670470212173,0.0049346693525405315,0.006978677114502921,44.99999351143348,0.006978677114502921,0.01604389245970623,0.0025200162077250905,0.01624059626201623,8.926523283153731,0.26902313655578297,0.002838447716256167,0.004459387585277666,0.005286106608237146,57.5228124931125,0.03813166077192536,0.023817010646174537,0.011914073145543257,0.0266307178843783,26.57576563325326,0.0266307178843783,0.8563975457676709,-36.073470228279746,4.415885040048117e-17,45.0
robust,increasing_centering,1000,read,0,1,0,8,43eed8aa5517d4ab,7411aab01ff2db8e,1,1,0.001,0.2079343069623639,4.615359086053874e-10,0.9999999995384654,2.6029791000764817,instant_RF_exact_pathways,runs\combined_factor_study\cases\7411aab01ff2db8e,0.20793430686598924,4.106514969942499e-07,0.20793430686639475,0.0001131539955243316,0.20793430686639475,0.0,0.0,0.0,0.0,0.0,7.571319947865433e-17,9.596898230874003e-11,9.59689823087699e-11,89.99995479740767,9.596915488449069e-11,0.20793430686598932,4.1074746597655864e-07,0.20793430686639502,0.00011318043953798813,0.20793430686639502,0.0,0.0,0.0,0.0
robust,increasing_centering,1000,read,0,1,0,8,43eed8aa5517d4ab,7411aab01ff2db8e,2,1,0.001,0.1695094587679279,5.940369892652228e-09,0.9999999940595978,2.6030851000687107,instant_RF_exact_pathways,runs\combined_factor_study\cases\7411aab01ff2db8e,0.16950945776097884,7.409494023544126e-09,0.169509457760979,2.5044781659033354e-06,0.169509457760979,-7.901428071223007e-15,-1.446596391606742e-20,7.901428071236249e-15,-179.99989510267366,7.901428071237268e-15,2.3756587108621448e-15,9.498636581621633e-10,9.498636581651341e-10,89.99985670025744,1.0069409893231188e-09,0.16950945776097334,8.359357681691822e-09,0.16950945776097354,2.8255409516829723e-06,0.16950945776097354,4.6613493598932197e-14,-179.99989760715184,2.775557561562896e-17,0.0
robust,increasing_centering,1000,read,0,1,0,8,43eed8aa5517d4ab,7411aab01ff2db8e,3,1,0.001,0.13781643234454694,1.024160670471829e-08,0.9999999897586177,2.6031481000827625,instant_RF_exact_pathways,runs\combined_factor_study\cases\7411aab01ff2db8e,0.13781643093281648,2.7217501780232996e-07,0.13781643093308524,0.00011315399552433165,0.13781643093308524,2.703225279188944e-14,-4.868583672969102e-22,2.7032252791889447e-14,-1.031912873910102e-06,4.179514498584071e-14,4.1357305580994e-15,-1.6496551801609185e-10,1.6496551806793382e-10,-89.99856357917108,1.4114199081415773e-09,0.1378164309328477,2.720100522843134e-07,0.13781643093311616,0.00011308541278795503,0.13781643093311616,3.0326677504864637e-13,-0.00011418590839824174,5.551115123125783e-17,0.0
robust,increasing_centering,1000,read,0,1,0,8,43eed8aa5517d4ab,7411aab01ff2db8e,4,1,0.001,0.11164391215073384,1.4354876462571226e-08,0.9999999856452974,2.603246600017883,instant_RF_exact_pathways,runs\combined_factor_study\cases\7411aab01ff2db8e,0.11164391054809916,4.880110519483168e-09,0.11164391054809927,2.5044781659033503e-06,0.11164391054809927,1.6495920229710974e-14,9.92203796588679e-20,1.6495920230009372e-14,0.000344625150758859,9.482235730490234e-14,2.866834507780633e-15,6.288821539865891e-10,6.288821539931235e-10,89.99973881033702,1.6025397407613164e-09,0.11164391054811854,5.50899267356898e-09,0.11164391054811867,2.8272211893540952e-06,0.11164391054811867,8.493285077369897e-13,0.00034212067259295557,1.6543612251060553e-24,0.0
robust,increasing_centering,1000,read,0,1,0,8,43eed8aa5517d4ab,7411aab01ff2db8e,5,1,0.001,0.09003181851529644,1.8060601359115398e-08,0.9999999819398571,2.6034727999940515,instant_RF_exact_pathways,runs\combined_factor_study\cases\7411aab01ff2db8e,0.09003181688909208,1.7780471601757186e-07,0.09003181688926766,0.00011315399552433162,0.09003181688926766,3.86195184309451e-14,-1.0220338286081295e-19,3.861951843108034e-14,-0.0001516285735240666,1.5271562261466638e-13,2.9047741673279405e-15,-1.213454054008893e-10,1.2134540543565662e-10,-89.99862844992239,1.6258760534478248e-09,0.0900318168891336,1.776833706120688e-07,0.09003181688930893,0.00011307677194000854,0.09003181688930893,1.6962405639814988e-12,-0.0002647825690483982,2.6469779601696886e-23,0.0
robust,increasing_centering,1000,read,0,1,0,8,43eed8aa5517d4ab,7411aab01ff2db8e,6,1,0.001,0.07220500195223421,2.181020483819002e-08,0.9999999781901405,2.6040859000058845,instant_RF_exact_pathways,runs\combined_factor_study\cases\7411aab01ff2db8e,0.07220500037742826,3.156180934287182e-09,0.07220500037742833,2.504478165903353e-06,0.07220500037742833,2.332986588844636e-14,2.238261856443589e-19,2.332986588952005e-14,0.000549694363562155,2.1189410479316936e-13,1.5792546139442889e-15,4.3611786103912183e-10,4.3611786104198124e-10,89.99979252254438,1.5745940217418903e-09,0.07220500037745319,3.59229879555013e-09,0.07220500037745327,2.8505444035593686e-06,0.07220500037745327,2.934618088277924e-12,0.0005471898853962515,1.3877787807814463e-17,0.0
robust,increasing_centering,1000,read,0,1,0,8,43eed8aa5517d4ab,7411aab01ff2db8e,7,1,0.001,0.0575375408685032,2.5124047967835293e-08,0.9999999748766705,2.6064539999933913,instant_RF_exact_pathways,runs\combined_factor_study\cases\7411aab01ff2db8e,0.05753753942281506,1.1363144953551375e-07,0.05753753942292726,0.00011315399552433168,0.05753753942292726,3.995411624255802e-14,-2.1199717989068498e-19,3.995411624312045e-14,-0.00030401232259918656,2.649688981651457e-13,1.478389908137521e-15,-6.16193726292688e-11,6.161937264700378e-11,-89.99862534299555,1.4453109602858792e-09,0.05753753942285651,1.135698301626725e-07,0.057537539422968596,0.00011309263506227269,0.057537539422968596,4.6051481200892466e-12,-0.0004171663181235182,2.0816681711738513e-17,0.0
robust,increasing_centering,1000,read,0,1,0,8,43eed8aa5517d4ab,7411aab01ff2db8e,8,1,0.001,0.045512268941273165,2.8431078439455205e-08,0.9999999715694132,2.6148524000309408,instant_RF_exact_pathways,runs\combined_factor_study\cases\7411aab01ff2db8e,0.045512267647310235,1.9894044827056295e-09,0.04551226764731028,2.50447816590338e-06,0.04551226764731028,2.1707833203236275e-14,3.1755764630628163e-19,2.1707833205559004e-14,0.0008381634737016352,3.1026693494554813e-13,6.582770684749643e-16,3.0436068628356327e-10,3.0436068628427516e-10,89.99987607960071,1.2936526175462552e-09,0.04551226764733259,2.293765169306752e-09,0.045512267647332655,2.8876404140915185e-06,0.045512267647332655,6.817215273224493e-12,0.0008356589955357317,6.938893903907426e-18,0.0
robust,original,1000,read,45,0.8,100,8,817d04f3f17dfe0b,75b4b222e2958b86,1,1,0.001,0.16117406049512426,0.003874600236189322,0.9926814400933707,2.6577736999606714,instant_RF_exact_pathways,runs\combined_factor_study\cases\75b4b222e2958b86,0.11172875294035241,-0.11529463101586453,0.16054957544226225,-45.89987630772976,0.16054957544226225,0.0,0.0,0.0,0.0,0.0,-0.0005909743423765462,0.0002006098352108518,0.0006240953287204739,161.24990630148437,0.0006244850528620029,0.11113777859797586,-0.11509402118065368,0.159994498477996,-46.00186136616479,0.159994498477996,0.0,0.0,0.0,45.0
robust,original,1000,read,45,0.8,100,8,817d04f3f17dfe0b,75b4b222e2958b86,2,1,0.001,0.13647866495283334,0.033578856044286697,0.9814176904481099,2.658013300038874,instant_RF_exact_pathways,runs\combined_factor_study\cases\75b4b222e2958b86,0.09471789802601516,0.09178801479253795,0.1318958675092657,44.09999562964519,0.1318958675092657,-7.30982763365509e-05,8.821974652394898e-05,0.00011456911311572839,129.64491237066377,0.00013168963817860433,0.004067971169066241,-0.0013422488532077324,0.004283692497868122,-18.260582919244133,0.004451107805389042,0.09871277091874485,0.09053398568585416,0.1339425761534511,42.525355465621494,0.1339425761534511,0.0009649100701865446,85.54491674101858,1.3877787807814457e-17,45.0
robust,original,1000,read,45,0.8,100,8,817d04f3f17dfe0b,75b4b222e2958b86,3,1,0.001,0.12101063467643018,0.27875513670639224,0.747758522423091,2.6581674999324605,instant_RF_exact_pathways,runs\combined_factor_study\cases\75b4b222e2958b86,0.06073822021424102,-0.06267671037105153,0.0872782986642746,-45.89987630772975,0.0872782986642746,0.017938853625429255,0.017101890095236723,0.024784614465916798,43.63172534751928,0.025202717078150808,0.0009157081762611876,0.0025302158600034284,0.0026908202768457946,70.10434826346624,0.00852961893400477,0.07959278201593147,-0.04304460441581138,0.09048673338312789,-28.404983785653567,0.09048673338312789,0.2082686132961805,89.53160165524902,6.938893903907228e-18,45.0
robust,original,1000,read,45,0.8,100,8,817d04f3f17dfe0b,75b4b222e2958b86,4,1,0.001,0.13606568140704203,0.47314668010586136,0.46414435939694604,2.6584089000243694,instant_RF_exact_pathways,runs\combined_factor_study\cases\75b4b222e2958b86,0.05148007665816894,0.049887657309742685,0.07168665597295827,44.09999562964518,0.07168665597295827,0.008665301281530152,-0.037273763072974885,0.03826775221932893,-76.91250480280526,0.05333332919014488,0.0020856287370075366,-0.0018554326538592488,0.0027915009513949348,-41.65717071517984,0.011045696243938858,0.062231006676706634,0.010758461582908553,0.06315411853258047,9.808314413909683,0.06315411853258047,0.39196753096467885,-121.01250043245042,1.734723475976807e-18,45.0
robust,original,1000,read,45,0.8,100,8,817d04f3f17dfe0b,75b4b222e2958b86,5,1,0.001,0.15113652356878976,0.6861995598071784,0.40356884575908497,2.658884200034663,instant_RF_exact_pathways,runs\combined_factor_study\cases\75b4b222e2958b86,0.03300492626294515,-0.03405829470972052,0.04742670762509899,-45.89987630772974,0.04742670762509899,0.022636472249286745,0.05400782987471633,0.05855984600106997,67.25982633356348,0.0894223098448134,0.0015435856843434336,0.001267078313835368,0.0019970338550715323,39.381437851960975,0.014287506098877256,0.05718498419657535,0.021216613478831223,0.06099399236869722,20.35572071958626,0.06099399236869722,0.5916657849028323,113.15970264129324,5.2845041577819695e-17,45.0
robust,original,1000,read,45,0.8,100,8,817d04f3f17dfe0b,75b4b222e2958b86,6,1,0.001,0.1813028675780057,0.7851874809976374,0.27829681300833065,2.6613476999336854,instant_RF_exact_pathways,runs\combined_factor_study\cases\75b4b222e2958b86,0.02796823911901526,0.027103105109789482,0.03894612568678318,44.09999562964518,0.03894612568678318,0.009827747023916087,-0.058254011966982135,0.05907719121467598,-80.42408025742436,0.1245818408844161,0.00204452178492878,0.00019056291516423868,0.00205338344049139,5.324959968754826,0.01777490100680649,0.03984050792786014,-0.030960343942028463,0.050456010236230385,-37.851035006675225,0.050456010236230385,0.6871476582178969,-124.52407588706954,5.0515910130503314e-17,45.0
robust,original,1000,read,45,0.8,100,8,817d04f3f17dfe0b,75b4b222e2958b86,7,1,0.001,0.2169935945493696,0.8812835985887848,0.24049615044900238,2.6685848999768496,instant_RF_exact_pathways,runs\combined_factor_study\cases\75b4b222e2958b86,0.017927239793754598,-0.018499396464733687,0.025760698674185442,-45.89987630772975,0.025760698674185442,0.020097787441268226,0.05418031989191189,0.05778778524588308,69.64803832673891,0.16934487851462818,0.0009881189110013215,-0.0010201966206220309,0.0014202746660442302,-45.91507588165903,0.02188801736055532,0.03901314614602401,0.03466072680655617,0.052186124161215014,41.61907617650201,0.052186124161215014,0.7804141816550232,115.54791463446865,1.32021460364232e-16,45.0
robust,original,1000,read,45,0.8,100,8,817d04f3f17dfe0b,75b4b222e2958b86,8,1,0.001,0.2666849436555159,0.9206935245330665,0.13603056167171032,2.685732000041753,instant_RF_exact_pathways,runs\combined_factor_study\cases\75b4b222e2958b86,0.015188259532472555,0.014718445190333442,0.021149842941416683,44.099995629645186,0.021149842941416683,0.0097980805187601,-0.04051475647754105,0.04168270473813522,-76.40463684284752,0.2183873434717014,0.0023762840956194366,0.001977631870399795,0.0030915617279806775,39.76848439840568,0.027147757242398304,0.02736262414685217,-0.02381867941680761,0.03627730267484825,-41.038993273354585,0.03627730267484825,0.8188964119166704,-120.50463247249273,2.177751704867561e-16,45.0
robust,weak_increasing_centering,1000,read,90,1.2,100,8,2d2f4765ae50fff9,76343b7238250131,1,1,0.001,0.1792070068442489,0.0018613961388770479,0.997587092231777,4.02685779996682,instant_RF_exact_pathways,runs\combined_factor_study\cases\76343b7238250131,-0.0028099093617676555,-0.1788513599238807,0.1788734316136493,-90.90009213794605,0.1788734316136493,0.0,0.0,0.0,0.0,0.0,-0.00031436468316796943,0.00010406513023122506,0.00033114151861906357,161.68374480829752,0.00033357523059958746,-0.003124274044935625,-0.17874729479364948,0.1787745968653144,-91.00135496357119,0.1787745968653144,0.0,180.0,0.0,90.0
robust,weak_increasing_centering,1000,read,90,1.2,100,8,2d2f4765ae50fff9,76343b7238250131,2,1,0.001,0.13846807787095314,0.047472983015099474,0.940700891615349,4.027055199956521,instant_RF_exact_pathways,runs\combined_factor_study\cases\76343b7238250131,0.002071231708914274,0.13187832116871123,0.1318945851620519,89.10020784189155,0.1318945851620519,8.716480491401964e-06,0.0001446785232430283,0.00014494085731752958,86.55225533382021,0.00014689092854045676,0.005889366321953818,-0.002009971039053044,0.006222910834327921,-18.844165847830553,0.006426601780360767,0.007969314511359495,0.1300130286529012,0.13025704431346918,86.49237067627055,0.13025704431346918,0.0010608288263909706,-2.5479525080713374,2.7755575615628914e-17,90.0
robust,weak_increasing_centering,1000,read,90,1.2,100,8,2d2f4765ae50fff9,76343b7238250131,3,1,0.001,0.10634459317019979,0.08664044849489484,0.9181083209760869,4.027168900007382,instant_RF_exact_pathways,runs\combined_factor_study\cases\76343b7238250131,-0.0015258212583766082,-0.09711886467745372,0.09713084992292655,-90.90009213794605,0.09713084992292655,5.326679431832646e-05,-0.00036759996336586465,0.00037143920692831546,-81.75498635366624,0.0006963164428619575,0.007854716917450846,5.942344633247837e-05,0.007854941692925705,0.43345263257760336,0.008517426804411282,0.0063821624533925625,-0.09742704119448709,0.09763585588037715,-86.25207480795089,0.09763585588037715,0.006547737144920325,9.145105784279792,2.7809732887839817e-17,90.0
robust,weak_increasing_centering,1000,read,90,1.2,100,8,2d2f4765ae50fff9,76343b7238250131,4,1,0.001,0.08315826733231829,0.14113539982829915,0.8527202074667849,4.027333199977875,instant_RF_exact_pathways,runs\combined_factor_study\cases\76343b7238250131,0.0011215841275159456,0.07141288497548713,0.07142169202334296,89.10020784189155,0.07142169202334296,4.7321458986269805e-05,0.000393416243042006,0.0003962520167391908,83.141217755196,0.0014879003658181426,0.0069553630264923595,-0.0013625038066882463,0.007087558920639525,-11.083466797579643,0.010248674943157217,0.008124268612994576,0.07044379741184088,0.07091073497219282,83.42115515403117,0.07091073497219282,0.01789239258523958,-5.958990086695542,1.3877787807814457e-17,90.0
robust,weak_increasing_centering,1000,read,90,1.2,100,8,2d2f4765ae50fff9,76343b7238250131,5,1,0.001,0.07051996889053685,0.25657535031092665,0.8003150610174927,4.027702499995939,instant_RF_exact_pathways,runs\combined_factor_study\cases\76343b7238250131,-0.0008235605620633617,-0.05241981414377282,0.052426283168531713,-90.90009213794605,0.052426283168531713,-2.9703505442792028e-05,-0.003820286236763154,0.003820401710427527,-90.44547740646611,0.00567951721305316,0.003556739743279594,-0.0001333053315643829,0.003559236984642647,-2.1464206266414387,0.01241416850895197,0.00270347567577344,-0.05637340571210035,0.05643819320558169,-87.25439395522181,0.05643819320558169,0.0805377158045698,0.4546147314799311,6.938893903907228e-18,90.0
robust,weak_increasing_centering,1000,read,90,1.2,100,8,2d2f4765ae50fff9,76343b7238250131,6,1,0.001,0.06614298852839802,0.41934006372065036,0.6298914042412064,4.028921899967827,instant_RF_exact_pathways,runs\combined_factor_study\cases\76343b7238250131,0.0006031250902929629,0.03840184756743475,0.03840658350422535,89.10020784189155,0.03840658350422535,8.636268459598549e-05,0.005370498075112057,0.005371192427019621,89.07870912517059,0.008164983150947115,-0.004335002683530609,-0.00226924393677078,0.004893027315557162,-152.36929085697088,0.01957142187322551,-0.003645514908641653,0.04150310170577604,0.041662899924862634,95.01981554545999,0.041662899924862634,0.12344442445991895,-0.021498716720953978,2.2083683937901998e-17,90.0
robust,weak_increasing_centering,1000,read,90,1.2,100,8,2d2f4765ae50fff9,76343b7238250131,7,1,0.001,0.06388201228069441,0.5605327658005781,0.5752466389956593,4.03272489993833,instant_RF_exact_pathways,runs\combined_factor_study\cases\76343b7238250131,-0.00044101317185203437,-0.028070587116895952,0.028074051252090282,-90.90009213794605,0.028074051252090282,-0.00016969747654310905,-0.009812348910227156,0.009813816198074077,-90.99079028993799,0.013579411754877901,-0.004570391793235382,0.0015020993570224212,0.004810902578730992,161.80643760506044,0.022228549273726198,-0.005181102441630527,-0.03638083667010066,0.036747912856748895,-98.10515969540302,0.036747912856748895,0.21257019417626727,-0.09069815199194835,2.7809732887839817e-17,90.0
robust,weak_increasing_centering,1000,read,90,1.2,100,8,2d2f4765ae50fff9,76343b7238250131,8,1,0.001,0.06817427644086944,0.699726199790847,0.4414470204071953,4.044349099975079,instant_RF_exact_pathways,runs\combined_factor_study\cases\76343b7238250131,0.000321469442885827,0.020468424779498406,0.020470949063409193,89.10020784189155,0.020470949063409193,0.000128173744220834,0.011109333093930059,0.011110072470537588,89.33898023414113,0.016737757088336545,-0.008871675014857163,-0.002684880894405421,0.009269045419372166,-163.16233877821705,0.030965570289123466,-0.008422031827750497,0.028892876979023124,0.030095331203238266,106.25096171379518,0.030095331203238266,0.2455142608349344,0.2387723922495752,7.996680103938912e-17,90.0
robust,high_low_permutation_alternating,1000,read,45,1,0,8,8cff258929ec712e,7f41eaf4e3a2b17e,1,1,0.001,0.18663396121843245,8.946403422654346e-10,0.9999999984727547,2.7126492999959737,instant_RF_exact_pathways,runs\combined_factor_study\cases\7f41eaf4e3a2b17e,0.13197042080181534,-0.13196985811597467,0.18663396105146218,-44.99987785295979,0.18663396105146218,0.0,0.0,0.0,0.0,0.0,-4.4836314295317113e-17,1.6697022890116879e-10,1.669702289011748e-10,90.0000153855666,1.6697028013466679e-10,0.13197042080181529,-0.13196985794900445,0.1866339609333966,-44.99987781671407,0.1866339609333966,0.0,0.0,0.0,45.0
robust,high_low_permutation_alternating,1000,read,45,1,0,8,8cff258929ec712e,7f41eaf4e3a2b17e,2,1,0.001,0.16925378114308137,8.86851593995987e-11,0.9999999998947388,2.712784400093369,instant_RF_exact_pathways,runs\combined_factor_study\cases\7f41eaf4e3a2b17e,0.11968050993056116,0.11968048282368282,0.16925378112807107,44.99999351143347,0.16925378112807107,2.0617774021125993e-16,-5.296046983718435e-16,5.68322441133687e-16,-68.7287895620211,7.489752821959677e-16,2.3689837092817433e-17,-3.967368573399455e-12,3.967368573470183e-12,-89.99965787708966,1.5009552265531033e-11,0.1196805099305614,0.11968048281971491,0.1692537811252655,44.99999351048362,0.1692537811252655,4.425161300017337e-15,-113.72878307345458,1.3877787807814457e-17,45.0
robust,high_low_permutation_alternating,1000,read,45,1,0,8,8cff258929ec712e,7f41eaf4e3a2b17e,3,1,0.001,0.1201740668144487,4.502052491755508e-09,0.9999999923146454,2.712858800077811,instant_RF_exact_pathways,runs\combined_factor_study\cases\7f41eaf4e3a2b17e,0.08497607834190082,-0.08497571602710491,0.12017406627341874,-44.99987785295979,0.12017406627341874,1.0365298210131669e-14,1.721733379874136e-14,2.0096666144468848e-14,58.950927759943845,2.6960411697891247e-14,-1.482512592402516e-15,5.410007506748247e-10,5.41000750676856e-10,90.00015700849679,5.410030116357118e-10,0.0849760783419097,-0.08497571548608697,0.12017406589086839,-44.99987767056325,0.12017406589086839,2.243446727946612e-13,103.95080561290364,2.7755575615628914e-17,45.0
robust,high_low_permutation_alternating,1000,read,45,1,0,8,8cff258929ec712e,7f41eaf4e3a2b17e,4,1,0.001,0.10862099127690161,1.645948234741788e-09,0.9999999980091078,2.712975100032054,instant_RF_exact_pathways,runs\combined_factor_study\cases\7f41eaf4e3a2b17e,0.07680664808279164,0.07680663068657179,0.10862099109811708,44.99999351143348,0.10862099109811708,-1.698854827823238e-14,-4.1588643407725366e-14,4.492467065095493e-14,-112.21952774601863,5.92680187432668e-14,6.30614726365254e-17,-5.2929490173289726e-11,5.292949017332729e-11,-89.99993173642483,1.787252931933897e-10,0.07680664808277472,0.07680663063360071,0.10862099106064893,44.99999349168226,0.10862099106064893,5.456405621651717e-13,-157.21952125745213,1.3877787807814457e-17,45.0
robust,high_low_permutation_alternating,1000,read,45,1,0,8,8cff258929ec712e,7f41eaf4e3a2b17e,5,1,0.001,0.07767470897323316,9.72196286859499e-09,0.9999999834063129,2.713215499999933,instant_RF_exact_pathways,runs\combined_factor_study\cases\7f41eaf4e3a2b17e,0.05492442999895417,-0.05492419581618141,0.07767470821808252,-44.9998778529598,0.07767470821808252,1.9051350437222176e-14,4.525978240645495e-14,4.910602668676722e-14,67.17215272721468,3.2546890877534656e-13,-1.5204164717408439e-15,7.548233374349649e-10,7.548233374364962e-10,90.0001154090535,7.54825168783097e-10,0.0549244299989717,-0.054924195061312804,0.07767470768432334,-44.99987745921903,0.07767470768432334,4.190152922072791e-12,112.17203058017449,9.813077866773595e-18,45.0
robust,high_low_permutation_alternating,1000,read,45,1,0,8,8cff258929ec712e,7f41eaf4e3a2b17e,6,1,0.001,0.06990846797481617,4.930007046173094e-09,0.9999999942168077,2.7138341000536457,instant_RF_exact_pathways,runs\combined_factor_study\cases\7f41eaf4e3a2b17e,0.049432757121754343,0.04943274592554759,0.06990846763016693,44.99999351143347,0.06990846763016693,-6.383297518872411e-14,-1.1308916858024154e-13,1.2986072836548608e-13,-119.44247622521443,1.618584673437748e-13,1.4970869102299616e-16,-8.417380693942786e-11,8.4173806939561e-11,-89.99989809566107,3.444873382665279e-10,0.04943275712169066,0.04943274584126069,0.06990846757052206,44.99999346262337,0.06990846757052206,2.3152912949269993e-12,-164.4424697366479,6.938893903907228e-18,45.0
robust,high_low_permutation_alternating,1000,read,45,1,0,8,8cff258929ec712e,7f41eaf4e3a2b17e,7,1,0.001,0.05030150324189789,1.6942954312368446e-08,0.9999999710829465,2.71613570000045,instant_RF_exact_pathways,runs\combined_factor_study\cases\7f41eaf4e3a2b17e,0.035568609270925304,-0.035568457616087144,0.05030150238964182,-44.9998778529598,0.05030150238964182,-3.704467192725515e-14,1.345986131343984e-13,1.3960334657844492e-13,105.38814417574027,6.238570961308195e-13,-1.2807268344136807e-15,8.516311732500866e-10,8.516311732510497e-10,90.00008616434512,8.516321900831993e-10,0.03556860927088698,-0.03556845676432134,0.050301501787326626,-44.99987716695323,0.050301501787326626,1.2402354918315583e-11,150.38802202870005,2.8609792490763984e-17,45.0
robust,high_low_permutation_alternating,1000,read,45,1,0,8,8cff258929ec712e,7f41eaf4e3a2b17e,8,1,0.001,0.04503715339594118,1.1317680275613906e-08,0.9999999865886787,2.7248033999931067,instant_RF_exact_pathways,runs\combined_factor_study\cases\7f41eaf4e3a2b17e,0.03184607981765264,0.031846072604717036,0.045037152886225076,44.99999351143347,0.045037152886225076,-1.563708375900196e-13,-2.2692247015238466e-13,2.7558237662931966e-13,-124.57048082865595,3.483467060475526e-13,1.9145007872420496e-16,-1.3296538299585193e-10,1.3296538299598976e-10,-89.99991750272703,5.093677877237151e-10,0.03184607981749644,0.03184607247152472,0.045037152791933446,44.999993391757684,0.045037152791933446,7.734651943587228e-12,-169.57047434008942,3.1031676915590914e-17,45.0
robust,increasing_centering,1000,read,0,0.8,0,8,43eed8aa5517d4ab,8554bdff87a8b03e,1,1,0.001,0.17923335091281165,0.002010866201569564,0.998010911958451,2.507743199937977,instant_RF_exact_pathways,runs\combined_factor_study\cases\8554bdff87a8b03e,0.17887293662491818,3.532579125777479e-07,0.17887293662526701,0.0001131539955243316,0.17887293662526701,0.0,0.0,0.0,0.0,0.0,3.546684473854441e-06,0.00035686724303575496,0.000356884866760553,89.43059116373611,0.0003604142875446312,0.17887648330939204,0.00035722050094833273,0.17887683999786422,0.11442085327722949,0.17887683999786422,0.0,0.0,0.0,0.0
robust,increasing_centering,1000,read,0,0.8,0,8,43eed8aa5517d4ab,8554bdff87a8b03e,2,1,0.001,0.13808894844736558,0.044862971656196855,0.955505246785818,2.5078598000109196,instant_RF_exact_pathways,runs\combined_factor_study\cases\8554bdff87a8b03e,0.13189386786713725,5.765264302135293e-09,0.1318938678671374,2.5044781659033596e-06,0.1318938678671374,-0.00014689423866454934,-2.6893451877878786e-10,0.00014689423866479553,-179.99989510267366,0.00014689423866481445,6.199511217492041e-05,-0.005983609246336703,0.005983930397888972,-89.40638984941782,0.006048186341563366,0.1318089687406476,-0.005983603750006919,0.13194471476459416,-2.599216353073549,0.13194471476459416,0.001063765350641403,-179.99989760715184,2.7755575615628914e-17,0.0
robust,increasing_centering,1000,read,0,0.8,0,8,43eed8aa5517d4ab,8554bdff87a8b03e,3,1,0.001,0.10537419027232826,0.07953008199070621,0.9281507556515334,2.507925699930638,instant_RF_exact_pathways,runs\combined_factor_study\cases\8554bdff87a8b03e,0.09699377228007657,1.9155394983283405e-07,0.09699377228026572,0.00011315399552433162,0.09699377228026572,0.00044582401049697725,-2.3777578034738447e-11,0.0004458240104969779,-3.055813137822731e-06,0.0006963634584370036,6.772283800143338e-05,0.007600847913715781,0.007601149609777754,89.48951351693847,0.007684054533625556,0.09750731912857497,0.007601039443888036,0.09780313432742993,4.4573938591137106,0.09780313432742993,0.006608482178010831,-0.00011620980866215433,1.3877787807814457e-17,0.0
robust,increasing_centering,1000,read,0,0.8,0,8,43eed8aa5517d4ab,8554bdff87a8b03e,4,1,0.001,0.08193184249038116,0.13256417997509684,0.8739351451857358,2.5080279000103474,instant_RF_exact_pathways,runs\combined_factor_study\cases\8554bdff87a8b03e,0.07107061497679491,3.1065953715852088e-09,0.07107061497679498,2.5044781659033723e-06,0.07107061497679498,0.00027012459047777855,1.512643671781342e-09,0.00027012459048201377,0.0003208449039979823,0.0014422635681845012,6.878155819906529e-05,-0.005261811187953881,0.005262260719541072,-89.2510813460823,0.009418963945401627,0.07140952112547176,-0.005261806568714837,0.0716031166621661,-4.214220323548872,0.0716031166621661,0.01760321169823349,0.00031834042583207887,1.3877787807814457e-17,0.0
robust,increasing_centering,1000,read,0,0.8,0,8,43eed8aa5517d4ab,8554bdff87a8b03e,5,1,0.001,0.06907116816521658,0.24947281323369452,0.8121175657083946,2.5082535999827087,instant_RF_exact_pathways,runs\combined_factor_study\cases\8554bdff87a8b03e,0.0518397895296013,1.0237890752639241e-07,0.0518397895297024,0.0001131539955243316,0.0518397895297024,0.0038652476368707255,5.511836429949107e-09,0.0038652476368746555,8.17036822660082e-05,0.005505745159387464,5.803149627615966e-05,0.006083213135918674,0.006083489928616103,89.45343704307338,0.01172563347612675,0.0557630686627482,0.006083321026662632,0.05609390895097084,6.225907425570649,0.05609390895097084,0.07971119217526268,-3.14503132583234e-05,2.0888836804026048e-17,0.0
robust,increasing_centering,1000,read,0,0.8,0,8,43eed8aa5517d4ab,8554bdff87a8b03e,6,1,0.001,0.058508535189077455,0.3572716653904081,0.7356696476024479,2.5088918999535963,instant_RF_exact_pathways,runs\combined_factor_study\cases\8554bdff87a8b03e,0.03760509338252242,1.6437709043085928e-09,0.03760509338252246,2.504478165903378e-06,0.03760509338252246,0.00532794890097224,2.3589663576354026e-09,0.005327948900972762,2.5367888997806342e-05,0.007862291660966053,5.1004118707537996e-05,-0.0022511365669921016,0.0022517142943486675,-88.70206859658155,0.013041150145588994,0.04298404640220221,-0.002251132564254838,0.04304295346428404,-2.997918503114829,0.04304295346428404,0.13437854213164113,2.2863410831902966e-05,7.152448122690996e-18,0.0
robust,increasing_centering,1000,read,0,0.8,0,8,43eed8aa5517d4ab,8554bdff87a8b03e,7,1,0.001,0.05545009849760649,0.5111894821058942,0.6666584132755129,2.5108868000097573,instant_RF_exact_pathways,runs\combined_factor_study\cases\8554bdff87a8b03e,0.027104591363841347,5.352912266734487e-08,0.027104591363894204,0.00011315399552433162,0.027104591363894204,0.009662561266572904,1.7127939086735764e-08,0.009662561266588085,0.00010156299084188421,0.012905197248465288,4.1109851758074644e-05,0.0034142047842575718,0.0034144522736097604,89.31014472475181,0.015440309885247003,0.036808262482172324,0.003414275441319316,0.03696627468038524,5.299500227166324,0.03696627468038524,0.23273533497911358,-1.1591004682447416e-05,9.540979117872439e-18,0.0
robust,increasing_centering,1000,read,0,0.8,0,8,43eed8aa5517d4ab,8554bdff87a8b03e,8,1,0.001,0.051352464802305195,0.6223661279669674,0.5878378760128585,2.5175448999507353,instant_RF_exact_pathways,runs\combined_factor_study\cases\8554bdff87a8b03e,0.01939243012173451,8.476700768614473e-10,0.019392430121734527,2.5044781659033744e-06,0.019392430121734527,0.010755649736719525,1.9105390290454306e-09,0.010755649736719695,1.0177518386974855e-05,0.015670069134328113,3.3188887978394016e-05,-0.0005842866116099971,0.0005852284569225372,-86.74895512103254,0.016289965546242607,0.030181268746432406,-0.0005842838534008899,0.03018692383741216,-1.1090593282843184,0.03018692383741216,0.3051473613711467,7.67304022107148e-06,2.4320953051510443e-17,0.0
robust,original,1000,read,90,1.2,100,8,3c645498b9004a58,89ff3e2539f9591f,1,1,0.001,0.16112780933716794,0.003585908692309175,0.995336754779919,2.3914086000295356,instant_RF_exact_pathways,runs\combined_factor_study\cases\89ff3e2539f9591f,-0.002522069859931905,-0.16053020898681156,0.16055001972509306,-90.9000927109277,0.16055001972509306,0.0,0.0,0.0,0.0,0.0,-0.0005453957472635243,0.00018311600699099205,0.0005753155596274649,161.4405814126485,0.0005777896120748985,-0.003067465607195429,-0.16034709297982055,0.16037643085045428,-91.09594377331324,0.16037643085045428,0.0,180.0,0.0,90.0
robust,original,1000,read,90,1.2,100,8,3c645498b9004a58,89ff3e2539f9591f,2,1,0.001,0.13676133270367138,0.03557107694436511,0.955842478938293,2.391571899992414,instant_RF_exact_pathways,runs\combined_factor_study\cases\89ff3e2539f9591f,0.002071253464340343,0.13188032072664027,0.13189658481505517,89.10021203284313,0.13189658481505517,8.500684619931353e-06,0.00012946825155921084,0.00012974702231961487,86.24343999549376,0.000131686670675706,0.004395274143767814,-0.0014479590100471963,0.00462763655591607,-18.23371405712098,0.004733061217940504,0.006475028292728089,0.1305618299681523,0.1307222912743819,87.16082344074506,0.1307222912743819,0.0009628940291261935,-2.856772037349376,8.673617379884035e-19,90.0
robust,original,1000,read,90,1.2,100,8,3c645498b9004a58,89ff3e2539f9591f,3,1,0.001,0.12115051570976475,0.27958204763246775,0.49587790476551946,2.3916480999905616,instant_RF_exact_pathways,runs\combined_factor_study\cases\89ff3e2539f9591f,-0.0013710602587538741,-0.08726823684305632,0.08727900645589927,-90.9000927109277,0.08727900645589927,0.00030588661923160935,0.024650120349575363,0.024652018170372467,89.28904554883125,0.025202216812003925,0.0014210993497832446,0.0025433069707764115,0.0029134058607674707,60.805268106212395,0.00866929244186156,0.00035592571026097963,-0.06007480952270454,0.06007586389142029,-89.66054320318462,0.06007586389142029,0.20802401594707057,-179.81086174024105,1.6263032587282567e-19,90.0
robust,original,1000,read,90,1.2,100,8,3c645498b9004a58,89ff3e2539f9591f,4,1,0.001,0.1363728075913529,0.4743275431769093,0.12909897567303133,2.391761700040661,instant_RF_exact_pathways,runs\combined_factor_study\cases\89ff3e2539f9591f,0.0011257519327085963,0.07167858907674925,0.07168742881040911,89.10021203284313,0.07168742881040911,-0.0007576507041921149,-0.05256586859769271,0.052571328459717084,-90.82576742563637,0.05333247826856029,0.002227427074931532,-0.0016995064171743503,0.002801741143673847,-37.3432992381282,0.011352900512383505,0.002595528303448013,0.017413214061882204,0.01760558976969905,81.52218937218687,0.01760558976969905,0.3910785383870177,-179.9259794584795,1.7352654923862144e-17,90.0
robust,original,1000,read,90,1.2,100,8,3c645498b9004a58,89ff3e2539f9591f,5,1,0.001,0.15142194918790083,0.6867868505100514,0.2020328457619695,2.3920166000025347,instant_RF_exact_pathways,runs\combined_factor_study\cases\89ff3e2539f9591f,-0.0007450330999455984,-0.04742149340763628,0.04742734560704938,-90.9000927109277,0.04742734560704938,0.0010942788228568182,0.07697141824491022,0.07697919636353091,89.18549851259255,0.08942103357569926,0.001627074556315607,0.000978378521440146,0.0018985773997983425,31.01897395529275,0.014573570005152145,0.0019763202792268276,0.030528303358714065,0.030592207305255952,86.29599391012815,0.030592207305255952,0.5905420849175301,-179.91440877647975,1.7368905267604862e-17,90.0
robust,original,1000,read,90,1.2,100,8,3c645498b9004a58,89ff3e2539f9591f,6,1,0.001,0.18172680361318452,0.7856851446979396,0.23452993866836816,2.3927558000432327,instant_RF_exact_pathways,runs\combined_factor_study\cases\89ff3e2539f9591f,0.0006116049060340784,0.038941951120139345,0.03894675362086559,89.10021203284313,0.03894675362086559,-0.0012242226913320323,-0.08220656221998507,0.0822156772959163,-90.85318746999657,0.12458012501114443,0.001825206562235319,0.000661488117395332,0.0019413772235920797,19.92143922203275,0.018199924981174554,0.0012125887769373683,-0.04260312298245032,0.04262037610579875,-88.36966254305774,0.04262037610579875,0.6855352239415384,-179.9533995028397,6.945531467554183e-17,90.0
robust,original,1000,read,90,1.2,100,8,3c645498b9004a58,89ff3e2539f9591f,7,1,0.001,0.2174705493549786,0.8815417402216629,0.22939558938164137,2.3956191999604926,instant_RF_exact_pathways,runs\combined_factor_study\cases\89ff3e2539f9591f,-0.0004046807523415696,-0.02575800408164994,0.025761182829629754,-90.9000927109277,0.025761182829629754,0.0011409929019446407,0.07711712954712027,0.07712556991289996,89.15233738061322,0.16934248154067072,0.000818896432456154,-0.001496588143532478,0.0017059799056411554,-61.31359962316774,0.022366884984677822,0.0015552085820592244,0.049862537321937954,0.04988678484243464,88.21352833353791,0.04988678484243464,0.7786915609628221,-179.9475699084591,9.714669271500576e-17,90.0
robust,original,1000,read,90,1.2,100,8,3c645498b9004a58,89ff3e2539f9591f,8,1,0.001,0.2673267071068094,0.9208822150120156,0.12487518580837527,2.403594100032933,instant_RF_exact_pathways,runs\combined_factor_study\cases\89ff3e2539f9591f,0.00033213616454646057,0.021147688904049024,0.021150296934422406,89.10021203284313,0.021150296934422406,-0.0008861558621408865,-0.057071268792283344,0.05707814812844808,-90.88957039527936,0.21838400112405004,0.0020807555227564875,0.002576038309586382,0.0033114221896246164,51.070986598873816,0.027792409048336048,0.0015267358251620593,-0.033347541578647874,0.03338247222150394,-87.37868297495044,0.03338247222150394,0.8169180082586942,-179.9897824281225,6.248767970398198e-17,90.0
robust,increasing_centering,1000,read,90,1,0,8,bc062153b6b100ae,8d042d3ee4d6430b,1,1,0.001,0.2079343069623638,4.615359086053876e-10,0.9999999990769282,2.8987486000405625,instant_RF_exact_pathways,runs\combined_factor_study\cases\8d042d3ee4d6430b,-3.420686304230549e-07,-0.2079343068661133,0.20793430686639466,-90.00009425615774,0.20793430686639466,0.0,0.0,0.0,0.0,0.0,-9.686314212057606e-17,9.596915488444181e-11,9.596915488449069e-11,90.00005782951034,9.596915488449069e-11,-3.4206863051991803e-07,-0.20793430677014416,0.20793430677042551,-90.00009425615781,0.20793430677042551,0.0,180.0,0.0,90.0
robust,increasing_centering,1000,read,90,1,0,8,bc062153b6b100ae,8d042d3ee4d6430b,2,1,0.001,0.16950945876792786,5.9403698926522284e-09,0.9999999996632528,2.8988561000442132,instant_RF_exact_pathways,runs\combined_factor_study\cases\8d042d3ee4d6430b,-6.210320489877333e-07,0.16950945775984133,0.16950945776097898,90.00020991463144,0.16950945776097898,1.418867217558779e-20,6.722218632521573e-15,6.722218632536547e-15,89.99987906507107,7.901428071237265e-15,-9.58712931553144e-16,9.498603237894211e-10,9.498603237899048e-10,90.00005782977072,1.0069409893231188e-09,-6.210320499464321e-07,0.16950945870970838,0.16950945871084602,90.00020991463059,0.16950945871084602,4.661349359893219e-14,-0.0003308495603547367,0.0,90.0
robust,increasing_centering,1000,read,90,1,0,8,bc062153b6b100ae,8d042d3ee4d6430b,3,1,0.001,0.13781643234454688,1.0241606704718295e-08,0.9999999909551506,2.8989198999479413,instant_RF_exact_pathways,runs\combined_factor_study\cases\8d042d3ee4d6430b,-2.2671909455213126e-07,-0.13781643093289872,0.13781643093308518,-90.00009425615774,0.13781643093308518,-1.0078210958377291e-19,2.876017025291347e-14,2.876017025309005e-14,90.0002007773069,4.1795144985840703e-14,1.6648690173067142e-16,-1.6496154878715107e-10,1.6496154878723506e-10,-89.99994217442257,1.4114199081415773e-09,-2.2671909438574516e-07,-0.1378164310978315,0.137816431098018,-90.00009425615757,0.137816431098018,3.032667750486465e-13,-179.99970496653535,2.6469779601696886e-23,90.0
robust,increasing_centering,1000,read,90,1,0,8,bc062153b6b100ae,8d042d3ee4d6430b,4,1,0.001,0.11164391215073378,1.4354876462571233e-08,0.9999999912772548,2.899018900003284,instant_RF_exact_pathways,runs\combined_factor_study\cases\8d042d3ee4d6430b,-4.0902995880298354e-07,0.11164391054734994,0.11164391054809922,90.00020991463144,0.11164391054809922,4.252212599450612e-20,-8.551257395643216e-14,8.551257395644272e-14,-89.99997150900455,9.482235730490228e-14,-6.34743176268023e-16,6.288786524077501e-10,6.288786524080704e-10,90.00005783008365,1.6025397407613164e-09,-4.090299594376843e-07,0.1116439111761431,0.11164391117689239,90.00020991463057,0.11164391117689239,8.493285077369896e-13,179.99981857636402,1.387778780791543e-17,90.0
robust,increasing_centering,1000,read,90,1,0,8,bc062153b6b100ae,8d042d3ee4d6430b,5,1,0.001,0.09003181851529639,1.8060601359115408e-08,0.9999999832855495,2.89923970005475,instant_RF_exact_pathways,runs\combined_factor_study\cases\8d042d3ee4d6430b,-1.4810956768956493e-07,-0.09003181688914579,0.0900318168892676,-90.00009425615774,0.0900318168892676,-2.5008491169377717e-19,1.4621229194932714e-13,1.4621229194954103e-13,90.00009800003659,1.527156226146664e-13,1.2246500882565576e-16,-1.2134262310204605e-10,1.2134262310210786e-10,-89.99994217425036,1.6258760534478248e-09,-1.4810956756735004e-07,-0.0900318170103422,0.09003181701046402,-90.00009425615754,0.09003181701046402,1.6962405639815e-12,-179.9998077438057,1.38777878078397e-17,90.0
robust,increasing_centering,1000,read,90,1,0,8,bc062153b6b100ae,8d042d3ee4d6430b,6,1,0.001,0.0722050019522342,2.1810204838190023e-08,0.9999999842268901,2.899833200033754,instant_RF_exact_pathways,runs\combined_factor_study\cases\8d042d3ee4d6430b,-2.6453756577278656e-07,0.07220500037694372,0.07220500037742832,90.00020991463144,0.07220500037742832,1.4741889020553044e-19,-2.074143243605249e-13,2.074143243605773e-13,-89.99995927725698,2.1189410479316936e-13,-4.401816963923323e-16,4.3611584160214557e-10,4.361158416023677e-10,90.00005782994108,1.5745940217418903e-09,-2.645375662128208e-07,0.07220500081285217,0.07220500081333676,90.00020991463052,0.07220500081333676,2.934618088277925e-12,179.9998308081116,2.7755575615628914e-17,90.0
robust,increasing_centering,1000,read,90,1,0,8,bc062153b6b100ae,8d042d3ee4d6430b,7,1,0.001,0.05753754086850319,2.5124047967835296e-08,0.9999999759423274,2.9017021999461576,instant_RF_exact_pathways,runs\combined_factor_study\cases\8d042d3ee4d6430b,-9.465387220089435e-08,-0.0575375394228494,0.057537539422927254,-90.00009425615774,0.057537539422927254,-3.6979947366384045e-19,2.6131265770714034e-13,2.61312657707402e-13,90.00008108275081,2.6496889816514563e-13,6.218789662827764e-17,-6.161795643250791e-11,6.16179564325393e-11,-89.9999421742586,1.4453109602858792e-09,-9.465387213907623e-08,-0.057537539484206014,0.05753753948428387,-90.00009425615758,0.05753753948428387,4.605148120089246e-12,-179.99982466109145,2.775557561563207e-17,90.0
robust,increasing_centering,1000,read,90,1,0,8,bc062153b6b100ae,8d042d3ee4d6430b,8,1,0.001,0.045512268941273144,2.8431078439455218e-08,0.9999999782496156,2.908070100005716,instant_RF_exact_pathways,runs\combined_factor_study\cases\8d042d3ee4d6430b,-1.667433617240544e-07,0.04551226764700481,0.045512267647310256,90.00020991463144,0.045512267647310256,2.514102037352093e-19,-3.0618055753122636e-13,3.0618055753132956e-13,-89.99995295343467,3.102669349455481e-13,-3.0719605116723386e-16,3.043597208101253e-10,3.0435972081028035e-10,90.00005782971928,1.2936526175462552e-09,-1.66743362030999e-07,0.04551226795105835,0.0455122679513638,90.00020991463042,0.0455122679513638,6.817215273224494e-12,179.9998371319339,2.6469779601696886e-23,90.0
robust,weak_increasing_centering,1000,read,45,0.8,0,8,42110b7ebaad7151,8f3753bab9c5b853,1,1,0.001,0.1792333509128116,0.002010866201569565,0.9965822546573351,4.827398499939591,instant_RF_exact_pathways,runs\combined_factor_study\cases\8f3753bab9c5b853,0.12648253610168975,-0.12648199681469105,0.17887293662526696,-44.999877852959806,0.17887293662526696,0.0,0.0,0.0,0.0,0.0,2.5077794290551865e-06,0.00035937538193157246,0.0003593841316699005,89.60018729081231,0.0003604142875446312,0.1264850438811188,-0.12612262143275949,0.1786207769624791,-44.91779638825285,0.1786207769624791,0.0,0.0,0.0,45.0
robust,weak_increasing_centering,1000,read,45,0.8,0,8,42110b7ebaad7151,8f3753bab9c5b853,2,1,0.001,0.13808894844736558,0.044862971656196855,0.9249077103816976,4.827591800014488,instant_RF_exact_pathways,runs\combined_factor_study\cases\8f3753bab9c5b853,0.09326305892752113,0.09326303780402835,0.1318938678671374,44.99999351143349,0.1318938678671374,-0.00010387011806797317,8.836815841378574e-05,0.00013637423821564914,139.61031554447126,0.00014689423866481448,4.383902654064874e-05,-0.006027441628153845,0.006027601051915256,-89.58328142123311,0.006048186341563366,0.0932030278359938,0.0873239643342883,0.12771953313746917,43.13475803777225,0.12771953313746917,0.001063765350641403,94.61032203303776,0.0,45.0
robust,weak_increasing_centering,1000,read,45,0.8,0,8,42110b7ebaad7151,8f3753bab9c5b853,3,1,0.001,0.10624550598230427,0.08579604059987063,0.9121945139212541,4.827668800018728,instant_RF_exact_pathways,runs\combined_factor_study\cases\8f3753bab9c5b853,0.06868147208456839,-0.06868117924552444,0.0971300622374927,-44.9998778529598,0.0971300622374927,-0.00036324242152677215,-0.00038138066556550544,0.0005266842212026302,-133.6046103405142,0.0006963300356258261,5.484960571188366e-05,0.00037527489185314547,0.0003792620778592807,81.68461460473404,0.008419113709185732,0.06837307926875348,-0.0686872850192368,0.09691656768584574,-45.13134819798621,0.09691656768584574,0.0065539716639102215,-88.6047324875544,1.962615573354719e-17,45.0
robust,weak_increasing_centering,1000,read,45,0.8,0,8,42110b7ebaad7151,8f3753bab9c5b853,4,1,0.001,0.08276609664313157,0.13707514371905888,0.8279299643919957,4.827785399975255,instant_RF_exact_pathways,runs\combined_factor_study\cases\8f3753bab9c5b853,0.05050222401986879,0.05050221258143458,0.0714209220507088,44.99999351143349,0.0714209220507088,-0.0007807743186746418,0.00032196606301285814,0.0008445535403003476,157.59033373573763,0.0014879249919156803,6.0719150391219375e-05,-0.003735463707532761,0.0037359571632338924,-89.0687515731606,0.00985724960050709,0.049782168851585394,0.047088714936914695,0.0685245314466124,43.4073254508087,0.0685245314466124,0.017977469667698257,112.59034022430411,2.943923360032078e-17,45.0
robust,weak_increasing_centering,1000,read,45,0.8,0,8,42110b7ebaad7151,8f3753bab9c5b853,5,1,0.001,0.07025796349977474,0.25381301520119576,0.7949341734475249,4.8280622999882326,instant_RF_exact_pathways,runs\combined_factor_study\cases\8f3753bab9c5b853,0.03707056069970327,-0.03707040264095435,0.05242557794200136,-44.99987785295982,0.05242557794200136,0.0013268323142412142,-0.0028007797857073254,0.0030991694690903023,-64.65136545914,0.00567969582384257,5.729849646823469e-05,-0.0006320292015265179,0.0006346211698956851,-84.81984056160738,0.01215268973393082,0.03845469151041269,-0.04050321162818819,0.05585045614279981,-46.48617463371517,0.05585045614279981,0.0808405985730113,-19.65148760618017,2.8609792490763984e-17,45.0
robust,weak_increasing_centering,1000,read,45,0.8,0,8,42110b7ebaad7151,8f3753bab9c5b853,6,1,0.001,0.06535304457848726,0.4123309093408829,0.5822108807986675,4.828827299992554,instant_RF_exact_pathways,runs\combined_factor_study\cases\8f3753bab9c5b853,0.027157120855319846,0.0271571147044038,0.03840596427924435,44.999993511433495,0.03840596427924435,0.002254939235896294,0.003824056520788392,0.004439387258594229,59.473335531718995,0.008165227763989417,5.3447585781672726e-05,-0.0069077510189957565,0.006907957786847195,-89.55669218907511,0.018781852535253545,0.02946550767699782,0.024073420206196416,0.038049253646915644,39.24893960755157,0.038049253646915644,0.12494028115527499,14.473342020285507,2.023017827855918e-17,45.0
robust,weak_increasing_centering,1000,read,45,0.8,0,8,42110b7ebaad7151,8f3753bab9c5b853,7,1,0.001,0.06322782229715894,0.5559941397842739,0.5429842065994714,4.8313666000030935,instant_RF_exact_pathways,runs\combined_factor_study\cases\8f3753bab9c5b853,0.019851021249218025,-0.019850936609883626,0.028073523628617116,-44.99987785295982,0.028073523628617116,0.005506547283571797,-0.007002165914098935,0.00890799587307835,-51.81826703642344,0.013579810318409321,4.7454281222635406e-05,0.0037608732350453353,0.0037611726095576523,89.2770865745498,0.02157448835013234,0.025405022814012444,-0.023092229288937227,0.03433170892503522,-42.269680599107986,0.03433170892503522,0.21477586646250052,-6.818389183463618,1.3877787807814457e-17,45.0
robust,weak_increasing_centering,1000,read,45,0.8,0,8,42110b7ebaad7151,8f3753bab9c5b853,8,1,0.001,0.06724668847415459,0.6955908146981309,0.37426422090877415,4.840965699986555,instant_RF_exact_pathways,runs\combined_factor_study\cases\8f3753bab9c5b853,0.014474837828974293,0.014474834550515115,0.02047050965266599,44.99999351143351,0.02047050965266599,0.0066143437285483605,0.00781907394331928,0.010241457918210744,49.77131095967425,0.016738225947419378,4.1970711807805894e-05,-0.008622620654093534,0.008622722799965801,-89.72111429287293,0.030037952874069247,0.021131152269330402,0.013671287839740849,0.025168029470474508,32.90178214365282,0.025168029470474508,0.2489078098448298,4.771317448240746,5.682377955034956e-17,45.0
robust,increasing_alternating_centering,1000,read,90,1.2,0,8,1b6331729c140095,916d90d38bd62f46,1,1,0.001,0.1792070068442489,0.0018613961388770479,0.9962772077222527,6.107030399958603,instant_RF_exact_pathways,runs\combined_factor_study\cases\916d90d38bd62f46,-2.942611572532274e-07,-0.17887343161340727,0.1788734316136493,-90.00009425615774,0.1788734316136493,0.0,0.0,0.0,0.0,0.0,-3.460960174518722e-10,0.0003335752305993956,0.00033357523059957515,90.00005944638356,0.0003335752305995875,-2.946072532706793e-07,-0.17853985638280787,0.17853985638305092,-90.00009454332813,0.17853985638305092,0.0,180.0,0.0,90.0
robust,increasing_alternating_centering,1000,read,90,1.2,0,8,1b6331729c140095,916d90d38bd62f46,2,1,0.001,0.13320235520883167,0.011000389802276819,0.9980232794194598,6.107209300040267,instant_RF_exact_pathways,runs\combined_factor_study\cases\916d90d38bd62f46,-4.826453235881934e-07,0.13173707737806906,0.13173707737895318,90.00020991463144,0.13173707737895318,-4.7681577406614876e-11,-4.2654750154459216e-05,4.265475015448587e-05,-90.00006404804004,4.265475015453964e-05,-1.1911319219700817e-09,0.0012446287431186974,0.0012446287431192675,90.00005483308364,0.0014226230797239532,-4.838841370875701e-07,0.13293905137103332,0.13293905137191395,90.00020855059927,0.13293905137191395,0.00032022519487486895,179.99972603732851,2.7755575615628914e-17,90.0
robust,increasing_alternating_centering,1000,read,90,1.2,0,8,1b6331729c140095,916d90d38bd62f46,3,1,0.001,0.10219654602172897,0.05203519818702226,0.9276879923210266,6.107332699932158,instant_RF_exact_pathways,runs\combined_factor_study\cases\916d90d38bd62f46,-1.5937328703945828e-07,-0.09687872849532807,0.09687872849545916,-90.00009425615774,0.09687872849545916,-2.807257716910846e-09,-0.00018193935397866568,0.00018193935400032316,-90.00088405293113,0.00113228962279644,-2.2882412709560955e-09,0.0022541592484082414,0.002254159248409403,90.0000581620697,0.0041855279034733895,-1.644687860273252e-07,-0.09480650860089848,0.09480650860104115,-90.00009939578453,0.09480650860104115,0.011079529268588913,-0.0007897967733869542,1.38777878078397e-17,90.0
robust,increasing_alternating_centering,1000,read,90,1.2,0,8,1b6331729c140095,916d90d38bd62f46,4,1,0.001,0.07611101690154345,0.06933333569537496,0.9108600047587636,6.1075456000398844,instant_RF_exact_pathways,runs\combined_factor_study\cases\916d90d38bd62f46,-2.595145791811138e-07,0.07083398621611699,0.07083398621659238,90.00020991463144,0.07083398621659238,-1.588215427224642e-09,-0.00044136682939726414,0.00044136682940012166,-90.00020617326649,0.0016870761120747954,1.0345477012212608e-09,-0.0010661381700733277,0.0010661381700738297,-89.99994440193716,0.003589954572876314,-2.6006824690711693e-07,0.0693264812166464,0.06932648121713421,90.00021493681307,0.06932648121713421,0.022165990953151794,179.9995839121021,3.1763735522036263e-22,90.0
robust,increasing_alternating_centering,1000,read,90,1.2,0,8,1b6331729c140095,916d90d38bd62f46,5,1,0.001,0.05883363221619995,0.12180625881812202,0.8414846506740344,6.108012799988501,instant_RF_exact_pathways,runs\combined_factor_study\cases\916d90d38bd62f46,-8.499690238889848e-08,-0.05166732758319338,0.0516673275832633,-90.00009425615774,0.0516673275832633,-2.963268641826967e-09,0.0007988715393054794,0.0007988715393109754,90.00021252827068,0.002653421667128269,-1.4369216279620855e-09,0.0013608575906349605,0.001360857590635719,90.00006049828089,0.004512882965808398,-8.939709265868755e-08,-0.04950759845325292,0.049507598453333634,-90.00010346040345,0.049507598453333634,0.04510042244846553,-179.9996932155716,2.0816681711738513e-17,90.0
robust,increasing_alternating_centering,1000,read,90,1.2,0,8,1b6331729c140095,916d90d38bd62f46,6,1,0.001,0.04464829086336536,0.16315207213542723,0.8074075998677421,6.109310299973004,instant_RF_exact_pathways,runs\combined_factor_study\cases\916d90d38bd62f46,-1.3688991763625366e-07,0.03736382969145127,0.03736382969170204,90.00020991463144,0.03736382969170204,-4.3019668436098627e-10,-0.0008729110499714535,0.0008729110499715595,-90.00002823707453,0.003101620330115355,3.6868151730387253e-10,-0.0004415492775532605,0.0004415492775534144,-89.99995215959804,0.0041828408415480415,-1.3695143280331072e-07,0.036049369363926526,0.036049369364186665,90.0002176664734,0.036049369364186665,0.06946784009285077,179.99976184829404,3.4694469519576534e-17,90.0
robust,increasing_alternating_centering,1000,read,90,1.2,0,8,1b6331729c140095,916d90d38bd62f46,7,1,0.001,0.0355874023699762,0.24324996824648443,0.7368986781492946,6.1129985000006855,instant_RF_exact_pathways,runs\combined_factor_study\cases\916d90d38bd62f46,-4.4303275498689564e-08,-0.026930767873468184,0.026930767873504624,-90.00009425615774,0.026930767873504624,-1.7497437625980802e-09,0.0006905014634478347,0.0006905014634500517,90.00014518858849,0.0038342221412787023,-8.934408083090355e-11,1.5956644858442297e-05,1.5956644858692423e-05,90.00032080921783,0.004822412355192815,-4.614236334211857e-08,-0.02622430976516194,0.026224309765202534,-90.00010081343227,0.026224309765202534,0.10774099501326617,-179.99976055525377,3.122502256758884e-17,90.0
robust,increasing_alternating_centering,1000,read,90,1.2,0,8,1b6331729c140095,916d90d38bd62f46,8,1,0.001,0.028129240358394304,0.31779192905375175,0.6774719776996023,6.124552099965513,instant_RF_exact_pathways,runs\combined_factor_study\cases\916d90d38bd62f46,-7.030641209888479e-08,0.01918999480195474,0.01918999480208353,90.00020991463144,0.01918999480208353,-1.1442334932575298e-10,-0.00042240416443154876,0.00042240416443156426,-90.00001552062112,0.004182342701178896,-3.590644777238687e-10,0.00028918145913423335,0.00028918145913445627,90.00007114176411,0.004756902855131897,-7.077989992593475e-08,0.019056772096657414,0.019056772096788858,90.00021280569025,0.019056772096788858,0.14868310156590506,179.99977456474744,1.0408340861119915e-17,90.0
robust,original,1000,oblique,45,0.8,100,8,9d4b219532bafcf8,94ef3e5bd0e3137d,1,1,0.001,0.1718408366433754,1.5461191948463746e-05,0.9999983045021046,2.4054442000342533,instant_RF_exact_pathways,runs\combined_factor_study\cases\94ef3e5bd0e3137d,0.11958465465501261,-0.12340125769567889,0.17183817977921548,-45.89987630772977,0.17183817977921548,0.0,0.0,0.0,0.0,0.0,2.5138791752941006e-06,-8.578725517030397e-07,2.6562254842055166e-06,-18.84243747730949,2.6568641599219484e-06,0.11958716853418791,-0.1234021155682306,0.17184054528759854,-45.89947344033904,0.17184054528759854,0.0,0.0,0.0,45.0
robust,original,1000,oblique,45,0.8,100,8,9d4b219532bafcf8,94ef3e5bd0e3137d,2,1,0.001,0.14559474931576763,0.03039247365309263,0.9838250625724615,2.4055695000570267,instant_RF_exact_pathways,runs\combined_factor_study\cases\94ef3e5bd0e3137d,0.10137772799752516,0.09824183803693523,0.14116976473315954,44.09999562964519,0.14116976473315954,-6.758592171995452e-07,7.372242173790933e-07,1.0001426039139613e-06,132.51341799793562,1.0541112289895923e-06,0.004097562799524584,-0.0013264496166370857,0.004306911826532372,-17.93763465436218,0.004423930471379122,0.10547461493783256,0.09691612564451553,0.14323976335580693,42.57857825410892,0.14323976335580693,7.240036017393891e-06,88.41342236829044,1.3877787807814457e-17,45.0
robust,original,1000,oblique,45,0.8,100,8,9d4b219532bafcf8,94ef3e5bd0e3137d,3,1,0.001,0.12870316270583115,0.2741822998903545,0.7525274560906322,2.4056356999790296,instant_RF_exact_pathways,runs\combined_factor_study\cases\94ef3e5bd0e3137d,0.06500886206577235,-0.06708365185670542,0.09341503355198387,-45.899876307729755,0.09341503355198387,0.0191694280071095,0.018412591321105405,0.026579888812367145,43.84631831752188,0.026810515576053698,0.0009663197213379244,0.002510104375280661,0.0026896835833699327,68.94469518940069,0.008477613577793607,0.08514460979421978,-0.04616095616031935,0.09685266362183785,-28.464234310343823,0.09685266362183785,0.20831279521337664,89.74619462525163,1.5515838457795457e-17,45.0
robust,original,1000,oblique,45,0.8,100,8,9d4b219532bafcf8,94ef3e5bd0e3137d,4,1,0.001,0.14473246586827196,0.4698694126192456,0.4667311709974013,2.405735000036657,instant_RF_exact_pathways,runs\combined_factor_study\cases\94ef3e5bd0e3137d,0.05509975746410847,0.05339537150403985,0.076727107143812,44.09999562964519,0.076727107143812,0.009311540632938299,-0.039981226841466655,0.04105122761511128,-76.88964455699572,0.05692969225171251,0.002137184084790986,-0.0018185494550526373,0.002806185655432678,-40.39476361397673,0.011075666472747516,0.06654848218183773,0.011595595207520543,0.06755115327603999,9.88414601915817,0.06755115327603999,0.39334431228116423,-120.98964018664091,1.962615573354719e-17,45.0
robust,original,1000,oblique,45,0.8,100,8,9d4b219532bafcf8,94ef3e5bd0e3137d,5,1,0.001,0.16066456332098164,0.6840536218870585,0.40561237543292394,2.405956199974753,instant_RF_exact_pathways,runs\combined_factor_study\cases\94ef3e5bd0e3137d,0.03532557739345342,-0.03645301056188208,0.050761386872361494,-45.89987630772977,0.050761386872361494,0.024201729461995038,0.05786705377148077,0.06272415500541274,67.30386249779173,0.09556800378500965,0.0015844874280949647,0.0012168259833515098,0.001997815277634638,37.52288967221694,0.014335172663610526,0.06111179428354342,0.0226308691929502,0.06516753517651679,20.32055730105471,0.06516753517651679,0.5948293874491809,113.20373880552151,3.469446951953614e-18,45.0
robust,original,1000,oblique,45,0.8,100,8,9d4b219532bafcf8,94ef3e5bd0e3137d,6,1,0.001,0.19276300168637522,0.7837525062252177,0.2799394670578191,2.4065349000738934,instant_RF_exact_pathways,runs\combined_factor_study\cases\94ef3e5bd0e3137d,0.02993474936699413,0.029008785825820442,0.041684516007182766,44.09999562964521,0.041684516007182766,0.01054277525457552,-0.06239021406043257,0.06327470996041852,-80.40869576486149,0.13321143530611101,0.002130505131686823,0.00026873854596365333,0.002147387371256184,7.189230362666902,0.017867050373081388,0.042608029753256484,-0.03311268968864845,0.05396197196054936,-37.852447463426145,0.05396197196054936,0.6910632960719588,-124.5086913945067,2.1942709178604383e-17,45.0
robust,original,1000,oblique,45,0.8,100,8,9d4b219532bafcf8,94ef3e5bd0e3137d,7,1,0.001,0.23068524404623625,0.8804778698923014,0.24211560093174203,2.4083020000252873,instant_RF_exact_pathways,runs\combined_factor_study\cases\94ef3e5bd0e3137d,0.019187744633632927,-0.019800130936236015,0.027571991752820463,-45.89987630772975,0.027571991752820463,0.0214911587034888,0.058014807027078626,0.06186750145922909,69.67322162517765,0.18113224586354235,0.001058216116769913,-0.0010997973537159365,0.0015262291993773972,-46.10385530161758,0.021981006429873124,0.041737119453891636,0.03711487873712668,0.05585249648834006,41.645206562395735,0.05585249648834006,0.7851921635145332,115.57309793290739,9.813077866773595e-18,45.0
robust,original,1000,oblique,45,0.8,100,8,9d4b219532bafcf8,94ef3e5bd0e3137d,8,1,0.001,0.28353411508519877,0.9201615075425381,0.13693887018383655,2.4148981000762433,instant_RF_exact_pathways,runs\combined_factor_study\cases\94ef3e5bd0e3137d,0.016256180465659343,0.01575333241286965,0.022636936308662748,44.0999956296452,0.022636936308662748,0.010504019826173829,-0.04337820355330222,0.044631860548495786,-76.38786199868963,0.23363223716422712,0.0024732623980287093,0.002072409995186207,0.0032267491500967992,39.96050484251438,0.027264941612310228,0.029233462689861732,-0.02555246114524617,0.038826841378341005,-41.15614142696667,0.038826841378341005,0.8240004455690395,-120.48785762833482,2.4436829855395877e-16,45.0
robust,increasing_alternating_centering,1000,read,45,0.7,0,8,e5693cbecd4da986,975b0fab941a7d94,1,1,0.001,0.14780503523776445,0.004872155949616217,0.9917230603997919,3.5549854999408126,instant_RF_exact_pathways,runs\combined_factor_study\cases\975b0fab941a7d94,0.10400495620647812,-0.10400451275774276,0.14708490605594754,-44.99987785295981,0.14708490605594754,0.0,0.0,0.0,0.0,0.0,5.07097564136657e-06,0.0007180284165290768,0.0007180463228352393,89.59536326806355,0.0007201291818169182,0.10401002718211949,-0.1032864843412137,0.14658166188849484,-44.80001697844044,0.14658166188849484,0.0,0.0,0.0,45.0
robust,increasing_alternating_centering,1000,read,45,0.7,0,8,e5693cbecd4da986,975b0fab941a7d94,2,1,0.001,0.09715593601066341,0.02139209514966502,0.990396251568872,3.5551748999860138,instant_RF_exact_pathways,runs\combined_factor_study\cases\975b0fab941a7d94,0.06722999996610106,0.06722998473893142,0.09507756698316853,44.99999351143349,0.09507756698316853,4.289916369473244e-05,-5.3531784284973946e-05,6.860021992997132e-05,-51.29210156653828,7.570552157108558e-05,-3.0773829427036884e-05,0.001651871360777801,0.0016521579891570625,91.0672783893156,0.0020026635059237933,0.06724212530036876,0.06882832431542424,0.09622287484262623,45.66787750717343,0.09622287484262623,0.0007792166354382759,-96.29209507797177,0.0,45.0
robust,increasing_alternating_centering,1000,read,45,0.7,0,8,e5693cbecd4da986,975b0fab941a7d94,3,1,0.001,0.06803502445945872,0.09798515066972106,0.8907175655390205,3.555304600042291,instant_RF_exact_pathways,runs\combined_factor_study\cases\975b0fab941a7d94,0.043394247374932055,-0.04339406235370977,0.0613686023369805,-44.999877852959806,0.0613686023369805,0.0012260789907552806,-0.00018814546411609757,0.0012404307345591486,-8.724154131456144,0.0017507113893836022,4.7723204037604175e-06,0.002582701481331752,0.0025827058904790653,89.89412887691623,0.004915710733094639,0.04462509868609109,-0.04099950633649411,0.060599991357916785,-42.57538005818528,0.060599991357916785,0.02573250180025776,36.27572372150366,9.813077866773595e-18,45.0
robust,increasing_alternating_centering,1000,read,45,0.7,0,8,e5693cbecd4da986,975b0fab941a7d94,4,1,0.001,0.045910270010421764,0.1421775565131832,0.8594359603311842,3.555495099979453,instant_RF_exact_pathways,runs\combined_factor_study\cases\975b0fab941a7d94,0.02784789052325195,0.02784788421588093,0.039382860001479524,44.99999351143348,0.039382860001479524,0.0008289065965826532,-0.0003345161572867885,0.0008938608422702926,-21.9771873268912,0.002264170869284338,3.3871103447921786e-05,-0.00044775505542816253,0.0004490343431300737,-85.67401384257268,0.004263239139657899,0.028710668223282516,0.02706561300316598,0.039456936995470794,43.31061872348331,0.039456936995470794,0.04931730675446615,-66.97718083832468,6.938893903907228e-18,45.0
robust,increasing_alternating_centering,1000,read,45,0.7,0,8,e5693cbecd4da986,975b0fab941a7d94,5,1,0.001,0.03370949459215353,0.2520422035049487,0.7641600065021854,3.555952899972908,instant_RF_exact_pathways,runs\combined_factor_study\cases\975b0fab941a7d94,0.01782851877415659,-0.017828442758220493,0.025213279296109,-44.99987785295979,0.025213279296109,0.0008206822173652786,0.0002979845115403717,0.0008731059907122069,19.955638692881177,0.0032304217488918897,4.5863427456525855e-05,-0.00019082013197754884,0.00019625436745710696,-76.48536116942498,0.005265793547152611,0.018695064418978415,-0.01772127837865766,0.025759447606725425,-43.46825536894958,0.025759447606725425,0.0958312127777741,64.95551654584096,2.3273757686693185e-17,45.0
robust,increasing_alternating_centering,1000,read,45,0.7,0,8,e5693cbecd4da986,975b0fab941a7d94,6,1,0.001,0.02456844488855059,0.34861940180601186,0.6944147678366382,3.5573204000247642,instant_RF_exact_pathways,runs\combined_factor_study\cases\975b0fab941a7d94,0.011316119832482272,0.011316117269452723,0.016003408328200113,44.99999351143348,0.016003408328200113,0.0006195549705673336,-3.347535309070745e-05,0.0006204586697107528,-3.0927574627215018,0.003668003314797376,4.936334984971656e-05,0.0008592704651631703,0.0008606872095076797,86.71208720330291,0.004897033245553108,0.01198503815289932,0.012141912381525177,0.0170606909533901,45.37253379956031,0.0170606909533901,0.14929733369110157,-48.09275097415498,9.341771812940338e-18,45.0
robust,increasing_alternating_centering,1000,read,45,0.7,0,8,e5693cbecd4da986,975b0fab941a7d94,7,1,0.001,0.020535416577071017,0.5069918614261923,0.5520085305690676,3.560284600011073,instant_RF_exact_pathways,runs\combined_factor_study\cases\975b0fab941a7d94,0.007158854471591638,-0.007158823948190848,0.010124127501499495,-44.99987785295979,0.010124127501499495,0.0005452550927407187,-0.00027864165542011303,0.0006123269455894871,-27.06839082332609,0.004546748703351329,4.448631770955664e-05,-0.0008364649051972104,0.0008376470438615143,-86.95566528764654,0.005864540372220232,0.007748595882041916,-0.008273930508808173,0.011335725129332645,-46.87789849645343,0.011335725129332645,0.22141010318865592,17.931487029633697,3.1273172206927508e-18,45.0
robust,increasing_alternating_centering,1000,read,45,0.7,0,8,e5693cbecd4da986,975b0fab941a7d94,8,1,0.001,0.017232929428461028,0.6325718858341618,0.4131564164708144,3.568882199935615,instant_RF_exact_pathways,runs\combined_factor_study\cases\975b0fab941a7d94,0.004477303603206021,0.004477302589125081,0.006331862761452412,44.99999351143348,0.006331862761452412,0.00040472189394134665,0.0003468266451532662,0.0005329995621234039,40.59494190120962,0.004986285758664149,3.5623267413563245e-05,0.00032462213659532457,0.0003265708939096254,83.73755429626523,0.0059147809083444,0.0049176487645609356,0.005148751370873672,0.007119895367957398,46.31515519190357,0.007119895367957398,0.2893463806814559,-4.405051610223856,5.204170427930421e-18,45.0
robust,weak_increasing_centering,1000,read,90,0.7,100,8,2d2f4765ae50fff9,99baf432440836dd,1,1,0.001,0.14780503523776445,0.004872155949616217,0.9936872533995951,3.90175660001114,instant_RF_exact_pathways,runs\combined_factor_study\cases\99baf432440836dd,-0.002310545790802539,-0.1470667568406794,0.14708490605594754,-90.90009213794605,0.14708490605594754,0.0,0.0,0.0,0.0,0.0,-0.0006788246241424568,0.00022520268124289112,0.0007152056473358798,161.64653778824595,0.0007201291818169181,-0.0029893704149449958,-0.1468415541594365,0.14687197950404451,-91.16625469895455,0.14687197950404451,0.0,180.0,0.0,90.0
robust,weak_increasing_centering,1000,read,90,0.7,100,8,2d2f4765ae50fff9,99baf432440836dd,2,1,0.001,0.10431595859716816,0.08747189673118481,0.8932500148389976,3.9018758999882266,instant_RF_exact_pathways,runs\combined_factor_study\cases\99baf432440836dd,0.0014948538062331523,0.0951795057550683,0.09519124383934212,89.10020784189155,0.09519124383934212,1.5470391913561553e-05,0.00025678178919264383,0.00025724739121502196,86.55225533382021,0.00026070846315888745,0.008025806805281234,-0.002745307616507079,0.008482351607010307,-18.883766567681,0.008864006294667146,0.009536131003427949,0.09269097992775387,0.09318023156486471,84.12602505329134,0.09318023156486471,0.002499219358810214,-2.5479525080713383,1.3877787807814457e-17,90.0
robust,weak_increasing_centering,1000,read,90,0.7,100,8,2d2f4765ae50fff9,99baf432440836dd,3,1,0.001,0.07277927610736754,0.15459023564713614,0.859467094627056,3.901943900040351,instant_RF_exact_pathways,runs\combined_factor_study\cases\99baf432440836dd,-0.0009665436313711958,-0.06152071851447797,0.0615283106637016,-90.90009213794605,0.0615283106637016,7.980033275541943e-05,-0.0005966070091951264,0.0006019202742295937,-82.38151057227394,0.0010653384460970177,0.008972492429725015,9.073908398487798e-05,0.00897295124152779,0.5794141775203266,0.010185626997568907,0.008085749131109236,-0.062026586439688225,0.06255139298505949,-82.57283843314063,0.06255139298505949,0.014637936828684289,8.518581565672095,7.152448122690996e-18,90.0
robust,weak_increasing_centering,1000,read,90,0.7,100,8,2d2f4765ae50fff9,99baf432440836dd,4,1,0.001,0.05355564364124507,0.2585353327651054,0.7302885484488861,3.9020474000135437,instant_RF_exact_pathways,runs\combined_factor_study\cases\99baf432440836dd,0.0006235875323856224,0.03970472087638311,0.03970961749100638,89.10020784189155,0.03970961749100638,3.732955569608144e-05,0.0006528162875392721,0.0006538827119637163,86.7272578747701,0.00196807046116594,0.004116753741778847,-0.001539372438132801,0.004395148333530173,-20.50221359558947,0.011877955689072761,0.00477767082986055,0.03881816472578957,0.03911107325601068,82.9834247480185,0.03911107325601068,0.036748143190090614,-2.372949967121447,1.3877787807814457e-17,90.0
robust,weak_increasing_centering,1000,read,90,0.7,100,8,2d2f4765ae50fff9,99baf432440836dd,5,1,0.001,0.054217774449875654,0.5281317916523441,0.6742801077702347,3.9022922000149265,instant_RF_exact_pathways,runs\combined_factor_study\cases\99baf432440836dd,-0.00040189155196969,-0.025580487253325682,0.025583644090260135,-90.90009213794605,0.025583644090260135,-0.0001777213595349243,-0.010521346390147679,0.010522847273580879,-90.96771983051921,0.01284096894441102,-0.0028019693966194925,-0.0002994003682915055,0.0028179199917892084,-173.90088506324722,0.015793161415204527,-0.003381582308124106,-0.03640123401176486,0.03655796679912444,-95.30740005130436,0.03655796679912444,0.2368405762630943,-0.06762769257317691,6.992893892674703e-18,90.0
robust,weak_increasing_centering,1000,read,90,0.7,100,8,2d2f4765ae50fff9,99baf432440836dd,6,1,0.001,0.058983750694859075,0.7211090683418006,0.5062753080886965,3.902926499955356,instant_RF_exact_pathways,runs\combined_factor_study\cases\99baf432440836dd,0.0002583262254587471,0.016448004721406853,0.016450033183984216,89.10020784189155,0.016450033183984216,0.00017130718803787362,0.013407272164535638,0.013408366531632613,89.26796109780535,0.016752398925117807,-0.012524652774299198,-0.002552336762050519,0.01278207143086265,-168.48169479190432,0.025781318585756993,-0.012095019360802569,0.02730294012389197,0.029862016555266643,113.89302136888831,0.029862016555266643,0.2840171865601269,0.1677532559137937,9.341771812940338e-18,90.0
robust,weak_increasing_centering,1000,read,90,0.7,100,8,2d2f4765ae50fff9,99baf432440836dd,7,1,0.001,0.06496794647534071,0.8375518319458075,0.4810329267892144,3.905624600010924,instant_RF_exact_pathways,runs\combined_factor_study\cases\99baf432440836dd,-0.00016579080116253925,-0.010552621609166937,0.010553923887161927,-90.90009213794605,0.010553923887161927,-0.00032504209662031575,-0.020393678175003722,0.020396268331981673,-90.91312432168505,0.025008040113701117,-0.009909780458165771,0.0014760209457238178,0.010019101085489637,171.5283112533051,0.029405982474477694,-0.010400613355948605,-0.029470278838446818,0.03125172144051817,-109.43889114878066,0.03125172144051817,0.3849288991024703,-0.013032183739007606,3.1986720415755645e-17,90.0
robust,weak_increasing_centering,1000,read,90,0.7,100,8,2d2f4765ae50fff9,99baf432440836dd,8,1,0.001,0.07637402895180441,0.9115599636649551,0.3286695188163872,3.9134216000093147,instant_RF_exact_pathways,runs\combined_factor_study\cases\99baf432440836dd,0.00010607091952586769,0.006753688991766912,0.006754521895551353,89.10020784189155,0.006754521895551353,0.0002863748536331233,0.0191547806757769,0.019156921289547272,89.1434593584935,0.028381905922467237,-0.0064769917127252405,-0.0015552474093529641,0.006661097218252451,-166.49783144047922,0.0412376011337857,-0.006084545939566243,0.02435322225819077,0.025101815345658376,104.02791821261825,0.025101815345658376,0.3716172409914049,0.043251516601952325,7.664258822861523e-17,90.0
robust,weak_increasing_centering,1000,read,0,0.7,0,8,345b2b1c4709d8a0,9d3dd210ecbf69eb,1,1,0.001,0.14780503523776448,0.004872155949616216,0.9951880652168729,2.9406465999782085,instant_RF_exact_pathways,runs\combined_factor_study\cases\9d3dd210ecbf69eb,0.14708490605566074,2.9047942000231383e-07,0.14708490605594757,0.0001131539955243316,0.14708490605594757,0.0,0.0,0.0,0.0,0.0,7.171739780138113e-06,0.0007129567227551673,0.0007129927926516947,89.42367250442908,0.0007201291818169182,0.14709207779544087,0.0007132472021751696,0.14709380704758254,0.27782416810883503,0.14709380704758254,0.0,0.0,0.0,0.0
robust,weak_increasing_centering,1000,read,0,0.7,0,8,345b2b1c4709d8a0,9d3dd210ecbf69eb,2,1,0.001,0.10431595859716819,0.08747189673118479,0.9149304277586428,2.940845499979332,instant_RF_exact_pathways,runs\combined_factor_study\cases\9d3dd210ecbf69eb,0.09519124383934206,4.160941587789732e-09,0.09519124383934215,2.504478165903361e-06,0.09519124383934215,-0.00026070846315841685,-4.773060245145409e-10,0.0002607084631588538,-179.99989510267366,0.00026070846315888734,0.00011002826111596813,-0.008742827497039312,0.008743519821057815,-89.278972140056,0.008864006294667142,0.09504056363729961,-0.008742823813403749,0.09544184462135996,-5.255872117277066,0.09544184462135996,0.0024992193588102125,-179.99989760715184,1.3877787807814457e-17,0.0
robust,weak_increasing_centering,1000,read,0,0.7,0,8,345b2b1c4709d8a0,9d3dd210ecbf69eb,3,1,0.001,0.07277927610736754,0.15459023564713595,0.8364981872486302,2.94098459999077,instant_RF_exact_pathways,runs\combined_factor_study\cases\9d3dd210ecbf69eb,0.06152831066358163,1.215128627033686e-07,0.06152831066370162,0.0001131539955243316,0.06152831066370162,-0.0007808416546010764,3.7823388588651557e-11,0.0007808416546010773,179.99999722463508,0.0010653384460970175,0.00012334761689199503,0.001041759727970865,0.001049036684494334,83.24743841800401,0.010185626997568904,0.060870816625872556,0.0010418812786569566,0.06087973253308049,0.9805942283414166,0.06087973253308049,0.014637936828684285,179.99988407063955,1.3884562417838567e-17,0.0
robust,weak_increasing_centering,1000,read,0,0.7,0,8,345b2b1c4709d8a0,9d3dd210ecbf69eb,4,1,0.001,0.05355564364124508,0.2585353327651053,0.7249365861199392,2.9412668999284506,instant_RF_exact_pathways,runs\combined_factor_study\cases\9d3dd210ecbf69eb,0.03970961749100635,1.735762578461688e-09,0.039709617491006384,2.5044781659033727e-06,0.039709617491006384,-0.0013969429594004163,-2.103031453709075e-09,0.0013969429594019994,-179.99991374391797,0.001968070461165941,0.00015030065460611464,-0.005285555968635464,0.005287692519838215,-88.37116980756903,0.011877955689072765,0.03846297518621207,-0.005285556335904339,0.03882444546874023,-7.824540256201786,0.03882444546874023,0.036748143190090635,-179.99991624839615,2.7755575615628914e-17,0.0
robust,weak_increasing_centering,1000,read,0,0.7,0,8,345b2b1c4709d8a0,9d3dd210ecbf69eb,5,1,0.001,0.054217774449875675,0.5281317916523441,0.6332083517386964,2.9417864999268204,instant_RF_exact_pathways,runs\combined_factor_study\cases\9d3dd210ecbf69eb,0.025583644090210255,5.0525389016175595e-08,0.02558364409026015,0.00011315399552433162,0.02558364409026015,0.00859519929401874,1.9006897169781385e-08,0.008595199294039754,0.00012670037682822264,0.012840968944411021,0.0001422327245328179,-0.0008315921605770712,0.0008436679853243631,-80.29423809527138,0.015793161415204527,0.034321076108761825,-0.0008315226282908846,0.03433114759434618,-1.3878766055603657,0.03433114759434618,0.2368405762630942,1.3546381303890999e-05,1.389302603484999e-17,0.0
robust,weak_increasing_centering,1000,read,0,0.7,0,8,345b2b1c4709d8a0,9d3dd210ecbf69eb,6,1,0.001,0.05898375069485909,0.7211090683418006,0.5063327202800308,2.9434626000002027,instant_RF_exact_pathways,runs\combined_factor_study\cases\9d3dd210ecbf69eb,0.016450033183984206,7.190538166649278e-10,0.016450033183984223,2.504478165903349e-06,0.016450033183984223,0.01176428981969733,-1.1370091750696738e-09,0.011764289819697385,-5.537591133641377e-06,0.01675239892511781,0.00013335250089779163,-0.00939955203702988,0.009400497932893144,-89.18719286763424,0.02578131858575699,0.02834767550457935,-0.00939955245498523,0.029865402941647162,-18.344543589616606,0.029865402941647162,0.2840171865601269,-8.042069299544725e-06,2.5257955065251657e-17,0.0
robust,weak_increasing_centering,1000,read,0,0.7,0,8,345b2b1c4709d8a0,9d3dd210ecbf69eb,7,1,0.001,0.06496794647534072,0.8375518319458075,0.4696329732512198,2.9472259999020025,instant_RF_exact_pathways,runs\combined_factor_study\cases\9d3dd210ecbf69eb,0.01055392388714135,2.0843047541025363e-08,0.01055392388716193,0.00011315399552433165,0.01055392388716193,0.019464582133106263,3.933710017634795e-08,0.019464582133146013,0.00011579235572447985,0.02500804011370112,0.00013798172720798526,0.0046381347000212575,0.00464018668294548,88.29598748316923,0.029405982474477697,0.030156487747455548,0.004638194880168982,0.03051108986924037,8.74381480420189,0.03051108986924037,0.3849288991024703,2.63836020014819e-06,4.906538933386797e-17,0.0
robust,weak_increasing_centering,1000,read,0,0.7,0,8,345b2b1c4709d8a0,9d3dd210ecbf69eb,8,1,0.001,0.07637402895180441,0.9115599636649551,0.34156285633559624,2.955596399959177,instant_RF_exact_pathways,runs\combined_factor_study\cases\9d3dd210ecbf69eb,0.0067545218955513495,2.9524954110558924e-10,0.0067545218955513565,2.5044781659033655e-06,0.0067545218955513565,0.018558154519212305,3.1651637070662666e-10,0.01855815451921231,9.772012712532173e-07,0.02838190592246724,0.00012740689571646657,-0.005771420345392256,0.005772826458528246,-88.73537335592293,0.0412376011337857,0.025440083310480074,-0.0057714197336263436,0.02608653147863584,-12.78195456877347,0.02608653147863584,0.371617240991405,-1.5272768946501478e-06,4.5102810375396984e-17,0.0
robust,increasing_centering,0,read,45,0.8,100,8,815887437e9e0e8b,a23ac295109998d2,1,1,0.001,0.559387514303704,0.026285082421057197,0.9968701196487729,3.6379985000239685,instant_RF_exact_pathways,runs\combined_factor_study\cases\a23ac295109998d2,0.3790533913459273,-0.3911510588446985,0.5446839673849209,-45.89987573474809,0.5446839673849209,0.0,0.0,0.0,0.0,0.0,0.01393847892114835,-0.004470069522434926,0.01463771553797581,-17.781043313568386,0.014703546918783155,0.39299187026707566,-0.3956211283671334,0.5576366983139631,-45.19102504583354,0.5576366983139631,0.0,0.0,0.0,45.0
robust,increasing_centering,0,read,45,0.8,100,8,815887437e9e0e8b,a23ac295109998d2,2,1,0.001,0.4292181919654924,0.06427886552747208,0.9662273281126151,3.6381736000766978,instant_RF_exact_pathways,runs\combined_factor_study\cases\a23ac295109998d2,0.288420053617842,0.2794983928581206,0.4016285335221978,44.099991438693614,0.4016285335221978,0.007471976261027075,-0.007355406261590349,0.010484866738227752,-44.549560997975384,0.010607847258298872,0.015931725574362583,0.0012808062058941496,0.015983126862846822,4.5963195906109435,0.0169818111849957,0.31182375545323165,0.2734237928024244,0.41472234680014525,41.24602163715522,0.41472234680014525,0.02471434682142202,-88.64955243666901,0.0,45.0
robust,increasing_centering,0,read,45,0.8,100,8,815887437e9e0e8b,a23ac295109998d2,3,1,0.001,0.3271444550258867,0.09717361714829147,0.9066415776021274,3.6382831000955775,instant_RF_exact_pathways,runs\combined_factor_study\cases\a23ac295109998d2,0.20554153700340122,-0.21210149195598527,0.2953546450010147,-45.899875734748086,0.2953546450010147,0.0031474155033293107,0.009200966655956235,0.009724402899644593,71.1154937201144,0.014498187804152969,0.0069974747213655064,-0.0006985051534599398,0.007032251554485189,-5.700521488910841,0.01729162222071903,0.21568642722809606,-0.20359903045348898,0.2966027648084581,-43.34870242855872,0.2966027648084581,0.0443173881794993,117.01536945486248,3.925231146709438e-17,45.0
robust,increasing_centering,0,read,45,0.8,100,8,815887437e9e0e8b,a23ac295109998d2,4,1,0.001,0.25720879895550663,0.15859670759956276,0.8838850611252121,3.6384653000859544,instant_RF_exact_pathways,runs\combined_factor_study\cases\a23ac295109998d2,0.15541428054038842,0.15060687040782286,0.21641633027552543,44.099991438693614,0.21641633027552543,0.009242590221504284,-0.004919999249109336,0.010470523702942611,-28.02718660156659,0.023391495270015654,0.00947846993558239,0.00046965310014734067,0.009490098332167969,2.836655183155646,0.017400973409965596,0.1741353406974751,0.1461565242588609,0.22734301498673037,40.00764987691175,0.22734301498673037,0.09094360443735068,-72.1271780402602,2.7755575615628914e-17,45.0
robust,increasing_centering,0,read,45,0.8,100,8,815887437e9e0e8b,a23ac295109998d2,5,1,0.001,0.2141237857644111,0.262778026046334,0.8104089383520069,3.638878900092095,instant_RF_exact_pathways,runs\combined_factor_study\cases\a23ac295109998d2,0.10985478518228291,-0.11336085238713045,0.15785676001167104,-45.8998757347481,0.15785676001167104,0.013336951780392074,-0.0012671962841478692,0.013397017176038159,-5.427603835069157,0.037133860777349044,0.006913673219493376,-0.00019568576624240337,0.006916442026435975,-1.6212764955483967,0.0191331649753911,0.13010541018216842,-0.11482373443752072,0.17352782989724896,-41.42981635485221,0.17352782989724896,0.1734223997804963,40.47227189967895,8.326672684688674e-17,45.0
robust,increasing_centering,0,read,45,0.8,100,8,815887437e9e0e8b,a23ac295109998d2,6,1,0.001,0.18454883670093325,0.37950924573462613,0.7784383214218668,3.6401222000131384,instant_RF_exact_pathways,runs\combined_factor_study\cases\a23ac295109998d2,0.0822332624335258,0.0796895514072143,0.11451084688335939,44.099991438693614,0.11451084688335939,0.02144176352019109,0.009871064301046529,0.023604811655490766,24.719747623689642,0.050284982598683886,0.008148256833198206,0.0006265034521172986,0.008172306650834644,4.396709374473602,0.019753007218889923,0.11182328278691514,0.09018711916037798,0.1436598866618327,38.8866858782671,0.1436598866618327,0.272475207633913,-19.38024381500397,1.5823112613210482e-16,45.0
robust,increasing_centering,0,read,45,0.8,100,8,815887437e9e0e8b,a23ac295109998d2,7,1,0.001,0.1714866555760987,0.5187037381011407,0.6994619202591281,3.644360600039363,instant_RF_exact_pathways,runs\combined_factor_study\cases\a23ac295109998d2,0.0574379079997637,-0.05927106588377271,0.08253588629431349,-45.899875734748086,0.08253588629431349,0.026587188467674588,-0.018070956974275198,0.032147131700693825,-34.20342338602985,0.06683459031657335,0.007376318191964365,-0.0003329187915195455,0.0073838272590067595,-2.5842032542849402,0.022116178965211862,0.0914014146594026,-0.07767494164956765,0.11994838540807373,-40.35861835710139,0.11994838540807373,0.3897363913946932,11.696452348718244,2.0206364052201326e-16,45.0
robust,increasing_centering,0,read,45,0.8,100,8,815887437e9e0e8b,a23ac295109998d2,8,1,0.001,0.16199791669782873,0.6354788256255649,0.6459572579990162,3.6548640000401065,instant_RF_exact_pathways,runs\combined_factor_study\cases\a23ac295109998d2,0.04240656389821834,0.04109480706182773,0.05905167084090442,44.099991438693614,0.05905167084090442,0.03212160289173589,0.02380713069924778,0.0399822065982537,36.54422909853222,0.08012826139367266,0.007064366548979481,0.0006188127432507335,0.0070914176262260676,5.006123204155526,0.022817984463251697,0.08159253333893339,0.0655207505043264,0.10464373007168248,38.76529523083192,0.10464373007168248,0.49462525831819304,-7.555762340161392,3.6002095113654283e-16,45.0
robust,original,1000,read,45,0.8,0,8,817d04f3f17dfe0b,a285d48671d74d2d,1,1,0.001,0.16117406049512423,0.0038746002361893226,0.9934052161058669,2.0232931999489665,instant_RF_exact_pathways,runs\combined_factor_study\cases\a285d48671d74d2d,0.11352593553338264,-0.11352545148979105,0.16054957544226223,-44.999877852959806,0.16054957544226223,0.0,0.0,0.0,0.0,0.0,2.5416094993193757e-06,0.0006234320239926871,0.0006234372047916819,89.76641769252248,0.0006244850528620027,0.11352847714288196,-0.11290201946579836,0.16011115239681895,-44.84148208877701,0.16011115239681895,0.0,0.0,0.0,45.0
robust,original,1000,read,45,0.8,0,8,817d04f3f17dfe0b,a285d48671d74d2d,2,1,0.001,0.1364786649528333,0.0335788560442867,0.9439465711034004,2.023481999989599,instant_RF_exact_pathways,runs\combined_factor_study\cases\a285d48671d74d2d,0.09326447288819012,0.09326445176437709,0.13189586750926569,44.99999351143349,0.13189586750926569,-9.311881898240716e-05,7.756116697437626e-05,0.00012118931087808606,140.20817557043227,0.0001316896381786043,5.338490115951908e-05,-0.004426615343872292,0.004426937242640494,-89.3090474299054,0.004451107805389041,0.09322473897036723,0.08891539758747918,0.12882856781099683,43.64466435915566,0.12882856781099683,0.0009649100701865446,95.20818205899879,0.0,45.0
robust,original,1000,read,45,0.8,0,8,817d04f3f17dfe0b,a285d48671d74d2d,3,1,0.001,0.12101063467643018,0.27875513670639224,0.7186278495424886,2.0235753000015393,instant_RF_exact_pathways,runs\combined_factor_study\cases\a285d48671d74d2d,0.06171520840419197,-0.061714945267394274,0.0872782986642746,-44.9998778529598,0.0872782986642746,0.017557285906115945,0.01762202769480944,0.024875573329387377,45.10544341781661,0.025202717078150815,6.478474176050932e-05,0.008485079338608138,0.008485326655187747,89.56254738400463,0.00852961893400477,0.07933727905206843,-0.035607838233976695,0.08696161216929472,-24.171304820440202,0.08696161216929472,0.20826861329618057,90.1053212707764,6.938893903907228e-18,45.0
robust,original,1000,read,45,0.8,0,8,817d04f3f17dfe0b,a285d48671d74d2d,4,1,0.001,0.136065681407042,0.47314668010586125,0.44607347471886166,2.0237611999036744,instant_RF_exact_pathways,runs\combined_factor_study\cases\a285d48671d74d2d,0.050690126299562044,0.05069011481856913,0.07168665597295827,44.99999351143347,0.07168665597295827,0.009145777653109,-0.03751137676047328,0.0386102141323547,-76.29785227011438,0.05333332919014488,0.0005859862405895619,-0.00742429882510046,0.007447388328706135,-85.48710532622265,0.011045696243938856,0.06042189019326063,0.005754439232995383,0.06069529129522884,5.4403071282264674,0.06069529129522884,0.39196753096467896,-121.29784578154785,2.8609792490763984e-17,45.0
robust,original,1000,read,45,0.8,0,8,817d04f3f17dfe0b,a285d48671d74d2d,5,1,0.001,0.15113652356878976,0.6861995598071784,0.4122815983232062,2.024025799939409,instant_RF_exact_pathways,runs\combined_factor_study\cases\a285d48671d74d2d,0.03353581806476878,-0.03353567507719728,0.04742670762509899,-44.999877852959784,0.04742670762509899,0.02171482455672437,0.054815332242803466,0.05895976810010576,68.3892486360162,0.08942230984481342,0.00076001465998144,0.006023144933129259,0.006070905794761385,82.80829120183762,0.014287506098877259,0.05601065728147457,0.027302802098735465,0.06231080750195357,25.987255425320697,0.06231080750195357,0.5916657849028324,113.38912648897599,2.7097246932071044e-17,45.0
robust,original,1000,read,45,0.8,0,8,817d04f3f17dfe0b,a285d48671d74d2d,6,1,0.001,0.1813028675780057,0.7851874809976374,0.2833327501499469,2.024665299919434,instant_RF_exact_pathways,runs\combined_factor_study\cases\a285d48671d74d2d,0.02753907269278066,0.02753906645535492,0.03894612568678318,44.99999351143347,0.03894612568678318,0.010621793621683763,-0.058485227727528656,0.05944194110291595,-79.70642382780505,0.1245818408844161,0.0011698497251243656,-0.0020973411852123454,0.0024015387622442156,-60.848205068481256,0.017774901006806485,0.03933071603958874,-0.03304350245738606,0.051369040080947996,-40.0351281894495,0.051369040080947996,0.6871476582178969,-124.70641733923853,5.2845041577819695e-17,45.0
robust,original,1000,read,45,0.8,0,8,817d04f3f17dfe0b,a285d48671d74d2d,7,1,0.001,0.2169935945493696,0.8812835985887848,0.24300418150201547,2.027300199959427,instant_RF_exact_pathways,runs\combined_factor_study\cases\a285d48671d74d2d,0.01821560355375839,-0.018215525887398477,0.025760698674185435,-44.999877852959784,0.025760698674185435,0.01917189618940027,0.05472491109510283,0.057986011225674504,70.69300120287564,0.16934487851462818,0.0011583747118043863,-0.0005273693991443075,0.0012727727433056236,-24.478192349036195,0.021888017360555324,0.03854587445496314,0.03598201580856009,0.05273035083464976,43.02972590127402,0.05273035083464976,0.7804141816550232,115.69287905583542,1.0245154072492241e-16,45.0
robust,original,1000,read,45,0.8,0,8,817d04f3f17dfe0b,a285d48671d74d2d,8,1,0.001,0.2666849436555159,0.9206935245330665,0.1301672733633,2.034631299902685,instant_RF_exact_pathways,runs\combined_factor_study\cases\a285d48671d74d2d,0.014955199058535065,0.014955195671277089,0.021149842941416683,44.99999351143347,0.021149842941416683,0.010383411005994946,-0.040386645320820584,0.04170007607174328,-75.58152415371512,0.2183873434717014,0.0013816826626465114,0.0032714950205209366,0.0035512992903374446,67.1037294988601,0.0271477572423983,0.02672029272717654,-0.02215995462902254,0.0347136519626838,-39.669954094820675,0.0347136519626838,0.8188964119166704,-120.58151766514858,2.4532694666933986e-17,45.0
robust,weak_increasing_centering,1000,slice,45,0.8,100,8,bd7ecc0620d14cbb,a2d829f87f7bcf96,1,1,0.001,0.20582918308682255,0.0004392966187486785,0.9991730820418888,4.573984799906611,instant_RF_exact_pathways,runs\combined_factor_study\cases\a2d829f87f7bcf96,0.14317655838021195,-0.14774610566945245,0.2057387630226527,-45.89987573474809,0.2057387630226527,0.0,0.0,0.0,0.0,0.0,-8.452762732455438e-05,2.9192363452456507e-05,8.942658365977686e-05,160.9471944454835,9.04200641698573e-05,0.1430920307528874,-0.147716913306,0.2056589792390247,-45.91112711487053,0.2056589792390247,0.0,0.0,0.0,45.0
robust,weak_increasing_centering,1000,slice,45,0.8,100,8,bd7ecc0620d14cbb,a2d829f87f7bcf96,2,1,0.001,0.15791973168248455,0.03936214984602786,0.9783650672481217,4.574121699901298,instant_RF_exact_pathways,runs\combined_factor_study\cases\a2d829f87f7bcf96,0.10894241177531809,0.10557251003647052,0.15170367154035408,44.0999914386936,0.15170367154035408,-9.303220315420037e-05,0.0001390694458109445,0.0001673179655084523,123.78102662318427,0.00022343460288625703,0.0055310400079550655,-0.0018446326755161425,0.0058305294165437,-18.443830187398905,0.005992625539244213,0.11438041958011895,0.10386694680676531,0.15450314890733932,42.24206379768463,0.15450314890733932,0.0014148618447218334,79.68103518449065,1.962615573354719e-17,45.0
robust,weak_increasing_centering,1000,slice,45,0.8,100,8,bd7ecc0620d14cbb,a2d829f87f7bcf96,3,1,0.001,0.12096172005990634,0.0764142989637749,0.9678753584807913,4.574195499997586,instant_RF_exact_pathways,runs\combined_factor_study\cases\a2d829f87f7bcf96,0.07774651822010496,-0.08022783496357033,0.11171851502007621,-45.89987573474809,0.11171851502007621,-0.0004983162736310723,-0.00020033862561974507,0.0005370797645422569,-158.09834027116003,0.0008918142116068957,0.007775220013589157,-5.646236632246284e-05,0.007775425021085864,-0.4160651945118022,0.008351390828223216,0.08502342196006303,-0.08048463595551254,0.11707586816543497,-43.42915127720846,0.11707586816543497,0.00737269783502768,-112.19846453641193,1.3877787807814457e-17,45.0
robust,weak_increasing_centering,1000,slice,45,0.8,100,8,bd7ecc0620d14cbb,a2d829f87f7bcf96,4,1,0.001,0.09380910806150373,0.12430688870248198,0.9143116583371053,4.5743210999062285,instant_RF_exact_pathways,runs\combined_factor_study\cases\a2d829f87f7bcf96,0.05899264025875052,0.05716782843617792,0.08214798970642329,44.0999914386936,0.08214798970642329,-0.00110405872124497,0.00039454730278388556,0.0011724390108193764,160.33510231460025,0.0018132782017504692,0.006732833711287714,-0.001164714785607623,0.006832833256831701,-9.81448064176649,0.009847840153330012,0.0646214152487933,0.05639766095335418,0.0857707611588382,41.11248777273046,0.0857707611588382,0.01932944720635907,116.23511087590664,4.220764384040162e-17,45.0
robust,weak_increasing_centering,1000,slice,45,0.8,100,8,bd7ecc0620d14cbb,a2d829f87f7bcf96,5,1,0.001,0.07906952335461406,0.23738456072907368,0.8362230415925211,4.574577999999747,instant_RF_exact_pathways,runs\combined_factor_study\cases\a2d829f87f7bcf96,0.041963384525599744,-0.04330266570525417,0.06029963928602177,-45.89987573474809,0.06029963928602177,0.0012269326376498325,-0.0030809478016125655,0.003316263417400927,-68.28596023246443,0.0066119535984120155,0.0036384197183212583,-0.00029498661907855064,0.0036503582224357567,-4.63514451016389,0.012157930470180352,0.04682873688157082,-0.046678600125945276,0.06611975731686626,-44.90800513274915,0.06611975731686626,0.08362202423756204,-22.386084497716336,2.5018537765542006e-17,45.0
robust,weak_increasing_centering,1000,slice,45,0.8,100,8,bd7ecc0620d14cbb,a2d829f87f7bcf96,6,1,0.001,0.07243594334355748,0.3901598120367832,0.6192152595593811,4.5754037000006065,instant_RF_exact_pathways,runs\combined_factor_study\cases\a2d829f87f7bcf96,0.031722766515213316,0.030741490221632174,0.044174349303928016,44.09999143869359,0.044174349303928016,0.0024998881101156844,0.004401072638479512,0.0050615097483133215,60.40264883314887,0.009467204956872123,-0.004021950210013339,-0.001980104212922059,0.004482956188259933,-153.78785158455617,0.018794389082757334,0.03020070441531566,0.0331624586471896,0.044853441458909564,47.67620149395052,0.044853441458909564,0.13069761391758206,16.30265739445527,2.797157557069881e-17,45.0
robust,weak_increasing_centering,1000,slice,45,0.8,100,8,bd7ecc0620d14cbb,a2d829f87f7bcf96,7,1,0.001,0.06957318575978935,0.53588401840459,0.5551965026315377,4.578409599955194,instant_RF_exact_pathways,runs\combined_factor_study\cases\a2d829f87f7bcf96,0.022471093562754115,-0.023188269096498067,0.032290027401624434,-45.89987573474808,0.032290027401624434,0.00611287582536292,-0.008056164634463263,0.010112815605650237,-52.8094136485128,0.015692137482162038,-0.004297075097514784,0.0012081951864792372,0.0044636968985711034,164.2957757369209,0.021591020876002922,0.024286894290602257,-0.03003623854448214,0.03862678941076935,-51.04146698355024,0.03862678941076935,0.22554864077004066,-6.909537913764723,4.869600850199926e-17,45.0
robust,weak_increasing_centering,1000,slice,45,0.8,100,8,bd7ecc0620d14cbb,a2d829f87f7bcf96,8,1,0.001,0.07294038801089191,0.6772010796464388,0.38214353074003216,4.589747299905866,instant_RF_exact_pathways,runs\combined_factor_study\cases\a2d829f87f7bcf96,0.016908342502153683,0.016385318898485417,0.023545078500085744,44.09999143869359,0.023545078500085744,0.0078147004166547,0.008985719435910842,0.011908513609303596,48.98716865100274,0.019340105152482422,-0.008857145575202549,-0.002453440103416928,0.009190668968110242,-164.51720370062296,0.030055204358323855,0.015865897343605797,0.022917598230979372,0.027873697408030144,55.30506989587779,0.027873697408030144,0.2651494690375713,4.887177212309151,5.647850449853784e-17,45.0
robust,high_low_permutation_alternating,1000,read,90,1.2,100,8,0829a82ef8bc951b,a44f55b7d768cc9b,1,1,0.001,0.16112780933716794,0.003585908692309175,0.995336754779919,2.820032099960372,instant_RF_exact_pathways,runs\combined_factor_study\cases\a44f55b7d768cc9b,-0.002522069859931905,-0.16053020898681156,0.16055001972509306,-90.9000927109277,0.16055001972509306,0.0,0.0,0.0,0.0,0.0,-0.0005453957472635243,0.00018311600699099205,0.0005753155596274649,161.4405814126485,0.0005777896120748985,-0.003067465607195429,-0.16034709297982055,0.16037643085045428,-91.09594377331324,0.16037643085045428,0.0,180.0,0.0,90.0
robust,high_low_permutation_alternating,1000,read,90,1.2,100,8,0829a82ef8bc951b,a44f55b7d768cc9b,2,1,0.001,0.1317751716763785,0.0006035083048327324,0.9991991228458981,2.8201787000289187,instant_RF_exact_pathways,runs\combined_factor_study\cases\a44f55b7d768cc9b,0.002068097970897162,0.1316794049553442,0.13169564426590105,89.10021203284313,0.13169564426590105,2.4007968753447146e-06,-6.271023156476949e-06,6.714875804192887e-06,-69.05116816894042,1.392377095174758e-05,5.670706115610861e-06,-1.9867538896514176e-05,2.0660977945250562e-05,-74.06989231895348,6.560363952569735e-05,0.0020761694738881177,0.1316532663932912,0.13166963595190503,89.09652155232054,0.13166963595190503,0.00010566308337614938,-158.15138020178355,0.0,90.0
robust,high_low_permutation_alternating,1000,read,90,1.2,100,8,0829a82ef8bc951b,a44f55b7d768cc9b,3,1,0.001,0.08799807691588905,0.03886598235549356,0.9611836927697824,2.820253000012599,instant_RF_exact_pathways,runs\combined_factor_study\cases\a44f55b7d768cc9b,-0.0013286294626265694,-0.08456750889019264,0.08457794521115874,-90.9000927109277,0.08457794521115874,-6.161786541574806e-05,0.00022011086114155458,0.0002285728604425074,105.63906605639674,0.0004512410128817811,-0.002807205614395173,-0.00013070361753564052,0.002810246750221176,-177.33423117810187,0.0029688906918485464,-0.00419745294243749,-0.08447810164658673,0.08458231652665359,-92.84450899068702,0.08458231652665359,0.0051278508428438665,-163.46084123267556,0.0,90.0
robust,high_low_permutation_alternating,1000,read,90,1.2,100,8,0829a82ef8bc951b,a44f55b7d768cc9b,4,1,0.001,0.07227216665669939,0.04324134022975326,0.9320585750881634,2.8203733999980614,instant_RF_exact_pathways,runs\combined_factor_study\cases\a44f55b7d768cc9b,0.0010858583460385117,0.06913849483161431,0.06914702130915562,89.10021203284313,0.06914702130915562,2.5550056688372334e-05,-0.0005715044185335822,0.0005720752623564376,-87.44020127228458,0.0008897904317306945,0.0005480066191480023,-0.0012255401300861526,0.0013424827243140253,-65.9079465777429,0.0022353549158130566,0.001659415021874887,0.06734145028299454,0.0673618926725775,88.58841412606539,0.0673618926725775,0.012311661223016813,-176.54041330512771,4.163562211670007e-17,90.0
robust,high_low_permutation_alternating,1000,read,90,1.2,100,8,0829a82ef8bc951b,a44f55b7d768cc9b,5,1,0.001,0.056443447863705774,0.20760969581842983,0.8139190122326786,2.820629099966027,instant_RF_exact_pathways,runs\combined_factor_study\cases\a44f55b7d768cc9b,-0.0007025859109076982,-0.0447197220430077,0.044725240821778416,-90.9000927109277,0.044725240821778416,-0.0001536918777145226,-0.0019751633387165447,0.0019811338692489466,-94.4493473377581,0.006466063153659084,-0.0011011683788212032,0.0007962108062692521,0.001358868443424767,144.13081326492406,0.0052521438882683,-0.0019574461674434235,-0.04589867457545498,0.045940395332234096,-92.44202006183917,0.045940395332234096,0.11455825961009174,-3.5492546268303897,6.952433221959954e-18,90.0
robust,high_low_permutation_alternating,1000,read,90,1.2,100,8,0829a82ef8bc951b,a44f55b7d768cc9b,6,1,0.001,0.045463710358607946,0.19914976854112995,0.8410481051490032,2.821375499945134,instant_RF_exact_pathways,runs\combined_factor_study\cases\a44f55b7d768cc9b,0.0005717627776683698,0.03640513331499685,0.0364096229636702,89.10021203284313,0.0364096229636702,-9.918652734657046e-06,0.0026385774061134094,0.0026385960486069557,90.21537903797483,0.006077032376427011,0.0005612823520592259,-0.0008230414238895093,0.000996210351367224,-55.707527855054735,0.002977055018510729,0.001123126476992938,0.03822066929722075,0.03823716745015032,88.31682972486172,0.03823716745015032,0.13366776113283957,1.1151670051316946,4.336808689942018e-19,90.0
robust,high_low_permutation_alternating,1000,read,90,1.2,100,8,0829a82ef8bc951b,a44f55b7d768cc9b,7,1,0.001,0.04571430866482754,0.4816435091365334,0.6513268615828507,2.8245090000564232,instant_RF_exact_pathways,runs\combined_factor_study\cases\a44f55b7d768cc9b,-0.0003722437771660883,-0.02369338466466019,0.02369630862174937,-90.9000927109277,0.02369630862174937,-0.000533744773992034,-0.006361425057659239,0.006383777271175637,-94.79607358176206,0.01405877840622058,0.00011451069199142355,0.0002903739206894653,0.000312137329387125,68.4779065165134,0.00795922163685757,-0.0007914778591666988,-0.029764435801629945,0.02977495719209184,-91.5232157298289,0.02977495719209184,0.3075356232399368,-3.895980870834361,1.734723475976807e-17,90.0
robust,high_low_permutation_alternating,1000,read,90,1.2,100,8,0829a82ef8bc951b,a44f55b7d768cc9b,8,1,0.001,0.03728050051732976,0.4852429821737175,0.7077059258883043,2.833734599989839,instant_RF_exact_pathways,runs\combined_factor_study\cases\a44f55b7d768cc9b,0.00030135868206516167,0.01918803291279884,0.019190399269371848,89.10021203284313,0.019190399269371848,4.1026532855629e-05,0.007496839093192588,0.007496951351424045,89.68645135825072,0.013226033388166265,0.0005029007914890115,-0.0003147850986975929,0.0005932949219758481,-32.0440452434278,0.004864067859791622,0.0008452860064097997,0.026370086907293887,0.02638363113619626,88.16402792987807,0.02638363113619626,0.35477081060159515,0.5862393254075932,5.2101414082636953e-17,90.0
robust,increasing_alternating_centering,0,read,45,0.8,100,8,248d2cd0736afc45,a63ac7fe9681b596,1,1,0.001,0.559387514303704,0.026285082421057197,0.9968701196487729,4.232261900091544,instant_RF_exact_pathways,runs\combined_factor_study\cases\a63ac7fe9681b596,0.3790533913459273,-0.3911510588446985,0.5446839673849209,-45.89987573474809,0.5446839673849209,0.0,0.0,0.0,0.0,0.0,0.01393847892114835,-0.004470069522434926,0.01463771553797581,-17.781043313568386,0.014703546918783155,0.39299187026707566,-0.3956211283671334,0.5576366983139631,-45.19102504583354,0.5576366983139631,0.0,0.0,0.0,45.0
robust,increasing_alternating_centering,0,read,45,0.8,100,8,248d2cd0736afc45,a63ac7fe9681b596,2,1,0.001,0.41636976440541357,0.036556096899238416,0.9851763952093068,4.232390100019984,instant_RF_exact_pathways,runs\combined_factor_study\cases\a63ac7fe9681b596,0.28807562398723396,0.27916461742537885,0.4011489109518962,44.0999914386936,0.4011489109518962,-0.0019095316591348035,0.002107689956879996,0.002844058387510867,132.1760484758571,0.0030298647955724223,0.009264672870075716,0.0033024388156225972,0.009835662942600656,19.618862591749036,0.012190988657944941,0.29543076519817485,0.2845747461978814,0.4101976635710737,43.92771458447141,0.4101976635710737,0.007276860748760528,88.0760570371635,0.0,45.0
robust,increasing_alternating_centering,0,read,45,0.8,100,8,248d2cd0736afc45,a63ac7fe9681b596,3,1,0.001,0.31827191985290487,0.07311353682685925,0.9185250946993359,4.232460800092667,instant_RF_exact_pathways,runs\combined_factor_study\cases\a63ac7fe9681b596,0.20529608043830921,-0.21184820152902137,0.2950019341197843,-45.899875734748086,0.2950019341197843,-0.0037558315291835696,0.004293158166115436,0.005704163173936475,131.1807707362552,0.01031520217472084,0.0030434654116351825,-0.0012717154845783467,0.0032984757063734835,-22.677666579661743,0.012954783558399725,0.2045837143207608,-0.20882675884748428,0.2923407453230289,-45.58803543609764,0.2923407453230289,0.03241002907038798,177.0806464710033,2.7755575615628914e-17,45.0
robust,increasing_alternating_centering,0,read,45,0.8,100,8,248d2cd0736afc45,a63ac7fe9681b596,4,1,0.001,0.2383014353031462,0.09487137967408557,0.8931999945147718,4.232569600106217,instant_RF_exact_pathways,runs\combined_factor_study\cases\a63ac7fe9681b596,0.15489516066792167,0.15010380840420984,0.21569344935762189,44.099991438693614,0.21569344935762189,-0.003760697761895311,-0.003843790620226593,0.005377506298319542,-134.37396437614623,0.011794058728283879,0.002696619224729792,0.0008504120283692463,0.00282753529795428,17.503309570512034,0.01081392721724052,0.15383108213075616,0.14711042981235245,0.21285084070563245,43.72067825871732,0.21285084070563245,0.049492185027255546,-178.47395581483985,2.7755575615628914e-17,45.0
robust,increasing_alternating_centering,0,read,45,0.8,100,8,248d2cd0736afc45,a63ac7fe9681b596,5,1,0.001,0.18363827045312214,0.14326419378143088,0.8320254789977815,4.232820100034587,instant_RF_exact_pathways,runs\combined_factor_study\cases\a63ac7fe9681b596,0.10948784462910206,-0.11298220075338537,0.15732948168923924,-45.8998757347481,0.15732948168923924,-0.0026438100146388603,0.004995321221118714,0.005651810815629243,117.89035602552767,0.01577285566439483,0.0008972608797600593,-0.00035112361645733527,0.0009635169331059384,-21.371814697469805,0.010535933099488104,0.10774129549422326,-0.10833800314872395,0.1527917199360831,-45.158223131568505,0.1527917199360831,0.08589089640996815,163.79023176027576,4.163336342344337e-17,45.0
robust,increasing_alternating_centering,0,read,45,0.8,100,8,248d2cd0736afc45,a63ac7fe9681b596,6,1,0.001,0.13972186886288449,0.18570840729730337,0.7896943099505487,4.233470400096849,instant_RF_exact_pathways,runs\combined_factor_study\cases\a63ac7fe9681b596,0.08170435964451221,0.07917700910076515,0.11377434313175552,44.099991438693614,0.11377434313175552,-0.002355103909311105,-0.004308076036173439,0.004909789563423701,-118.66418589137682,0.016576977364675158,0.001484258882630945,0.0002331383063301359,0.0015024572874286128,8.926733378716483,0.009370548366453766,0.08083351461783203,0.07510207137092191,0.11033756481667661,42.89502987105585,0.11033756481667661,0.11864268277819065,-162.76417733007042,5.721958498152797e-17,45.0
robust,increasing_alternating_centering,0,read,45,0.8,100,8,248d2cd0736afc45,a63ac7fe9681b596,7,1,0.001,0.11060478761857619,0.2585760628125093,0.7163215051844306,4.235794200096279,instant_RF_exact_pathways,runs\combined_factor_study\cases\a63ac7fe9681b596,0.05706848243111695,-0.05888984992412286,0.08200503710795098,-45.8998757347481,0.08200503710795098,-0.001389598143470785,0.0036049539361068966,0.0038635056466621164,111.08010688538118,0.01929545614465234,0.0008695755784452924,-0.00020781375781090815,0.0008940627743978359,-13.44062290442425,0.009304294365973093,0.05654845986609135,-0.05549270974582675,0.07922858794754277,-44.46012491567917,0.07922858794754277,0.17445407708021898,156.97998262012928,1.6711069443220838e-16,45.0
robust,increasing_alternating_centering,0,read,45,0.8,100,8,248d2cd0736afc45,a63ac7fe9681b596,8,1,0.001,0.0870012110355427,0.3283543721644005,0.6503400673490052,4.243855000007898,instant_RF_exact_pathways,runs\combined_factor_study\cases\a63ac7fe9681b596,0.04196298595767573,0.040664950261186356,0.05843398300842457,44.09999143869361,0.05843398300842457,-0.0013006373707377067,-0.002672149590792645,0.002971874998335696,-115.9539579443958,0.01976110459247244,0.0011317113375401578,0.00014635524744961175,0.0011411355791372776,7.368711557871334,0.00880612343464571,0.041794059924478155,0.038139155917843295,0.05658037344429986,42.3820042823347,0.05658037344429986,0.22713597152572296,-160.0539493830894,3.925231146709438e-17,45.0
robust,weak_increasing_centering,1000,read,0,1.2,0,8,345b2b1c4709d8a0,ac00f2fb408bee1a,1,1,0.001,0.17920700684424895,0.0018613961388770474,0.9981600970217144,3.0790503000607714,instant_RF_exact_pathways,runs\combined_factor_study\cases\ac00f2fb408bee1a,0.17887343161330052,3.5325889013514715e-07,0.17887343161364935,0.00011315399552433165,0.17887343161364935,0.0,0.0,0.0,0.0,0.0,3.546622158905076e-06,0.0003300282754945244,0.00033004733168839244,89.3842992422349,0.0003335752305995875,0.17887697823545942,0.00033038153438465955,0.17887728333862657,0.10582382490603046,0.17887728333862657,0.0,0.0,0.0,0.0
robust,weak_increasing_centering,1000,read,0,1.2,0,8,345b2b1c4709d8a0,ac00f2fb408bee1a,2,1,0.001,0.13846807787095317,0.04747298301509947,0.9530221502515335,3.0791823000181466,instant_RF_exact_pathways,runs\combined_factor_study\cases\ac00f2fb408bee1a,0.1318945851620518,5.765295656093049e-09,0.13189458516205194,2.504478165903348e-06,0.13189458516205194,-0.00014689092854019173,-2.689284585907961e-10,0.0001468909285404379,-179.99989510267366,0.00014689092854045682,6.199409743502961e-05,-0.006362220771140188,0.006362522802225894,-89.4417220253493,0.006426601780360767,0.13180968833094667,-0.006362215274772992,0.13196314531377257,-2.763418900039078,0.13196314531377257,0.0010608288263909708,-179.99989760715184,2.7769124835677133e-17,0.0
robust,weak_increasing_centering,1000,read,0,1.2,0,8,345b2b1c4709d8a0,ac00f2fb408bee1a,3,1,0.001,0.10634459317019984,0.0866404484948948,0.9092882795968493,3.0792529000900686,instant_RF_exact_pathways,runs\combined_factor_study\cases\ac00f2fb408bee1a,0.09713084992273718,1.9182466581044958e-07,0.0971308499229266,0.00011315399552433165,0.0971308499229266,-0.0005136923615244023,2.313928963326881e-12,0.0005136923615244023,179.99999974191095,0.0006963164428619577,7.75671434108819e-05,0.0007824728916147771,0.0007863081379770369,84.33872097455895,0.008517426804411282,0.09669472470462365,0.0007826647185945164,0.09669789216815787,0.4637523505879406,0.09669789216815787,0.0065477371449203245,179.99988658791546,1.3878211317825933e-17,0.0
robust,weak_increasing_centering,1000,read,0,1.2,0,8,345b2b1c4709d8a0,ac00f2fb408bee1a,4,1,0.001,0.0831582673323183,0.14113539982829915,0.8482160691980218,3.079360100091435,instant_RF_exact_pathways,runs\combined_factor_study\cases\ac00f2fb408bee1a,0.0714216920233429,3.121941437300693e-09,0.07142169202334298,2.504478165903349e-06,0.07142169202334298,-0.00110416255427949,-1.5541007924816763e-09,0.0011041625542805838,-179.9999193566056,0.0014879003658181433,8.586684688522481e-05,-0.004326002495079961,0.004326854596913566,-88.86288508201659,0.010248674943157215,0.07040339631594862,-0.0043260009272393166,0.0705361786379373,-3.516170680995351,0.0705361786379373,0.017892392585239586,-179.99992186108378,1.3877787807814457e-17,0.0
robust,weak_increasing_centering,1000,read,0,1.2,0,8,345b2b1c4709d8a0,ac00f2fb408bee1a,5,1,0.001,0.07051996889053687,0.25657535031092665,0.7711813751736452,3.0796035000821576,instant_RF_exact_pathways,runs\combined_factor_study\cases\ac00f2fb408bee1a,0.05242628316842948,1.0353717955178566e-07,0.05242628316853172,0.00011315399552433168,0.05242628316853172,0.0018762890919199074,5.718260311677416e-09,0.001876289091928621,0.00017461711173730462,0.005679517213053163,8.102954346425916e-05,-9.61381626492725e-05,0.00012573119434573205,-49.87431233082692,0.01241416850895197,0.05438360180381362,-9.602890720940926e-05,0.054383686586206896,-0.10117103673737562,0.054383686586206896,0.08053771580456982,6.146311621297292e-05,2.0817811058350035e-17,0.0
robust,weak_increasing_centering,1000,read,0,1.2,0,8,345b2b1c4709d8a0,ac00f2fb408bee1a,6,1,0.001,0.06614298852839802,0.41934006372065025,0.6411446880630077,3.080646200105548,instant_RF_exact_pathways,runs\combined_factor_study\cases\ac00f2fb408bee1a,0.03840658350422532,1.6788051516309934e-09,0.03840658350422536,2.5044781659033494e-06,0.03840658350422536,0.003188775145723387,-2.003332233543652e-09,0.0031887751457240162,-3.5995790452171826e-05,0.008164983150947117,7.558246245577808e-05,-0.007868002116625812,0.007868365142509538,-89.44961594601786,0.019571421873225504,0.0416709411124045,-0.007868002441152907,0.04240722574759485,-10.692295146411,0.04240722574759485,0.12344442445991897,-3.850026861807518e-05,1.3985787785349405e-17,0.0
robust,weak_increasing_centering,1000,read,0,1.2,0,8,345b2b1c4709d8a0,ac00f2fb408bee1a,7,1,0.001,0.06388201228069443,0.5605327658005779,0.5672643738011218,3.0832627000054345,instant_RF_exact_pathways,runs\combined_factor_study\cases\ac00f2fb408bee1a,0.028074051252035548,5.544371848543372e-08,0.028074051252090296,0.00011315399552433162,0.028074051252090296,0.007787065524675559,1.7421159058453266e-08,0.007787065524695046,0.00012818164751675148,0.01357941175487791,6.710924616344622e-05,0.0047279787296025345,0.004728454982179129,89.18679448489986,0.022228549273726198,0.03592822602287459,0.004728051594480085,0.0362379896935637,7.496881952719514,0.0362379896935637,0.21257019417626735,1.5027651992419843e-05,3.5381555418772973e-17,0.0
robust,weak_increasing_centering,1000,read,0,1.2,0,8,345b2b1c4709d8a0,ac00f2fb408bee1a,8,1,0.001,0.06817427644086946,0.6997261997908468,0.4595377352611056,3.091943700099364,instant_RF_exact_pathways,runs\combined_factor_study\cases\ac00f2fb408bee1a,0.020470949063409186,8.948136389857758e-10,0.020470949063409207,2.5044781659033443e-06,0.020470949063409207,0.009353726588419273,-1.2362973691625034e-09,0.009353726588419355,-7.572877056705671e-06,0.016737757088336552,5.93510203916853e-05,-0.009403691673048067,0.009403878966967573,-89.6383848020245,0.030965570289123466,0.029884026672220232,-0.009403692014531772,0.0313286525987017,-17.467373725352402,0.0313286525987017,0.24551426083493447,-1.0077355222609017e-05,9.055522398700296e-17,0.0
robust,increasing_alternating_centering,1000,read,45,0.8,100,8,e5693cbecd4da986,b081bc0bf9916614,1,1,0.001,0.17923335091281156,0.0020108662015695653,0.9962038633649216,3.4898706000531092,instant_RF_exact_pathways,runs\combined_factor_study\cases\b081bc0bf9916614,0.12448024415577764,-0.1284530897715767,0.17887293662526693,-45.899875734748086,0.17887293662526693,0.0,0.0,0.0,0.0,0.0,-0.0003411386513382853,0.00011509538395136869,0.00036003128592362237,161.3563284213467,0.00036041428754463115,0.12413910550443936,-0.12833799438762533,0.17855295662318357,-45.95278516540754,0.17855295662318357,0.0,0.0,0.0,45.0
robust,increasing_alternating_centering,1000,read,45,0.8,100,8,e5693cbecd4da986,b081bc0bf9916614,2,1,0.001,0.13312839964505285,0.01045636173901297,0.9846614165968747,3.4899916000431404,instant_RF_exact_pathways,runs\combined_factor_study\cases\b081bc0bf9916614,0.09460335886174134,0.09167700521917196,0.1317363609406283,44.09999143869363,0.1317363609406283,3.0930649125684286e-05,-2.6993058447632382e-05,4.1052774080365046e-05,-41.111078232488815,4.2655711361122376e-05,-0.0012508173967472663,0.00034548245490950355,0.0012976526063072141,164.55956274391676,0.001349382993063458,0.09338347211411976,0.09199549461563385,0.1310863985837726,44.571020552414005,0.1310863985837726,0.00032041030670278543,-85.21106967118244,1.3877787807814457e-17,45.0
robust,increasing_alternating_centering,1000,read,45,0.8,100,8,e5693cbecd4da986,b081bc0bf9916614,3,1,0.001,0.10228657539727526,0.0528772472991411,0.9104676447866832,3.4900686000473797,instant_RF_exact_pathways,runs\combined_factor_study\cases\b081bc0bf9916614,0.06741875102724745,-0.06957045221692434,0.0968779428546113,-45.899875734748115,0.0968779428546113,0.00028308277834679504,0.0008739070011170637,0.0009186127072917947,72.0514191609485,0.0011323119519987919,-0.003970999811527649,0.0007898432168728227,0.004048788931321641,168.75052403849426,0.004276320590665183,0.0637308339940666,-0.06790670199893446,0.0931286173952527,-46.81695442898998,0.0931286173952527,0.011069995721344237,117.9512948956966,0.0,45.0
robust,increasing_alternating_centering,1000,read,45,0.8,100,8,e5693cbecd4da986,b081bc0bf9916614,4,1,0.001,0.07613887098450867,0.06968383344922797,0.8897948110385949,3.4901888000313193,instant_RF_exact_pathways,runs\combined_factor_study\cases\b081bc0bf9916614,0.050867207255494325,0.04929373841643339,0.07083322257981191,44.099991438693614,0.07083322257981191,-4.492669919465337e-05,-0.001220359954363817,0.0012211866468789217,-92.10835196271962,0.001687104514521126,-0.002707368622055552,-0.0003791125270619735,0.0027337833059454977,-172.02871003081057,0.0036185438901756507,0.04811491193424414,0.047694265935007606,0.06774797232035284,44.748447005769684,0.06774797232035284,0.022158254945287892,-136.20834340141323,2.0816681711721685e-17,45.0
robust,increasing_alternating_centering,1000,read,45,0.8,100,8,e5693cbecd4da986,b081bc0bf9916614,5,1,0.001,0.05891874284863975,0.12308664326457168,0.8234941599975393,3.4905036001000553,instant_RF_exact_pathways,runs\combined_factor_study\cases\b081bc0bf9916614,0.03595555123020244,-0.03710308958086465,0.0516666325660322,-45.89987573474809,0.0516666325660322,4.753524769319147e-05,0.0014137642271408839,0.0014145631444783628,88.0742592249971,0.00265346052297027,-0.0025763275210859316,0.0005216057955782461,0.002628599646558143,168.55455134993218,0.0045986497596373155,0.0334267589568097,-0.035167719558145516,0.048519240650251615,-46.45388210024209,0.048519240650251615,0.045035932450000156,133.9741349597452,6.938893903907228e-18,45.0
robust,increasing_alternating_centering,1000,read,45,0.8,100,8,e5693cbecd4da986,b081bc0bf9916614,6,1,0.001,0.04467137816947841,0.1635980618916619,0.7863026697819897,3.4912454000441357,instant_RF_exact_pathways,runs\combined_factor_study\cases\b081bc0bf9916614,0.02683151996352562,0.026001543976143522,0.037363227278922245,44.09999143869362,0.037363227278922245,-0.00023791235856390828,-0.00140821870832096,0.0014281744364126514,-99.58931947851232,0.003101663725537884,-0.0012972169524238038,-0.00022379562096987144,0.0013163799989444505,-170.2116941589612,0.004206487165018272,0.02529639065253789,0.02436952964685268,0.035125223917501766,43.93087533951655,0.035125223917501766,0.0694329087804389,-143.68931091720594,2.023017827855918e-17,45.0
robust,increasing_alternating_centering,1000,read,45,0.8,100,8,e5693cbecd4da986,b081bc0bf9916614,7,1,0.001,0.035632752595432846,0.24422729721023595,0.7079192687569403,3.493935100035742,instant_RF_exact_pathways,runs\combined_factor_study\cases\b081bc0bf9916614,0.01874115570210547,-0.01933928851242469,0.026930261736889262,-45.89987573474809,0.026930261736889262,-0.00020793427394070622,0.0012146187151091668,0.001232288637200186,99.71446851276895,0.003834276334772968,-0.0008880227666627023,9.821014104874947e-05,0.0008934369960529369,173.6890672392257,0.00486821452377071,0.017645198661502118,-0.01802645965626677,0.025225112161155788,-45.61235768602799,0.025225112161155788,0.10760539266518576,145.61434424751704,5.551115123125783e-17,45.0
robust,increasing_alternating_centering,1000,read,45,0.8,100,8,e5693cbecd4da986,b081bc0bf9916614,8,1,0.001,0.028109919821693873,0.31733768687849734,0.6439084791519614,3.503270100103691,instant_RF_exact_pathways,runs\combined_factor_study\cases\b081bc0bf9916614,0.013780546109795575,0.013354274233297707,0.019189582887137516,44.09999143869362,0.019189582887137516,-0.00033152881973586137,-0.0009455275068293993,0.0010019648818628691,-109.32211659380977,0.004182403528759173,-0.0002843467384208696,1.3381047410859e-05,0.0002846614130513619,177.30571079911812,0.004737933405797181,0.013164670551638873,0.012422127773879129,0.018100215721470476,43.33771192469463,0.018100215721470476,0.14878745849468403,-153.4221080325034,4.8230304383812554e-17,45.0
robust,increasing_centering,1000,read,90,0.8,0,8,bc062153b6b100ae,b1b45f650042aed2,1,1,0.001,0.17923335091281167,0.002010866201569564,0.995978267596868,2.894482999923639,instant_RF_exact_pathways,runs\combined_factor_study\cases\b1b45f650042aed2,-2.942603429575941e-07,-0.178872936625025,0.17887293662526704,-90.00009425615774,0.17887293662526704,0.0,0.0,0.0,0.0,0.0,-3.731851990805573e-10,0.00036041428754442564,0.00036041428754461885,90.00005932599684,0.0003604142875446312,-2.9463352815667465e-07,-0.17851252233748055,0.1785125223377237,-90.00009456623796,0.1785125223377237,0.0,180.0,0.0,90.0
robust,increasing_centering,1000,read,90,0.8,0,8,bc062153b6b100ae,b1b45f650042aed2,2,1,0.001,0.13808894844736558,0.044862971656196855,0.9122615773645061,2.894624999957159,instant_RF_exact_pathways,runs\combined_factor_study\cases\b1b45f650042aed2,-4.832197571296897e-07,0.1318938678662522,0.1318938678671374,90.00020991463144,0.1318938678671374,2.637794305164432e-10,0.00012497173666077088,0.00012497173666104925,89.99987906507107,0.0001468942386648144,5.937342509300517e-09,-0.006045597676616453,0.006045597676619368,-89.99994373018427,0.006048186341563366,-4.770186351898727e-07,0.12597324192629653,0.1259732419271997,90.00021695999982,0.1259732419271997,0.0010637653506414026,-0.00033084956035473665,0.0,90.0
robust,increasing_centering,1000,read,90,0.8,0,8,bc062153b6b100ae,b1b45f650042aed2,3,1,0.001,0.10537419027232828,0.07953008199070621,0.8430578158483575,2.894712399924174,instant_RF_exact_pathways,runs\combined_factor_study\cases\b1b45f650042aed2,-1.5956254330265254e-07,-0.09699377228013448,0.09699377228026573,-90.00009425615774,0.09699377228026573,-1.678589802740684e-09,0.0004906305569250523,0.0004906305569279238,90.00019602552241,0.0006963634584370038,-7.917770883254556e-09,0.007666607025592181,0.00766660702559627,90.00005917283268,0.007684054533625556,-1.6915890398864778e-07,-0.08883653469761726,0.08883653469777832,-90.00010910028514,0.08883653469777832,0.006608482178010832,-179.99970971831988,2.7755575615628914e-17,90.0
robust,increasing_centering,1000,read,90,0.8,0,8,bc062153b6b100ae,b1b45f650042aed2,4,1,0.001,0.08193184249038117,0.1325641799750968,0.7870793736514184,2.894848099909723,instant_RF_exact_pathways,runs\combined_factor_study\cases\b1b45f650042aed2,-2.603815163168885e-07,0.07107061497631802,0.071070614976795,90.00020991463144,0.071070614976795,5.791211464753508e-10,-0.001284180917832527,0.0012841809178326575,-89.99997416158654,0.0014422635681845015,5.166353859897595e-09,-0.005299570789552334,0.005299570789554852,-89.999944144482,0.009418963945401627,-2.546360413105157e-07,0.06448686326893315,0.06448686326943588,90.00022624096971,0.06448686326943588,0.01760321169823349,179.99981592378202,1.3877787808218354e-17,90.0
robust,increasing_centering,1000,read,90,0.8,0,8,bc062153b6b100ae,b1b45f650042aed2,5,1,0.001,0.06907116816521658,0.24947281323369452,0.6863630292279371,2.895154499914497,instant_RF_exact_pathways,runs\combined_factor_study\cases\b1b45f650042aed2,-8.528061613824337e-08,-0.051839789529632245,0.0518397895297024,-90.00009425615774,0.0518397895297024,-8.576367239704777e-09,-0.0016679809537004544,0.0016679809537225032,-90.0002946014733,0.005505745159387465,-6.310722250501268e-09,0.006099874269248249,0.0060998742692515125,90.00005927626287,0.01172563347612675,-1.001677056284494e-07,-0.047407896214084484,0.04740789621419031,-90.00012105972284,0.04740789621419031,0.0797111921752627,-0.00020034531555545822,3.469446951953867e-17,90.0
robust,increasing_centering,1000,read,90,0.8,0,8,bc062153b6b100ae,b1b45f650042aed2,6,1,0.001,0.05850853518907747,0.357271665390408,0.6577095451061721,2.8959741999860853,instant_RF_exact_pathways,runs\combined_factor_study\cases\b1b45f650042aed2,-1.3777383577413018e-07,0.03760509338227009,0.03760509338252247,90.00020991463144,0.03760509338252247,-1.7297695343796812e-08,0.0031261302663519097,0.003126130266399766,90.00031703251435,0.007862291660966055,2.1351678593614163e-09,-0.0022496015848892607,0.0022496015848902737,-89.99994561876747,0.013041150145588994,-1.5293636325856563e-07,0.0384816220637327,0.0384816220640366,90.00022770890828,0.0384816220640366,0.13437854213164113,0.0001071178829110217,4.1633363423477026e-17,90.0
robust,increasing_centering,1000,read,90,0.8,0,8,bc062153b6b100ae,b1b45f650042aed2,7,1,0.001,0.055450098497606494,0.5111894821058942,0.5651757088589788,2.8989071999676526,instant_RF_exact_pathways,runs\combined_factor_study\cases\b1b45f650042aed2,-4.4589229097155195e-08,-0.027104591363857535,0.02710459136389421,-90.00009425615774,0.02710459136389421,-1.793892563730622e-08,-0.007638172989811302,0.0076381729898323675,-90.0001345642118,0.01290519724846529,-3.544536981659064e-09,0.0034037156290535396,0.003403715629055385,90.00005966626813,0.015440309885247003,-6.607269171612062e-08,-0.03133904872461529,0.031339048724684945,-90.00012079774373,0.031339048724684945,0.23273533497911358,-4.030805406872483e-05,6.938893905434463e-18,90.0
robust,increasing_centering,1000,read,90,0.8,0,8,bc062153b6b100ae,b1b45f650042aed2,8,1,0.001,0.0513524648023052,0.6223661279669673,0.5469333579318734,2.907373399939388,instant_RF_exact_pathways,runs\combined_factor_study\cases\b1b45f650042aed2,-7.104807467636537e-08,0.01939243012160439,0.019392430121734538,90.00020991463144,0.019392430121734538,-3.789989033843861e-08,0.009263939063099394,0.00926393906317692,90.00023440393396,0.015670069134328113,4.872054272633709e-10,-0.0005699931725101611,0.0005699931725103694,-89.99995102605419,0.016289965546242607,-1.0846075958754057e-07,0.0280863760121937,0.02808637601240312,90.0002212582985,0.02808637601240312,0.3051473613711466,2.448930253564921e-05,7.979727989493751e-17,90.0
robust,high_low_permutation_alternating,1000,read,90,0.8,0,8,0829a82ef8bc951b,bf68627e1269fdb9,1,1,0.001,0.16117406049512423,0.0038746002361893226,0.9922507995276353,2.802761400002055,instant_RF_exact_pathways,runs\combined_factor_study\cases\bf68627e1269fdb9,-2.641169425775661e-07,-0.16054957544204498,0.16054957544226223,-90.00009425615774,0.16054957544226223,0.0,0.0,0.0,0.0,0.0,-6.398426123921123e-10,0.0006244850528616623,0.0006244850528619901,90.0000587048178,0.0006244850528620027,-2.647567851899582e-07,-0.15992509038918332,0.15992509038940247,-90.0000948534489,0.15992509038940247,0.0,180.0,0.0,90.0
robust,high_low_permutation_alternating,1000,read,90,0.8,0,8,0829a82ef8bc951b,bf68627e1269fdb9,2,1,0.001,0.13177469256084495,0.000605309763120095,0.9987920782473317,2.8029057000530884,instant_RF_exact_pathways,runs\combined_factor_study\cases\bf68627e1269fdb9,-4.824909010405405e-07,0.13169492805202188,0.13169492805290572,90.00020991463144,0.13169492805290572,-3.3489602501310427e-13,-1.3924084717939413e-05,1.3924084717939416e-05,-90.00000137805316,1.3924084717981036e-05,6.472040831275735e-11,-6.54849249385163e-05,6.548492493854829e-05,-89.99994337313133,6.584042322124294e-05,-4.824265155282527e-07,0.1316155190423654,0.13161551904324953,90.00021001325274,0.13161551904324953,0.00010566584863441667,179.99978870731545,2.775557561583086e-17,90.0
robust,high_low_permutation_alternating,1000,read,90,0.8,0,8,0829a82ef8bc951b,bf68627e1269fdb9,3,1,0.001,0.08794255100931284,0.0382669327512246,0.962802059869421,2.802990199998021,instant_RF_exact_pathways,runs\combined_factor_study\cases\bf68627e1269fdb9,-1.391363825327802e-07,-0.08457725932375387,0.08457725932386832,-90.00009425615774,0.08457725932386832,-1.061271409963923e-09,0.00041151261727062,0.00041151261727198846,90.00014776308225,0.00045124991717825514,5.678408767746868e-10,-0.0005055225553396406,0.0005055225553399596,-89.99993564108006,0.0029140417682662375,-1.3962981306596944e-07,-0.0846712692618229,0.08467126926193803,-90.00009448540281,0.08467126926193803,0.005131189759670142,-179.99975798076002,1.3877787807814457e-17,90.0
robust,high_low_permutation_alternating,1000,read,90,0.8,0,8,0829a82ef8bc951b,bf68627e1269fdb9,4,1,0.001,0.0721945678619941,0.04222328761436896,0.9537067912607731,2.8031257999828085,instant_RF_exact_pathways,runs\combined_factor_study\cases\bf68627e1269fdb9,-2.533313122688043e-07,0.06914627585849799,0.06914627585896205,90.00020991463144,0.06914627585896205,1.610270347161452e-09,-0.000841306492944773,0.0008413064929463141,-89.99989033521607,0.0008898053963816235,-5.947034899928963e-10,0.0005474802961049871,0.0005474802961053101,90.00006223785638,0.002158486606650442,-2.5231574541163567e-07,0.0688524496616582,0.06885244966212052,90.00020996533003,0.06885244966212052,0.012325101773343394,179.9998997501525,1.3877787808218354e-17,90.0
robust,high_low_permutation_alternating,1000,read,90,0.8,0,8,0829a82ef8bc951b,bf68627e1269fdb9,5,1,0.001,0.05630621251641829,0.20568908493195848,0.8393341463921085,2.803436500020325,instant_RF_exact_pathways,runs\combined_factor_study\cases\bf68627e1269fdb9,-7.357562253068339e-08,-0.044724639187871305,0.044724639187931826,-90.00009425615774,0.044724639187931826,-5.505071117378564e-09,-0.0016021364585942241,0.0016021364586036823,-90.00019687295627,0.006466212841528815,9.960934168524743e-10,-0.0009329511725105953,0.000932951172511127,-89.99993882643544,0.0051153604869576316,-7.808460023120951e-08,-0.0472597268189761,0.0472597268190406,-90.00009466660812,0.0472597268190406,0.11484013135572449,-0.00010261679852767279,2.775557561565731e-17,90.0
robust,high_low_permutation_alternating,1000,read,90,0.8,0,8,0829a82ef8bc951b,bf68627e1269fdb9,6,1,0.001,0.04538303159745088,0.19773900830586916,0.8670513416397797,2.8042967000510544,instant_RF_exact_pathways,runs\combined_factor_study\cases\bf68627e1269fdb9,-1.3339183835127566e-07,0.036409035935212664,0.03640903593545702,90.00020991463144,0.03640903593545702,-1.080016778926964e-08,0.002479642079145768,0.002479642079169288,90.00024955377131,0.006077217893508903,-5.330198393343684e-10,0.0004607404196257173,0.0004607404196260256,90.00006628415022,0.002896777768484931,-1.4472502597987954e-07,0.03934941843398416,0.0393494184342503,90.00021073076829,0.0393494184342503,0.13390947408304593,3.96391398839496e-05,6.938893904715022e-18,90.0
robust,high_low_permutation_alternating,1000,read,90,0.8,0,8,0829a82ef8bc951b,bf68627e1269fdb9,7,1,0.001,0.045520907058140235,0.4794509862629063,0.6357749994437293,2.806928400066681,instant_RF_exact_pathways,runs\combined_factor_study\cases\bf68627e1269fdb9,-3.898159769218599e-08,-0.023695863273500744,0.02369586327353281,-90.00009425615774,0.02369586327353281,-1.0546726315089502e-08,-0.005019442149092079,0.005019442149103159,-90.00012038845904,0.01405909297821408,2.5882448819345945e-10,-0.00022574923693237622,0.0002257492369325246,-89.99993430963042,0.007765950806393395,-4.9269499519082026e-08,-0.02894105465952522,0.02894105465956716,-90.00009754082615,0.02894105465956716,0.308849139588926,-2.613230129510251e-05,2.0816681711722736e-17,90.0
robust,high_low_permutation_alternating,1000,read,90,0.8,0,8,0829a82ef8bc951b,bf68627e1269fdb9,8,1,0.001,0.03715592123836137,0.4835281509335495,0.704123161286932,2.8154098000377417,instant_RF_exact_pathways,runs\combined_factor_study\cases\bf68627e1269fdb9,-7.030638478108235e-08,0.019189987345615105,0.019189987345743894,90.00020991463144,0.019189987345743894,-2.4342042033276726e-08,0.006377712060443374,0.006377712060489828,90.00021868285366,0.013226377152929179,-6.700941507665401e-10,0.0005946453166511254,0.000594645316651503,90.00006456549079,0.00473955673968812,-9.531852096512553e-08,0.026162344722709622,0.02616234472288326,90.00020874845197,0.02616234472288326,0.35596956587564565,8.768222236882e-06,1.734723476001546e-17,90.0
robust,high_low_permutation_alternating,1000,read,0,1,0,8,823de6099de30e8c,bfffc11e4c74e0ed,1,1,0.001,0.18663396121843243,8.946403422654347e-10,0.9999999991053614,4.4427557999733835,instant_RF_exact_pathways,runs\combined_factor_study\cases\bfffc11e4c74e0ed,0.1866339610510982,3.68585235648461e-07,0.18663396105146215,0.00011315399552433168,0.18663396105146215,0.0,0.0,0.0,0.0,0.0,6.397070641886628e-18,1.6697010521282387e-10,1.66970105212824e-10,89.99999780484568,1.6697028013466679e-10,0.1866339610510982,3.6875220575367384e-07,0.1866339610514625,0.00011320525458929303,0.1866339610514625,0.0,0.0,0.0,0.0
robust,high_low_permutation_alternating,1000,read,0,1,0,8,823de6099de30e8c,bfffc11e4c74e0ed,2,1,0.001,0.16925378114308137,8.86851593995987e-11,0.9999999999113168,4.442989000002854,instant_RF_exact_pathways,runs\combined_factor_study\cases\bfffc11e4c74e0ed,0.1692537811280709,7.398318042519215e-09,0.16925378112807107,2.5044781659033587e-06,0.16925378112807107,2.915782732043264e-16,1.0175029689738435e-21,2.915782732061017e-16,0.00019994159757967287,7.489752821959677e-16,3.1843799476800543e-17,-3.96734888787855e-12,3.967348888006347e-12,-89.99954011725079,1.5009552265531033e-11,0.16925378112807124,7.394350693632354e-09,0.1692537811280714,2.5031351392036956e-06,0.1692537811280714,4.425161300017337e-15,0.0001974371194137695,0.0,0.0
robust,high_low_permutation_alternating,1000,read,0,1,0,8,823de6099de30e8c,bfffc11e4c74e0ed,3,1,0.001,0.12017406681444869,4.502052491755509e-09,0.9999999954980627,4.443101899931207,instant_RF_exact_pathways,runs\combined_factor_study\cases\bfffc11e4c74e0ed,0.12017406627318437,2.3733293922861198e-07,0.12017406627341873,0.00011315399552433165,0.12017406627341873,1.4658753427218643e-14,-8.716139340229872e-21,1.4658753427221234e-14,-3.406824463775776e-05,2.6960411697891253e-14,-1.8704126168914824e-15,5.410016871484167e-10,5.4100168715165e-10,90.00019808949111,5.410030116357118e-10,0.12017406627319716,2.378739409157517e-07,0.12017406627343258,0.00011341193065411686,0.12017406627343258,2.243446727946613e-13,-0.00014722224016208943,0.0,0.0
robust,high_low_permutation_alternating,1000,read,0,1,0,8,823de6099de30e8c,bfffc11e4c74e0ed,4,1,0.001,0.10862099127690163,1.6459482347417877e-09,0.999999998353831,4.4432751999702305,instant_RF_exact_pathways,runs\combined_factor_study\cases\bfffc11e4c74e0ed,0.10862099109811699,4.7479745083475815e-09,0.1086209910981171,2.50447816590337e-06,0.1086209910981171,-2.4025467773003402e-14,3.25428139785632e-20,2.4025467773025442e-14,179.99992239210857,5.926801874326681e-14,6.705412579958208e-17,-5.292948053411639e-11,5.292948053415886e-11,-89.99992741439425,1.787252931933897e-10,0.10862099109809302,4.6950450278460074e-09,0.10862099109809312,2.4765587387848914e-06,0.10862099109809312,5.456405621651717e-13,179.9999198876304,1.387778780781448e-17,0.0
robust,high_low_permutation_alternating,1000,read,0,1,0,8,823de6099de30e8c,bfffc11e4c74e0ed,5,1,0.001,0.07767470897323316,9.72196286859499e-09,0.9999999902783798,4.4436447999905795,instant_RF_exact_pathways,runs\combined_factor_study\cases\bfffc11e4c74e0ed,0.07767470821793104,1.5340054120478672e-07,0.07767470821808252,0.0001131539955243316,0.07767470821808252,2.6942712528080063e-14,-3.461158409379793e-20,2.6942712528102296e-14,-7.360423300990392e-05,3.2546890877534656e-13,-1.8346240625496216e-15,7.548240959992666e-10,7.548240960014961e-10,90.00013925922124,7.54825168783097e-10,0.07767470821795616,1.5415536530075146e-07,0.07767470821810914,0.00011371078210213492,0.07767470821810914,4.190152922072791e-12,-0.00018675822853423557,1.387778780804165e-17,0.0
robust,high_low_permutation_alternating,1000,read,0,1,0,8,823de6099de30e8c,bfffc11e4c74e0ed,6,1,0.001,0.06990846797481616,4.930007046173096e-09,0.9999999950687039,4.444467899971642,instant_RF_exact_pathways,runs\combined_factor_study\cases\bfffc11e4c74e0ed,0.06990846763016685,3.0557962956335863e-09,0.06990846763016692,2.5044781659033727e-06,0.06990846763016692,-9.027351932268616e-14,6.33165052045756e-20,9.027351932270836e-14,179.99995981359152,1.6185846734377484e-13,1.7652933837778466e-16,-8.417374218828132e-11,8.417374218846643e-11,-89.99987983917804,3.444873382665279e-10,0.06990846763007674,2.9716225535086203e-09,0.0699084676300768,2.435490812398824e-06,0.0699084676300768,2.315291294927e-12,179.99995730911337,1.3877787807814512e-17,0.0
robust,high_low_permutation_alternating,1000,read,0,1,0,8,823de6099de30e8c,bfffc11e4c74e0ed,7,1,0.001,0.05030150324189788,1.694295431236845e-08,0.9999999830560095,4.4474005999509245,instant_RF_exact_pathways,runs\combined_factor_study\cases\bfffc11e4c74e0ed,0.050301502389543715,9.93409292033696e-08,0.05030150238964181,0.00011315399552433162,0.05030150238964181,-5.238882652002363e-14,-2.3667980517779635e-19,5.238882652055826e-14,-179.9997411517907,6.238570961308197e-13,-1.4551794569086703e-15,8.516315944160152e-10,8.516315944172585e-10,90.00009790106645,8.516321900831993e-10,0.050301502389489904,1.0019256079754892e-07,0.050301502389589685,0.00011412404400667209,0.050301502389589685,1.240235491831559e-11,-179.99985430578622,3.469446951953867e-17,0.0
robust,high_low_permutation_alternating,1000,read,0,1,0,8,823de6099de30e8c,bfffc11e4c74e0ed,8,1,0.001,0.045037153395941165,1.131768027561391e-08,0.999999988677414,4.456115999957547,instant_RF_exact_pathways,runs\combined_factor_study\cases\bfffc11e4c74e0ed,0.04503715288622502,1.9686365560703916e-09,0.04503715288622506,2.504478165903377e-06,0.04503715288622506,-2.2114183493991822e-13,8.667637515283719e-20,2.211418349399352e-13,179.9999775429625,3.483467060475526e-13,2.1516229373844944e-16,-1.329653257491684e-10,1.3296532574934247e-10,-89.99990728491603,5.093677877237151e-10,0.045037152886004087,1.8356712304078993e-09,0.04503715288600412,2.3353211145956882e-06,0.04503715288600412,7.734651943587231e-12,179.99997503848434,6.93889390390724e-18,0.0
robust,original,1000,read,0,1,0,8,e6d32fbe35ea3179,c0c0ba7b1acc6aee,1,1,0.001,0.18663396121843243,8.946403422654347e-10,0.9999999991053614,2.176643199985847,instant_RF_exact_pathways,runs\combined_factor_study\cases\c0c0ba7b1acc6aee,0.1866339610510982,3.68585235648461e-07,0.18663396105146215,0.00011315399552433168,0.18663396105146215,0.0,0.0,0.0,0.0,0.0,6.397070641886628e-18,1.6697010521282387e-10,1.66970105212824e-10,89.99999780484568,1.6697028013466679e-10,0.1866339610510982,3.6875220575367384e-07,0.1866339610514625,0.00011320525458929303,0.1866339610514625,0.0,0.0,0.0,0.0
robust,original,1000,read,0,1,0,8,e6d32fbe35ea3179,c0c0ba7b1acc6aee,2,1,0.001,0.169512028423809,4.312214174284302e-09,0.9999999956877639,2.1767674000002444,instant_RF_exact_pathways,runs\combined_factor_study\cases\c0c0ba7b1acc6aee,0.16951202769283666,7.409606358838017e-09,0.16951202769283683,2.5044781659033625e-06,0.16951202769283683,-7.083573959411401e-15,-1.2846681652680937e-20,7.083573959423051e-15,-179.99989608908672,7.0835739594240615e-15,3.342016135564321e-15,7.120013934657672e-10,7.120013934736107e-10,89.99973106313922,7.309650807731605e-10,0.1695120276928329,8.121607752290936e-09,0.1695120276928331,2.745137636547049e-06,0.1695120276928331,4.1788031358541225e-14,-179.9998985935649,1.6543612251060553e-24,0.0
robust,original,1000,read,0,1,0,8,e6d32fbe35ea3179,c0c0ba7b1acc6aee,3,1,0.001,0.12401191838671831,1.2654906002669895e-08,0.999999987357049,2.1768327000318095,instant_RF_exact_pathways,runs\combined_factor_study\cases\c0c0ba7b1acc6aee,0.1240119168171173,2.449123478161615e-07,0.12401191681735914,0.0001131539955243316,0.12401191681735914,1.4773051901428277e-12,6.057502876619442e-20,1.4773051901428289e-12,2.349340891336706e-06,1.4994850450812447e-12,5.580594861357119e-15,-1.588452991768144e-10,1.5884529927484387e-10,-89.9979870695938,1.5678596892182213e-09,0.12401191681860019,2.447535025170452e-07,0.1240119168188417,0.00011308060608212236,0.1240119168188417,1.209145914834779e-11,-0.00011080465463299487,5.293955920339377e-23,0.0
robust,original,1000,read,0,1,0,8,e6d32fbe35ea3179,c0c0ba7b1acc6aee,4,1,0.001,0.11261164340584387,1.7925372392222275e-08,0.999999982080848,2.1769460000796244,instant_RF_exact_pathways,runs\combined_factor_study\cases\c0c0ba7b1acc6aee,0.11261164138723812,4.922411379645863e-09,0.11261164138723823,2.5044781659033558e-06,0.11261164138723823,6.951333409796453e-13,4.218982707080725e-18,6.951333409924485e-13,0.00034774609229758485,3.661664140014425e-12,5.317237793519781e-15,3.667978247743375e-10,3.6679782481287783e-10,89.99916941905421,2.0149439777899906e-09,0.11261164138793858,5.2892092086391834e-09,0.11261164138793871,2.691101567135257e-06,0.11261164138793871,3.251585741287926e-11,0.00034524161413168153,1.3877787807814457e-17,0.0
robust,original,1000,read,0,1,0,8,e6d32fbe35ea3179,c0c0ba7b1acc6aee,5,1,0.001,0.08236747927555169,3.118868760273138e-08,0.9999999688387465,2.1771676000207663,instant_RF_exact_pathways,runs\combined_factor_study\cases\c0c0ba7b1acc6aee,0.08236747670645748,1.6266833560536543e-07,0.0823674767066181,0.00011315399552433162,0.0823674767066181,2.2530522215684094e-12,-4.06521126575546e-18,2.2530522215720768e-12,-0.00010337951607461143,6.5840656174309615e-12,7.219272848185777e-15,-2.871336559906246e-10,2.8713365608138006e-10,-89.99855943789021,2.5623495284844315e-09,0.08236747670871772,1.6238120194530957e-07,0.08236747670887778,0.0001129542619912623,0.08236747670887778,7.99352569161995e-11,-0.00021653351159894304,4.163336342345178e-17,0.0
robust,original,1000,read,0,1,0,8,e6d32fbe35ea3179,c0c0ba7b1acc6aee,6,1,0.001,0.07477990013221089,3.8296556906433925e-08,0.9999999617120392,2.177746000001207,instant_RF_exact_pathways,runs\combined_factor_study\cases\c0c0ba7b1acc6aee,0.07477989726839812,3.2687332565994342e-09,0.07477989726839819,2.504478165903376e-06,0.07477989726839819,6.373717632141997e-13,9.703829673293472e-18,6.373717632880689e-13,0.0008723142715748467,9.401828111767348e-12,5.478349241435613e-15,1.3640446194741224e-10,1.3640446205742445e-10,89.99769885614016,2.854410868907311e-09,0.07477989726904094,3.405137728250677e-09,0.07477989726904101,2.608990218154533e-06,0.07477989726904101,1.2572667381401839e-10,0.0008698097934089434,2.7755575615628926e-17,0.0
robust,original,1000,read,0,1,0,8,e6d32fbe35ea3179,c0c0ba7b1acc6aee,7,1,0.001,0.054684731569543385,5.903939560949916e-08,0.9999999410087265,2.181099900044501,instant_RF_exact_pathways,runs\combined_factor_study\cases\c0c0ba7b1acc6aee,0.05468472834088324,1.0799740501878991e-07,0.054684728340989884,0.00011315399552433162,0.054684728340989884,2.6252332896675004e-12,-9.472461598461567e-18,2.6252332896845896e-12,-0.0002067367015820441,1.2571952764054469e-11,7.0096292489743045e-15,-3.6143620222361216e-10,3.614362022915839e-10,-89.99888881587015,3.215981546950524e-09,0.054684728343515496,1.0763596880709389e-07,0.054684728343621425,0.0001127753016838674,0.054684728343621425,2.2989877436019834e-10,-0.00031989069710637564,1.387778780791543e-17,0.0
robust,original,1000,read,0,1,0,8,e6d32fbe35ea3179,c0c0ba7b1acc6aee,8,1,0.001,0.04963675892171138,6.878443227868704e-08,0.9999999312208651,2.1878160000778735,instant_RF_exact_pathways,runs\combined_factor_study\cases\c0c0ba7b1acc6aee,0.049636755507475046,2.1696915802737333e-09,0.049636755507475094,2.504478165903366e-06,0.049636755507475094,2.5808499670303146e-13,1.502344024735136e-17,2.580849971402978e-13,0.0033352567176092502,1.5306248115421657e-11,4.873359486273165e-15,-1.4755223014916006e-11,1.47552238197033e-11,-89.98107633343271,3.398930028694838e-09,0.04963675550773799,2.1549363722822572e-09,0.04963675550773804,2.4874462077151233e-06,0.04963675550773804,3.0836518032055924e-10,0.0033327522394433467,1.3877787807814463e-17,0.0
robust,high_low_permutation_alternating,0,read,45,0.8,100,8,49c554e65c5a8f35,c0c5f8c181a0295d,1,1,0.001,0.5139255540124357,0.04871882223374435,0.9945742518275859,2.8679348999867216,instant_RF_exact_pathways,runs\combined_factor_study\cases\c0c5f8c181a0295d,0.3402239688449669,-0.3510823840634351,0.48888770630512524,-45.89987630772977,0.48888770630512524,0.0,0.0,0.0,0.0,0.0,0.0237156131876314,-0.007817517753280046,0.024970860871988475,-18.24407577112242,0.025037847707310407,0.3639395820325983,-0.35889990181671516,0.5111371233769958,-44.600536862832165,0.5111371233769958,0.0,0.0,0.0,45.0
robust,high_low_permutation_alternating,0,read,45,0.8,100,8,49c554e65c5a8f35,c0c5f8c181a0295d,2,1,0.001,0.4055493806730319,0.011161739580039305,0.9969673685995494,2.868059100001119,instant_RF_exact_pathways,runs\combined_factor_study\cases\c0c5f8c181a0295d,0.28798499982589815,0.27907683737648376,0.4010227440991133,44.099995629645214,0.4010227440991133,-0.00039148381296133554,0.0005412043257940727,0.0006679533651902374,125.88035115609536,0.000848516679521999,0.003510568497129428,0.000975381530706542,0.0036435505078811527,15.527499112563081,0.003678119894396581,0.29110408451006625,0.28059342323298436,0.4043194988867696,43.946735493409705,0.4043194988867696,0.0020922647646849763,81.78035552645014,0.0,45.0
robust,high_low_permutation_alternating,0,read,45,0.8,100,8,49c554e65c5a8f35,c0c5f8c181a0295d,3,1,0.001,0.27888104361070326,0.0765049581676255,0.9537407129510116,2.868127299938351,instant_RF_exact_pathways,runs\combined_factor_study\cases\c0c5f8c181a0295d,0.1792294421329366,-0.18494963788710658,0.25754526103552267,-45.89987630772977,0.25754526103552267,-0.002039412505886786,-0.00010993539337790188,0.002042373413429722,-176.9144331432966,0.005051160471908434,0.009678646365033235,-0.004216858367167165,0.010557371355982453,-23.542120832203782,0.016284622103272195,0.18686867599208304,-0.18927643164765165,0.2659802053617943,-45.366753016864735,0.2659802053617943,0.018112240281772145,-131.01455683556685,0.0,45.0
robust,high_low_permutation_alternating,0,read,45,0.8,100,8,49c554e65c5a8f35,c0c5f8c181a0295d,4,1,0.001,0.22033293881700258,0.04437099606647539,0.954958374575855,2.868236399954185,instant_RF_exact_pathways,runs\combined_factor_study\cases\c0c5f8c181a0295d,0.15120620463990095,0.14652898382942137,0.2105565468554384,44.09999562964521,0.2105565468554384,-0.0011471656438466963,-0.000459074801657164,0.001235612677152015,-158.1896119011157,0.005021784077406853,0.001866189257519419,-0.0005000568089102844,0.00193202462640061,-15.000369651713944,0.004754607884157354,0.15192522825357366,0.14556985221885393,0.2104087851182061,43.77617860358451,0.2104087851182061,0.022791799103527112,157.7103924692391,0.0,45.0
robust,high_low_permutation_alternating,0,read,45,0.8,100,8,49c554e65c5a8f35,c0c5f8c181a0295d,5,1,0.001,0.17624838737292825,0.22728089740314314,0.8416246463254659,2.868478099931963,instant_RF_exact_pathways,runs\combined_factor_study\cases\c0c5f8c181a0295d,0.0947769198875865,-0.09780177187776438,0.13619049572495232,-45.89987630772977,0.13619049572495232,0.004677143635982806,-0.004647376100548922,0.006593464734990836,-44.81708995196396,0.025625625001889595,0.006154438864390654,-0.0017147253135009536,0.0063888497115116944,-15.568689157752598,0.014432266646086392,0.10560850238795996,-0.1041638732918143,0.14833498668817444,-44.60543021244067,0.14833498668817444,0.1453949473459165,1.0827863557658122,4.163336342344337e-17,45.0
robust,high_low_permutation_alternating,0,read,45,0.8,100,8,49c554e65c5a8f35,c0c5f8c181a0295d,6,1,0.001,0.14249479746459337,0.22194530770190754,0.8408356278080162,2.8691223999485373,instant_RF_exact_pathways,runs\combined_factor_study\cases\c0c5f8c181a0295d,0.07961776784085016,0.07715497286814378,0.1108687457953932,44.0999956296452,0.1108687457953932,0.006431737260174191,0.006742948189265718,0.009318508167460864,46.353182769523926,0.023085475531662375,-0.0011943122301892872,0.0006902529064870725,0.0013794313241671586,149.9742296555166,0.008540576137537788,0.08485519287083512,0.08458817396389665,0.11981470248551748,44.90970998724018,0.11981470248551748,0.16200925186337822,2.2531871398787287,1.0007415106216802e-16,45.0
robust,high_low_permutation_alternating,0,read,45,0.8,100,8,49c554e65c5a8f35,c0c5f8c181a0295d,7,1,0.001,0.14259116857384996,0.49396580838067994,0.6786838471582383,2.8715441999956965,instant_RF_exact_pathways,runs\combined_factor_study\cases\c0c5f8c181a0295d,0.05021440029300046,-0.051817017563555626,0.07215600672132236,-45.89987630772976,0.07215600672132236,0.014845366431104233,-0.01481892928603356,0.020975832990806815,-44.94893738761444,0.05290648703411238,0.003193662513653094,-0.0019697304811207793,0.0037522417858354084,-31.664718667419663,0.01752867481841541,0.06825342923775796,-0.06860567733071007,0.09677432285848937,-45.14746760378822,0.09677432285848937,0.37103621187248614,0.9509389201153167,2.118352371637509e-16,45.0
robust,high_low_permutation_alternating,0,read,45,0.8,100,8,49c554e65c5a8f35,c0c5f8c181a0295d,8,1,0.001,0.12250801822775494,0.523009061272887,0.6783385297425303,2.879561399924569,instant_RF_exact_pathways,runs\combined_factor_study\cases\c0c5f8c181a0295d,0.04196386743309445,0.040665810422049795,0.058435214616055095,44.09999562964521,0.058435214616055095,0.016961673741140132,0.017143045055629923,0.0241160189475842,45.304700148444184,0.04844553916656068,0.00010201144034993753,0.0006862324030427053,0.0006937731941694164,81.5446520252341,0.015627264445139177,0.059027552614584484,0.05849508788072218,0.08310190896628639,44.74040939591073,0.08310190896628639,0.395447905103611,1.2047045187989784,2.5219801032797316e-16,45.0
robust,original,1000,read,90,0.7,100,8,3c645498b9004a58,c38b9c93b24f46aa,1,1,0.001,0.13326553912111416,0.009362483131601564,0.9878453186588214,2.4012207000050694,instant_RF_exact_pathways,runs\combined_factor_study\cases\c38b9c93b24f46aa,-0.002073859740198075,-0.1320015526898689,0.13201784275906894,-90.9000927109277,0.13201784275906894,0.0,0.0,0.0,0.0,0.0,-0.001177914679758394,0.0003959808121117043,0.0012426921567109711,161.41884580532798,0.001247696362045211,-0.003251774419956469,-0.1316055718777572,0.13164573895933665,-91.41540396926484,0.13164573895933665,0.0,180.0,0.0,90.0
robust,original,1000,read,90,0.7,100,8,3c645498b9004a58,c38b9c93b24f46aa,2,1,0.001,0.1019484783650409,0.06626672060410733,0.9195856825571503,2.4013741000089794,instant_RF_exact_pathways,runs\combined_factor_study\cases\c38b9c93b24f46aa,0.0014948695076060726,0.09518094888031985,0.09519268703321085,89.10021203284313,0.09519268703321085,1.5087387935261815e-05,0.0002297859318288241,0.0002302807064023169,86.24343999549376,0.0002337232793849358,0.0060158404584144546,-0.0019629281304179257,0.0063279872997883185,-18.071154967130543,0.006522068052445104,0.007525797353955789,0.09344780668173074,0.093750361062979,85.3956349834069,0.093750361062979,0.002292562705527165,-2.856772037349375,0.0,90.0
robust,original,1000,read,90,0.7,100,8,3c645498b9004a58,c38b9c93b24f46aa,3,1,0.001,0.10475666591543863,0.47222850734158645,0.13364896202859983,2.4014465999789536,instant_RF_exact_pathways,runs\combined_factor_study\cases\c38b9c93b24f46aa,-0.0008685090432772123,-0.05528075983905974,0.055287581936109796,-90.9000927109277,0.055287581936109796,0.0004785222143722173,0.03842708353151753,0.038430062870724965,89.28654782789837,0.039232476081500524,0.001920856156811485,0.0029370032097876674,0.0035093697766783783,56.81454793188393,0.010236607897828306,0.00153086932790649,-0.013916673097754542,0.014000619665175176,-83.72255796797424,0.014000619665175176,0.37451054535440875,-179.81335946117395,3.476216610979977e-18,90.0
robust,original,1000,read,90,0.7,100,8,3c645498b9004a58,c38b9c93b24f46aa,4,1,0.001,0.12234599942447365,0.6742242149758824,0.21704729120494795,2.4015593000221997,instant_RF_exact_pathways,runs\combined_factor_study\cases\c38b9c93b24f46aa,0.0006259047828635736,0.039852449219523765,0.03985736400706815,89.10021203284313,0.03985736400706815,-0.0009772178815218378,-0.0672897693806549,0.0672968648459175,-90.83202134716782,0.06821773300504615,0.0024996472974432482,0.0009694970134167005,0.0026810746111660595,21.198958436614536,0.014270902412359336,0.0021483341987849824,-0.026467823147714443,0.026554867764844125,-85.35960210144157,0.026554867764844125,0.557580413956716,-179.93223338001098,1.3985787785349405e-17,90.0
robust,original,1000,read,90,0.7,100,8,3c645498b9004a58,c38b9c93b24f46aa,5,1,0.001,0.14826271666099156,0.8438973767984066,0.30991235097750475,2.4018083999399096,instant_RF_exact_pathways,runs\combined_factor_study\cases\c38b9c93b24f46aa,-0.0003635707227841845,-0.023141343163114076,0.023144198993775362,-90.9000927109277,0.023144198993775362,0.0010366919618197293,0.0718762292165978,0.07188370508411909,89.17366344422034,0.10684753466098261,0.0011588857804348625,-0.0028229754028248244,0.0030515907944952416,-67.68090544653535,0.01827098300623346,0.0018320070194704067,0.045911910650658944,0.04594844708271956,87.714958666039,0.04594844708271956,0.7206635428466729,-179.92624384485197,4.857419336407446e-17,90.0
robust,original,1000,read,90,0.7,100,8,3c645498b9004a58,c38b9c93b24f46aa,6,1,0.001,0.1869088796400181,0.9107511905401446,0.12172595622736551,2.402574099949561,instant_RF_exact_pathways,runs\combined_factor_study\cases\c38b9c93b24f46aa,0.00026195823949405123,0.016679338012580775,0.016681394985347025,89.10021203284313,0.016681394985347025,-0.0007098557335449349,-0.044750586982715626,0.04475621666830256,-90.90877750655822,0.1463900844546683,0.002140192378613135,0.0053826115847043785,0.0057924891790375865,68.3166247668615,0.023837400200002877,0.0016922948845622514,-0.02268863738543049,0.02275166210156677,-85.7343342729002,0.02275166210156677,0.783216317687057,179.99101046059866,1.7348589959548253e-17,90.0
robust,original,1000,read,90,0.7,100,8,3c645498b9004a58,c38b9c93b24f46aa,7,1,0.001,0.2406376979789053,0.9597550858853987,0.012934534793200354,2.4052128000184894,instant_RF_exact_pathways,runs\combined_factor_study\cases\c38b9c93b24f46aa,-0.00015213229542331743,-0.009683248495982535,0.009684443487896391,-90.9000927109277,0.009684443487896391,0.00029561826051198594,0.01757380239426777,0.01757628859426016,89.03628816452648,0.20133098332924887,-0.000154418523662213,-0.004778036421188871,0.004780531050276462,-91.8510640103265,0.02962227116176002,-1.0932558573541151e-05,0.0031125174770963667,0.003112536677063789,90.20124766983238,0.003112536677063789,0.8366560394327653,179.93638087545418,3.987006666608255e-18,90.0
robust,original,1000,read,90,0.7,100,8,3c645498b9004a58,c38b9c93b24f46aa,8,1,0.001,0.3141334744422135,0.9777843570256418,0.046651908755361265,2.41248119994998,instant_RF_exact_pathways,runs\combined_factor_study\cases\c38b9c93b24f46aa,0.00010959047324989531,0.006977816578032106,0.006978677114502922,89.10021203284313,0.006978677114502922,-1.1875102705041633e-05,0.0030848440821781105,0.0030848669386885335,90.22055892854033,0.26902313655578297,0.0013429720253833716,0.004521278497792807,0.004716517053458611,73.45680679651892,0.03813166077192537,0.001440687395928221,0.014583939158003009,0.014654926186682755,84.35828979472103,0.014654926186682755,0.8563975457676707,1.1203468956971825,1.6203654470509613e-17,90.0
robust,high_low_permutation_alternating,1000,read,90,0.7,0,8,0829a82ef8bc951b,c657803534b6a788,1,1,0.001,0.13326553912111416,0.009362483131601564,0.981275033736831,2.6445899000391364,instant_RF_exact_pathways,runs\combined_factor_study\cases\c657803534b6a788,-2.1717995142099054e-07,-0.1320178427588903,0.13201784275906894,-90.00009425615774,0.13201784275906894,0.0,0.0,0.0,0.0,0.0,-1.2786104745064252e-09,0.0012476963620445304,0.0012476963620451855,90.00005871539427,0.001247696362045211,-2.1845856189549698e-07,-0.13077014639684578,0.13077014639702828,-90.00009571568084,0.13077014639702828,0.0,180.0,0.0,90.0
robust,high_low_permutation_alternating,1000,read,90,0.7,0,8,0829a82ef8bc951b,c657803534b6a788,2,1,0.001,0.09517843994662015,0.0013740103225140065,0.9972680853263151,2.644715700065717,instant_RF_exact_pathways,runs\combined_factor_study\cases\c657803534b6a788,-3.48226265208025e-07,0.0950476637870148,0.09504766378765271,90.00020991463144,0.09504766378765271,-5.943747610034553e-13,-2.4712519433736366e-05,2.4712519433736373e-05,-90.00000137805316,2.4712519433810238e-05,1.0306390078998435e-10,-0.00010453069830791836,0.00010453069830796917,-89.99994350820734,0.00010606363953361842,-3.48123795681996e-07,0.09491842056927315,0.09491842056991154,90.00021013860241,0.09491842056991154,0.00025964409006567037,179.99978870731545,0.0,90.0
robust,high_low_permutation_alternating,1000,read,90,0.7,0,8,0829a82ef8bc951b,c657803534b6a788,3,1,0.001,0.057803616823176425,0.07312766713411899,0.9310439783965395,2.6447938000783324,instant_RF_exact_pathways,runs\combined_factor_study\cases\c657803534b6a788,-8.81377646826628e-08,-0.05357657317291052,0.05357657317298302,-90.00009425615774,0.05357657317298302,-1.6389334359885035e-09,0.0006457422447769389,0.0006457422447790187,90.00014542020371,0.0006981535941095935,9.814668527346313e-10,-0.0008868784445524846,0.0008868784445530277,-89.9999365934433,0.0035288900560838153,-8.879523126591666e-08,-0.05381770937268607,0.05381770937275932,-90.00009453378918,0.05381770937275932,0.012078026124996179,-179.99976032363855,1.3234889800848443e-23,90.0
robust,high_low_permutation_alternating,1000,read,90,0.7,0,8,0829a82ef8bc951b,c657803534b6a788,4,1,0.001,0.044072310304793215,0.1276852253712652,0.9163096126310206,2.6448994000675157,instant_RF_exact_pathways,runs\combined_factor_study\cases\c657803534b6a788,-1.4085073700877928e-07,0.038444927430635344,0.03844492743089336,90.00020991463144,0.03844492743089336,1.680876731114891e-09,-0.0010428292911789378,0.0010428292911802924,-89.99990764821877,0.0011921348759728505,-3.1592427035687785e-09,0.002981783443431979,0.0029817834434336526,90.00006070570744,0.004435247997927002,-1.423291029812332e-07,0.040383881582888394,0.04038388158313921,90.00020193345917,0.04038388158313921,0.02704952083810311,179.99988243714984,6.938893904109177e-18,90.0
robust,high_low_permutation_alternating,1000,read,90,0.7,0,8,0829a82ef8bc951b,c657803534b6a788,5,1,0.001,0.04050776789978907,0.46119984675091374,0.7506555223842526,2.6451323000947013,instant_RF_exact_pathways,runs\combined_factor_study\cases\c657803534b6a788,-3.590485054121405e-08,-0.021825591552155233,0.02182559155218477,-90.00009425615774,0.02182559155218477,-1.3047771163724847e-08,-0.006245452594801702,0.006245452594815332,-90.00011970024724,0.011267539787900942,2.4428425465644577e-09,-0.0023363355264437113,0.0023363355264449884,-89.9999400922657,0.007414636559703352,-4.650977915837445e-08,-0.030407379673400653,0.03040737967343622,-90.00008763708286,0.03040737967343622,0.2781575083518639,-2.5444089503840465e-05,6.93889390391985e-18,90.0
robust,high_low_permutation_alternating,1000,read,90,0.7,0,8,0829a82ef8bc951b,c657803534b6a788,6,1,0.001,0.03269125005401079,0.5229699292428068,0.8236912209025866,2.6457709000678733,instant_RF_exact_pathways,runs\combined_factor_study\cases\c657803534b6a788,-5.713435942909013e-08,0.015594709326301196,0.015594709326405857,90.00020991463144,0.015594709326405857,-3.5062159143358e-08,0.00926163611598907,0.009261636116055436,90.00021690700373,0.0126239204585983,-2.2674847444031624e-09,0.0020711502273639422,0.0020711502273651834,90.00006272712827,0.004472620269006623,-9.446400331685138e-08,0.026927495669654203,0.026927495669819897,90.00020099859164,0.026927495669819897,0.3861559419643395,6.992372298227415e-06,3.469446953190548e-18,90.0
robust,high_low_permutation_alternating,1000,read,90,0.7,0,8,0829a82ef8bc951b,c657803534b6a788,7,1,0.001,0.04362729464445944,0.7958114975752535,0.5495066582609726,2.648328500101343,instant_RF_exact_pathways,runs\combined_factor_study\cases\c657803534b6a788,-1.4654691035076288e-08,-0.008908191958283284,0.008908191958295337,-90.00009425615774,0.008908191958295337,-2.1224108027853024e-08,-0.012383979532217065,0.012383979532235252,-90.00009819556071,0.02127727239808251,2.7075022427163193e-09,-0.002681317398520398,0.002681317398521765,-89.99994214468917,0.013441830288081639,-3.317129682021294e-08,-0.02397348888902078,0.023973488889043732,-90.00007927821092,0.023973488889043732,0.4877055194799862,-3.939402967275283e-06,3.4694469519576534e-17,90.0
robust,high_low_permutation_alternating,1000,read,90,0.7,0,8,0829a82ef8bc951b,c657803534b6a788,8,1,0.001,0.035050381378102076,0.8193458681735429,0.5881776535156242,2.654854300082661,instant_RF_exact_pathways,runs\combined_factor_study\cases\c657803534b6a788,-2.319854383005223e-08,0.006331996218004751,0.006331996218047247,90.00020991463144,0.006331996218047247,-4.830716422170759e-08,0.013154156353466815,0.013154156353555517,90.00021041232564,0.020919835662489762,-1.3230956487222007e-09,0.0011296985021996575,0.0011296985022004322,90.00006710444993,0.007798549497565041,-7.28288037004821e-08,0.02061585107367117,0.02061585107379981,90.00020240653971,0.02061585107379981,0.5968504432753348,4.976942099475036e-07,5.2041704279364795e-17,90.0
robust,original,1000,read,90,1,0,8,3c645498b9004a58,c9d079a0703500a4,1,1,0.001,0.18663396121843248,8.946403422654344e-10,0.9999999982107193,2.0820944000734016,instant_RF_exact_pathways,runs\combined_factor_study\cases\c9d079a0703500a4,-3.070278512930722e-07,-0.18663396105120966,0.1866339610514622,-90.00009425615774,0.1866339610514622,0.0,0.0,0.0,0.0,0.0,-1.6852533574209684e-16,1.6697028013458174e-10,1.6697028013466679e-10,90.00005782939618,1.6697028013466679e-10,-3.0702785146159754e-07,-0.1866339608842394,0.18663396088449194,-90.00009425615788,0.18663396088449194,0.0,180.0,0.0,90.0
robust,original,1000,read,90,1,0,8,3c645498b9004a58,c9d079a0703500a4,2,1,0.001,0.16951202842380905,4.3122141742843e-09,0.9999999998880968,2.0821999000618234,instant_RF_exact_pathways,runs\combined_factor_study\cases\c9d079a0703500a4,-6.210414644508499e-07,0.16951202769169924,0.16951202769283688,90.00020991463144,0.16951202769283688,1.2847516008109228e-20,5.900124483691178e-15,5.900124483705165e-15,89.9998752384892,7.083573959424064e-15,-7.18637224368128e-16,7.11997332811068e-10,7.119973328114307e-10,90.00005783010423,7.309650807731605e-10,-6.210414651694744e-07,0.16951202840370247,0.16951202840484011,90.0002099146308,0.16951202840484011,4.1788031358541225e-14,-0.0003346761422273673,0.0,90.0
robust,original,1000,read,90,1,0,8,3c645498b9004a58,c9d079a0703500a4,3,1,0.001,0.12401191838671834,1.2654906002669892e-08,0.9999999886139916,2.0822625000728294,instant_RF_exact_pathways,runs\combined_factor_study\cases\c9d079a0703500a4,-2.0400956042866276e-07,-0.12401191681719136,0.12401191681735917,-90.00009425615774,0.12401191681735917,-5.41658630247061e-18,1.481447731490028e-12,1.4814477314999301e-12,90.00020948935823,1.4994850450812457e-12,1.603043838794425e-16,-1.5883987890643215e-10,1.5883987890651303e-10,-89.99994217595294,1.5678596892182213e-09,-2.0400956027377498e-07,-0.1240119169745498,0.1240119169747176,-90.00009425615755,0.1240119169747176,1.2091459148347797e-11,-179.99969625448406,1.3877787807814457e-17,90.0
robust,original,1000,read,90,1,0,8,3c645498b9004a58,c9d079a0703500a4,4,1,0.001,0.1126116434058439,1.7925372392222272e-08,0.9999999852994222,2.0823629000224173,instant_RF_exact_pathways,runs\combined_factor_study\cases\c9d079a0703500a4,-4.1257543569753265e-07,0.11261164138648248,0.11261164138723825,90.00020991463144,0.11261164138723825,1.8314486521003562e-18,-3.642688683156905e-12,3.642688683157365e-12,-89.99997119317975,3.6616641400144254e-12,-3.7022228408492023e-16,3.667921373123881e-10,3.6679213731257493e-10,90.00005783159507,2.0149439777899906e-09,-4.1257543606592354e-07,0.11261164174963191,0.11261164175038768,90.00020991463094,0.11261164175038768,3.251585741287926e-11,179.99981889218884,2.77555756156794e-17,90.0
robust,original,1000,read,90,1,0,8,3c645498b9004a58,c9d079a0703500a4,5,1,0.001,0.08236747927555169,3.118868760273138e-08,0.9999999722175312,2.0825737001141533,instant_RF_exact_pathways,runs\combined_factor_study\cases\c9d079a0703500a4,-1.3550111269776856e-07,-0.08236747670650665,0.0823674767066181,-90.00009425615774,0.0823674767066181,-1.2606690981605952e-17,6.565084919871488e-12,6.565084919883592e-12,90.00011002297697,6.584065617430964e-12,2.897816513423529e-16,-2.871267265251242e-10,2.871267265252704e-10,-89.99994217443357,2.5623495284844315e-09,-1.355011124205936e-07,-0.08236747698706831,0.08236747698717976,-90.00009425615723,0.08236747698717976,7.993525691619953e-11,-179.9997957208653,1.3877787807814457e-17,90.0
robust,original,1000,read,90,1,0,8,3c645498b9004a58,c9d079a0703500a4,6,1,0.001,0.07477990013221089,3.8296556906433925e-08,0.9999999634019682,2.083130900049582,instant_RF_exact_pathways,runs\combined_factor_study\cases\c9d079a0703500a4,-2.739712192883681e-07,0.07477989726789631,0.07477989726839819,90.00020991463144,0.07477989726839819,7.778847650014515e-18,-9.383317254903289e-12,9.383317254906514e-12,-89.99995250132467,9.40182811176735e-12,-1.376837063376527e-16,1.3639884591262272e-10,1.363988459126922e-10,90.00005783549875,2.854410868907311e-09,-2.739712194182731e-07,0.07477989739491185,0.07477989739541373,90.00020991463118,0.07477989739541373,1.257266738140184e-10,179.9998375840439,1.0587911840678754e-22,90.0
robust,original,1000,read,90,1,0,8,3c645498b9004a58,c9d079a0703500a4,7,1,0.001,0.0546847315695434,5.903939560949914e-08,0.9999999473403659,2.0848693000152707,instant_RF_exact_pathways,runs\combined_factor_study\cases\c9d079a0703500a4,-8.996076891091601e-08,-0.0546847283409159,0.0546847283409899,-90.00009425615774,0.0546847283409899,-1.963928567013094e-17,1.2554005213058884e-11,1.2554005213074247e-11,90.0000896326043,1.257195276405447e-11,3.6477704071465806e-16,-3.6142955739605065e-10,3.614295573962347e-10,-89.99994217355923,3.215981546950524e-09,-8.996076856577826e-08,-0.05468472868979145,0.054684728689865444,-90.00009425615677,0.054684728689865444,2.2989877436019828e-10,-179.99981611123798,6.93889390391985e-18,90.0
robust,original,1000,read,90,1,0,8,3c645498b9004a58,c9d079a0703500a4,8,1,0.001,0.049636758921711384,6.878443227868703e-08,0.9999999306101905,2.092174200108275,instant_RF_exact_pathways,runs\combined_factor_study\cases\c9d079a0703500a4,-1.8185425394597992e-07,0.04963675550714197,0.0496367555074751,90.00020991463144,0.0496367555074751,1.474619306279584e-17,-1.52889028660837e-11,1.5288902866090813e-11,-89.99994473804733,1.5306248115421664e-11,1.488461024202709e-17,-1.4760081491379005e-11,1.476008149138651e-11,-89.99994222082398,3.398930028694838e-09,-1.8185425391634915e-07,0.04963675547709301,0.04963675547742614,90.00020991463153,0.04963675547742614,3.0836518032055935e-10,179.9998453473212,2.0816681711738513e-17,90.0
robust,original,0,read,45,0.8,100,8,2d91eacc773011dd,d07be06221f3362d,1,1,0.001,0.5139255540124357,0.04871882223374435,0.9945742518275859,2.276070599909872,instant_RF_exact_pathways,runs\combined_factor_study\cases\d07be06221f3362d,0.3402239688449669,-0.3510823840634351,0.48888770630512524,-45.89987630772977,0.48888770630512524,0.0,0.0,0.0,0.0,0.0,0.0237156131876314,-0.007817517753280046,0.024970860871988475,-18.24407577112242,0.025037847707310407,0.3639395820325983,-0.35889990181671516,0.5111371233769958,-44.600536862832165,0.5111371233769958,0.0,0.0,0.0,45.0
robust,original,0,read,45,0.8,100,8,2d91eacc773011dd,d07be06221f3362d,2,1,0.001,0.41929043039240643,0.042108778391127,0.9717266492474445,2.276227099937387,instant_RF_exact_pathways,runs\combined_factor_study\cases\d07be06221f3362d,0.28842440588473744,0.2795026514060304,0.40163462257749233,44.09999562964519,0.40163462257749233,0.00664537564482152,-0.006502412140065783,0.009297439491605304,-44.37701438633334,0.009420052195463179,0.007537375875993542,-0.00017658617199510713,0.007539444128856537,-1.3420840417495363,0.008235755619450915,0.30260715740555255,0.2728236530939695,0.40743568498673194,42.03709349821241,0.40743568498673194,0.02246665202124246,-88.47701001597854,0.0,45.0
robust,original,0,read,45,0.8,100,8,2d91eacc773011dd,d07be06221f3362d,3,1,0.001,0.3808153281271117,0.3021022371747011,0.7506611333865716,2.276318999938667,instant_RF_exact_pathways,runs\combined_factor_study\cases\d07be06221f3362d,0.18495327118616198,-0.19085614575837775,0.2657701655494934,-45.89987630772976,0.2657701655494934,0.0551423480813788,0.06274504191114029,0.08353214253422865,48.689960955114564,0.09187329967954024,0.014549397163738858,-0.0017877889641877368,0.014658824891807795,-7.005228080785156,0.02317186289807801,0.25464501643127957,-0.1298988928114252,0.28586326582287686,-27.026926407567327,0.28586326582287686,0.24125420615651794,94.58983726284433,5.551115123125783e-17,45.0
robust,original,0,read,45,0.8,100,8,2d91eacc773011dd,d07be06221f3362d,4,1,0.001,0.4208921189634195,0.4813582390095848,0.4698709878525227,2.2764382999157533,instant_RF_exact_pathways,runs\combined_factor_study\cases\d07be06221f3362d,0.15676140237988537,0.15191234413364932,0.2182922297661752,44.0999956296452,0.2182922297661752,0.03039477369922065,-0.12411557262302171,0.1277830882228451,-76.23959671974946,0.18183509361307146,0.008879472060544562,-0.0017004463040604359,0.00904082638407487,-10.841063997859946,0.02076479558417278,0.1960356481396506,0.02609632520656718,0.1977649957166834,7.582650589771938,0.1977649957166834,0.4320230420586114,-120.33959234939465,2.8609792490763984e-17,45.0
robust,original,0,read,45,0.8,100,8,2d91eacc773011dd,d07be06221f3362d,5,1,0.001,0.47216164835359464,0.6941332816134586,0.4046067165170238,2.2767039999598637,instant_RF_exact_pathways,runs\combined_factor_study\cases\d07be06221f3362d,0.10050292972131751,-0.10371053013022306,0.14441853392989415,-45.89987630772976,0.14441853392989415,0.06973500528275307,0.1727835613703994,0.1863253338696168,68.02112254857798,0.2969561416917504,0.008385048187734294,-0.001323306486551043,0.008488826371647275,-8.968303156220475,0.030786972731950232,0.1786229831918049,0.06774972475362537,0.19103977420561355,20.771183310026025,0.19103977420561355,0.6289289753355073,113.92099885630773,6.938893903907228e-17,45.0
robust,original,0,read,45,0.8,100,8,2d91eacc773011dd,d07be06221f3362d,6,1,0.001,0.5635247432926815,0.7895488873002716,0.2879366219879447,2.2774443000089377,instant_RF_exact_pathways,runs\combined_factor_study\cases\d07be06221f3362d,0.0851657703523852,0.08253136051198644,0.11859440925977366,44.0999956296452,0.11859440925977366,0.03251237538843284,-0.18170510835070397,0.18459090160172967,-79.85545638612768,0.41008119260913484,0.011070531433794164,0.00042206643170277956,0.011078574199751291,2.183356672694354,0.034849141423772906,0.12874867717461227,-0.09875168140701472,0.1622594109903184,-37.488611284975555,0.1622594109903184,0.7277075185963011,-123.95545201577289,6.206335383118183e-17,45.0
robust,original,0,read,45,0.8,100,8,2d91eacc773011dd,d07be06221f3362d,7,1,0.001,0.6765976054877983,0.8840616444129062,0.2381553001607984,2.281023300020024,instant_RF_exact_pathways,runs\combined_factor_study\cases\d07be06221f3362d,0.05459003624897507,-0.05633230409211078,0.0784436137744205,-45.89987630772975,0.0784436137744205,0.061605830905394045,0.1656653042718297,0.17674917663463646,69.60138046190208,0.5541471564107979,0.005105603195786633,-0.003264437101068046,0.0060600110214137585,-32.594166609540615,0.04400683530258058,0.12130147035015593,0.10606856307865085,0.16113530582302407,41.16713351067394,0.16113530582302407,0.8190202742607716,115.50125676963181,1.8253379971363983e-16,45.0
robust,original,0,read,45,0.8,100,8,2d91eacc773011dd,d07be06221f3362d,8,1,0.001,0.8305014817888903,0.9224526984502105,0.13823019818803398,2.291949599981308,instant_RF_exact_pathways,runs\combined_factor_study\cases\d07be06221f3362d,0.04624959826360804,0.04481897189486852,0.06440314884583012,44.09999562964521,0.06440314884583012,0.03192332450401194,-0.12119809677037918,0.12533186868530544,-75.24357711603217,0.7132889254436993,0.010189325786198971,0.0030903720261641105,0.010647664496846102,16.872290617228828,0.05280940749936232,0.08836224855381843,-0.07328875284934655,0.11480038442313419,-39.672736269270565,0.11480038442313419,0.8588653254504537,-119.34357274567739,5.134781488891349e-16,45.0
robust,original,1000,read,45,1.2,0,8,817d04f3f17dfe0b,d519a7ba692bdbd2,1,1,0.001,0.16112780933716797,0.0035859086923091745,0.9938975023254937,2.0911013999721035,instant_RF_exact_pathways,runs\combined_factor_study\cases\d519a7ba692bdbd2,0.11352624968945484,-0.11352576564452375,0.16055001972509308,-44.9998778529598,0.16055001972509308,0.0,0.0,0.0,0.0,0.0,2.541592551979033e-06,0.0005767366097473605,0.0005767422099305542,89.7475076467481,0.0005777896120748985,0.11352879128200681,-0.1129490290347764,0.1601445272553896,-44.85332843065728,0.1601445272553896,0.0,0.0,0.0,45.0
robust,original,1000,read,45,1.2,0,8,817d04f3f17dfe0b,d519a7ba692bdbd2,2,1,0.001,0.13676133270367136,0.035571076944365114,0.940578161615896,2.091211099992506,instant_RF_exact_pathways,runs\combined_factor_study\cases\d519a7ba692bdbd2,0.09326498010003546,0.09326495897610754,0.13189658481505515,44.99999351143348,0.13189658481505515,-9.311672063686502e-05,7.755941920597944e-05,0.00012118657999024816,140.2081755704323,0.00013168667067570597,5.3383983033535474e-05,-0.004708748372971809,0.004709050975473634,-89.35045459145523,0.0047330612179405035,0.09322524736243212,0.0886337700223417,0.12863472289455913,43.553734637965846,0.12863472289455913,0.0009628940291261935,95.2081820589988,1.962615573354719e-17,45.0
robust,original,1000,read,45,1.2,0,8,817d04f3f17dfe0b,d519a7ba692bdbd2,3,1,0.001,0.12115051570976472,0.2795820476324678,0.7173265054264344,2.0912785000400618,instant_RF_exact_pathways,runs\combined_factor_study\cases\d519a7ba692bdbd2,0.06171570888951639,-0.061715445750584755,0.08727900645589924,-44.9998778529598,0.08727900645589924,0.01755693740294292,0.01762167747240851,0.024875079254395267,45.105442712037735,0.02520221681200393,6.478330288260164e-05,0.008626033288703575,0.008626276553308188,89.56970487706072,0.008669292441861562,0.0793374295953419,-0.03546773498947267,0.08690447606469587,-24.08699310064491,0.08690447606469587,0.20802401594707065,90.10532056499753,1.3877787807814457e-17,45.0
robust,original,1000,read,45,1.2,0,8,817d04f3f17dfe0b,d519a7ba692bdbd2,4,1,0.001,0.13637280759135292,0.4743275431769093,0.4449608713752166,2.0913809000048786,instant_RF_exact_pathways,runs\combined_factor_study\cases\d519a7ba692bdbd2,0.050690672778226184,0.0506906612971095,0.07168742881040913,44.99999351143348,0.07168742881040913,0.009145573739593764,-0.0375107784751506,0.03860958457220394,-76.29793595403187,0.05333247826856031,0.0005859616504581873,-0.00758635779748081,0.007608953652586245,-85.58330830212196,0.011352900512383505,0.06042220816827813,0.00559352502447809,0.06068056329773315,5.289024535764083,0.06068056329773315,0.39107853838701784,-121.29792946546536,6.992893892674703e-18,45.0
robust,original,1000,read,45,1.2,0,8,817d04f3f17dfe0b,d519a7ba692bdbd2,5,1,0.001,0.15142194918790086,0.6867868505100514,0.411718364892798,2.0915973000228405,instant_RF_exact_pathways,runs\combined_factor_study\cases\d519a7ba692bdbd2,0.03353626918709391,-0.03353612619759894,0.047427345607049386,-44.999877852959784,0.047427345607049386,0.02171450773527353,0.05481478227606412,0.05895914010700603,68.38933803956715,0.08942103357569928,0.0007599841657376788,0.006097773481913055,0.006144950558702166,82.89568527368809,0.014573570005152145,0.056010761088105133,0.027376429560378224,0.062343197328522885,26.048038432649715,0.062343197328522885,0.5905420849175301,113.38921589252693,2.2215299868541707e-17,45.0
robust,original,1000,read,45,1.2,0,8,817d04f3f17dfe0b,d519a7ba692bdbd2,6,1,0.001,0.18172680361318455,0.7856851446979395,0.2825592863344047,2.092219699989073,instant_RF_exact_pathways,runs\combined_factor_study\cases\d519a7ba692bdbd2,0.02753951670927877,0.027539510471752467,0.03894675362086561,44.99999351143347,0.03894675362086561,0.010621530596443364,-0.05848515548960858,0.05944182302768712,-79.7066608341464,0.12458012501114445,0.0011698043462218322,-0.002065904673287709,0.002374111271097352,-60.47958923065032,0.018199924981174554,0.03933085165194394,-0.03301154969114379,0.05134859593677394,-40.00773271971421,0.05134859593677394,0.6855352239415384,-124.70665434557989,4.046035655711836e-17,45.0
robust,original,1000,read,45,1.2,0,8,817d04f3f17dfe0b,d519a7ba692bdbd2,7,1,0.001,0.2174705493549786,0.8815417402216628,0.24244586048588196,2.094090700033121,instant_RF_exact_pathways,runs\combined_factor_study\cases\d519a7ba692bdbd2,0.018215945904086064,-0.018215868236266464,0.025761182829629765,-44.999877852959784,0.025761182829629765,0.019171725806766095,0.05472547152616647,0.057986483805892886,70.69334317592268,0.16934248154067075,0.0011583328564695064,-0.0005358114179221422,0.0012762558058447932,-24.823901788506493,0.02236688498467781,0.03854600456732171,0.03597379187197789,0.052724834468705246,43.023096542459484,0.052724834468705246,0.7786915609628222,115.69322102888246,5.594315114139762e-17,45.0
robust,original,1000,read,45,1.2,0,8,817d04f3f17dfe0b,d519a7ba692bdbd2,8,1,0.001,0.26732670710680945,0.9208822150120156,0.1295453223079689,2.101027400000021,instant_RF_exact_pathways,runs\combined_factor_study\cases\d519a7ba692bdbd2,0.01495552008010438,0.014955516692773698,0.02115029693442241,44.99999351143347,0.02115029693442241,0.010383140482111235,-0.0403878160919962,0.04170114260967155,-75.58228467977129,0.21838400112405007,0.0013816351766274089,0.0034021672443760695,0.0036720100381126015,67.89771123377325,0.027792409048336048,0.026720295738842933,-0.02203013215484648,0.03463092443367963,-39.50462157144893,0.03463092443367963,0.8169180082586941,-120.58227819120478,1.0085294997567047e-16,45.0
robust,original,1000,read,0,0.8,0,8,e6d32fbe35ea3179,dab28f2513d68b31,1,1,0.001,0.16117406049512423,0.0038746002361893226,0.9961551589519982,2.7853450999828056,instant_RF_exact_pathways,runs\combined_factor_study\cases\dab28f2513d68b31,0.16054957544194914,3.170709273074338e-07,0.16054957544226223,0.00011315399552433165,0.16054957544226223,0.0,0.0,0.0,0.0,0.0,3.5946377925182628e-06,0.0006208897885556855,0.0006209001940357108,89.66829012633157,0.0006244850528620027,0.16055317007974165,0.0006212068594829929,0.16055437185145946,0.22168577316073537,0.16055437185145946,0.0,0.0,0.0,0.0
robust,original,1000,read,0,0.8,0,8,e6d32fbe35ea3179,dab28f2513d68b31,2,1,0.001,0.13647866495283337,0.03357885604428669,0.9665407076462584,2.785473100026138,instant_RF_exact_pathways,runs\combined_factor_study\cases\dab28f2513d68b31,0.1318958675092656,5.765351709272272e-09,0.13189586750926574,2.5044781659033456e-06,0.13189586750926574,-0.00013168963817836897,-2.388306903165049e-10,0.00013168963817858554,-179.99989608908672,0.00013168963817860433,7.549566198996267e-05,-0.004373235483550772,0.004373887080111563,-89.01099467423444,0.004451107805389041,0.1318396735330772,-0.004373229957029753,0.13191218540212818,-1.8998513358525408,0.13191218540212818,0.0009649100701865444,-179.9998985935649,0.0,0.0
robust,original,1000,read,0,0.8,0,8,e6d32fbe35ea3179,dab28f2513d68b31,3,1,0.001,0.12101063467643021,0.2787551367063922,0.9297963928183671,2.7855400999542326,instant_RF_exact_pathways,runs\combined_factor_study\cases\dab28f2513d68b31,0.08727829866410441,1.7236676593547755e-07,0.08727829866427463,0.00011315399552433165,0.08727829866427463,0.024829749127417308,9.969283860877356e-10,0.02482974912741733,2.300457757607527e-06,0.025202717078150815,9.162296963118335e-05,0.008420974244084691,0.008421472673357184,89.3766276707939,0.00852961893400477,0.11219967076115289,0.008421147607779013,0.11251525161480602,4.292287626788802,0.11251525161480602,0.20826861329618052,-0.00011085353776672411,1.3877787807814457e-17,0.0
robust,original,1000,read,0,0.8,0,8,e6d32fbe35ea3179,dab28f2513d68b31,4,1,0.001,0.13606568140704203,0.47314668010586125,0.6306709541416557,2.785649099969305,instant_RF_exact_pathways,runs\combined_factor_study\cases\dab28f2513d68b31,0.07168665597295822,3.133523379848686e-09,0.07168665597295829,2.504478165903348e-06,0.07168665597295829,0.012934014733222357,6.427867429577088e-08,0.012934014733382081,0.00028474505602297623,0.05333332919014489,0.0008287061226463099,-0.007887961134775641,0.007931373443574731,-84.0025288992611,0.011045696243938856,0.08544937682882689,-0.007887893722577971,0.08581267311891375,-5.2740681145616035,0.08581267311891375,0.39196753096467896,0.00028224057785707296,1.5515838457795457e-17,0.0
robust,original,1000,read,0,0.8,0,8,e6d32fbe35ea3179,dab28f2513d68b31,5,1,0.001,0.15113652356878976,0.6861995598071784,0.5259446043842123,2.785866799997166,instant_RF_exact_pathways,runs\combined_factor_study\cases\dab28f2513d68b31,0.0474267076250065,9.366346889678696e-08,0.04742670762509899,0.00011315399552433168,0.04742670762509899,0.030709443161955844,-4.385850385160112e-08,0.030709443161987163,-8.182848361009674e-05,0.08942230984481343,0.0010748237209264075,0.006647690064317365,0.006734020286744754,80.81568192354666,0.014287506098877259,0.07921097450788883,0.006647739869282414,0.0794894390963923,4.797276679598415,0.0794894390963923,0.5916657849028325,-0.00019498247913442846,8.333897564733124e-17,0.0
robust,original,1000,read,0,0.8,0,8,e6d32fbe35ea3179,dab28f2513d68b31,6,1,0.001,0.18130286757800576,0.7851874809976375,0.3072870894773185,2.7864953000098467,instant_RF_exact_pathways,runs\combined_factor_study\cases\dab28f2513d68b31,0.03894612568678314,1.7023892904154383e-09,0.03894612568678318,2.504478165903339e-06,0.03894612568678318,0.015021384253366611,9.50266375516968e-08,0.015021384253667185,0.0003624582915345317,0.12458184088441612,0.001654415693209827,-0.0031673874279587355,0.0035734345390296446,-62.420666433628085,0.017774901006806485,0.055621925633359603,-0.003167290698931885,0.05571203049193708,-3.2590857842168512,0.05571203049193708,0.6871476582178969,0.00035995381336862835,2.2388184186990767e-17,0.0
robust,original,1000,read,0,0.8,0,8,e6d32fbe35ea3179,dab28f2513d68b31,7,1,0.001,0.2169935945493696,0.8812835985887847,0.25122676409457234,2.7886693000327796,instant_RF_exact_pathways,runs\combined_factor_study\cases\dab28f2513d68b31,0.025760698674135208,5.0875055846215996e-08,0.025760698674185446,0.00011315399552433165,0.025760698674185446,0.027113203284666307,-4.7364754381789316e-08,0.02711320328470768,-0.00010009147555362121,0.16934487851462818,0.0016381861079843762,0.0005231731305261521,0.001719698766905859,17.711466250893366,0.021888017360555324,0.054512088066785945,0.0005231766408276184,0.05451459858788776,0.5498760771546,0.05451459858788776,0.7804141816550232,-0.00021324547107795286,5.55417418676571e-17,0.0
robust,original,1000,read,0,0.8,0,8,e6d32fbe35ea3179,dab28f2513d68b31,8,1,0.001,0.266684943655516,0.9206935245330666,0.14188659576449164,2.796072499942966,instant_RF_exact_pathways,runs\combined_factor_study\cases\dab28f2513d68b31,0.02114984294141667,9.244890340826683e-10,0.02114984294141669,2.5044781659033426e-06,0.02114984294141669,0.014684286537229984,6.997161001192198e-08,0.014684286537396693,0.00027301823137431005,0.2183873434717015,0.0019539948565237063,0.0019618166500830173,0.0027689023940659324,45.1144475831828,0.0271477572423983,0.037788124335170266,0.001961887546182047,0.03783901879692642,2.9720194696018503,0.03783901879692642,0.8188964119166705,0.00027051375320840673,9.853244613989565e-17,0.0
robust,weak_increasing_centering,1000,read,90,1,0,8,2d2f4765ae50fff9,dba43b61ecaa4539,1,1,0.001,0.2079343069623638,4.615359086053876e-10,0.9999999990769282,5.26194039999973,instant_RF_exact_pathways,runs\combined_factor_study\cases\dba43b61ecaa4539,-3.420686304230549e-07,-0.2079343068661133,0.20793430686639466,-90.00009425615774,0.20793430686639466,0.0,0.0,0.0,0.0,0.0,-9.686314212057606e-17,9.596915488444181e-11,9.596915488449069e-11,90.00005782951034,9.596915488449069e-11,-3.4206863051991803e-07,-0.20793430677014416,0.20793430677042551,-90.00009425615781,0.20793430677042551,0.0,180.0,0.0,90.0
robust,weak_increasing_centering,1000,read,90,1,0,8,2d2f4765ae50fff9,dba43b61ecaa4539,2,1,0.001,0.16950945876792786,5.9403698926522284e-09,0.9999999996632528,5.262184599996544,instant_RF_exact_pathways,runs\combined_factor_study\cases\dba43b61ecaa4539,-6.210320489877333e-07,0.16950945775984133,0.16950945776097898,90.00020991463144,0.16950945776097898,1.418867217558779e-20,6.722218632521573e-15,6.722218632536547e-15,89.99987906507107,7.901428071237265e-15,-9.58712931553144e-16,9.498603237894211e-10,9.498603237899048e-10,90.00005782977072,1.0069409893231188e-09,-6.210320499464321e-07,0.16950945870970838,0.16950945871084602,90.00020991463059,0.16950945871084602,4.661349359893219e-14,-0.0003308495603547367,0.0,90.0
robust,weak_increasing_centering,1000,read,90,1,0,8,2d2f4765ae50fff9,dba43b61ecaa4539,3,1,0.001,0.13801008403183918,1.1137273803557861e-08,0.9999999998620339,5.262349699973129,instant_RF_exact_pathways,runs\combined_factor_study\cases\dba43b61ecaa4539,-2.2703766691995052e-07,-0.13801008249459634,0.13801008249478308,-90.00009425615774,0.13801008249478308,1.144080536453052e-19,-3.167754662418797e-14,3.167754662439457e-14,-89.99979306798302,4.191674609599635e-14,1.5321049262478978e-15,-1.5179836773424507e-09,1.517983677343224e-09,-89.99994217121873,1.5370141754054673e-09,-2.2703766538773118e-07,-0.13801008401261172,0.13801008401279846,-90.00009425615606,0.13801008401279846,3.0372234311752236e-13,0.0003011881747250042,2.7755575615628914e-17,90.0
robust,weak_increasing_centering,1000,read,90,1,0,8,2d2f4765ae50fff9,dba43b61ecaa4539,4,1,0.001,0.11219420527481279,1.6682523338291507e-08,0.9999999999490133,5.262569000013173,instant_RF_exact_pathways,runs\combined_factor_study\cases\dba43b61ecaa4539,-4.1104606754297585e-07,0.11219420340237737,0.11219420340313034,90.00020991463144,0.11219420340313034,1.7570260323950068e-19,2.6870714432522697e-14,2.6870714433097143e-14,89.99962535355581,1.0010889904848506e-13,-1.8833202390949746e-15,1.8659351765593173e-09,1.8659351765602678e-09,90.00005782960874,1.8715823595139818e-09,-4.1104606942612036e-07,0.11219420526833941,0.11219420526909238,90.0002099146289,0.11219420526909238,8.92282260062135e-13,-0.0005845610756161102,0.0,90.0
robust,weak_increasing_centering,1000,read,90,1,0,8,2d2f4765ae50fff9,dba43b61ecaa4539,5,1,0.001,0.091049176339367,2.2181761508710614e-08,0.9999999999780091,5.26311539998278,instant_RF_exact_pathways,runs\combined_factor_study\cases\dba43b61ecaa4539,-1.497832023491625e-07,-0.09104917431961268,0.09104917431973589,-90.00009425615774,0.09104917431973589,3.858365341969612e-19,-4.29459498758978e-14,4.2945949877631025e-14,-89.99948524121471,1.632321117221874e-13,2.036359868136905e-15,-2.0175859161115086e-09,2.0175859161125364e-09,-89.99994217107431,2.0194678921718253e-09,-1.4978320031241674e-07,-0.09104917633724155,0.09104917633736476,-90.00009425615437,0.09104917633736476,1.7927906466036926e-12,0.0006090149430184353,5.293955920339377e-23,90.0
robust,weak_increasing_centering,1000,read,90,1,0,8,2d2f4765ae50fff9,dba43b61ecaa4539,6,1,0.001,0.07374274318347378,2.8278637839456705e-08,0.9999999999896758,5.264820999931544,instant_RF_exact_pathways,runs\combined_factor_study\cases\dba43b61ecaa4539,-2.701713887063453e-07,0.07374274109763454,0.07374274109812945,90.00020991463144,0.07374274109812945,4.764157758395681e-19,3.0917406026119654e-14,3.0917406029790274e-14,89.99911711179057,2.323126542791649e-13,-2.103969590797374e-15,2.0845520551369194e-09,2.084552055137981e-09,90.00005782948787,2.0851120229905135e-09,-2.7017139080983857e-07,0.07374274318221753,0.07374274318271244,90.00020991462713,0.07374274318271244,3.150312074791756e-12,-0.0010928028408668357,1.387778780791543e-17,90.0
robust,weak_increasing_centering,1000,read,90,1,0,8,2d2f4765ae50fff9,dba43b61ecaa4539,7,1,0.001,0.05959438777223676,3.4437275355908134e-08,0.9999999999926004,5.269933299976401,instant_RF_exact_pathways,runs\combined_factor_study\cases\dba43b61ecaa4539,-9.803754950947665e-08,-0.05959438571988778,0.05959438571996842,-90.00009425615774,0.05959438571996842,7.106029982761371e-19,-4.3035523430031805e-14,4.303552343589855e-14,-89.9990539315091,2.953811375466085e-13,2.0708803107042593e-15,-2.051784323004892e-09,2.051784323005937e-09,-89.9999421709678,2.0519729629026304e-09,-9.803754743788576e-08,-0.05959438777171515,0.059594387771795786,-90.0000942561525,0.059594387771795786,4.956526085569046e-12,0.0010403246486451617,6.938893903957715e-18,90.0
robust,weak_increasing_centering,1000,read,90,1,0,8,2d2f4765ae50fff9,dba43b61ecaa4539,8,1,0.001,0.048042424126892476,4.139980231060122e-08,0.9999999999919958,5.286692499998026,instant_RF_exact_pathways,runs\combined_factor_study\cases\dba43b61ecaa4539,-1.7601309244191463e-07,0.048042422137623185,0.048042422137945615,90.00020991463144,0.048042422137945615,7.955799715977626e-19,2.7186945865935954e-14,2.7186945877576603e-14,89.99832333595508,3.5374199607816416e-13,-2.0070551748528632e-15,1.9885351272343976e-09,1.9885351272354105e-09,90.00005782939874,1.988593140044065e-09,-1.760130944481742e-07,0.04804242412618551,0.048042424126507936,90.00020991462513,0.048042424126507936,7.36311713047285e-12,-0.001886578676350722,6.938893903957715e-18,90.0
robust,original,1000,read,90,1.2,0,8,3c645498b9004a58,e02c4c4b4c14093d,1,1,0.001,0.16112780933716794,0.003585908692309175,0.9928281826153945,2.3638598000397906,instant_RF_exact_pathways,runs\combined_factor_study\cases\e02c4c4b4c14093d,-2.6411767345849553e-07,-0.16055001972487581,0.16055001972509306,-90.00009425615774,0.16055001972509306,0.0,0.0,0.0,0.0,0.0,-5.927121691087117e-10,0.0005777896120745819,0.0005777896120748859,90.0000587755561,0.0005777896120748985,-2.6471038562760426e-07,-0.15997223011280123,0.15997223011302025,-90.00009480887951,0.15997223011302025,0.0,180.0,0.0,90.0
robust,original,1000,read,90,1.2,0,8,3c645498b9004a58,e02c4c4b4c14093d,2,1,0.001,0.13676133270367133,0.03557107694436512,0.9306388691999782,2.3639757999917492,instant_RF_exact_pathways,runs\combined_factor_study\cases\e02c4c4b4c14093d,-4.832297112157607e-07,0.1318965848141699,0.13189658481505512,90.00020991463144,0.13189658481505512,2.3884081951454596e-10,0.00010968583857246574,0.00010968583857272579,89.9998752384892,0.00013168667067570597,4.574526941477995e-09,-0.004730858636014851,0.004730858636017063,-89.99994459756523,0.0047330612179405035,-4.784163434547681e-07,0.1272754120167275,0.12727541201762668,90.0002153694645,0.12727541201762668,0.0009628940291261937,-0.00033467614222736737,0.0,90.0
robust,original,1000,read,90,1.2,0,8,3c645498b9004a58,e02c4c4b4c14093d,3,1,0.001,0.12115051570976473,0.27958204763246775,0.44329652232873834,2.364044800051488,instant_RF_exact_pathways,runs\combined_factor_study\cases\e02c4c4b4c14093d,-1.435809734958148e-07,-0.08727900645578116,0.08727900645589926,-90.00009425615774,0.08727900645589926,-9.10593970208503e-08,0.02492081818769638,0.024920818187862744,90.0002093558524,0.025202216812003936,-8.976367497804466e-09,0.008652585976165429,0.008652585976170085,90.0000594397992,0.008669292441861562,-2.436167380144695e-07,-0.05370560229191934,0.053705602292471885,-90.00025990232511,0.053705602292471885,0.20802401594707068,-179.99969638798984,5.293955920339377e-23,90.0
robust,original,1000,read,90,1.2,0,8,3c645498b9004a58,e02c4c4b4c14093d,4,1,0.001,0.13637280759135292,0.4743275431769094,0.08245626656168184,2.3641533000627533,instant_RF_exact_pathways,runs\combined_factor_study\cases\e02c4c4b4c14093d,-2.6264133806366994e-07,0.071687428809928,0.07168742881040911,90.00020991463144,0.07168742881040911,1.921107000690748e-08,-0.05304832425856438,0.053048324258567855,-89.99997925074456,0.053332478268560295,5.263561444350876e-09,-0.007394311979368255,0.007394311979370128,-89.99995921461567,0.011352900512383505,-2.381667066124115e-07,0.01124479257199534,0.011244792574517546,90.00121353480021,0.011244792574517546,0.3910785383870177,179.99981083462401,2.4286128663805122e-17,90.0
robust,original,1000,read,90,1.2,0,8,3c645498b9004a58,e02c4c4b4c14093d,5,1,0.001,0.15142194918790086,0.6867868505100516,0.2372945800765918,2.364392700023018,instant_RF_exact_pathways,runs\combined_factor_study\cases\e02c4c4b4c14093d,-7.802179159799928e-08,-0.047427345606985194,0.04742734560704937,-90.00009425615774,0.04742734560704937,-1.5975529651042952e-07,0.07751986453858341,0.07751986453874803,90.00011807688648,0.08942103357569928,-8.746360162234656e-09,0.005839088914478056,0.005839088914484606,90.00008582323899,0.014573570005152145,-2.4652344827066363e-07,0.03593160784607627,0.035931607846921954,90.00039310106014,0.035931607846921954,0.5905420849175301,-179.9997876669558,1.5881867761018131e-22,90.0
robust,original,1000,read,90,1.2,0,8,3c645498b9004a58,e02c4c4b4c14093d,6,1,0.001,0.18172680361318455,0.7856851446979397,0.24975154319045217,2.365028199972585,instant_RF_exact_pathways,runs\combined_factor_study\cases\e02c4c4b4c14093d,-1.4268927835691815e-07,0.0389467536206042,0.03894675362086559,90.00020991463144,0.03894675362086559,4.360905440056583e-08,-0.08271060809899648,0.08271060809900799,-89.99996979087904,0.12458012501114443,-2.753483806786251e-09,-0.001622695162954433,0.0016226951629567693,-90.00009722282083,0.018199924981174554,-1.0183370776313867e-07,-0.04538654964134684,0.045386549641461084,-90.00012855442225,0.045386549641461084,0.6855352239415383,179.99982029448955,1.2490009027037498e-16,90.0
robust,original,1000,read,90,1.2,0,8,3c645498b9004a58,e02c4c4b4c14093d,7,1,0.001,0.2174705493549786,0.8815417402216629,0.2329576824667875,2.3672331999987364,instant_RF_exact_pathways,runs\combined_factor_study\cases\e02c4c4b4c14093d,-4.237921419225669e-08,-0.025761182829594893,0.02576118282962975,-90.00009425615774,0.02576118282962975,-1.5008254297342783e-07,0.07739356355256054,0.07739356355270606,90.00011110867489,0.16934248154067072,-3.368244900704031e-09,-0.0009709455408290495,0.0009709455408348918,-90.00019876111384,0.02236688498467782,-1.958300020663889e-07,0.05066143518213645,0.05066143518251494,90.00022147482755,0.05066143518251494,0.7786915609628221,-179.99979463516738,1.4571677198252302e-16,90.0
robust,original,1000,read,90,1.2,0,8,3c645498b9004a58,e02c4c4b4c14093d,8,1,0.001,0.2673267071068094,0.9208822150120156,0.11978655265689675,2.377905400004238,instant_RF_exact_pathways,runs\combined_factor_study\cases\e02c4c4b4c14093d,-7.748837389595496e-08,0.021150296934280454,0.021150296934422403,90.00020991463144,0.021150296934422403,1.867204896640357e-08,-0.057117076209640516,0.05711707620964357,-89.99998126953143,0.21838400112405007,-9.167855081718398e-09,0.003944634597987561,0.003944634597998215,90.0001331630067,0.027792409048336048,-6.798418001126995e-08,-0.032022144677372466,0.03202214467744464,-90.00012164102772,0.03202214467744464,0.8169180082586943,179.99980881583713,2.775557561601072e-17,90.0
robust,high_low_permutation_alternating,1000,read,0,0.7,0,8,823de6099de30e8c,e525368e9dd6a0c4,1,1,0.001,0.13326553912111416,0.009362483131601564,0.9907358031432821,4.739246899960563,instant_RF_exact_pathways,runs\combined_factor_study\cases\e525368e9dd6a0c4,0.13201784275881148,2.607233292859037e-07,0.13201784275906894,0.00011315399552433168,0.13201784275906894,0.0,0.0,0.0,0.0,0.0,7.268712388817686e-06,0.0012404263979980464,0.0012404476945966723,89.66425918031877,0.001247696362045211,0.1320251114712003,0.0012406871213273324,0.13203094093247952,0.5384130527939883,0.13203094093247952,0.0,0.0,0.0,0.0
robust,high_low_permutation_alternating,1000,read,0,0.7,0,8,823de6099de30e8c,e525368e9dd6a0c4,2,1,0.001,0.09517843994662019,0.001374010322514006,0.9987373223643414,4.739380799932405,instant_RF_exact_pathways,runs\combined_factor_study\cases\e525368e9dd6a0c4,0.09504766378765266,4.1546655041484455e-09,0.09504766378765275,2.504478165903346e-06,0.09504766378765275,9.620656267737029e-06,3.35726191403825e-11,9.620656267795608e-06,0.00019994159757967295,2.4712519433810244e-05,9.193511297363135e-07,-0.00010361280768609807,0.00010361688628354013,-89.49163082717476,0.00010606363953361842,0.09505820379505013,-0.00010360861944797478,0.09505826025910272,-0.062449468091974186,0.09505826025910272,0.0002596440900656703,0.00019743711941376958,0.0,0.0
robust,high_low_permutation_alternating,1000,read,0,0.7,0,8,823de6099de30e8c,e525368e9dd6a0c4,3,1,0.001,0.05780361682317644,0.07312766713411896,0.9328594946060506,4.739458899945021,instant_RF_exact_pathways,runs\combined_factor_study\cases\e525368e9dd6a0c4,0.053576573172878554,1.0580889853565188e-07,0.05357657317298303,0.00011315399552433165,0.05357657317298303,0.00037190413797553627,-2.481614091584113e-10,0.00037190413797561904,-3.8231898844129905e-05,0.0006981535941095933,-3.252300659892648e-05,-0.0008500195976237834,0.0008506415592379274,-92.19115241666474,0.0035288900560838153,0.053915954304255165,-0.0008499140368866569,0.053922652776070175,-0.9031177302117182,0.053922652776070175,0.012078026124996174,-0.0001513858943684616,6.938893903907228e-18,0.0
robust,high_low_permutation_alternating,1000,read,0,0.7,0,8,823de6099de30e8c,e525368e9dd6a0c4,4,1,0.001,0.04407231030479323,0.12768522537126517,0.8707779983532773,4.739576899912208,instant_RF_exact_pathways,runs\combined_factor_study\cases\e525368e9dd6a0c4,0.03844492743089334,1.6804812179652197e-09,0.03844492743089337,2.504478165903352e-06,0.03844492743089337,-0.00023671648816050024,7.680346684060467e-10,0.0002367164881617462,179.99981410190156,0.0011921348759728505,5.639306457424411e-05,0.0029375846581572314,0.002938125899544268,88.90022309398759,0.004435247997927002,0.03826460400730707,0.0029375871066731176,0.038377198150012365,4.390006215413706,0.038377198150012365,0.0270495208381031,179.9998115974234,6.952433221959954e-18,0.0
robust,high_low_permutation_alternating,1000,read,0,0.7,0,8,823de6099de30e8c,e525368e9dd6a0c4,5,1,0.001,0.04050776789978909,0.46119984675091386,0.7203098330453757,4.739834300009534,instant_RF_exact_pathways,runs\combined_factor_study\cases\e525368e9dd6a0c4,0.021825591552142212,4.310357429112743e-08,0.021825591552184775,0.00011315399552433162,0.021825591552184775,0.007290325149789711,1.3388806364706213e-08,0.007290325149802005,0.00010522467539555839,0.011267539787900946,-3.192750958877758e-05,-0.0023421992481479545,0.002342416846740431,-90.78097465830032,0.007414636559703352,0.029083989192343146,-0.002342142755767299,0.029178143532937906,-4.604111461254382,0.029178143532937906,0.2781575083518638,-7.929320128773242e-06,4.336808689942018e-19,0.0
robust,high_low_permutation_alternating,1000,read,0,0.7,0,8,823de6099de30e8c,e525368e9dd6a0c4,6,1,0.001,0.03269125005401079,0.5229699292428068,0.7778382062965878,4.74056369997561,instant_RF_exact_pathways,runs\combined_factor_study\cases\e525368e9dd6a0c4,0.015594709326405845,6.81666421916377e-10,0.01559470932640586,2.5044781659033295e-06,0.01559470932640586,0.009687454834490575,8.346223292752665e-10,0.009687454834490612,4.936315861271876e-06,0.0126239204585983,6.669910854539702e-05,0.0020109463220682046,0.0020120521567097583,88.10030884241883,0.004472620269006623,0.025348863269441822,0.0020109478383569575,0.02542850330360498,4.535825756149742,0.02542850330360498,0.3861559419643395,2.4318376953685468e-06,3.878959614448864e-18,0.0
robust,high_low_permutation_alternating,1000,read,0,0.7,0,8,823de6099de30e8c,e525368e9dd6a0c4,7,1,0.001,0.04362729464445944,0.7958114975752534,0.49915734129703526,4.742846499895677,instant_RF_exact_pathways,runs\combined_factor_study\cases\e525368e9dd6a0c4,0.008908191958277967,1.7592875453383554e-08,0.008908191958295338,0.0001131539955243316,0.008908191958295338,0.012704756460525846,2.4781005888936366e-08,0.012704756460550014,0.00011175712450172579,0.02127727239808251,-4.569976200378572e-07,-0.002670792990896338,0.0026707930299946178,-90.00980384279478,0.013441830288081639,0.021612491421183752,-0.002670750617014995,0.02177688440271076,-7.044577941629505,0.02177688440271076,0.4877055194799862,-1.3968710226058308e-06,2.083474391183281e-17,0.0
robust,high_low_permutation_alternating,1000,read,0,0.7,0,8,823de6099de30e8c,e525368e9dd6a0c4,8,1,0.001,0.03505038137810207,0.8193458681735429,0.5599624993765885,4.7509365999139845,instant_RF_exact_pathways,runs\combined_factor_study\cases\e525368e9dd6a0c4,0.0063319962180472394,2.7678035641457835e-10,0.0063319962180472455,2.5044781659033676e-06,0.0063319962180472455,0.013197202876673973,6.184337705199212e-10,0.013197202876673987,2.684935989108906e-06,0.020919835662489762,6.889570942725342e-05,0.0010629434623922998,0.0010651738933244728,86.29150604754889,0.007798549497565041,0.019598094804148487,0.001062944357606424,0.01962689916058467,3.104516706157033,0.01962689916058467,0.5968504432753349,1.8045782320553803e-07,2.1006679397246172e-17,0.0
robust,original,1000,slice,45,0.8,100,8,a66bf2d85e30f3da,e6b4112af172814d,1,1,0.001,0.1860967542221118,0.00030398223612328087,0.9999660109083778,2.567955099977553,instant_RF_exact_pathways,runs\combined_factor_study\cases\e6b4112af172814d,0.12946803322688416,-0.1336000691533022,0.18604018411462808,-45.89987630772976,0.18604018411462808,0.0,0.0,0.0,0.0,0.0,5.354354451121341e-05,-1.807670306001529e-05,5.651263887259431e-05,-18.655068853261955,5.6570107483729974e-05,0.12952157677139536,-0.1336181458563622,0.18609042896248196,-45.891910796423886,0.18609042896248196,0.0,0.0,0.0,45.0
robust,original,1000,slice,45,0.8,100,8,a66bf2d85e30f3da,e6b4112af172814d,2,1,0.001,0.15739057139553816,0.02893103197544318,0.9839765160754088,2.5681289000203833,instant_RF_exact_pathways,runs\combined_factor_study\cases\e6b4112af172814d,0.10975634871141424,0.10636128513252309,0.15283709974186058,44.09999562964519,0.15283709974186058,3.127246574012158e-05,1.0916264220903615e-05,3.312298202166674e-05,19.242537318539988,4.506136366161585e-05,0.004022077746519334,-0.0013405691018875954,0.004239603155483041,-18.433365693918283,0.004508410290015982,0.11380969892367368,0.10503163229485639,0.15486862610489954,42.703008425463636,0.15486862610489954,0.0002863028151055641,-24.857458311105205,1.962615573354719e-17,45.0
robust,original,1000,slice,45,0.8,100,8,a66bf2d85e30f3da,e6b4112af172814d,3,1,0.001,0.1387758722529355,0.271230975191394,0.7555916486749941,2.5682575000682846,instant_RF_exact_pathways,runs\combined_factor_study\cases\e6b4112af172814d,0.07038168516064319,-0.07262795124190805,0.10113555708873549,-45.89987630772976,0.10113555708873549,0.020705704950814,0.01988853759080304,0.028710279431084416,43.846784290292945,0.029125319360847505,0.0009503904666652404,0.0024977569808286707,0.002672458039784073,69.1683015557133,0.008514995803352474,0.09203778057812244,-0.05024165667027633,0.1048578901119059,-28.629278497742572,0.1048578901119059,0.2098730772721295,89.7466605980227,0.0,45.0
robust,original,1000,slice,45,0.8,100,8,a66bf2d85e30f3da,e6b4112af172814d,4,1,0.001,0.15598719299169667,0.4674664446707792,0.4685821472761211,2.5684375000419095,instant_RF_exact_pathways,runs\combined_factor_study\cases\e6b4112af172814d,0.05965361735363286,0.05780836807189028,0.08306841446969354,44.0999956296452,0.08306841446969354,0.010119071693863781,-0.04325426843527815,0.04442214931559092,-76.83280626591225,0.06173298684866854,0.002192590840463988,-0.001765122912831175,0.0028148025669819526,-38.83544896199035,0.011185791673334562,0.07196527988796061,0.012788976723780961,0.07309281383962393,10.076854247576096,0.07309281383962393,0.3957567648002656,-120.93280189555745,1.734723475976807e-17,45.0
robust,original,1000,slice,45,0.8,100,8,a66bf2d85e30f3da,e6b4112af172814d,5,1,0.001,0.1729853488617228,0.682304360290274,0.40684147343682076,2.568869100068696,instant_RF_exact_pathways,runs\combined_factor_study\cases\e6b4112af172814d,0.0382451497721726,-0.03946576252831849,0.05495669106703516,-45.89987630772975,0.05495669106703516,0.026177343907833113,0.06262754927553306,0.06787829743245104,67.3158291966982,0.103565228737975,0.0016241986015893112,0.0011454759760709538,0.001987494983430242,35.19363728913903,0.014463429056712569,0.06604669228159508,0.024307262723285473,0.07037761421388576,20.205204318003087,0.07037761421388576,0.5986936432446697,113.21570550442796,7.609091204154493e-17,45.0
robust,original,1000,slice,45,0.8,100,8,a66bf2d85e30f3da,e6b4112af172814d,6,1,0.001,0.2074933571285873,0.7825008005108054,0.28108113242981264,2.57026239996776,instant_RF_exact_pathways,runs\combined_factor_study\cases\e6b4112af172814d,0.03240878302375055,0.03140629086569392,0.04512963907479331,44.09999562964519,0.04512963907479331,0.01142872894738296,-0.06753530272846388,0.06849549591015464,-80.3950616525316,0.14431748517025325,0.00223998943192203,0.00037465389119201663,0.0022711050599449815,9.495227983139761,0.01804623288354081,0.04607750140305555,-0.03575435797157779,0.058322467793366854,-37.810078935569685,0.058322467793366854,0.6955282191555519,-124.49505728217679,1.4637612725888058e-16,45.0
robust,original,1000,slice,45,0.8,100,8,a66bf2d85e30f3da,e6b4112af172814d,7,1,0.001,0.24820451107833322,0.8797332524100543,0.2435415616949842,2.574164399993606,instant_RF_exact_pathways,runs\combined_factor_study\cases\e6b4112af172814d,0.020773564693085184,-0.02143656322246867,0.029850749284543794,-45.899876307729755,0.029850749284543794,0.02326020471111745,0.062804659166207,0.06697359432034777,69.67748905185812,0.19619626639657248,0.0011431412692015606,-0.0012056600350793506,0.0016614415672960923,-46.52469935927889,0.02215749539721713,0.04517691067340423,0.04016243590865936,0.06044811424775728,41.637210416526855,0.06044811424775728,0.7904621295728708,115.57736535958786,3.8321294114307615e-16,45.0
robust,original,1000,slice,45,0.8,100,8,a66bf2d85e30f3da,e6b4112af172814d,8,1,0.001,0.30500865671135047,0.9196487605651202,0.1377282563591252,2.585152299958281,instant_RF_exact_pathways,runs\combined_factor_study\cases\e6b4112af172814d,0.017599713932710585,0.01705530672097874,0.024507823605124747,44.099995629645186,0.024507823605124747,0.011375220373663631,-0.04696224245746696,0.0483202634014274,-76.38402835626604,0.2530324531630866,0.0025969825724063587,0.0021957067384844437,0.003400800870796222,40.2139789108618,0.02746837994313742,0.03157191687878063,-0.027711228998003733,0.042008310463293286,-41.27399646299824,0.042008310463293286,0.8295910545337329,-120.48402398591124,7.152448122690996e-17,45.0
robust,weak_increasing_centering,1000,read,90,0.7,0,8,2d2f4765ae50fff9,e72b5cccff399f0f,1,1,0.001,0.14780503523776445,0.004872155949616217,0.990255688100785,5.58934159995988,instant_RF_exact_pathways,runs\combined_factor_study\cases\e72b5cccff399f0f,-2.4196648032106443e-07,-0.1470849060557485,0.14708490605594754,-90.00009425615774,0.14708490605594754,0.0,0.0,0.0,0.0,0.0,-7.45872517866079e-10,0.000720129181816507,0.0007201291818168932,90.00005934400163,0.0007201291818169182,-2.427123528389305e-07,-0.14636477687393198,0.1463647768741332,-90.00009501188573,0.1463647768741332,0.0,180.0,0.0,90.0
robust,weak_increasing_centering,1000,read,90,0.7,0,8,2d2f4765ae50fff9,e72b5cccff399f0f,2,1,0.001,0.10431595859716819,0.08747189673118479,0.8297886681269213,5.589571299962699,instant_RF_exact_pathways,runs\combined_factor_study\cases\e72b5cccff399f0f,-3.4875229965396224e-07,0.09519124383870328,0.09519124383934215,90.00020991463144,0.09519124383934215,4.681567539199942e-10,0.00022180032177756843,0.0002218003217780625,89.99987906507107,0.00026070846315888745,8.643234393862262e-09,-0.00885284381241992,0.00885284381242414,-89.99994406081677,0.008864006294667142,-3.3964090850618e-07,0.08656020034806093,0.08656020034872726,90.00022481452827,0.08656020034872726,0.0024992193588102133,-0.00033084956035473665,0.0,90.0
robust,weak_increasing_centering,1000,read,90,0.7,0,8,2d2f4765ae50fff9,e72b5cccff399f0f,3,1,0.001,0.07277927610736754,0.15459023564713595,0.8412702196498368,5.58968500001356,instant_RF_exact_pathways,runs\combined_factor_study\cases\e72b5cccff399f0f,-1.012190113221675e-07,-0.06152831066361836,0.06152831066370162,-90.00009425615774,0.06152831066370162,2.935983087680273e-09,-0.000855360215659531,0.0008553602156645699,-89.99980333497331,0.0010653384460970177,-1.4948177974938795e-09,0.0011566332825579822,0.0011566332825589483,90.00007404831958,0.010185626997568904,-9.977784603198111e-08,-0.06122703759671991,0.06122703759680121,-90.0000933713224,0.06122703759680121,0.014637936828684289,0.00029092118443112345,0.0,90.0
robust,weak_increasing_centering,1000,read,90,0.7,0,8,2d2f4765ae50fff9,e72b5cccff399f0f,4,1,0.001,0.05355564364124507,0.2585353327651054,0.6554344892457504,5.5898630999727175,instant_RF_exact_pathways,runs\combined_factor_study\cases\e72b5cccff399f0f,-1.4548418383670728e-07,0.03970961749073987,0.03970961749100638,90.00020991463144,0.03970961749100638,2.9835756097987373e-09,0.0007177741425455368,0.0007177741425517377,89.99976183832746,0.0019680704611659402,4.975813681984707e-09,-0.005325175697327911,0.005325175697330236,-89.99994646315167,0.011877955689072765,-1.3752479454492375e-07,0.035102215935957484,0.03510221593622689,90.0002244755807,0.03510221593622689,0.03674814319009062,-0.00044807630397353167,6.938893904715022e-18,90.0
robust,weak_increasing_centering,1000,read,90,0.7,0,8,2d2f4765ae50fff9,e72b5cccff399f0f,5,1,0.001,0.054217774449875654,0.5281317916523441,0.6845053604611138,5.590555000002496,instant_RF_exact_pathways,runs\combined_factor_study\cases\e72b5cccff399f0f,-4.208714871091106e-08,-0.02558364409022552,0.02558364409026014,-90.00009425615774,0.02558364409026014,-1.201564607448869e-08,-0.010699751574040543,0.01069975157404729,-90.0000643422236,0.01284096894441102,4.591406788265091e-10,-0.000828961578906672,0.0008289615789067991,-89.99996826532886,0.015793161415204527,-5.364365410657325e-08,-0.03711235724317273,0.0371123572432115,-90.00008281756283,0.0371123572432115,0.2368405762630943,2.9913934142383316e-05,6.617444900424222e-24,90.0
robust,weak_increasing_centering,1000,read,90,0.7,0,8,2d2f4765ae50fff9,e72b5cccff399f0f,6,1,0.001,0.05898375069485908,0.7211090683418006,0.3485565604375052,5.59223639999982,instant_RF_exact_pathways,runs\combined_factor_study\cases\e72b5cccff399f0f,-6.026801070044865e-08,0.01645003318387382,0.01645003318398422,90.00020991463144,0.01645003318398422,-4.48268380565418e-08,0.013474360251883394,0.01347436025195796,90.0001906130296,0.01675239892511781,9.098471388205491e-09,-0.009365220172077925,0.009365220172082345,-89.9999443361714,0.02578131858575699,-9.599637736878491e-08,0.020559173263679273,0.02055917326390339,90.00026752959378,0.02055917326390339,0.284017186560127,-1.9301601826896353e-05,1.3877787807871255e-17,90.0
robust,weak_increasing_centering,1000,read,90,0.7,0,8,2d2f4765ae50fff9,e72b5cccff399f0f,7,1,0.001,0.06496794647534071,0.8375518319458075,0.4061094935408048,5.602200199966319,instant_RF_exact_pathways,runs\combined_factor_study\cases\e72b5cccff399f0f,-1.7362052198487424e-08,-0.010553923887147647,0.010553923887161927,-90.00009425615774,0.010553923887161927,-3.108391938729487e-08,-0.020392820774161935,0.020392820774185624,-90.000087333548,0.025008040113701117,-4.971395587127158e-09,0.004562644821876916,0.0045626448218796245,90.00006242870015,0.029405982474477697,-5.341736717290941e-08,-0.026384099839432653,0.026384099839486728,-90.00011600129284,0.026384099839486728,0.3849288991024703,6.922609753362114e-06,1.3877787807871255e-17,90.0
robust,weak_increasing_centering,1000,read,90,0.7,0,8,2d2f4765ae50fff9,e72b5cccff399f0f,8,1,0.001,0.0763740289518044,0.9115599636649551,0.26365710358841643,5.620222699944861,instant_RF_exact_pathways,runs\combined_factor_study\cases\e72b5cccff399f0f,-2.474655177436596e-08,0.00675452189550602,0.006754521895551352,90.00020991463144,0.006754521895551352,-6.850861808069854e-08,0.019070464762838777,0.01907046476296183,90.0002058289992,0.028381905922467233,5.403221790595559e-09,-0.005688431395725797,0.005688431395728362,-89.99994557694681,0.0412376011337857,-8.785194806446889e-08,0.020136555262618965,0.020136555262810607,90.00024997055259,0.020136555262810607,0.371617240991405,-4.085632234880697e-06,3.469446951955886e-17,90.0
robust,increasing_alternating_centering,1000,read,90,1,0,8,1b6331729c140095,e819680ccb38ffc6,1,1,0.001,0.2079343069623638,4.615359086053876e-10,0.9999999990769282,3.434821499977261,instant_RF_exact_pathways,runs\combined_factor_study\cases\e819680ccb38ffc6,-3.420686304230549e-07,-0.2079343068661133,0.20793430686639466,-90.00009425615774,0.20793430686639466,0.0,0.0,0.0,0.0,0.0,-9.686314212057606e-17,9.596915488444181e-11,9.596915488449069e-11,90.00005782951034,9.596915488449069e-11,-3.4206863051991803e-07,-0.20793430677014416,0.20793430677042551,-90.00009425615781,0.20793430677042551,0.0,180.0,0.0,90.0
robust,increasing_alternating_centering,1000,read,90,1,0,8,1b6331729c140095,e819680ccb38ffc6,2,1,0.001,0.16930703073803988,1.3743446011901856e-09,0.9999999972513264,3.4349872999591753,instant_RF_exact_pathways,runs\combined_factor_study\cases\e819680ccb38ffc6,-6.202904159544354e-07,0.1693070305042174,0.16930703050535367,90.00020991463144,0.16930703050535367,-2.564845616710317e-21,-2.2944469314129933e-15,2.294446931414427e-15,-90.00006404804004,2.294446931417319e-15,2.34851194765299e-16,-2.3268129434325744e-10,2.3268129434337596e-10,-89.99994216990106,2.3268393763918118e-10,-6.202904157195868e-07,0.16930703027153382,0.1693070302726701,90.00020991463164,0.1693070302726701,1.3551988487515321e-14,179.99972603732851,2.7755575615628914e-17,90.0
robust,increasing_alternating_centering,1000,read,90,1,0,8,1b6331729c140095,e819680ccb38ffc6,3,1,0.001,0.13765185210145386,5.716514871499498e-09,0.9999999885675585,3.4350622999481857,instant_RF_exact_pathways,runs\combined_factor_study\cases\e819680ccb38ffc6,-2.26448347865107e-07,-0.13765185131437874,0.137651851314565,-90.00009425615774,0.137651851314565,-1.6797092467427124e-19,-1.127364797536525e-14,1.1273647976616585e-14,-90.00085367443485,6.768130438281106e-14,-7.941457757632208e-16,7.868191839530791e-10,7.868191839534799e-10,90.00005782929827,7.868211752180854e-10,-2.2644834865942072e-07,-0.13765185052757084,0.1376518505277571,-90.0000942561586,0.1376518505277571,4.916846620627215e-13,-0.0007594182771092934,2.7755575615641535e-17,90.0
robust,increasing_alternating_centering,1000,read,90,1,0,8,1b6331729c140095,e819680ccb38ffc6,4,1,0.001,0.11127099456571937,5.985151769363773e-09,0.9999999880304223,3.4351807000348344,instant_RF_exact_pathways,runs\combined_factor_study\cases\e819680ccb38ffc6,-4.076637035315209e-07,0.1112709938989988,0.11127099389974558,90.00020991463144,0.11127099389974558,-8.917174396180618e-20,-3.33355765350937e-14,3.333557653521297e-14,-90.00015326462332,1.1234658240556755e-13,6.720588263834018e-16,-6.658596945490943e-10,6.658596945494335e-10,-89.99994217079868,6.658614501063494e-10,-4.0766370285955127e-07,0.11127099323310578,0.11127099323385256,90.00020991463234,0.11127099323385256,1.0096663811089861e-12,179.99963682074525,1.387778780791543e-17,90.0
robust,increasing_alternating_centering,1000,read,90,1,0,8,1b6331729c140095,e819680ccb38ffc6,5,1,0.001,0.08973109055904539,9.970996663609408e-09,0.9999999800592484,3.4355432000011206,instant_RF_exact_pathways,runs\combined_factor_study\cases\e819680ccb38ffc6,-1.4761484725832288e-07,-0.08973108966421557,0.08973108966433699,-90.00009425615774,0.08973108966433699,-2.1974630006898955e-19,8.263322048142827e-14,8.263322048172045e-14,90.00015236651173,1.9276649454179427e-13,-9.02843451384502e-16,8.945143505983399e-10,8.945143505987955e-10,90.0000578292783,8.945156433539585e-10,-1.476148481613861e-07,-0.08973108876961859,0.08973108876974001,-90.00009425615926,0.08973108876974001,2.1482687142306478e-12,-179.99975337733053,2.6469779601696886e-23,90.0
robust,increasing_alternating_centering,1000,read,90,1,0,8,1b6331729c140095,e819680ccb38ffc6,6,1,0.001,0.07174059748591607,1.0378526084493483e-08,0.9999999802533267,3.43644109996967,instant_RF_exact_pathways,runs\combined_factor_study\cases\e819680ccb38ffc6,-2.628361294902459e-07,0.07174059674087294,0.07174059674135441,90.00020991463144,0.07174059674135441,8.000795490749561e-20,-1.2678671675549428e-13,1.2678671675551952e-13,-89.99996384386108,2.315444139063518e-13,6.782050735473644e-16,-6.719496989105442e-10,6.719496989108866e-10,-89.99994217083746,7.443301642109361e-10,-2.628361288119609e-07,0.07174059606879646,0.07174059606927793,90.00020991463286,0.07174059606927793,3.227522797699141e-12,179.9998262415075,1.387778780791543e-17,90.0
robust,increasing_alternating_centering,1000,read,90,1,0,8,1b6331729c140095,e819680ccb38ffc6,7,1,0.001,0.05716747387944663,1.4490136658445791e-08,0.9999999719513251,3.439413300016895,instant_RF_exact_pathways,runs\combined_factor_study\cases\e819680ccb38ffc6,-9.404508330554365e-08,-0.057167473051004766,0.05716747305108212,-90.00009425615774,0.05716747305108212,-1.7004105515610164e-19,1.7275786751099771e-13,1.7275786751108142e-13,90.00005639473875,2.8465019614281174e-13,-7.821500444486073e-16,7.749346482432746e-10,7.749346482436693e-10,90.00005782925902,8.280798532842536e-10,-9.404508408786369e-08,-0.057167472275897385,0.05716747227597474,-90.0000942561598,0.05716747227597474,4.979233414145168e-12,-179.99984934910353,2.775557561565731e-17,90.0
robust,increasing_alternating_centering,1000,read,90,1,0,8,1b6331729c140095,e819680ccb38ffc6,8,1,0.001,0.04503620437356419,1.5872982269010167e-08,0.9999999723961379,3.4506190000101924,instant_RF_exact_pathways,runs\combined_factor_study\cases\e819680ccb38ffc6,-1.6499920539084544e-07,0.04503620365840306,0.045036203658705316,90.00020991463144,0.045036203658705316,3.092262915110053e-19,-2.003210339270673e-13,2.0032103392730598e-13,-89.99991155516187,3.0249809443297753e-13,5.330304720200289e-16,-5.281139943598546e-10,5.281139943601236e-10,-89.99994217082539,7.145563814780283e-10,-1.6499920485750575e-07,0.04503620313008876,0.045036203130391014,90.00020991463322,0.045036203130391014,6.716775950384952e-12,179.9998785302067,2.0816681711721685e-17,90.0
robust,weak_increasing_centering,1000,read,90,0.8,0,8,2d2f4765ae50fff9,e8d1a89b31b2ed5c,1,1,0.001,0.17923335091281167,0.002010866201569564,0.995978267596868,5.03990650002379,instant_RF_exact_pathways,runs\combined_factor_study\cases\e8d1a89b31b2ed5c,-2.942603429575941e-07,-0.178872936625025,0.17887293662526704,-90.00009425615774,0.17887293662526704,0.0,0.0,0.0,0.0,0.0,-3.731851990805573e-10,0.00036041428754442564,0.00036041428754461885,90.00005932599684,0.0003604142875446312,-2.9463352815667465e-07,-0.17851252233748055,0.1785125223377237,-90.00009456623796,0.1785125223377237,0.0,180.0,0.0,90.0
robust,weak_increasing_centering,1000,read,90,0.8,0,8,2d2f4765ae50fff9,e8d1a89b31b2ed5c,2,1,0.001,0.13808894844736558,0.044862971656196855,0.9122615773645061,5.040147099993192,instant_RF_exact_pathways,runs\combined_factor_study\cases\e8d1a89b31b2ed5c,-4.832197571296897e-07,0.1318938678662522,0.1318938678671374,90.00020991463144,0.1318938678671374,2.637794305164432e-10,0.00012497173666077088,0.00012497173666104925,89.99987906507107,0.0001468942386648144,5.937342509300517e-09,-0.006045597676616453,0.006045597676619368,-89.99994373018427,0.006048186341563366,-4.770186351898727e-07,0.12597324192629653,0.1259732419271997,90.00021695999982,0.1259732419271997,0.0010637653506414026,-0.00033084956035473665,0.0,90.0
robust,weak_increasing_centering,1000,read,90,0.8,0,8,2d2f4765ae50fff9,e8d1a89b31b2ed5c,3,1,0.001,0.10624550598230427,0.08579604059987063,0.9155405554271064,5.040271800011396,instant_RF_exact_pathways,runs\combined_factor_study\cases\e8d1a89b31b2ed5c,-1.597867512253933e-07,-0.09713006223736126,0.0971300622374927,-90.00009425615774,0.0971300622374927,1.907942267777764e-09,-0.0005393537966365154,0.00053935379663989,-89.99979731849452,0.000696330035625826,-6.069457906020769e-10,0.00039734647545407214,0.0003973464754545357,90.00008751916613,0.008419113709185732,-1.5848575474821762e-07,-0.0972720695585437,0.0972720695586728,-90.00009335223257,0.0972720695586728,0.00655397166391022,0.0002969376632346937,0.0,90.0
robust,weak_increasing_centering,1000,read,90,0.8,0,8,2d2f4765ae50fff9,e8d1a89b31b2ed5c,4,1,0.001,0.08276609664313157,0.1370751437190587,0.8231061219337654,5.040478799957782,instant_RF_exact_pathways,runs\combined_factor_study\cases\e8d1a89b31b2ed5c,-2.6166493685731846e-07,0.07142092205022947,0.07142092205070881,90.00020991463144,0.07142092205070881,2.4713553480480835e-09,0.0004553303985345658,0.00045533039854127257,89.9996890209141,0.0014879249919156805,3.5579776336209345e-09,-0.0037509716137204352,0.0037509716137221227,-89.99994565218749,0.00985724960050709,-2.556356038756493e-07,0.06812528083504364,0.06812528083552327,90.00021499861748,0.06812528083552327,0.017977469667698257,-0.0005208937173280885,4.163336342374629e-17,90.0
robust,weak_increasing_centering,1000,read,90,0.8,0,8,2d2f4765ae50fff9,e8d1a89b31b2ed5c,5,1,0.001,0.07025796349977471,0.25381301520119576,0.8114188548104864,5.041086500044912,instant_RF_exact_pathways,runs\combined_factor_study\cases\e8d1a89b31b2ed5c,-8.624428511106732e-08,-0.0524255779419304,0.05242557794200134,-90.00009425615774,0.05242557794200134,-9.829617548131094e-10,-0.003960907098397823,0.003960907098397945,-90.00001421885406,0.005679695823842571,4.12855046437474e-10,-0.0006221512439098563,0.0006221512439099933,-89.9999619789369,0.01215268973393082,-8.681439181944289e-08,-0.05700863628423805,0.05700863628430415,-90.0000872516618,0.05700863628430415,0.08084059857301135,8.003730367861427e-05,3.469446951959925e-17,90.0
robust,weak_increasing_centering,1000,read,90,0.8,0,8,2d2f4765ae50fff9,e8d1a89b31b2ed5c,6,1,0.001,0.06535304457848724,0.41233090934088296,0.5646699315676619,5.043090299936011,instant_RF_exact_pathways,runs\combined_factor_study\cases\e8d1a89b31b2ed5c,-1.4070798765294247e-07,0.03840596427898658,0.03840596427924434,90.00020991463144,0.03840596427924434,-1.3923153753619903e-08,0.0054080354471241375,0.005408035447142061,90.0001475097483,0.008165227763989417,6.7748377285035155e-09,-0.006911100516534185,0.006911100516537505,-89.99994383389335,0.018781852535253545,-1.478563036780588e-07,0.036902899209576547,0.03690289920987275,90.00022956305213,0.03690289920987275,0.12494028115527502,-6.240488312981439e-05,2.0816681711789e-17,90.0
robust,weak_increasing_centering,1000,read,90,0.8,0,8,2d2f4765ae50fff9,e8d1a89b31b2ed5c,7,1,0.001,0.06322782229715894,0.555994139784274,0.5411607528644133,5.048622000031173,instant_RF_exact_pathways,runs\combined_factor_study\cases\e8d1a89b31b2ed5c,-4.6183200470909484e-08,-0.028073523628579126,0.028073523628617113,-90.00009425615774,0.028073523628617113,-1.0676067872989199e-08,-0.0099025769778383,0.009902576977844055,-90.00006177115637,0.013579810318409323,-3.972841077896455e-09,0.0037596846901635636,0.0037596846901656626,90.00006054417995,0.02157448835013234,-6.083210942179514e-08,-0.034216415916253795,0.03421641591630787,-90.00010186406247,0.03421641591630787,0.21477586646250055,3.248500137238331e-05,6.938893903907228e-17,90.0
robust,weak_increasing_centering,1000,read,90,0.8,0,8,2d2f4765ae50fff9,e8d1a89b31b2ed5c,8,1,0.001,0.06724668847415456,0.695590814698131,0.3406848288635916,5.064796700025909,instant_RF_exact_pathways,runs\combined_factor_study\cases\e8d1a89b31b2ed5c,-7.499783623486297e-08,0.020470509652528588,0.02047050965266597,90.00020991463144,0.02047050965266597,-3.599022356430542e-08,0.011057843387649485,0.011057843387708054,90.00018648192435,0.016738225947419375,8.541149110597674e-09,-0.008618426485946523,0.008618426485950756,-89.99994321796478,0.030037952874069247,-1.0244691068857038e-07,0.022909926554231543,0.022909926554460603,90.00025621101808,0.022909926554460603,0.24890780984482985,-2.3432707089661777e-05,3.4694469703561614e-18,90.0
robust,original,1000,read,90,0.7,0,8,3c645498b9004a58,e91d00766e2473e9,1,1,0.001,0.13326553912111416,0.009362483131601564,0.981275033736831,2.163577900035307,instant_RF_exact_pathways,runs\combined_factor_study\cases\e91d00766e2473e9,-2.1717995142099054e-07,-0.1320178427588903,0.13201784275906894,-90.00009425615774,0.13201784275906894,0.0,0.0,0.0,0.0,0.0,-1.2786104745064252e-09,0.0012476963620445304,0.0012476963620451855,90.00005871539427,0.001247696362045211,-2.1845856189549698e-07,-0.13077014639684578,0.13077014639702828,-90.00009571568084,0.13077014639702828,0.0,180.0,0.0,90.0
robust,original,1000,read,90,0.7,0,8,3c645498b9004a58,e91d00766e2473e9,2,1,0.001,0.10194847836504088,0.06626672060410721,0.8717694043605364,2.16369110008236,instant_RF_exact_pathways,runs\combined_factor_study\cases\e91d00766e2473e9,-3.4875758708545556e-07,0.09519268703257198,0.09519268703321085,90.00020991463144,0.09519268703321085,4.2390516292567794e-10,0.00019467523752935778,0.0001946752375298193,89.9998752384892,0.00023372327938493573,6.216782985416449e-09,-0.006511798011005097,0.006511798011008064,-89.99994529998833,0.006522068052445103,-3.421168989371134e-07,0.08887556425909625,0.08887556425975472,90.0002205539236,0.08887556425975472,0.0022925627055271646,-0.00033467614222736737,5.293955920339377e-23,90.0
robust,original,1000,read,90,0.7,0,8,3c645498b9004a58,e91d00766e2473e9,3,1,0.001,0.1047566659154386,0.47222850734158645,0.05990251403252618,2.163760600029491,instant_RF_exact_pathways,runs\combined_factor_study\cases\e91d00766e2473e9,-9.095251147969176e-08,-0.055287581936034974,0.05528758193610978,-90.00009425615774,0.05528758193610978,-1.4180170083251087e-07,0.038843904345579335,0.03884390434583816,90.0002091612345,0.03923247608150052,-1.0644986442489667e-08,0.010168489945175852,0.010168489945181424,90.00005998066571,0.010236607897828308,-2.433991987546923e-07,-0.006275187645279787,0.0062751876500002175,-90.00222236331516,0.0062751876500002175,0.3745105453544088,-179.99969658260775,8.673617379884035e-19,90.0
robust,original,1000,read,90,0.7,0,8,3c645498b9004a58,e91d00766e2473e9,4,1,0.001,0.12234599942447365,0.6742242149758824,0.2517381190340178,2.163868200033903,instant_RF_exact_pathways,runs\combined_factor_study\cases\e91d00766e2473e9,-1.4602548296427585e-07,0.03985736400680065,0.039857364007068144,90.00020991463144,0.039857364007068144,9.029996553613244e-09,-0.06782819381397213,0.06782819381397275,-89.99999237218829,0.06821773300504615,-4.082910188025283e-09,-0.002828321958959434,0.002828321958962381,-90.00008271106519,0.01427090241235934,-1.4107839659868788e-07,-0.030799151766130912,0.030799151766454026,-90.00026244867932,0.030799151766454026,0.557580413956716,179.9997977131803,6.938893903907228e-18,90.0
robust,original,1000,read,90,0.7,0,8,3c645498b9004a58,e91d00766e2473e9,5,1,0.001,0.14826271666099153,0.8438973767984066,0.31663914030084295,2.1641019000671804,instant_RF_exact_pathways,runs\combined_factor_study\cases\e91d00766e2473e9,-3.807406565731494e-08,-0.023144198993744043,0.023144198993775362,-90.00009425615774,0.023144198993775362,-1.7347885401253417e-07,0.0721730787486008,0.07217307874880928,90.00013771902685,0.10684753466098261,-5.879089710806348e-09,-0.002083100613156443,0.0020831006131647395,-90.00016170463667,0.01827098300623346,-2.174320093806554e-07,0.04694577914170029,0.04694577914220382,90.00026536861667,0.04694577914220382,0.720663542846673,-179.9997680248154,2.0816681711873146e-17,90.0
robust,original,1000,read,90,0.7,0,8,3c645498b9004a58,e91d00766e2473e9,6,1,0.001,0.18690887964001812,0.9107511905401446,0.10756766762188771,2.16478490002919,instant_RF_exact_pathways,runs\combined_factor_study\cases\e91d00766e2473e9,-6.111565127139802e-08,0.01668139498523507,0.016681394985347025,90.00020991463144,0.016681394985347025,-2.47734992352171e-08,-0.04467307766014915,0.04467307766015602,-90.00003177343099,0.1463900844546683,-1.9170629189681336e-08,0.00788633043449162,0.007886330434514921,90.00013927848349,0.023837400200002877,-1.0505977969629639e-07,-0.020105352240422394,0.020105352240696886,-90.00029939699147,0.020105352240696886,0.7832163176870569,179.9997583119376,6.591949208715189e-17,90.0
robust,original,1000,read,90,0.7,0,8,3c645498b9004a58,e91d00766e2473e9,7,1,0.001,0.24063769797890527,0.9597550858853988,0.0018891302545134046,2.166715200059116,instant_RF_exact_pathways,runs\combined_factor_study\cases\e91d00766e2473e9,-1.5931687128679303e-08,-0.009684443487883285,0.009684443487896391,-90.00009425615774,0.009684443487896391,-9.351806110492046e-08,0.017141941790310544,0.017141941790565638,90.00031257778582,0.2013309833292489,-2.7781826603192804e-09,-0.007002902360652053,0.007002902360652603,-90.00002273030994,0.029622271161760017,-1.1222793089391903e-07,0.0004545959417753287,0.0004545959556284091,90.01414483954248,0.0004545959556284091,0.8366560394327656,-179.99959316605646,1.227858960339841e-16,90.0
robust,original,1000,read,90,0.7,0,8,3c645498b9004a58,e91d00766e2473e9,8,1,0.001,0.3141334744422135,0.9777843570256418,0.051410826123149726,2.17407400009688,instant_RF_exact_pathways,runs\combined_factor_study\cases\e91d00766e2473e9,-2.5567789578766704e-08,0.006978677114456086,0.006978677114502922,90.00020991463144,0.006978677114502922,-6.382372155669328e-08,0.0035638221981424915,0.0035638221987139944,90.0010260977328,0.26902313655578297,-1.6314754460391883e-08,0.00560736212106499,0.005607362121088724,90.00016670344348,0.03813166077192536,-1.0570626559585184e-07,0.0161498614336636,0.016149861434009538,90.00037502011466,0.016149861434009538,0.8563975457676707,0.000816183101374738,3.1225022567593744e-17,90.0
robust,original,1000,read,45,1,0,8,817d04f3f17dfe0b,e929bb963fb40d55,1,1,0.001,0.18663396121843245,8.946403422654346e-10,0.9999999984727547,2.1024096000473946,instant_RF_exact_pathways,runs\combined_factor_study\cases\e929bb963fb40d55,0.13197042080181534,-0.13196985811597467,0.18663396105146218,-44.99987785295979,0.18663396105146218,0.0,0.0,0.0,0.0,0.0,-4.4836314295317113e-17,1.6697022890116879e-10,1.669702289011748e-10,90.0000153855666,1.6697028013466679e-10,0.13197042080181529,-0.13196985794900445,0.1866339609333966,-44.99987781671407,0.1866339609333966,0.0,0.0,0.0,45.0
robust,original,1000,read,45,1,0,8,817d04f3f17dfe0b,e929bb963fb40d55,2,1,0.001,0.16951202842380902,4.312214174284301e-09,0.9999999986578397,2.102557700010948,instant_RF_exact_pathways,runs\combined_factor_study\cases\e929bb963fb40d55,0.11986311784840493,0.11986309070016707,0.16951202769283685,44.99999351143348,0.16951202769283685,-5.008853015310891e-15,4.172008293447466e-15,6.518762285095495e-15,140.20817557043227,7.083573959424062e-15,2.1526863802958186e-15,7.119985221530658e-10,7.119985221563201e-10,89.99982676952217,7.309650807731605e-10,0.11986311784840208,0.11986309141216976,0.1695120281962967,44.99999368160643,0.1695120281962967,4.178803135854122e-14,95.2081820589988,0.0,45.0
robust,original,1000,read,45,1,0,8,817d04f3f17dfe0b,e929bb963fb40d55,3,1,0.001,0.12401191838671832,1.2654906002669894e-08,0.9999999882508004,2.1026670000283048,instant_RF_exact_pathways,runs\combined_factor_study\cases\e929bb963fb40d55,0.08768985427209518,-0.08768948038649971,0.12401191681735915,-44.9998778529598,0.12401191681735915,1.0446126331746557e-12,1.0475416153297454e-12,1.4793779061604711e-12,45.08021311346288,1.4994850450812453e-12,3.993034786894867e-15,-1.5884146646737467e-10,1.588414665175641e-10,-89.99855967055846,1.5678596892182213e-09,0.08768985427314378,-0.08768948054429362,0.12401191692967754,-44.999877904168024,0.12401191692967754,1.2091459148347795e-11,90.08009096642267,1.3877787807814457e-17,45.0
robust,original,1000,read,45,1,0,8,817d04f3f17dfe0b,e929bb963fb40d55,4,1,0.001,0.11261164340584386,1.792537239222228e-08,0.9999999843647212,2.10285530006513,instant_RF_exact_pathways,runs\combined_factor_study\cases\e929bb963fb40d55,0.07962846428313497,0.07962844624779164,0.11261164138723821,44.9999935114335,0.11261164138723821,4.915366507614623e-13,-2.5757664820577332e-12,2.6222473661220193e-12,-79.19607410530018,3.661664140014425e-12,3.651430618511492e-15,3.667938031367091e-10,3.667938031548841e-10,89.99942962077922,2.0149439777899906e-09,0.07962846428363017,0.07962844661200968,0.1126116416451294,44.9999936422899,0.1126116416451294,3.251585741287927e-11,-124.19606761673369,1.962615573354719e-17,45.0
robust,original,1000,read,45,1,0,8,817d04f3f17dfe0b,e929bb963fb40d55,5,1,0.001,0.08236747927555169,3.118868760273138e-08,0.999999971250114,2.103240300086327,instant_RF_exact_pathways,runs\combined_factor_study\cases\e929bb963fb40d55,0.05824272549388167,-0.05824247716280296,0.0823674767066181,-44.9998778529598,0.0823674767066181,1.5931456072017903e-12,4.642212462753657e-12,4.907978145335586e-12,71.05846086398498,6.584065617430962e-12,5.1896798575227476e-15,-2.871287561192228e-10,2.8712875616612294e-10,-89.99896441318924,2.5623495284844315e-09,0.058242725495480006,-0.058242477445289514,0.08236747690749605,-44.999877991121075,0.08236747690749605,7.99352569161995e-11,116.05833871694479,9.813077866773595e-18,45.0
robust,original,1000,read,45,1,0,8,817d04f3f17dfe0b,e929bb963fb40d55,6,1,0.001,0.07477990013221086,3.8296556906433945e-08,0.9999999629347829,2.1044210999971256,instant_RF_exact_pathways,runs\combined_factor_study\cases\e929bb963fb40d55,0.05287737844311322,0.052877366466721545,0.07477989726839816,44.99999351143348,0.07477989726839816,4.5069709861282834e-13,-6.634999357921499e-12,6.6502890429151066e-12,-86.11402608736695,9.401828111767348e-12,3.833462446305145e-15,1.3640049081634662e-10,1.3640049087021533e-10,89.99838973292748,2.854410868907311e-09,0.052877378443567755,0.052877366596487056,0.07477989736047763,44.99999358149156,0.07477989736047763,1.257266738140184e-10,-131.11401959880044,2.1942709178604383e-17,45.0
robust,original,1000,read,45,1,0,8,817d04f3f17dfe0b,e929bb963fb40d55,7,1,0.001,0.05468473156954338,5.903939560949917e-08,0.9999999455434071,2.1090540000004694,instant_RF_exact_pathways,runs\combined_factor_study\cases\e929bb963fb40d55,0.03866802467211983,-0.03866785980222068,0.05468472834098988,-44.9998778529598,0.05468472834098988,1.8563133854752627e-12,8.877014125874354e-12,9.06902856848888e-12,78.18881573045194,1.2571952764054469e-11,5.063404759646871e-15,-3.6143150362160075e-10,3.6143150365706814e-10,-89.9991973258563,3.215981546950524e-09,0.038668024673981206,-0.03866786015477517,0.054684728591599216,-44.999878112778106,0.054684728591599216,2.2989877436019836e-10,123.18869358341173,6.938893903907228e-18,45.0
robust,original,1000,read,45,1,0,8,817d04f3f17dfe0b,e929bb963fb40d55,8,1,0.001,0.04963675892171136,6.878443227868707e-08,0.9999999308539629,2.118577199988067,instant_RF_exact_pathways,runs\combined_factor_study\cases\e929bb963fb40d55,0.03509849039022712,0.035098482440641114,0.04963675550747508,44.999993511433495,0.04963675550747508,1.825047676916788e-13,-1.0810874573506536e-11,1.0812414949229443e-11,-89.03284792748961,1.530624811542166e-11,3.4503548062124095e-15,-1.4758658472055603e-11,1.475865887537641e-11,-89.98660509930552,3.398930028694838e-09,0.03509849039041308,0.03509848241507158,0.04963675548952619,44.999993490411484,0.04963675548952619,3.083651803205594e-10,-134.0328414389231,6.938893903907228e-18,45.0
robust,increasing_centering,1000,read,90,1.2,0,8,bc062153b6b100ae,ecd6f316f69cc490,1,1,0.001,0.1792070068442489,0.0018613961388770479,0.9962772077222527,2.967968299984932,instant_RF_exact_pathways,runs\combined_factor_study\cases\ecd6f316f69cc490,-2.942611572532274e-07,-0.17887343161340727,0.1788734316136493,-90.00009425615774,0.1788734316136493,0.0,0.0,0.0,0.0,0.0,-3.460960174518722e-10,0.0003335752305993956,0.00033357523059957515,90.00005944638356,0.0003335752305995875,-2.946072532706793e-07,-0.17853985638280787,0.17853985638305092,-90.00009454332813,0.17853985638305092,0.0,180.0,0.0,90.0
robust,increasing_centering,1000,read,90,1.2,0,8,bc062153b6b100ae,ecd6f316f69cc490,2,1,0.001,0.1384680778709532,0.04747298301509945,0.9070346624951442,2.968097599921748,instant_RF_exact_pathways,runs\combined_factor_study\cases\ecd6f316f69cc490,-4.832223850841202e-07,0.13189458516116676,0.13189458516205196,90.00020991463144,0.13189458516205196,2.6377348649354684e-10,0.00012496892053950363,0.000124968920539782,89.99987906507107,0.00014689092854045673,6.319481427603349e-09,-0.006424207804579304,0.0064242078045824115,-89.99994363824685,0.006426601780360767,-4.766391301700232e-07,0.12559534627712693,0.12559534627803137,90.0002174396689,0.12559534627803137,0.0010608288263909702,-0.0003308495603547368,2.77555756156794e-17,90.0
robust,increasing_centering,1000,read,90,1.2,0,8,bc062153b6b100ae,ecd6f316f69cc490,3,1,0.001,0.10550653247078152,0.08067721885083746,0.8407650227681789,2.968177799950354,instant_RF_exact_pathways,runs\combined_factor_study\cases\ecd6f316f69cc490,-1.5956383729020154e-07,-0.09699455886031205,0.0969945588604433,-90.00009425615774,0.0969945588604433,-1.6785569118070428e-09,0.0004906206154020142,0.0004906206154048856,90.00019602565342,0.0006963498068779183,-8.050117171889404e-09,0.007797736070083333,0.0077977360700874875,90.0000591502116,0.007815623803460335,-1.6929251137389798e-07,-0.08870620217482669,0.08870620217498823,-90.00010934687955,0.08870620217498823,0.0066000634327619675,-179.99970971818883,1.3877787807814457e-17,90.0
robust,increasing_centering,1000,read,90,1.2,0,8,bc062153b6b100ae,ecd6f316f69cc490,4,1,0.001,0.0823381609355579,0.13683545557359725,0.7815041954609977,2.9682827999349684,instant_RF_exact_pathways,runs\combined_factor_study\cases\ecd6f316f69cc490,-2.6038432343049414e-07,0.07107138117237169,0.07107138117284867,90.00020991463144,0.07107138117284867,5.791130521968186e-10,-0.001284159312162018,0.0012841593121621486,-89.99997416151295,0.0014422387606667117,5.3076947928579205e-09,-0.005439603643031622,0.005439603643034211,-89.99994409362694,0.009824541002042556,-2.5449751558543936e-07,0.06434761821717805,0.06434761821768133,90.0002266071992,0.06434761821768133,0.01751604291715335,179.99981592385564,5.293955920339377e-23,90.0
robust,increasing_centering,1000,read,90,1.2,0,8,bc062153b6b100ae,ecd6f316f69cc490,5,1,0.001,0.06942211818372748,0.2532569124578421,0.6807148393901334,2.9685036999871954,instant_RF_exact_pathways,runs\combined_factor_study\cases\ecd6f316f69cc490,-8.528176332927859e-08,-0.0518404868761631,0.051840486876233244,-90.00009425615774,0.051840486876233244,-8.576098071406265e-09,-0.0016678541082959014,0.0016678541083179506,-90.0002946146319,0.005505569911586767,-6.463932654429836e-09,0.006251674955006573,0.006251674955009915,90.00005924109344,0.012076061395907476,-1.003217940551147e-07,-0.04725666602945243,0.047256666029558914,-90.0001216339593,0.047256666029558914,0.07930570336410839,-0.00020035847416175888,1.3234889800848443e-23,90.0
robust,increasing_centering,1000,read,90,1.2,0,8,bc062153b6b100ae,ecd6f316f69cc490,6,1,0.001,0.058962643504886884,0.3622114366051439,0.6491273815069505,2.969096999964677,instant_RF_exact_pathways,runs\combined_factor_study\cases\ecd6f316f69cc490,-1.377760571218413e-07,0.03760569969469246,0.03760569969494485,90.00020991463144,0.03760569969494485,-1.7296958173297828e-08,0.003125935592939779,0.0031259355929876345,90.00031703874642,0.007862052578774464,2.3448731135559994e-09,-0.002457368902881886,0.002457368902883005,-89.99994532716161,0.013494891231167594,-1.5272814218158306e-07,0.0382742663847503,0.038274266385055024,90.00022863084747,0.038274266385055024,0.13333955385027554,0.00010712411497894822,4.8572257327415513e-17,90.0
robust,increasing_centering,1000,read,90,1.2,0,8,bc062153b6b100ae,ecd6f316f69cc490,7,1,0.001,0.0558032287076748,0.5142736109605645,0.5606734820043346,2.970899699954316,instant_RF_exact_pathways,runs\combined_factor_study\cases\ecd6f316f69cc490,-4.459006712248596e-08,-0.02710510077688397,0.027105100776920646,-90.00009425615774,0.027105100776920646,-1.7938391630308133e-08,-0.007637826700843079,0.007637826700864145,-90.00013456630688,0.012904814960072232,-3.5968377710616226e-09,0.003455536931180674,0.0034555369311825464,90.00005963866919,0.015793312970681875,-6.61252965238558e-08,-0.0312873905465464,0.03128739054661628,-90.00012109352502,0.03128739054661628,0.23125570435492368,-4.031014913522354e-05,2.081668171192784e-17,90.0
robust,increasing_centering,1000,read,90,1.2,0,8,bc062153b6b100ae,ecd6f316f69cc490,8,1,0.001,0.05183695783369738,0.6258876446198129,0.5413877650250801,2.976679199957289,instant_RF_exact_pathways,runs\combined_factor_study\cases\ecd6f316f69cc490,-7.104959976234656e-08,0.01939284639077781,0.019392846390907964,90.00020991463144,0.019392846390907964,-3.7898637418500167e-08,0.009263576286055474,0.009263576286132998,90.00023440536424,0.015669627937704027,5.099524896599414e-10,-0.0005925279297579652,0.0005925279297581846,-89.99995068903263,0.016774483505085386,-1.084382846911873e-07,0.028063894747075237,0.02806389474728474,90.00022138965765,0.02806389474728474,0.3022867967671852,2.4490732797709602e-05,8.326672684848655e-17,90.0
robust,increasing_alternating_centering,1000,read,0,1,0,8,d4d21aba7d252395,ef01b01f9e627d58,1,1,0.001,0.2079343069623639,4.615359086053874e-10,0.9999999995384654,3.8845869000069797,instant_RF_exact_pathways,runs\combined_factor_study\cases\ef01b01f9e627d58,0.20793430686598924,4.106514969942499e-07,0.20793430686639475,0.0001131539955243316,0.20793430686639475,0.0,0.0,0.0,0.0,0.0,7.571319947865433e-17,9.596898230874003e-11,9.59689823087699e-11,89.99995479740767,9.596915488449069e-11,0.20793430686598932,4.1074746597655864e-07,0.20793430686639502,0.00011318043953798813,0.20793430686639502,0.0,0.0,0.0,0.0
robust,increasing_alternating_centering,1000,read,0,1,0,8,d4d21aba7d252395,ef01b01f9e627d58,2,1,0.001,0.1693070307380399,1.3743446011901854e-09,0.9999999986256598,3.8847079999977723,instant_RF_exact_pathways,runs\combined_factor_study\cases\ef01b01f9e627d58,0.16930703050535353,7.400645646818978e-09,0.1693070305053537,2.504478165903362e-06,0.1693070305053537,1.8387100532048553e-15,4.0713456370032834e-21,1.838710053209363e-15,0.00012686661582793842,2.2944469314173194e-15,-1.0841050256522439e-15,-2.326826132999129e-10,2.3268261330243842e-10,-90.00026695008123,2.3268393763918118e-10,0.16930703050535428,7.167963033523136e-09,0.16930703050535445,2.4257352355706105e-06,0.16930703050535445,1.3551988487515321e-14,0.00012436213766203505,0.0,0.0
robust,increasing_alternating_centering,1000,read,0,1,0,8,d4d21aba7d252395,ef01b01f9e627d58,3,1,0.001,0.13765185210145395,5.7165148714994945e-09,0.999999994283984,3.884777000057511,instant_RF_exact_pathways,runs\combined_factor_study\cases\ef01b01f9e627d58,0.13765185131429664,2.718499879035193e-07,0.1376518513145651,0.00011315399552433165,0.1376518513145651,6.756711617053862e-14,7.90820311049021e-20,6.756711617058491e-14,6.706023394863797e-05,6.76813043828111e-14,-4.763872409113656e-16,7.868188661957223e-10,7.868188661958666e-10,90.00003469029467,7.868211752180854e-10,0.13765185131436375,2.7263680676979407e-07,0.13765185131463376,0.00011348149856799279,0.13765185131463376,4.916846620627215e-13,-4.60937615756937e-05,2.77555756156794e-17,0.0
robust,increasing_alternating_centering,1000,read,0,1,0,8,d4d21aba7d252395,ef01b01f9e627d58,4,1,0.001,0.11127099456571943,5.9851517693637695e-09,0.9999999940152714,3.884881900041364,instant_RF_exact_pathways,runs\combined_factor_study\cases\ef01b01f9e627d58,0.11127099389974553,4.863809814414857e-09,0.11127099389974564,2.504478165903366e-06,0.11127099389974564,4.626963391815066e-14,7.888923729183642e-20,4.6269633918217917e-14,9.768869911137977e-05,1.1234658240556761e-13,8.275337481860605e-16,-6.658595390741213e-10,6.658595390746355e-10,-89.99992879250294,6.658614501063494e-10,0.11127099389979264,4.197950275419624e-09,0.11127099389979273,2.161613057972102e-06,0.11127099389979273,1.0096663811089863e-12,9.51842209454764e-05,1.387778780781448e-17,0.0
robust,increasing_alternating_centering,1000,read,0,1,0,8,d4d21aba7d252395,ef01b01f9e627d58,5,1,0.001,0.08973109055904542,9.970996663609404e-09,0.9999999900295884,3.885121600003913,instant_RF_exact_pathways,runs\combined_factor_study\cases\ef01b01f9e627d58,0.08973108966416203,1.7721080687883585e-07,0.08973108966433702,0.00011315399552433162,0.08973108966433702,5.136534971363964e-14,-2.7946980064386913e-20,5.136534971364724e-14,-3.117362223273766e-05,1.927664945417944e-13,-6.590109172572934e-16,8.945141067667101e-10,8.945141067669528e-10,90.00004221123393,8.945156433539585e-10,0.08973108966421275,1.7810532098557462e-07,0.08973108966438952,0.00011372516749178348,0.08973108966438952,2.1482687142306486e-12,-0.0001443276177570693,1.3877787807814457e-17,0.0
robust,increasing_alternating_centering,1000,read,0,1,0,8,d4d21aba7d252395,ef01b01f9e627d58,6,1,0.001,0.0717405974859161,1.0378526084493478e-08,0.9999999896217393,3.8857474999967963,instant_RF_exact_pathways,runs\combined_factor_study\cases\ef01b01f9e627d58,0.07174059674135437,3.135881205815083e-09,0.07174059674135444,2.504478165903358e-06,0.07174059674135444,1.80678817707443e-14,1.4066125622090228e-19,1.8067881771291836e-14,0.0004460565120230569,2.315444139063519e-13,1.006492843288118e-15,-6.719493706226665e-10,6.719493706234203e-10,-89.99991417836738,7.443301642109361e-10,0.07174059674137344,2.4639318353330777e-09,0.07174059674137348,1.9678243781751615e-06,0.07174059674137348,3.227522797699141e-12,0.00044355203385715357,1.3877787807814457e-17,0.0
robust,increasing_alternating_centering,1000,read,0,1,0,8,d4d21aba7d252395,ef01b01f9e627d58,7,1,0.001,0.057167473879446665,1.4490136658445783e-08,0.9999999855098501,3.887667400063947,instant_RF_exact_pathways,runs\combined_factor_study\cases\ef01b01f9e627d58,0.05716747305097067,1.129006018371439e-07,0.057167473051082156,0.00011315399552433162,0.057167473051082156,-1.629484760273158e-15,-1.684595143339802e-19,1.629484768981005e-15,-179.99407664349425,2.8465019614281184e-13,-6.691860440785609e-16,7.749345352796933e-10,7.749345352799822e-10,90.0000494771291,8.280798532842536e-10,0.057167473050968386,1.1367553637225514e-07,0.0571674730510814,0.00011393066931960862,0.0571674730510814,4.979233414145166e-12,-179.99418979748978,1.3877787807814457e-17,0.0
robust,increasing_alternating_centering,1000,read,0,1,0,8,d4d21aba7d252395,ef01b01f9e627d58,8,1,0.001,0.0450362043735642,1.5872982269010163e-08,0.9999999841261392,3.8943030000664294,instant_RF_exact_pathways,runs\combined_factor_study\cases\ef01b01f9e627d58,0.04503620365870528,1.9685950640160276e-09,0.04503620365870532,2.5044781659033604e-06,0.04503620365870532,-4.032569280491444e-14,1.527286807972055e-19,4.0325692805203664e-14,179.99978299916972,3.024980944329777e-13,7.491097856786302e-16,-5.281137782804698e-10,5.281137782810011e-10,-89.99991872806415,7.145563814780283e-10,0.04503620365866573,1.4404812858882871e-09,0.04503620365866576,1.8326033600546552e-06,0.04503620365866576,6.716775950384954e-12,179.99978049469155,2.7755575615628926e-17,0.0
robust,original,1000,read,90,0.8,0,8,3c645498b9004a58,f12252409849bb3e,1,1,0.001,0.16117406049512423,0.0038746002361893226,0.9922507995276353,2.1875570999691263,instant_RF_exact_pathways,runs\combined_factor_study\cases\f12252409849bb3e,-2.641169425775661e-07,-0.16054957544204498,0.16054957544226223,-90.00009425615774,0.16054957544226223,0.0,0.0,0.0,0.0,0.0,-6.398426123921123e-10,0.0006244850528616623,0.0006244850528619901,90.0000587048178,0.0006244850528620027,-2.647567851899582e-07,-0.15992509038918332,0.15992509038940247,-90.0000948534489,0.15992509038940247,0.0,180.0,0.0,90.0
robust,original,1000,read,90,0.8,0,8,3c645498b9004a58,f12252409849bb3e,2,1,0.001,0.1364786649528333,0.0335788560442867,0.9346283520468238,2.1877135999966413,instant_RF_exact_pathways,runs\combined_factor_study\cases\f12252409849bb3e,-4.832270832214879e-07,0.13189586750838048,0.13189586750926569,90.00020991463144,0.13189586750926569,2.388462016904375e-10,0.00010968831029600615,0.00010968831029626619,89.9998752384892,0.00013168963817860425,4.289763075706439e-09,-0.004448726105157495,0.0044487261051595626,-89.99994475152808,0.004451107805389041,-4.78698473944091e-07,0.12755682971351898,0.1275568297144172,90.00021502104026,0.1275568297144172,0.0009649100701865442,-0.00033467614222736737,0.0,90.0
robust,original,1000,read,90,0.8,0,8,3c645498b9004a58,f12252409849bb3e,3,1,0.001,0.12101063467643015,0.2787551367063922,0.44496380654601553,2.1878334999782965,instant_RF_exact_pathways,runs\combined_factor_study\cases\f12252409849bb3e,-1.435798091217616e-07,-0.08727829866415648,0.08727829866427458,-90.00009425615774,0.08727829866427458,-9.106120515902222e-08,0.024921313477024143,0.02492131347719051,90.00020935584868,0.025202717078150808,-8.834106579338804e-09,0.00851163254950919,0.008511632549513775,90.00005946650303,0.00852961893400477,-2.4347512086012256e-07,-0.053845352637623155,0.053845352638173624,-90.00025907708202,0.053845352638173624,0.20826861329618054,-179.9996963879936,6.938893904109177e-18,90.0
robust,original,1000,read,90,0.8,0,8,3c645498b9004a58,f12252409849bb3e,4,1,0.001,0.136065681407042,0.4731466801058613,0.08382159167384727,2.188026399933733,instant_RF_exact_pathways,runs\combined_factor_study\cases\f12252409849bb3e,-2.626385066179678e-07,0.07168665597247714,0.07168665597295826,90.00020991463144,0.07168665597295826,1.921115852625535e-08,-0.05304917036302277,0.05304917036302625,-89.99997925097989,0.053333329190144885,5.099891215501075e-09,-0.007232243624219568,0.007232243624221366,-89.99995959728989,0.011045696243938856,-2.3832745687621135e-07,0.011405241985234786,0.011405241987724867,90.0011972702935,0.011405241987724867,0.391967530964679,179.99981083438868,1.7347234759788267e-17,90.0
robust,original,1000,read,90,0.8,0,8,3c645498b9004a58,f12252409849bb3e,5,1,0.001,0.15113652356878976,0.6861995598071784,0.23725822477772268,2.1884729999583215,instant_RF_exact_pathways,runs\combined_factor_study\cases\f12252409849bb3e,-7.802074206646554e-08,-0.047426707625034814,0.04742670762509899,-90.00009425615774,0.04742670762509899,-1.597572708318317e-07,0.07752064230942593,0.07752064230959055,90.00011807716103,0.08942230984481342,-8.67113908706946e-09,0.005764448595769455,0.0057644485957759764,90.00008618685118,0.014287506098877259,-2.4644915198536685e-07,0.0358583832801606,0.0358583832810075,90.00039378507844,0.0358583832810075,0.5916657849028324,-179.99978766668121,2.77555756160833e-17,90.0
robust,original,1000,read,90,0.8,0,8,3c645498b9004a58,f12252409849bb3e,6,1,0.001,0.1813028675780057,0.7851874809976376,0.2505128494846834,2.1896191999549046,instant_RF_exact_pathways,runs\combined_factor_study\cases\f12252409849bb3e,-1.4268697779389948e-07,0.03894612568652178,0.03894612568678316,90.00020991463144,0.03894612568678316,4.3608170149429764e-08,-0.08271071025933316,0.08271071025934465,-89.99996979152888,0.12458184088441611,-2.721943271150824e-09,-0.0016541134037850935,0.001654113403787333,-90.00009428365743,0.017774901006806485,-1.0180075091562057e-07,-0.04541869797659633,0.04541869797671042,-90.00012842185353,0.04541869797671042,0.687147658217897,179.9998202938397,1.3877787807815024e-16,90.0
robust,original,1000,read,90,0.8,0,8,3c645498b9004a58,f12252409849bb3e,7,1,0.001,0.21699359454936962,0.8812835985887849,0.23350713189839714,2.1935076999943703,instant_RF_exact_pathways,runs\combined_factor_study\cases\f12252409849bb3e,-4.23784177176766e-08,-0.025760698674150574,0.02576069867418543,-90.00009425615774,0.02576069867418543,-1.50082382616158e-07,0.07739277098221664,0.07739277098236216,90.00011110969402,0.1693448785146282,-3.376905631124065e-09,-0.0009625204048974529,0.0009625204049033767,-90.00020101645585,0.021888017360555324,-1.9583770596495865e-07,0.050669551903168505,0.05066955190354696,90.00022144806101,0.05066955190354696,0.7804141816550233,-179.99979463414826,1.1102230246251565e-16,90.0
robust,original,1000,read,90,0.8,0,8,3c645498b9004a58,f12252409849bb3e,8,1,0.001,0.2666849436555159,0.9206935245330666,0.12056022120637863,2.2032830000389367,instant_RF_exact_pathways,runs\combined_factor_study\cases\f12252409849bb3e,-7.74867106011141e-08,0.021149842941274734,0.02114984294141668,90.00020991463144,0.02114984294141668,1.8669362312415982e-08,-0.05711542048769293,0.05711542048769598,-89.9999812716836,0.21838734347170136,-9.036163537296371e-09,0.0038139817469701907,0.003813981746980895,90.00013574633232,0.0271477572423983,-6.785351182599451e-08,-0.03215159579944802,0.03215159579951962,-90.0001209184103,0.03215159579951962,0.8188964119166702,179.999808813685,1.3877787807820768e-17,90.0
robust,increasing_alternating_centering,1000,read,90,0.8,0,8,1b6331729c140095,f1e461e7c8f43e66,1,1,0.001,0.17923335091281167,0.002010866201569564,0.995978267596868,3.584963299916126,instant_RF_exact_pathways,runs\combined_factor_study\cases\f1e461e7c8f43e66,-2.942603429575941e-07,-0.178872936625025,0.17887293662526704,-90.00009425615774,0.17887293662526704,0.0,0.0,0.0,0.0,0.0,-3.731851990805573e-10,0.00036041428754442564,0.00036041428754461885,90.00005932599684,0.0003604142875446312,-2.9463352815667465e-07,-0.17851252233748055,0.1785125223377237,-90.00009456623796,0.1785125223377237,0.0,180.0,0.0,90.0
robust,increasing_alternating_centering,1000,read,90,0.8,0,8,1b6331729c140095,f1e461e7c8f43e66,2,1,0.001,0.13312839964505285,0.01045636173901297,0.9979135016652085,3.585131499916315,instant_RF_exact_pathways,runs\combined_factor_study\cases\f1e461e7c8f43e66,-4.826426987720515e-07,0.13173636093974417,0.1317363609406283,90.00020991463144,0.1317363609406283,-4.76826518906034e-11,-4.265571136104194e-05,4.265571136106859e-05,-90.00006404804004,4.265571136112236e-05,-1.1026073447212183e-09,0.0011569222316159676,0.001156922231616493,90.00005460587202,0.0013493829930634582,-4.837929887686633e-07,0.1328506274599991,0.13285062746088,90.00020865009782,0.13285062746088,0.0003204103067027853,179.99972603732851,2.7755575615628914e-17,90.0
robust,increasing_alternating_centering,1000,read,90,0.8,0,8,1b6331729c140095,f1e461e7c8f43e66,3,1,0.001,0.10228657539727529,0.05287724729914109,0.9248355754647025,3.585267100017518,instant_RF_exact_pathways,runs\combined_factor_study\cases\f1e461e7c8f43e66,-1.5937199459718206e-07,-0.09687794285448023,0.09687794285461132,-90.00009425615774,0.09687794285461132,-2.807312997027359e-09,-0.00018194275447868953,0.00018194275450034744,-90.00088405381655,0.0011323119519987923,-2.4976356394595947e-09,0.002461621789249474,0.0024616217892507414,90.0000581340243,0.0042763205906651836,-1.6467694323366904e-07,-0.09459826381970944,0.09459826381985277,-90.00009974066595,0.09459826381985277,0.011069995721344239,-0.0007897976588047552,1.38777878078397e-17,90.0
robust,increasing_alternating_centering,1000,read,90,0.8,0,8,1b6331729c140095,f1e461e7c8f43e66,4,1,0.001,0.07613887098450865,0.06968383344922799,0.908077661172561,3.585479300003499,instant_RF_exact_pathways,runs\combined_factor_study\cases\f1e461e7c8f43e66,-2.595117814439211e-07,0.07083322257933651,0.0708332225798119,90.00020991463144,0.0708332225798119,-1.5882492196886542e-09,-0.00044137258429930684,0.0004413725843021645,-90.00020617496496,0.001687104514521127,1.2219789514071412e-09,-0.0012518421075936356,0.001251842107594232,-89.99994407103249,0.003618543890175651,-2.5987805171220266e-07,0.06914000788744358,0.06914000788793198,90.00021535889287,0.06914000788793198,0.02215825494528791,179.9995839104036,1.387778780791543e-17,90.0
robust,increasing_alternating_centering,1000,read,90,0.8,0,8,1b6331729c140095,f1e461e7c8f43e66,5,1,0.001,0.05891874284863975,0.12308664326457168,0.8358698703122911,3.586018299916759,instant_RF_exact_pathways,runs\combined_factor_study\cases\f1e461e7c8f43e66,-8.499575902974834e-08,-0.05166663256596229,0.0516666325660322,-90.00009425615774,0.0516666325660322,-2.963310354116395e-09,0.0007988740408591211,0.000798874040864617,90.00021253059681,0.0026534605229702707,-1.6978298451067987e-09,0.0016193565813290471,0.001619356581329937,90.00006007230624,0.0045986497596373155,-8.965689922897164e-08,-0.04924840194377413,0.04924840194385574,-90.00010430718008,0.04924840194385574,0.04503593245000018,-179.99969321324545,1.3877787808218354e-17,90.0
robust,increasing_alternating_centering,1000,read,90,0.8,0,8,1b6331729c140095,f1e461e7c8f43e66,6,1,0.001,0.04467137816947841,0.1635980618916619,0.8027087879188037,3.587514500017278,instant_RF_exact_pathways,runs\combined_factor_study\cases\f1e461e7c8f43e66,-1.368877105756688e-07,0.03736322727867149,0.037363227278922245,90.00020991463144,0.037363227278922245,-4.3023882660615055e-10,-0.0008729032755559477,0.0008729032755560537,-90.00002824009215,0.0031016637255378847,5.611208645444703e-10,-0.0006322161782917507,0.0006322161782919997,-89.99994914736693,0.004206487165018272,-1.3675682853773047e-07,0.03585810782482374,0.03585810782508452,90.00021851652444,0.03585810782508452,0.06943290878043892,179.99976184527642,5.551115123125783e-17,90.0
robust,increasing_alternating_centering,1000,read,90,0.8,0,8,1b6331729c140095,f1e461e7c8f43e66,7,1,0.001,0.03563275259543284,0.24422729721023598,0.729562001549635,3.591609900002368,instant_RF_exact_pathways,runs\combined_factor_study\cases\f1e461e7c8f43e66,-4.430244286331809e-08,-0.026930261736852815,0.026930261736889255,-90.00009425615774,0.026930261736889255,-1.7497573634030727e-09,0.0006904787025789086,0.0006904787025811257,90.00014519450306,0.0038342763347729686,-3.1898920234753047e-10,0.00024348073006836939,0.00024348073006857837,90.00007506440038,0.00486821452377071,-4.637118942906867e-08,-0.025996302304205573,0.025996302304246932,-90.00010220197528,0.025996302304246932,0.10760539266518579,-179.99976054933921,3.816391647149893e-17,90.0
robust,increasing_alternating_centering,1000,read,90,0.8,0,8,1b6331729c140095,f1e461e7c8f43e66,8,1,0.001,0.028109919821693866,0.31733768687849745,0.6730541850770718,3.604005999979563,instant_RF_exact_pathways,runs\combined_factor_study\cases\f1e461e7c8f43e66,-7.030490296549295e-08,0.019189582887008724,0.01918958288713751,90.00020991463144,0.01918958288713751,-1.1449378101999406e-10,-0.0004223735241853485,0.000422373524185364,-90.00001553130122,0.004182403528759174,-2.2090048367978094e-10,0.00015228981521665848,0.0001522898152168187,90.00008310907326,0.004737933405797181,-7.06402972301925e-08,0.018919499178040117,0.018919499178171994,90.00021392695741,0.018919499178171994,0.1487874584946841,179.99977455406736,8.3266726847156e-17,90.0
robust,increasing_alternating_centering,1000,oblique,45,0.8,100,8,9e5d80a2512975f3,f2008a8b8f8f5f47,1,1,0.001,0.19063365328892476,1.3128960570743968e-05,0.9999985598328329,3.160443600034341,instant_RF_exact_pathways,runs\combined_factor_study\cases\f2008a8b8f8f5f47,0.13266295394684513,-0.1368969545992469,0.19063115046720727,-45.899875734748115,0.19063115046720727,0.0,0.0,0.0,0.0,0.0,2.3681385316638446e-06,-8.08010534159246e-07,2.502191265363881e-06,-18.839677251885,2.502821717476562e-06,0.1326653220853768,-0.13689776260978104,0.19063337874459635,-45.89953360934135,0.19063337874459635,0.0,0.0,0.0,45.0
robust,increasing_alternating_centering,1000,oblique,45,0.8,100,8,9e5d80a2512975f3,f2008a8b8f8f5f47,2,1,0.001,0.14165356401012613,0.008877379086682227,0.9871105388138882,3.1605679000495,instant_RF_exact_pathways,runs\combined_factor_study\cases\f2008a8b8f8f5f47,0.10082211137203623,0.09770339385063939,0.14039605162342864,44.09999143869359,0.14039605162342864,-1.2542156543873827e-06,1.4073379605462616e-06,1.885114596756622e-06,131.70733602093483,2.0379355995731957e-06,-0.0011579819994712581,0.00037223100757444736,0.001216338042691809,162.18010171570538,0.0012554744510979172,0.0996628751569106,0.09807703219617438,0.13982772589494322,44.540506709582296,0.13982772589494322,1.4386758383484891e-05,87.60734458224125,1.3877787807814457e-17,45.0
robust,increasing_alternating_centering,1000,oblique,45,0.8,100,8,9e5d80a2512975f3,f2008a8b8f8f5f47,3,1,0.001,0.1085969355616649,0.049271375597386834,0.9154247661533821,3.1606370999943465,instant_RF_exact_pathways,runs\combined_factor_study\cases\f2008a8b8f8f5f47,0.07185052313593517,-0.07414366641958946,0.1032462151608809,-45.89987573474808,0.1032462151608809,0.0002558752791722696,0.0009677243609938311,0.0010009808176745475,75.18940370645456,0.0011229713655787872,-0.003958287674291026,0.0007974560738832954,0.004037818408771948,168.60938529343872,0.004227749035205208,0.06814811074081643,-0.07237848598471235,0.099412324341511,-46.7242961413404,0.099412324341511,0.010340727938323151,121.08927944120265,3.1031676915590914e-17,45.0
robust,increasing_alternating_centering,1000,oblique,45,0.8,100,8,9e5d80a2512975f3,f2008a8b8f8f5f47,4,1,0.001,0.08084781950821898,0.06627729157051669,0.8945633576643229,3.160757699981332,instant_RF_exact_pathways,runs\combined_factor_study\cases\f2008a8b8f8f5f47,0.05421096350916072,0.052534062684063375,0.07548944500183224,44.09999143869359,0.07548944500183224,-7.554969157729072e-05,-0.0013041972942016678,0.001306383687168657,-93.31533146726363,0.0017520698347587517,-0.00270577971882252,-0.00038027407104754437,0.0027323711782813015,-171.99996821175984,0.0036063046716280013,0.05142963409876092,0.05084959131881417,0.07232349687911152,44.67506943070063,0.07232349687911152,0.021671207033365152,-137.41532290595723,9.813077866773595e-18,45.0
robust,increasing_alternating_centering,1000,oblique,45,0.8,100,8,9e5d80a2512975f3,f2008a8b8f8f5f47,5,1,0.001,0.06243830060035834,0.11812239412202857,0.8300648667746289,3.16099560004659,instant_RF_exact_pathways,runs\combined_factor_study\cases\f2008a8b8f8f5f47,0.03831908966226421,-0.0395420614550864,0.05506293904853312,-45.89987573474808,0.05506293904853312,3.5549600281437074e-05,0.0015252563918476125,0.0015256706181060733,88.66483211216625,0.0027842302362552527,-0.002575901728498851,0.000520046466339391,0.002627873292614287,168.58603128501008,0.004591131315569976,0.03577873753404679,-0.0374967585968994,0.051827839669470674,-46.34311372767561,0.051827839669470674,0.04459170428221542,134.56470784691433,9.813077866773595e-18,45.0
robust,increasing_alternating_centering,1000,oblique,45,0.8,100,8,9e5d80a2512975f3,f2008a8b8f8f5f47,6,1,0.001,0.04731282411384411,0.1583825304767233,0.7926227075314004,3.161674899980426,instant_RF_exact_pathways,runs\combined_factor_study\cases\f2008a8b8f8f5f47,0.02859529013126415,0.027710755666074064,0.03981929930669335,44.09999143869359,0.03981929930669335,-0.0002629371376056501,-0.0014987334063508886,0.0015216233967852853,-99.95068055006283,0.003288043136684385,-0.0012972881831249887,-0.00022266523745329635,0.0013162584997050797,-170.26070977979379,0.004205481670466442,0.027035064810533513,0.025989357022269868,0.03750121875007205,43.87020216107795,0.03750121875007205,0.06949581214540684,-144.05067198875642,1.0408340855860843e-17,45.0
robust,increasing_alternating_centering,1000,oblique,45,0.8,100,8,9e5d80a2512975f3,f2008a8b8f8f5f47,7,1,0.001,0.03763685668757397,0.23743571536561683,0.7153256349884461,3.1635461000259966,instant_RF_exact_pathways,runs\combined_factor_study\cases\f2008a8b8f8f5f47,0.019973105713929285,-0.020610556789058706,0.028700522695846647,-45.899875734748065,0.028700522695846647,-0.00022553745779050886,0.0013017734475002723,0.0013211666259345751,99.82915106193047,0.004068758103980872,-0.0008871776380149576,9.648235295809727e-05,0.0008924085419952736,173.79336065523825,0.004867575887746474,0.01886039061812385,-0.019212300988600352,0.026922608409007998,-45.52957655380242,0.026922608409007998,0.1081056831540397,145.72902679667854,3.273069708340169e-17,45.0
robust,increasing_alternating_centering,1000,oblique,45,0.8,100,8,9e5d80a2512975f3,f2008a8b8f8f5f47,8,1,0.001,0.029649622114756843,0.31024381409628843,0.6512031502012087,3.169822199968621,instant_RF_exact_pathways,runs\combined_factor_study\cases\f2008a8b8f8f5f47,0.014686410412550081,0.014232117551026564,0.02045101026336102,44.099991438693586,0.02045101026336102,-0.0003591957948204333,-0.0009961785641461752,0.001058958616132386,-109.82797055772762,0.00446006537707223,-0.0002836183477182745,1.4474641788537461e-05,0.00028398746876816684,177.0784084493186,0.004738546474323556,0.014043596270011375,0.013250413628668922,0.01930792732340508,43.33541385197378,0.01930792732340508,0.15042570727579094,-153.9279619964212,5.204170427930421e-18,45.0
robust,increasing_centering,1000,read,45,0.7,0,8,2fce845511804024,f3189c4f0c0e3813,1,1,0.001,0.14780503523776445,0.004872155949616217,0.9917230603997919,2.8837468000128865,instant_RF_exact_pathways,runs\combined_factor_study\cases\f3189c4f0c0e3813,0.10400495620647812,-0.10400451275774276,0.14708490605594754,-44.99987785295981,0.14708490605594754,0.0,0.0,0.0,0.0,0.0,5.07097564136657e-06,0.0007180284165290768,0.0007180463228352393,89.59536326806355,0.0007201291818169182,0.10401002718211949,-0.1032864843412137,0.14658166188849484,-44.80001697844044,0.14658166188849484,0.0,0.0,0.0,45.0
robust,increasing_centering,1000,read,45,0.7,0,8,2fce845511804024,f3189c4f0c0e3813,2,1,0.001,0.10431595859716816,0.08747189673118481,0.8550481171828852,2.8838834000052884,instant_RF_exact_pathways,runs\combined_factor_study\cases\f3189c4f0c0e3813,0.06731038165106834,0.06731036640569275,0.09519124383934212,44.99999351143348,0.09519124383934212,-0.00018434908745076524,0.00015683614947491846,0.00024203752565676433,139.61031554447123,0.0002607084631588874,7.780447996128423e-05,-0.008820620677477402,0.00882096381769271,-89.4946214238587,0.008864006294667142,0.06720383704357885,0.05864658187769027,0.08919516399063644,41.11013540974,0.08919516399063644,0.0024992193588102133,94.61032203303775,6.938893903907228e-18,45.0
robust,increasing_centering,1000,read,45,0.7,0,8,2fce845511804024,f3189c4f0c0e3813,3,1,0.001,0.07175067156143397,0.14367385465069266,0.7728007505989477,2.8839571999851614,instant_RF_exact_pathways,runs\combined_factor_study\cases\f3189c4f0c0e3813,0.04344613050335157,-0.04344594526091379,0.06144197600442692,-44.999877852959806,0.06144197600442692,0.00047703033393464597,0.0005516991839225752,0.0007293352651796259,49.15145136064513,0.0010701141588738785,7.618019117818342e-05,0.009150408448132802,0.009150725555341943,89.52300461528579,0.009238581398133187,0.043999341028464395,-0.03374383762885841,0.05544897283865474,-37.48520778154702,0.05544897283865474,0.014914343456111505,94.15132921360492,9.813077866773595e-18,45.0
robust,increasing_centering,1000,read,45,0.7,0,8,2fce845511804024,f3189c4f0c0e3813,4,1,0.001,0.054352245567240796,0.2729859018362504,0.698048162500193,2.884063299978152,instant_RF_exact_pathways,runs\combined_factor_study\cases\f3189c4f0c0e3813,0.027941220704224418,0.02794121437571472,0.039514848794242226,44.999993511433495,0.039514848794242226,0.0002863268109798699,-0.0012168796589589396,0.0012501116538429387,-76.75938258756942,0.001973995596290583,8.841806104001673e-05,-0.0014718792599760057,0.0014745325732128099,-86.56228513897557,0.012863401176707982,0.02831596557624431,0.025252455456779767,0.037940485145971696,41.72689215433633,0.037940485145971696,0.03631856560274945,-121.75937609900292,9.813077866773595e-18,45.0
robust,increasing_centering,1000,read,45,0.7,0,8,2fce845511804024,f3189c4f0c0e3813,5,1,0.001,0.05455502388594393,0.5362887234374826,0.5954452568525277,2.8843126000138,instant_RF_exact_pathways,runs\combined_factor_study\cases\f3189c4f0c0e3813,0.017888269758967228,-0.01788819348826925,0.02529777976904969,-44.999877852959806,0.02529777976904969,0.007435243443223992,-0.005938628210366136,0.009515784259900066,-38.61482910360095,0.012578253667736955,7.088687549486414e-05,0.003569251565909283,0.003569955418469997,88.86223068449688,0.016678990449157306,0.025394400077686074,-0.02025757013272612,0.03248453021036167,-38.57999460453107,0.03248453021036167,0.2305608681252495,6.385048749358854,2.023017827855918e-17,45.0
robust,increasing_centering,1000,read,45,0.7,0,8,2fce845511804024,f3189c4f0c0e3813,6,1,0.001,0.05048415055502438,0.6809492844548581,0.596745446598865,2.884999500005506,instant_RF_exact_pathways,runs\combined_factor_study\cases\f3189c4f0c0e3813,0.011389373296143847,0.011389370716522858,0.016107004358269197,44.999993511433495,0.016107004358269197,0.009414216746063285,0.008343129831297183,0.012579161034176299,41.54821758448581,0.016283010758168733,6.533604999643748e-05,0.0019947879405455187,0.0019958576420113154,88.12404012910633,0.018094135438586404,0.020868926092203574,0.02172728848836556,0.030126186969122358,46.15441918508255,0.030126186969122358,0.3225370849891062,-3.451775926947689,7.757919228897728e-18,45.0
robust,increasing_centering,1000,read,45,0.7,0,8,2fce845511804024,f3189c4f0c0e3813,7,1,0.001,0.055457372316289354,0.8162613133530289,0.5264317314204188,2.887659200001508,instant_RF_exact_pathways,runs\combined_factor_study\cases\f3189c4f0c0e3813,0.007205196406252664,-0.0072051656852625216,0.010189664754287103,-44.99987785295981,0.010189664754287103,0.01407503723839641,-0.013553596484139643,0.01953987335980272,-43.91877360832973,0.023839643240357714,5.8991358202391995e-05,0.00083496973005564,0.0008370510321669471,85.95871709371082,0.021428064321644565,0.02133922500285147,-0.019923792439346517,0.029194520528491006,-43.03537087780913,0.029194520528491006,0.4298732926687072,1.0811042446300774,1.0971354589302191e-17,45.0
robust,increasing_centering,1000,read,45,0.7,0,8,2fce845511804024,f3189c4f0c0e3813,8,1,0.001,0.055078869265393085,0.883824867157842,0.4579562767884453,2.895357600064017,instant_RF_exact_pathways,runs\combined_factor_study\cases\f3189c4f0c0e3813,0.0045246318155857885,0.00452463079078531,0.0063987949537028955,44.99999351143349,0.0063987949537028955,0.013025261396384656,0.012828009479619921,0.018281555230706358,44.56286061072715,0.02643790207945789,4.807668950456752e-05,0.00071797671352772,0.000719584553226224,86.16911613198522,0.022242172232232425,0.017597969901475028,0.018070616983932978,0.02522371389849695,45.7591861779366,0.02522371389849695,0.48000081396132144,-0.43713290070633737,2.797157557069881e-17,45.0
robust,increasing_centering,1000,read,45,0.8,100,8,2fce845511804024,f3b560fbf2bc11f9,1,1,0.001,0.17923335091281156,0.0020108662015695653,0.9962038633649216,3.243572899955325,instant_RF_exact_pathways,runs\combined_factor_study\cases\f3b560fbf2bc11f9,0.12448024415577764,-0.1284530897715767,0.17887293662526693,-45.899875734748086,0.17887293662526693,0.0,0.0,0.0,0.0,0.0,-0.0003411386513382853,0.00011509538395136869,0.00036003128592362237,161.3563284213467,0.00036041428754463115,0.12413910550443936,-0.12833799438762533,0.17855295662318357,-45.95278516540754,0.17855295662318357,0.0,0.0,0.0,45.0
robust,increasing_centering,1000,read,45,0.8,100,8,2fce845511804024,f3b560fbf2bc11f9,2,1,0.001,0.13808894844736558,0.044862971656196855,0.9748841728953814,3.243689800030552,instant_RF_exact_pathways,runs\combined_factor_study\cases\f3b560fbf2bc11f9,0.09471646874412583,0.09178661628798032,0.1318938678671374,44.09999143869361,0.1318938678671374,-8.374582536584169e-05,9.916129561658688e-05,0.00012979339665239594,130.1824785395772,0.00014689423866481443,0.005471650499166233,-0.0018754701335456643,0.005784146212436878,-18.919731392370338,0.006048186341563364,0.10010437341792622,0.09001030745005124,0.13462073029310295,41.960756361907336,0.13462073029310295,0.0010637653506414028,86.0824871008836,0.0,45.0
robust,increasing_centering,1000,read,45,0.8,100,8,2fce845511804024,f3b560fbf2bc11f9,3,1,0.001,0.10537419027232825,0.07953008199070623,0.9126023560871942,3.243756299954839,instant_RF_exact_pathways,runs\combined_factor_study\cases\f3b560fbf2bc11f9,0.06749935838718639,-0.06965363219871747,0.0969937722802657,-45.89987573474809,0.0969937722802657,0.0003767316667765919,0.00020221050353919496,0.00042756968612595053,28.22465360969761,0.0006963634584370038,0.0009539671119005472,0.0022942973069728736,0.0024847240054724088,67.4224951703436,0.007684054533625556,0.06883005716586355,-0.06715712438820541,0.09616473431330706,-44.29517509357869,0.09616473431330706,0.006608482178010834,74.1245293444457,1.962615573354719e-17,45.0
robust,increasing_centering,1000,read,45,0.8,100,8,2fce845511804024,f3b560fbf2bc11f9,4,1,0.001,0.08193184249038117,0.1325641799750968,0.887542857858404,3.243858200032264,instant_RF_exact_pathways,runs\combined_factor_study\cases\f3b560fbf2bc11f9,0.05103768500334226,0.049458942797834346,0.071070614976795,44.09999143869361,0.071070614976795,0.00023117880048058865,-0.0007388211540697923,0.000774144906004466,-72.62498107559738,0.0014422635681845017,0.004173778231020544,-0.001666703973111345,0.004494254872136885,-21.768179682697923,0.00941896394540163,0.05544264203484339,0.04705341767065321,0.07271802163351752,40.32081460133063,0.07271802163351752,0.017603211698233492,-116.72497251429097,6.938893903907228e-18,45.0
robust,increasing_centering,1000,read,45,0.8,100,8,2fce845511804024,f3b560fbf2bc11f9,5,1,0.001,0.06907116816521656,0.24947281323369466,0.8166989645005743,3.2440901999361813,instant_RF_exact_pathways,runs\combined_factor_study\cases\f3b560fbf2bc11f9,0.03607605364673118,-0.037227437888767125,0.051839789529702376,-45.89987573474809,0.051839789529702376,0.002738902750200175,-0.0013268758851094783,0.0030433842822652456,-25.848112812828578,0.005505745159387466,0.003997354627863429,0.0018223960043084375,0.004393173251468752,24.508266431752556,0.01172563347612675,0.04281231102479478,-0.03673191776956817,0.0564103515173774,-40.62878790830006,0.0564103515173774,0.07971119217526272,20.051762921919515,6.938893903907228e-18,45.0
robust,increasing_centering,1000,read,45,0.8,100,8,2fce845511804024,f3b560fbf2bc11f9,6,1,0.001,0.05850853518907746,0.35727166539040806,0.7719780997121065,3.244837600039318,instant_RF_exact_pathways,runs\combined_factor_study\cases\f3b560fbf2bc11f9,0.027005210398208992,0.026169861666747493,0.037605093382522464,44.099991438693614,0.037605093382522464,0.003762538904935841,0.002052120707672125,0.004285778623542348,28.60842644245803,0.007862291660966055,0.0051229372450850635,-0.0008003793195469895,0.005185083709279749,-8.879789832811833,0.013041150145588994,0.03589068654822986,0.02742160305487264,0.045167307812202934,37.380955032161346,0.045167307812202934,0.13437854213164116,-15.491564996235587,3.622208959480119e-17,45.0
robust,increasing_centering,1000,read,45,0.8,100,8,2fce845511804024,f3b560fbf2bc11f9,7,1,0.001,0.05545009849760649,0.5111894821058942,0.7040570548766935,3.246827599941753,instant_RF_exact_pathways,runs\combined_factor_study\cases\f3b560fbf2bc11f9,0.01886247419188139,-0.01946447893893635,0.027104591363894204,-45.89987573474808,0.027104591363894204,0.0067101075493476514,-0.00535755042401781,0.008586552851389536,-38.604912110290265,0.012905197248465288,0.0053570165737832605,0.0010001040020089177,0.0054495719636153805,10.574841942289865,0.015440309885247005,0.030929598315012293,-0.023821925360945215,0.03904003304084739,-37.60340474443357,0.03904003304084739,0.23273533497911358,7.294963624457813,2.5257955065251657e-17,45.0
robust,increasing_centering,1000,read,45,0.8,100,8,2fce845511804024,f3b560fbf2bc11f9,8,1,0.001,0.05135246480230519,0.6223661279669674,0.6378117029685312,3.254136999952607,instant_RF_exact_pathways,runs\combined_factor_study\cases\f3b560fbf2bc11f9,0.013926216064481377,0.013495438197840687,0.019392430121734527,44.0999914386936,0.019392430121734527,0.0075990919548857535,0.0060601511754342875,0.009719651784293867,38.571786035698075,0.015670069134328113,0.004954692263652917,-0.0002791298033338721,0.004962548626926619,-3.2244328201167125,0.016289965546242607,0.02648000028302012,0.019276459569941035,0.03275320302718983,36.05323130434064,0.03275320302718983,0.30514736137114673,-5.528205402995525,1.0061396160665481e-16,45.0
robust,increasing_centering,1000,oblique,45,0.8,100,8,b6c94c8b3a08ec2b,f8a97ab6b1631b0f,1,1,0.001,0.19063365328892476,1.3128960570743968e-05,0.9999985598328329,3.384851999930106,instant_RF_exact_pathways,runs\combined_factor_study\cases\f8a97ab6b1631b0f,0.13266295394684513,-0.1368969545992469,0.19063115046720727,-45.899875734748115,0.19063115046720727,0.0,0.0,0.0,0.0,0.0,2.3681385316638446e-06,-8.08010534159246e-07,2.502191265363881e-06,-18.839677251885,2.502821717476562e-06,0.1326653220853768,-0.13689776260978104,0.19063337874459635,-45.89953360934135,0.19063337874459635,0.0,0.0,0.0,45.0
robust,increasing_centering,1000,oblique,45,0.8,100,8,b6c94c8b3a08ec2b,f8a97ab6b1631b0f,2,1,0.001,0.14652042636920726,0.04065313108804878,0.978505281608528,3.3849669999908656,instant_RF_exact_pathways,runs\combined_factor_study\cases\f8a97ab6b1631b0f,0.10094265653339467,0.09782021020388497,0.14056391226894308,44.099991438693614,0.14056391226894308,-4.905082756392543e-07,5.45832270152212e-07,7.338468747702835e-07,131.94422324709598,7.875082031957842e-07,0.0055627922365567685,-0.001841900657956213,0.00585979995399807,-18.320265559802106,0.005955726592060985,0.1065049582616758,0.09597885537819892,0.14337101106580274,42.02416277881268,0.14337101106580274,5.3747332212328795e-06,87.84423180840234,1.3877787807814457e-17,45.0
robust,increasing_centering,1000,oblique,45,0.8,100,8,b6c94c8b3a08ec2b,f8a97ab6b1631b0f,3,1,0.001,0.11163598110211313,0.07404711622362316,0.9182700916360604,3.3850336999166757,instant_RF_exact_pathways,runs\combined_factor_study\cases\f8a97ab6b1631b0f,0.07193642922128932,-0.07423231423811492,0.10336965863470676,-45.8998757347481,0.10336965863470676,0.0003993970631528649,0.0002953434379813819,0.0004967351008473188,36.481934099686136,0.0006216085284034308,0.0009677817892339158,0.0022760496558314187,0.0024732576953045387,66.96468594858165,0.00764471393900294,0.07330360807367611,-0.07166092114430213,0.10251198259651893,-44.35077221688266,0.10251198259651893,0.005568173650347078,82.38180983443424,1.3877787807814457e-17,45.0
robust,increasing_centering,1000,oblique,45,0.8,100,8,b6c94c8b3a08ec2b,f8a97ab6b1631b0f,4,1,0.001,0.08656165582772796,0.12498852216313276,0.8941040310758315,3.385137500008568,instant_RF_exact_pathways,runs\combined_factor_study\cases\f8a97ab6b1631b0f,0.05439264761305279,0.052710126776725263,0.07574244238982651,44.09999143869362,0.07574244238982651,0.00029148192119016073,-0.0008048931592314566,0.0008560459731569923,-70.09278364780603,0.0014142775600873398,0.004181598368638855,-0.0016575320180230843,0.004498130423562083,-21.622740160980495,0.0094049358778141,0.05886572790288181,0.05024770159947073,0.07739512541217031,40.48402424474876,0.07739512541217031,0.016338383855572108,-114.19277508649965,6.938893903907228e-18,45.0
robust,increasing_centering,1000,oblique,45,0.8,100,8,b6c94c8b3a08ec2b,f8a97ab6b1631b0f,5,1,0.001,0.07274121749144564,0.24049279910640886,0.8249102609322067,3.3853828000137582,instant_RF_exact_pathways,runs\combined_factor_study\cases\f8a97ab6b1631b0f,0.03844751330605485,-0.03967458379994937,0.05524747848651981,-45.899875734748115,0.05524747848651981,0.0029414365883395385,-0.0013926016961328376,0.0032544413786846126,-25.334873442343383,0.005774803476046301,0.003997792220516587,0.0018161871759184284,0.004390999714916126,24.432181549883214,0.011718935528879546,0.04538674211491096,-0.039250998320163814,0.06000497670139482,-40.85364275406681,0.06000497670139482,0.07938832583776065,20.565002292404728,3.5381555418772973e-17,45.0
robust,increasing_centering,1000,oblique,45,0.8,100,8,b6c94c8b3a08ec2b,f8a97ab6b1631b0f,6,1,0.001,0.06140971253312515,0.3473823141766869,0.7805714753709779,3.3860400000121444,instant_RF_exact_pathways,runs\combined_factor_study\cases\f8a97ab6b1631b0f,0.0287803981079851,0.027890137721342956,0.04007706448044304,44.09999143869363,0.04007706448044304,0.004041052333248622,0.0021940242452614554,0.004598243833122514,28.499034706449947,0.008294393921419096,0.005125374084269615,-0.0007964326554518826,0.0051868838890390375,-8.832561274591823,0.013038254131262963,0.0379468245255033,0.029287729311152536,0.04793466991408914,37.66131013443305,0.04793466991408914,0.13506648344828187,-15.600956732243677,3.5381555418772973e-17,45.0
robust,increasing_centering,1000,oblique,45,0.8,100,8,b6c94c8b3a08ec2b,f8a97ab6b1631b0f,7,1,0.001,0.058015622598564846,0.5020942534379376,0.7132691821946455,3.3881377999205142,instant_RF_exact_pathways,runs\combined_factor_study\cases\f8a97ab6b1631b0f,0.020102399075548193,-0.020743976609204,0.028886311882201293,-45.89987573474811,0.028886311882201293,0.007167634898970957,-0.005704230423304292,0.009160416735449138,-38.51388310642108,0.01369050490943149,0.005358162032500318,0.0009969248168402588,0.0054501155452852485,10.539777621759201,0.01543880580693204,0.03262819600701948,-0.025451282215668076,0.04138075568539154,-37.95563851427787,0.04138075568539154,0.23597962576670092,7.38599262832703,4.3885418357208765e-17,45.0
robust,increasing_centering,1000,oblique,45,0.8,100,8,b6c94c8b3a08ec2b,f8a97ab6b1631b0f,8,1,0.001,0.053600430787253975,0.6144211649251693,0.6469233595175632,3.3954926999285817,instant_RF_exact_pathways,runs\combined_factor_study\cases\f8a97ab6b1631b0f,0.014841655982808894,0.014382560929846473,0.02066719166245848,44.099991438693635,0.02066719166245848,0.008115602672258053,0.0064666326072063025,0.010376913992635085,38.54835688026109,0.016643932744147518,0.004956253420114191,-0.0002769505692091219,0.004963985252010613,-3.1983057403387156,0.016289306380647954,0.02791351207518115,0.020572242967843653,0.03467537075647897,36.39019415010468,0.03467537075647897,0.310518637624558,-5.55163455843255,1.3877787807814457e-17,45.0
robust,increasing_alternating_centering,1000,read,45,1.2,0,8,e5693cbecd4da986,fb20ee98ac8f1175,1,1,0.001,0.1792070068442489,0.0018613961388770479,0.9968372715690283,4.028254900011234,instant_RF_exact_pathways,runs\combined_factor_study\cases\fb20ee98ac8f1175,0.1264828861120777,-0.12648234682358667,0.1788734316136493,-44.999877852959806,0.1788734316136493,0.0,0.0,0.0,0.0,0.0,2.5077432998664264e-06,0.00033253635117231733,0.0003325458068108163,89.56792578318468,0.0003335752305995875,0.12648539385537758,-0.12614981047241436,0.17864022374867325,-44.92389223718473,0.17864022374867325,0.0,0.0,0.0,45.0
robust,increasing_alternating_centering,1000,read,45,1.2,0,8,e5693cbecd4da986,fb20ee98ac8f1175,2,1,0.001,0.1332023552088317,0.011000389802276815,0.9954651656160355,4.028437400003895,instant_RF_exact_pathways,runs\combined_factor_study\cases\fb20ee98ac8f1175,0.09315219129754512,0.09315217019916316,0.1317370773789532,44.99999351143349,0.1317370773789532,2.4170669077543102e-05,-3.0161404830402424e-05,3.865141116440021e-05,-51.29210156653827,4.265475015453966e-05,-1.7339361757699356e-05,0.0012374469428950187,0.001237568418289022,90.80278774087661,0.0014226230797239532,0.09315902260486497,0.09435945573722777,0.13259830458840563,45.36678418648415,0.13259830458840563,0.00032022519487486905,-96.29209507797177,0.0,45.0
robust,increasing_alternating_centering,1000,read,45,1.2,0,8,e5693cbecd4da986,fb20ee98ac8f1175,3,1,0.001,0.10219654602172899,0.05203519818702224,0.9390247890720487,4.028515800018795,instant_RF_exact_pathways,runs\combined_factor_study\cases\fb20ee98ac8f1175,0.06850375191236074,-0.06850345983106712,0.09687872849545918,-44.99987785295981,0.09687872849545918,0.0007967485370001877,-0.00012864960237701664,0.000807068120671176,-9.172283507026917,0.0011322896227964402,3.485985947673545e-06,0.0022524741776575627,0.002252476875155912,89.91132767480201,0.0041855279034733895,0.0693039864353086,-0.06637963525578659,0.09596509007194598,-43.76531123173901,0.09596509007194598,0.011079529268588913,35.827594345932894,1.3877787807814457e-17,45.0
robust,increasing_alternating_centering,1000,read,45,1.2,0,8,e5693cbecd4da986,fb20ee98ac8f1175,4,1,0.001,0.07611101690154348,0.06933333569537493,0.9231434720667886,4.028654900030233,instant_RF_exact_pathways,runs\combined_factor_study\cases\fb20ee98ac8f1175,0.05008719766444329,0.050087186320009934,0.07083398621659241,44.999993511433495,0.07083398621659241,0.0005417587935130613,-0.0003120925809116405,0.0006252234555811359,-29.94508045907618,0.0016870761120747954,1.106081917230197e-05,-0.0010693307251193837,0.001069387928398815,-89.4073716938121,0.003589954572876314,0.05064001727712867,0.0487057630139789,0.07026138840502488,43.8845967596233,0.07026138840502488,0.022165990953151787,-74.94507397050968,1.962615573354719e-17,45.0
robust,increasing_alternating_centering,1000,read,45,1.2,0,8,e5693cbecd4da986,fb20ee98ac8f1175,5,1,0.001,0.05883363221619995,0.12180625881812214,0.8626303797432026,4.028994100051932,instant_RF_exact_pathways,runs\combined_factor_study\cases\fb20ee98ac8f1175,0.03653439558617285,-0.03653423981348557,0.05166732758326329,-44.99987785295981,0.05166732758326329,0.0005745953411818729,0.0005648874285701059,0.00080576523446005,44.511875933171886,0.0026534216671282697,1.688616186637141e-05,0.0013658537040427436,0.0013659580825595857,89.29168364393196,0.004512882965808398,0.03712587708922109,-0.034603498680872695,0.05075167850033248,-42.98601189098956,0.05075167850033248,0.045100422448465544,89.51175378613169,2.7755575615628914e-17,45.0
robust,increasing_alternating_centering,1000,read,45,1.2,0,8,e5693cbecd4da986,fb20ee98ac8f1175,6,1,0.001,0.04464829086336536,0.16315207213542723,0.826152550388915,4.029843600001186,instant_RF_exact_pathways,runs\combined_factor_study\cases\fb20ee98ac8f1175,0.02642022033810798,0.026420214354095247,0.03736382969170204,44.99999351143351,0.03736382969170204,0.00034930269542678453,-0.0006172402773652171,0.0007092234718579942,-60.494026979160815,0.003101620330115355,2.0506973096677303e-05,-0.0004476319718392733,0.00044810145966990984,-87.37699241457501,0.0041828408415480415,0.02679003000663145,0.02535534210489077,0.03688629936727538,43.42400531089855,0.03688629936727538,0.06946784009285077,-105.49402049059432,1.471961680016039e-17,45.0
robust,increasing_alternating_centering,1000,read,45,1.2,0,8,e5693cbecd4da986,fb20ee98ac8f1175,7,1,0.001,0.03558740236997621,0.2432499682464844,0.7527196421715917,4.032184700015932,instant_RF_exact_pathways,runs\combined_factor_study\cases\fb20ee98ac8f1175,0.01904296918288318,-0.019042887988862157,0.02693076787350463,-44.99987785295981,0.02693076787350463,0.00028046018954442216,0.00048825800219934963,0.0005630753010308596,60.1265175217238,0.003834222141278704,1.9510200265764104e-05,2.3248485774571344e-05,3.0350288387767716e-05,49.9965228345669,0.004822412355192815,0.019342939572693348,-0.01853138150088818,0.026787336777744947,-43.77247336927943,0.026787336777744947,0.1077409950132662,105.12639537468361,5.815852873680767e-17,45.0
robust,increasing_alternating_centering,1000,read,45,1.2,0,8,e5693cbecd4da986,fb20ee98ac8f1175,8,1,0.001,0.028129240358394307,0.31779192905375186,0.6859016333724528,4.042292100028135,instant_RF_exact_pathways,runs\combined_factor_study\cases\fb20ee98ac8f1175,0.013569376992176791,0.013569373918798762,0.01918999480208353,44.9999935114335,0.01918999480208353,0.00014405434365825773,-0.0002986843683852969,0.00033160821136475973,-64.25216212020528,0.0041823427011788965,1.789872117239683e-05,0.0002830862998059392,0.00028365157739280295,86.3821707797523,0.004756902855131897,0.01373133005700745,0.013553775850219376,0.019293891907348974,44.62716057889701,0.019293891907348974,0.14868310156590506,-109.25215563163879,2.823925224926892e-17,45.0
robust,increasing_alternating_centering,1000,read,0,1.2,0,8,d4d21aba7d252395,fb4707b66a1b2259,1,1,0.001,0.17920700684424895,0.0018613961388770474,0.9981600970217144,4.1033171999733895,instant_RF_exact_pathways,runs\combined_factor_study\cases\fb4707b66a1b2259,0.17887343161330052,3.5325889013514715e-07,0.17887343161364935,0.00011315399552433165,0.17887343161364935,0.0,0.0,0.0,0.0,0.0,3.546622158905076e-06,0.0003300282754945244,0.00033004733168839244,89.3842992422349,0.0003335752305995875,0.17887697823545942,0.00033038153438465955,0.17887728333862657,0.10582382490603046,0.17887728333862657,0.0,0.0,0.0,0.0
robust,increasing_alternating_centering,1000,read,0,1.2,0,8,d4d21aba7d252395,fb4707b66a1b2259,2,1,0.001,0.13320235520883172,0.011000389802276814,0.9891145560921936,4.103500199969858,instant_RF_exact_pathways,runs\combined_factor_study\cases\fb4707b66a1b2259,0.1317370773789531,5.758410771951774e-09,0.13173707737895324,2.5044781659033397e-06,0.13173707737895324,3.418240659750017e-05,7.568805735327074e-11,3.418240659758396e-05,0.00012686661582793845,4.265475015453964e-05,-2.452099819642879e-05,0.0012201086211669821,0.0012203550003169338,91.15134060371847,0.0014226230797239532,0.13174673878735416,0.0012201144552658114,0.13175238844281828,0.5306044837813748,0.13175238844281828,0.00032022519487486884,0.00012436213766203508,0.0,0.0
robust,increasing_alternating_centering,1000,read,0,1.2,0,8,d4d21aba7d252395,fb4707b66a1b2259,3,1,0.001,0.10219654602172902,0.05203519818702223,0.9592909457219424,4.10362750000786,instant_RF_exact_pathways,runs\combined_factor_study\cases\fb4707b66a1b2259,0.09687872849527028,1.913267487366676e-07,0.09687872849545921,0.00011315399552433168,0.09687872849545921,0.001126771138328164,1.3129425329568435e-09,0.001126771138328929,6.676250688602572e-05,0.0011322896227964404,4.930868865886685e-06,0.002248406059992568,0.002248411466809195,89.87434764233413,0.0041855279034733895,0.09801043050246432,0.0022485986996838374,0.09803622128270044,1.3142745869351937,0.09803622128270044,0.011079529268588911,-4.639148863830596e-05,1.3877787807814457e-17,0.0
robust,increasing_alternating_centering,1000,read,0,1.2,0,8,d4d21aba7d252395,fb4707b66a1b2259,4,1,0.001,0.07611101690154351,0.06933333569537492,0.9410449458354468,4.103839999996126,instant_RF_exact_pathways,runs\combined_factor_study\cases\fb4707b66a1b2259,0.07083398621659237,3.0962519995534446e-09,0.07083398621659244,2.504478165903348e-06,0.07083398621659244,0.0007661613277849424,1.1994781953490185e-09,0.0007661613277858815,8.970047915378713e-05,0.0016870761120747957,1.564190365074862e-05,-0.0010770382381206996,0.001077151816376856,-89.16794777639814,0.003589954572876314,0.07161578944802806,-0.0010770339423905046,0.07162388777759379,-0.8616095424264381,0.07162388777759379,0.02216599095315178,8.719600098788379e-05,0.0,0.0
robust,increasing_alternating_centering,1000,read,0,1.2,0,8,d4d21aba7d252395,fb4707b66a1b2259,5,1,0.001,0.05883363221619998,0.12180625881812207,0.8927188044602068,4.104290299932472,instant_RF_exact_pathways,runs\combined_factor_study\cases\fb4707b66a1b2259,0.05166732758316256,1.020383107410565e-07,0.05166732758326332,0.00011315399552433162,0.05166732758326332,0.0008126004184946667,4.877648855209679e-11,0.0008126004184946681,3.439189631086389e-06,0.00265342166712827,2.3881171167025324e-05,0.0013779153249443116,0.0013781222562068637,89.00708460324547,0.004512882965808398,0.05250380917282423,0.001378017412031541,0.05252188981409755,1.503442533404326,0.05252188981409755,0.04510042244846553,-0.00010971480589324524,2.0817811058350035e-17,0.0
robust,increasing_alternating_centering,1000,read,0,1.2,0,8,d4d21aba7d252395,fb4707b66a1b2259,6,1,0.001,0.044648290863365386,0.16315207213542712,0.8486246114988076,4.105652099940926,instant_RF_exact_pathways,runs\combined_factor_study\cases\fb4707b66a1b2259,0.03736382969170203,1.6332249330167958e-09,0.037363829691702065,2.5044781659033473e-06,0.037363829691702065,0.0004939871736789176,1.341468692922092e-09,0.000493987173680739,0.0001555920852777766,0.0031016203301153563,2.9001034601837917e-05,-0.0004623169000465869,0.0004632256211358163,-86.41055196509818,0.0041828408415480415,0.03788681789998276,-0.0004623139253529604,0.03788963848800921,-0.6991170963956191,0.03788963848800921,0.06946784009285076,0.00015308760711187325,2.776198056328147e-17,0.0
robust,increasing_alternating_centering,1000,read,0,1.2,0,8,d4d21aba7d252395,fb4707b66a1b2259,7,1,0.001,0.03558740236997622,0.2432499682464844,0.7686714691704485,4.1101375999860466,instant_RF_exact_pathways,runs\combined_factor_study\cases\fb4707b66a1b2259,0.026930767873452124,5.3185836955540215e-08,0.02693076787350464,0.00011315399552433165,0.02693076787350464,0.0003966308554489296,-2.6642393703346146e-10,0.0003966308554490191,-3.848658505399554e-05,0.003834222141278705,2.759155079893223e-05,4.0852464194648893e-05,4.929723629439208e-05,55.96510429543843,0.004822412355192815,0.027354990279699988,4.090538360766806e-05,0.02735502086368952,0.08567738716829704,0.02735502086368952,0.10774099501326617,-0.00015164058057832717,3.531161599827384e-18,0.0
robust,increasing_alternating_centering,1000,read,0,1.2,0,8,d4d21aba7d252395,fb4707b66a1b2259,8,1,0.001,0.02812924035839432,0.3177919290537518,0.6904162573964387,4.123416499933228,instant_RF_exact_pathways,runs\combined_factor_study\cases\fb4707b66a1b2259,0.019189994802083523,8.388213476464435e-10,0.01918999480208354,2.504478165903361e-06,0.01918999480208354,0.00020372295149265573,6.134928536398786e-10,0.00020372295149357947,0.00017254094846629544,0.004182342701178898,2.5312719017805996e-05,0.0002683712836623344,0.0002695623854298733,84.61181541216853,0.004756902855131897,0.019419030472594006,0.0002683727359765353,0.019420884851647467,0.791782385301669,0.019420884851647467,0.14868310156590506,0.00017003647030039204,2.0820140142302207e-17,0.0
robust,high_low_permutation_alternating,1000,read,45,0.8,100,8,8cff258929ec712e,fc5eb0f871ebf8f3,1,1,0.001,0.16117406049512426,0.003874600236189322,0.9926814400933707,2.7730018000584096,instant_RF_exact_pathways,runs\combined_factor_study\cases\fc5eb0f871ebf8f3,0.11172875294035241,-0.11529463101586453,0.16054957544226225,-45.89987630772976,0.16054957544226225,0.0,0.0,0.0,0.0,0.0,-0.0005909743423765462,0.0002006098352108518,0.0006240953287204739,161.24990630148437,0.0006244850528620029,0.11113777859797586,-0.11509402118065368,0.159994498477996,-46.00186136616479,0.159994498477996,0.0,0.0,0.0,45.0
robust,high_low_permutation_alternating,1000,read,45,0.8,100,8,8cff258929ec712e,fc5eb0f871ebf8f3,2,1,0.001,0.13177469256084498,0.0006053097631200948,0.9993214275000386,2.773143900092691,instant_RF_exact_pathways,runs\combined_factor_study\cases\fc5eb0f871ebf8f3,0.09457359810747851,0.09164817846452356,0.13169492805290575,44.09999562964521,0.13169492805290575,1.0940434987726137e-05,-6.346910260016937e-06,1.264817724296155e-05,-30.11944628210068,1.3924084717981041e-05,9.481696275054018e-07,-1.979785147693024e-05,1.982054360367325e-05,-87.25805402798917,6.584042322124293e-05,0.09458548671209374,0.0916220337027866,0.13168527387828233,44.088226850844556,0.13168527387828233,0.00010566584863441668,-74.21944191174588,1.3877787807814457e-17,45.0
robust,high_low_permutation_alternating,1000,read,45,0.8,100,8,8cff258929ec712e,fc5eb0f871ebf8f3,3,1,0.001,0.08794255100931284,0.0382669327512246,0.942045112318565,2.773214300046675,instant_RF_exact_pathways,runs\combined_factor_study\cases\fc5eb0f871ebf8f3,0.05885852818568779,-0.06073702704735775,0.08457725932386832,-45.899876307729755,0.08457725932386832,0.0002521429694153144,0.00010878751627120984,0.0002746102706055091,23.337865358743006,0.0004512499171782552,-0.0027392095859194586,-8.167102422175334e-05,0.002740426848465487,-178.29220109775727,0.0029140417682662375,0.05637146156918365,-0.06070991055530829,0.08284585034314924,-47.12212357332358,0.08284585034314924,0.005131189759670142,69.23774166647276,0.0,45.0
robust,high_low_permutation_alternating,1000,read,45,0.8,100,8,8cff258929ec712e,fc5eb0f871ebf8f3,4,1,0.001,0.07219456786199412,0.04222328761436895,0.946932610731034,2.773320100037381,instant_RF_exact_pathways,runs\combined_factor_study\cases\fc5eb0f871ebf8f3,0.049655762757144645,0.048119774419357435,0.06914627585896206,44.09999562964521,0.06914627585896206,-5.820417513837542e-05,-0.00039619712796167174,0.00040044961007424637,-98.35737741271043,0.0008898053963816235,0.000466371110204877,-0.0011708531855192895,0.0012603171007625014,-68.2817508698632,0.0021584866066504415,0.050063929692211136,0.04655272410587649,0.06836339062615689,42.91869457814783,0.06836339062615689,0.01232510177334339,-142.4573730423556,1.962615573354719e-17,45.0
robust,high_low_permutation_alternating,1000,read,45,0.8,100,8,8cff258929ec712e,fc5eb0f871ebf8f3,5,1,0.001,0.05630621251641829,0.20568908493195848,0.8149444085396467,2.773549500037916,instant_RF_exact_pathways,runs\combined_factor_study\cases\fc5eb0f871ebf8f3,0.031124518071191643,-0.03211787236612588,0.044724639187931826,-45.89987630772977,0.044724639187931826,0.002080827073023809,-0.001514450912146793,0.0025735972631962226,-36.04757716986057,0.006466212841528817,-0.0011361734488718764,0.0008126193581443047,0.0013968680421400856,144.42671228768654,0.0051153604869576316,0.032069171695343575,-0.032819703920128375,0.045886433056300156,-45.66267770810791,0.045886433056300156,0.11484013135572453,9.852299137869212,6.938893903907228e-18,45.0
robust,high_low_permutation_alternating,1000,read,45,0.8,100,8,8cff258929ec712e,fc5eb0f871ebf8f3,6,1,0.001,0.0453830315974509,0.1977390083058692,0.862661118959419,2.7741799000650644,instant_RF_exact_pathways,runs\combined_factor_study\cases\fc5eb0f871ebf8f3,0.02614628811412818,0.02533751202471152,0.03640903593545703,44.09999562964521,0.03640903593545703,0.002269781480915414,0.001913548686999368,0.002968766839720421,40.132702194375824,0.006077217893508906,0.0004462718325017019,-0.0007991875771309185,0.0009153465638351492,-60.82070905275858,0.002896777768484931,0.0288623414275453,0.026451873134579966,0.03915017681962766,42.50475829567075,0.03915017681962766,0.13390947408304593,-3.967293435269394,7.757919228897728e-18,45.0
robust,high_low_permutation_alternating,1000,read,45,0.8,100,8,8cff258929ec712e,fc5eb0f871ebf8f3,7,1,0.001,0.045520907058140256,0.4794509862629061,0.6651139709027483,2.7761393000837415,instant_RF_exact_pathways,runs\combined_factor_study\cases\fc5eb0f871ebf8f3,0.016490291214435696,-0.017016586965107505,0.023695863273532826,-45.89987630772978,0.023695863273532826,0.00471951419627913,-0.004900880444184916,0.006803855037923309,-46.080027392376586,0.014059092978214083,4.156560444508695e-05,0.00035242143556274446,0.000354864153891304,83.27344499187232,0.0077659508063933945,0.021251371015159944,-0.02156504597372968,0.030276591252534606,-45.41974389755466,0.030276591252534606,0.3088491395889259,-0.1801510846468051,3.141717836627692e-17,45.0
robust,high_low_permutation_alternating,1000,read,45,0.8,100,8,8cff258929ec712e,fc5eb0f871ebf8f3,8,1,0.001,0.03715592123836138,0.48352815093354934,0.7244416506188074,2.7834237000206485,instant_RF_exact_pathways,runs\combined_factor_study\cases\fc5eb0f871ebf8f3,0.013780835585368155,0.0133545567091859,0.019189987345743908,44.09999562964521,0.019189987345743908,0.005564109339066502,0.005305507053320801,0.007688154383850771,43.63711612331309,0.01322637715292918,0.00035402278309213574,-0.00031635791237061045,0.0004747783268724387,-41.784257524398775,0.00473955673968812,0.019698967707526882,0.018343705850136106,0.02691729691218092,42.959713322403246,0.02691729691218092,0.3559695658756456,-0.46287950633212005,9.126689985681991e-17,45.0
robust,increasing_centering,1000,read,45,1.2,0,8,2fce845511804024,fe4b4783dfb7ed77,1,1,0.001,0.1792070068442489,0.0018613961388770479,0.9968372715690283,2.726944599999115,instant_RF_exact_pathways,runs\combined_factor_study\cases\fe4b4783dfb7ed77,0.1264828861120777,-0.12648234682358667,0.1788734316136493,-44.999877852959806,0.1788734316136493,0.0,0.0,0.0,0.0,0.0,2.5077432998664264e-06,0.00033253635117231733,0.0003325458068108163,89.56792578318468,0.0003335752305995875,0.12648539385537758,-0.12614981047241436,0.17864022374867325,-44.92389223718473,0.17864022374867325,0.0,0.0,0.0,45.0
robust,increasing_centering,1000,read,45,1.2,0,8,2fce845511804024,fe4b4783dfb7ed77,2,1,0.001,0.13846807787095317,0.04747298301509947,0.9205131537371855,2.7270923999603838,instant_RF_exact_pathways,runs\combined_factor_study\cases\fe4b4783dfb7ed77,0.09326356613167673,0.09326354500806908,0.13189458516205194,44.99999351143349,0.13189458516205194,-0.000103867777451956,8.836616711993882e-05,0.00013637116514966796,139.61031554447123,0.00014689092854045684,4.383842093430984e-05,-0.006406052165243144,0.006406202162823648,-89.60791494864193,0.006426601780360767,0.09320353677515908,0.08694585900994588,0.12746168705291727,43.01057103246929,0.12746168705291727,0.001060828826390971,94.61032203303775,1.3877787807814457e-17,45.0
robust,increasing_centering,1000,read,45,1.2,0,8,2fce845511804024,fe4b4783dfb7ed77,3,1,0.001,0.10550653247078152,0.08067721885083746,0.8691638453424957,2.7271810999372974,instant_RF_exact_pathways,runs\combined_factor_study\cases\fe4b4783dfb7ed77,0.06858565652351759,-0.06858536409300506,0.0969945588604433,-44.99987785295981,0.0969945588604433,0.0003152390958939717,0.0003469210928781073,0.00046875359440092727,47.73930907166616,0.0006963498068779185,4.788393471943195e-05,0.007778476041349523,0.007778623425584553,89.64729431628558,0.007815623803460335,0.06894877955413099,-0.060459966958777416,0.09170246347105736,-41.246951386090785,0.09170246347105736,0.006600063432761969,92.73918692462597,1.962615573354719e-17,45.0
robust,increasing_centering,1000,read,45,1.2,0,8,2fce845511804024,fe4b4783dfb7ed77,4,1,0.001,0.0823381609355579,0.13683545557359725,0.8127695043076603,2.727322799968533,instant_RF_exact_pathways,runs\combined_factor_study\cases\fe4b4783dfb7ed77,0.0502550612668416,0.05025504988438819,0.07107138117284867,44.999993511433495,0.07107138117284867,0.0001910044076904884,-0.0009080365456493475,0.0009279078898209638,-78.1210809562305,0.001442238760666712,4.8636541396180924e-05,-0.005428544126968252,0.00542876199990389,-89.48667747232999,0.009824541002042556,0.05049470221592828,0.04391846921177059,0.06692194624919776,41.01556851784237,0.06692194624919776,0.017516042917153352,-123.121074467664,6.938893903907228e-18,45.0
robust,increasing_centering,1000,read,45,1.2,0,8,2fce845511804024,fe4b4783dfb7ed77,5,1,0.001,0.06942211818372745,0.2532569124578421,0.7277798407173007,2.7276551999384537,instant_RF_exact_pathways,runs\combined_factor_study\cases\fe4b4783dfb7ed77,0.036656837957487504,-0.03665668166273937,0.05184048687623322,-44.999877852959806,0.05184048687623322,0.002733041264082116,-0.001179346867626505,0.0029766379667934125,-23.340896930392525,0.005505569911586768,4.103157876831875e-05,0.006246794923950484,0.006246929678838217,89.6236626125942,0.012076061395907476,0.039430910800337934,-0.03158923360641539,0.05052401811401079,-38.69921869879687,0.05052401811401079,0.07930570336410844,21.658980922567277,9.813077866773595e-18,45.0
robust,increasing_centering,1000,read,45,1.2,0,8,2fce845511804024,fe4b4783dfb7ed77,6,1,0.001,0.058962643504886864,0.3622114366051439,0.6821645290029683,2.7285830999026075,instant_RF_exact_pathways,runs\combined_factor_study\cases\fe4b4783dfb7ed77,0.026591248276934945,0.026591242254185462,0.03760569969494484,44.9999935114335,0.03760569969494484,0.003767286762043046,0.0022103715764336942,0.004367858978191804,30.401330097052004,0.007862052578774465,3.606534026291761e-05,-0.0024578182406486894,0.002458082832785278,-89.1593180251352,0.013494891231167594,0.030394600379240907,0.02634379558997045,0.040222223935281076,40.9163301078879,0.040222223935281076,0.1333395538502756,-14.598663414381496,1.734723475976807e-17,45.0
robust,increasing_centering,1000,read,45,1.2,0,8,2fce845511804024,fe4b4783dfb7ed77,7,1,0.001,0.0558032287076748,0.5142736109605646,0.6005225153621285,2.7313057999126613,instant_RF_exact_pathways,runs\combined_factor_study\cases\fe4b4783dfb7ed77,0.019166241423871893,-0.019166159704251683,0.02710510077692064,-44.999877852959806,0.02710510077692064,0.006832240353711738,-0.005400746095181868,0.008709050845844758,-38.325648461300716,0.012904814960072234,2.906723442964789e-05,0.0034586088869414788,0.0034587310298645605,89.51847962580189,0.015793312970681875,0.026027549012013283,-0.021108296912492136,0.03351109526886101,-39.04199224255757,0.03351109526886101,0.2312557043549237,6.6742293916590905,6.283435673255384e-17,45.0
robust,increasing_centering,1000,read,45,1.2,0,8,2fce845511804024,fe4b4783dfb7ed77,8,1,0.001,0.051836957833697364,0.6258876446198132,0.5598539678141651,2.7383459999691695,instant_RF_exact_pathways,runs\combined_factor_study\cases\fe4b4783dfb7ed77,0.013712814742452875,0.013712811636587106,0.019392846390907954,44.99999351143351,0.019392846390907954,0.007605158564211731,0.006550337932791563,0.010037199002738318,40.73838484498822,0.015669627937704027,2.3467635160170188e-05,-0.0005967141229637356,0.0005971754134627371,-87.74782628443958,0.016774483505085386,0.021341440941824753,0.019666435446414887,0.029021126522611036,42.66099990762436,0.029021126522611036,0.3022867967671853,-4.261608666445294,5.43054346022841e-17,45.0
