stage,variant,b,direction,phase,b1,b0,etl,seqid,case_id,echo,D_MRzero,D_mm2_s,l1,unwanted_l1_share,cancellation,elapsed_s,model,cache,primary_real,primary_imag,primary_abs,primary_phase_deg,primary_l1,stimulated_real,stimulated_imag,stimulated_abs,stimulated_phase_deg,stimulated_l1,other_real,other_imag,other_abs,other_phase_deg,other_l1,total_real,total_imag,total_abs,total_phase_deg,total_l1,stimulated_l1_share,stimulated_relative_phase_deg,group_closure_abs,actual_excitation_phase_deg
timing_transfer_robust,high_low_permutation_alternating_centering,1000,read,45,0.8,0,8,346754e6d6faa501,170cfb627ad7be57,1,1,0.001,0.1792333509128116,0.002010866201569565,0.9965822546573351,6.141805900027975,instant_RF_exact_pathways,runs\combined_factor_study\cases\170cfb627ad7be57,0.12648253610168975,-0.12648199681469105,0.17887293662526696,-44.999877852959806,0.17887293662526696,0.0,0.0,0.0,0.0,0.0,2.5077794290551865e-06,0.00035937538193157246,0.0003593841316699005,89.60018729081231,0.0003604142875446312,0.1264850438811188,-0.12612262143275949,0.1786207769624791,-44.91779638825285,0.1786207769624791,0.0,0.0,0.0,45.0
timing_transfer_robust,high_low_permutation_alternating_centering,1000,read,45,0.8,0,8,346754e6d6faa501,170cfb627ad7be57,2,1,0.001,0.13312839964505285,0.01045636173901297,0.9955440672586108,6.1419946000678465,instant_RF_exact_pathways,runs\combined_factor_study\cases\170cfb627ad7be57,0.0931516846990899,0.0931516636008227,0.1317363609406283,44.9999935114335,0.1317363609406283,2.4171213753250783e-05,-3.0162084504782465e-05,3.865228215744807e-05,-51.292101566538264,4.265571136112238e-05,-1.733966393836007e-05,0.0011497402695522304,0.001149871015103664,90.86403362226088,0.0013493829930634582,0.09315851624890478,0.09427124178587015,0.1325351884502657,45.340147310103816,0.1325351884502657,0.0003204103067027855,-96.29209507797177,1.3877787807814457e-17,45.0
timing_transfer_robust,high_low_permutation_alternating_centering,1000,read,45,0.8,0,8,346754e6d6faa501,170cfb627ad7be57,3,1,0.001,0.09674876225580499,0.025270220150807255,0.9724222322815511,6.14210609998554,instant_RF_exact_pathways,runs\combined_factor_study\cases\170cfb627ad7be57,0.06668306915349576,-0.06668278483509628,0.09430389973428269,-44.999877852959806,0.09430389973428269,0.0001838293194576585,0.00027878785166232683,0.00033393994209552323,56.59962739985549,0.0004143416323807071,-1.5123273819849155e-05,0.00020725717688532783,0.00020780820672318553,94.17339847767609,0.002030520889141586,0.06685177519913357,-0.06619673980654862,0.09408064736326696,-44.71791898468606,0.09408064736326696,0.004282655640443052,101.59950525281529,0.0,45.0
timing_transfer_robust,high_low_permutation_alternating_centering,1000,read,45,0.8,0,8,346754e6d6faa501,170cfb627ad7be57,4,1,0.001,0.07349792406995789,0.058110774469638554,0.9514220072194658,6.142302100080997,instant_RF_exact_pathways,runs\combined_factor_study\cases\170cfb627ad7be57,0.048950817940046604,0.04895080685299608,0.06922690278034195,44.99999351143351,0.06922690278034195,-0.00014274291807843728,-0.0006550129209496568,0.0006703860583816975,-102.29390457535109,0.0010194277723053488,-2.5738966248065944e-06,0.0017829865275037098,0.001782988385324922,90.08271139954651,0.0032515935173106,0.04880550112534337,0.05007878045955014,0.06992754244510323,45.73772594842433,0.06992754244510323,0.013870157357574098,-147.2938980867846,6.938893903907228e-18,45.0
timing_transfer_robust,high_low_permutation_alternating_centering,1000,read,45,0.8,0,8,346754e6d6faa501,170cfb627ad7be57,5,1,0.001,0.058044156543745444,0.14018724409837086,0.8963570380475004,6.142754300031811,instant_RF_exact_pathways,runs\combined_factor_study\cases\170cfb627ad7be57,0.03528972845753783,-0.03528957799177134,0.04990710620186335,-44.99987785295981,0.04990710620186335,0.0016599216473430116,-0.0008940792034705017,0.0018853958463400688,-28.30812031201231,0.004217299593309062,1.1923916974637322e-06,-0.00044390094765257534,0.00044390254913079133,-89.84609438696909,0.003919750748573018,0.03695084249657829,-0.03662755814289442,0.052028288235517105,-44.74825886815965,0.052028288235517105,0.07265674693938676,16.691757540947506,2.0816681711721685e-17,45.0
timing_transfer_robust,high_low_permutation_alternating_centering,1000,read,45,0.8,0,8,346754e6d6faa501,170cfb627ad7be57,6,1,0.001,0.046403251433534666,0.21379592166940345,0.861100718645319,6.1445099000120535,instant_RF_exact_pathways,runs\combined_factor_study\cases\170cfb627ad7be57,0.025796973404176592,0.025796967561325334,0.036482425524845055,44.99999351143349,0.036482425524845055,0.0023077099385066606,0.0016785467215206394,0.0028536019793604893,36.03081945419021,0.0062956552554159105,1.0318458634666518e-05,0.0009177648679405666,0.0009178228714815082,89.35584892944264,0.0036251706532736782,0.028115001801317933,0.028393279150786547,0.03995787315689613,45.28215313763552,0.03995787315689613,0.13567271820237517,-8.969174057243283,1.5515838457795457e-17,45.0
timing_transfer_robust,high_low_permutation_alternating_centering,1000,read,45,0.8,0,8,346754e6d6faa501,170cfb627ad7be57,7,1,0.001,0.04354816581044265,0.392345698182008,0.7436604732674974,6.148930300027132,instant_RF_exact_pathways,runs\combined_factor_study\cases\170cfb627ad7be57,0.018711662374752344,-0.01871158259333308,0.02646223029099868,-44.99987785295981,0.02646223029099868,0.004370373810880014,-0.003758086298546428,0.005763972577497943,-40.692251266631565,0.010961708009629516,1.2522882826920215e-05,-0.00023347579785110774,0.00023381140001400296,-86.92978262244428,0.00612422750981443,0.02309455906845929,-0.022703144689730614,0.03238504959652523,-44.510328158712326,0.03238504959652523,0.25171457409581527,4.307626586328244,1.4304896245381992e-17,45.0
timing_transfer_robust,high_low_permutation_alternating_centering,1000,read,45,0.8,0,8,346754e6d6faa501,170cfb627ad7be57,8,1,0.001,0.03838744385654386,0.49866578270027945,0.6844540308224866,6.1637898000190035,instant_RF_exact_pathways,runs\combined_factor_study\cases\170cfb627ad7be57,0.013608228496332867,0.01360822541415522,0.01924493911995738,44.99999351143351,0.01924493911995738,0.004856120261330992,0.004474520001774304,0.006603274433096636,42.65804854598004,0.013509772444899535,1.535000017145632e-05,0.0005946999901520272,0.0005948980591597899,88.52144778011913,0.005632732291686948,0.018479698757835308,0.01867744540608145,0.026274440680583343,45.30491959617785,0.026274440680583343,0.3519320665211873,-2.341944965453465,1.0115089139279589e-16,45.0
timing_transfer_robust,high_low_permutation_alternating_centering,1000,read,90,1.2,100,8,5dd811482568c653,1cc6737aa708b4ad,1,1,0.001,0.1792070068442489,0.0018613961388770479,0.997587092231777,4.418705400079489,instant_RF_exact_pathways,runs\combined_factor_study\cases\1cc6737aa708b4ad,-0.0028099093617676555,-0.1788513599238807,0.1788734316136493,-90.90009213794605,0.1788734316136493,0.0,0.0,0.0,0.0,0.0,-0.00031436468316796943,0.00010406513023122506,0.00033114151861906357,161.68374480829752,0.00033357523059958746,-0.003124274044935625,-0.17874729479364948,0.1787745968653144,-91.00135496357119,0.1787745968653144,0.0,180.0,0.0,90.0
timing_transfer_robust,high_low_permutation_alternating_centering,1000,read,90,1.2,100,8,5dd811482568c653,1cc6737aa708b4ad,2,1,0.001,0.1332023552088317,0.011000389802276815,0.9914705647710192,4.418845800100826,instant_RF_exact_pathways,runs\combined_factor_study\cases\1cc6737aa708b4ad,0.0020687582554790624,0.1317208328079833,0.1317370773789532,89.10020784189155,0.1317370773789532,1.9399583064579113e-06,-3.5026226746831265e-05,3.507990875631282e-05,-86.82986189004865,4.265475015453964e-05,-0.0013382361450970568,0.0003783765702091488,0.0013906993956018926,164.21213416959424,0.0014226230797239532,0.0007324620686884635,0.1320641831514456,0.13206621434773028,89.68222606704894,0.13206621434773028,0.0003202251948748689,-175.9300697319402,0.0,90.0
timing_transfer_robust,high_low_permutation_alternating_centering,1000,read,90,1.2,100,8,5dd811482568c653,1cc6737aa708b4ad,3,1,0.001,0.09675688786958714,0.025344173659327816,0.9716633143562888,4.418945700046606,instant_RF_exact_pathways,runs\combined_factor_study\cases\1cc6737aa708b4ad,-0.0014814249229096253,-0.09429302798608385,0.09430466450068421,-90.90009213794605,0.09430466450068421,-4.305242114359914e-05,0.00024710474242351524,0.0002508271609984007,99.88328952210442,0.00041433343182995593,-0.0019175371232509726,9.383430704268872e-05,0.0019198316322594012,177.19847691113418,0.0020378899370729663,-0.003442014467304197,-0.09395208893661766,0.09401511835416283,-92.0981411177345,0.09401511835416283,0.004282211230154605,-169.21661833994955,4.336808689942018e-19,90.0
timing_transfer_robust,high_low_permutation_alternating_centering,1000,read,90,1.2,100,8,5dd811482568c653,1cc6737aa708b4ad,4,1,0.001,0.07363498512599242,0.059853831961742224,0.9169603558138719,4.419104300090112,instant_RF_exact_pathways,runs\combined_factor_study\cases\1cc6737aa708b4ad,0.0010871295570840432,0.0692191126005314,0.06922764909975589,89.10020784189155,0.06922764909975589,-1.314088955411938e-05,-0.000749784502010035,0.0007498996482414895,-91.00407574689703,0.0010194114018751183,-0.0007419061242284211,-0.0009497825757488967,0.0012052019077166474,-127.99455482892513,0.0033879246243614445,0.0003320825433015025,0.06751954552277246,0.06752036216147918,89.71820345328777,0.06752036216147918,0.013844117712943981,179.89571641121142,1.6263032587282567e-19,90.0
timing_transfer_robust,high_low_permutation_alternating_centering,1000,read,90,1.2,100,8,5dd811482568c653,1cc6737aa708b4ad,5,1,0.001,0.05810653144868505,0.1410986629945562,0.8714468575544055,4.419472400099039,instant_RF_exact_pathways,runs\combined_factor_study\cases\1cc6737aa708b4ad,-0.0007839975456261686,-0.04990161929067209,0.04990777755002446,-90.90009213794605,0.04990777755002446,-0.00011154301888539173,-0.0016402474929702983,0.0016440357913553511,-93.89033961065529,0.004217166287765333,-0.000553124389126726,0.000925839191175807,0.0010784826367465942,120.8553744110103,0.00398158761089523,-0.0014486649536382874,-0.05061602759246656,0.05063675423434283,-91.63939643704639,0.05063675423434283,0.07257645883560594,-2.9902474727092625,2.0844897021524245e-17,90.0
timing_transfer_robust,high_low_permutation_alternating_centering,1000,read,90,1.2,100,8,5dd811482568c653,1cc6737aa708b4ad,6,1,0.001,0.04649595257166696,0.21535076241107506,0.8235982200141311,4.420603700098582,instant_RF_exact_pathways,runs\combined_factor_study\cases\1cc6737aa708b4ad,0.0005729179465146185,0.03647851499597747,0.03648301373632929,89.10020784189155,0.03648301373632929,-4.229014251290774e-05,0.0024675609827764108,0.0024679233496756434,90.98186407646038,0.006295466884002048,3.072435340262331e-05,-0.0006562068593219194,0.0006569257401816027,-87.31930401807963,0.003717471951335649,0.000561352157404334,0.03828986911943191,0.038293983775886366,89.16007011325938,0.038293983775886366,0.1353981698578704,1.8816562345688428,4.85722573273506e-17,90.0
timing_transfer_robust,high_low_permutation_alternating_centering,1000,read,90,1.2,100,8,5dd811482568c653,1cc6737aa708b4ad,7,1,0.001,0.04364167437422084,0.3936362889206338,0.7417915673119819,4.424826100002974,instant_RF_exact_pathways,runs\combined_factor_study\cases\1cc6737aa708b4ad,-0.0004157010095810042,-0.02645946232177451,0.026462727631269826,-90.90009213794605,0.026462727631269826,-0.00047987851103207456,-0.006291824861223024,0.006310098530899061,-94.36151437520054,0.010961400146729297,0.00026394039948374556,0.00038442377873993165,0.0004663112438493491,55.52701062361326,0.00621754659622172,-0.0006316391211293349,-0.032366863404257526,0.032373026034172435,-91.1179848427706,0.032373026034172435,0.2511681850869636,-3.461422237254513,7.634754316485563e-17,90.0
timing_transfer_robust,high_low_permutation_alternating_centering,1000,read,90,1.2,100,8,5dd811482568c653,1cc6737aa708b4ad,8,1,0.001,0.038507088823161915,0.500212744943229,0.6863671400532642,4.435158200096339,instant_RF_exact_pathways,runs\combined_factor_study\cases\1cc6737aa708b4ad,0.00030222304975482787,0.019242979068260398,0.01924535222315536,89.10020784189155,0.01924535222315536,3.4801040875877405e-05,0.007432112448783357,0.007432193926681851,89.73171312925777,0.013509424406000753,0.0005352387617529341,-0.00025948855014087485,0.0005948233685196198,-25.864523425994175,0.005752312194005803,0.0008722628523836403,0.026415602966902922,0.02643000042733066,88.10873794756161,0.02643000042733066,0.3508295438286903,0.6315052873662286,4.5113364474213e-17,90.0
timing_transfer_robust,high_low_permutation_alternating_centering,1000,read,0,1,0,8,1a71dc69e9c7763f,38d504b372a03865,1,1,0.001,0.2079343069623639,4.615359086053874e-10,0.9999999995384654,5.117851999937557,instant_RF_exact_pathways,runs\combined_factor_study\cases\38d504b372a03865,0.20793430686598924,4.106514969942499e-07,0.20793430686639475,0.0001131539955243316,0.20793430686639475,0.0,0.0,0.0,0.0,0.0,7.571319947865433e-17,9.596898230874003e-11,9.59689823087699e-11,89.99995479740767,9.596915488449069e-11,0.20793430686598932,4.1074746597655864e-07,0.20793430686639502,0.00011318043953798813,0.20793430686639502,0.0,0.0,0.0,0.0
timing_transfer_robust,high_low_permutation_alternating_centering,1000,read,0,1,0,8,1a71dc69e9c7763f,38d504b372a03865,2,1,0.001,0.1693070307380399,1.3743446011901854e-09,0.9999999986256598,5.11804500001017,instant_RF_exact_pathways,runs\combined_factor_study\cases\38d504b372a03865,0.16930703050535353,7.400645646818978e-09,0.1693070305053537,2.504478165903362e-06,0.1693070305053537,1.8387100532048553e-15,4.0713456370032834e-21,1.838710053209363e-15,0.00012686661582793842,2.2944469314173194e-15,-1.0841050256522439e-15,-2.326826132999129e-10,2.3268261330243842e-10,-90.00026695008123,2.3268393763918118e-10,0.16930703050535428,7.167963033523136e-09,0.16930703050535445,2.4257352355706105e-06,0.16930703050535445,1.3551988487515321e-14,0.00012436213766203505,0.0,0.0
timing_transfer_robust,high_low_permutation_alternating_centering,1000,read,0,1,0,8,1a71dc69e9c7763f,38d504b372a03865,3,1,0.001,0.1339944474297736,2.798659081956431e-09,0.9999999972014503,5.1181522000115365,instant_RF_exact_pathways,runs\combined_factor_study\cases\38d504b372a03865,0.13399444705450753,2.6462694444795564e-07,0.13399444705476882,0.00011315399552433165,0.13399444705476882,1.5602438481792258e-14,-6.816824039305569e-21,1.5602438481793747e-14,-2.5032961840631512e-05,2.470309765404463e-14,-1.7058309566118714e-15,3.74978738360867e-10,3.7497873836474706e-10,90.00026064654973,3.7498006583360306e-10,0.13399444705452143,2.6500192318630965e-07,0.13399444705478347,0.00011331433574428438,0.13399444705478347,1.8435911433562579e-13,-0.00013818695736496312,0.0,0.0
timing_transfer_robust,high_low_permutation_alternating_centering,1000,read,0,1,0,8,1a71dc69e9c7763f,38d504b372a03865,4,1,0.001,0.10874764726725217,3.497678771057195e-09,0.9999999965021533,5.11833869991824,instant_RF_exact_pathways,runs\combined_factor_study\cases\38d504b372a03865,0.10874764688688772,4.75351080893125e-09,0.10874764688688783,2.5044781659033553e-06,0.10874764688688783,-1.7331147214844938e-14,4.577796046401339e-20,1.7331147214905396e-14,179.99984866068607,6.975771101997786e-14,-9.215103686398989e-16,-3.8029325880307527e-10,3.8029325880419176e-10,-90.00013883668375,3.8029456414810334e-10,0.10874764688686948,4.373217550173952e-09,0.10874764688686957,2.3041133825927674e-06,0.10874764688686957,6.414640939177763e-13,179.9998461562079,1.3877787807814457e-17,0.0
timing_transfer_robust,high_low_permutation_alternating_centering,1000,read,0,1,0,8,1a71dc69e9c7763f,38d504b372a03865,5,1,0.001,0.08667526461005284,6.181971597664477e-09,0.9999999938177591,5.118766599916853,instant_RF_exact_pathways,runs\combined_factor_study\cases\38d504b372a03865,0.08667526407405979,1.7117582702369543e-07,0.08667526407422882,0.0001131539955243316,0.08667526407422882,-2.27909655081121e-14,-1.329664203343332e-19,2.2790965508499973e-14,-179.99966572654856,1.1965326485581666e-13,-1.6195794801242853e-15,5.357032781366971e-10,5.357032781391454e-10,90.00017322102102,5.357043570333957e-10,0.08667526407403539,1.7171153030169922e-07,0.08667526407420548,0.00011350811659026068,0.08667526407420548,1.3804776413908858e-12,-179.99977888054408,1.387778780791543e-17,0.0
timing_transfer_robust,high_low_permutation_alternating_centering,1000,read,0,1,0,8,1a71dc69e9c7763f,38d504b372a03865,6,1,0.001,0.07004938237061052,6.318353960746746e-09,0.9999999936805223,5.119915699935518,instant_RF_exact_pathways,runs\combined_factor_study\cases\38d504b372a03865,0.07004938192801366,3.0619558554688603e-09,0.07004938192801373,2.504478165903352e-06,0.07004938192801373,-7.834193019303066e-14,8.707634253321577e-20,7.834193019307905e-14,179.99993631626245,1.7894930995465627e-13,-3.719377913323482e-16,-4.424170377653026e-10,4.4241703776545895e-10,-90.00004816827534,4.4241785624904807e-10,0.07004938192793496,2.619538817790635e-09,0.07004938192793501,2.142610175839949e-06,0.07004938192793501,2.5546165276360112e-12,179.99993381178427,1.387778780781448e-17,0.0
timing_transfer_robust,high_low_permutation_alternating_centering,1000,read,0,1,0,8,1a71dc69e9c7763f,38d504b372a03865,7,1,0.001,0.05617393803549104,1.1274202960570018e-08,0.9999999887235075,5.123849799972959,instant_RF_exact_pathways,runs\combined_factor_study\cases\38d504b372a03865,0.05617393740206512,1.1093845856367648e-07,0.05617393740217466,0.00011315399552433165,0.05617393740217466,-1.2863822899487688e-13,-3.8767169671618744e-19,1.2863822899546104e-13,-179.99982733008505,2.750585605006799e-13,-1.240452963936397e-15,6.330407227356952e-10,6.330407227369105e-10,90.00011227195498,6.330413242887788e-10,0.05617393740193525,1.1157149928602451e-07,0.05617393740204605,0.0001137996786176403,0.05617393740204605,4.896551143110106e-12,-179.99994048408058,1.3877787807820768e-17,0.0
timing_transfer_robust,high_low_permutation_alternating_centering,1000,read,0,1,0,8,1a71dc69e9c7763f,38d504b372a03865,8,1,0.001,0.04516612018482556,1.0812430524626204e-08,0.9999999891830149,5.135106800007634,instant_RF_exact_pathways,runs\combined_factor_study\cases\38d504b372a03865,0.045166119696469983,1.9742738746151195e-09,0.045166119696470025,2.5044781659033553e-06,0.045166119696470025,-2.0577412685604307e-13,1.1777412793209127e-19,2.0577412685607677e-13,179.99996720695373,3.6774159354281667e-13,8.762209666520286e-17,-4.779741163009599e-10,4.779741163009678e-10,-89.99998949655189,4.879878003885056e-10,0.045166119696264294,1.496299758431933e-09,0.045166119696264315,1.898140943280661e-06,0.045166119696264315,8.141978811506742e-12,179.99996470247555,6.938893903907256e-18,0.0
timing_transfer_robust,high_low_permutation_alternating_centering,1000,read,0,0.8,0,8,1a71dc69e9c7763f,3d204d3ecd8e07ff,1,1,0.001,0.17923335091281165,0.002010866201569564,0.998010911958451,5.1269375999690965,instant_RF_exact_pathways,runs\combined_factor_study\cases\3d204d3ecd8e07ff,0.17887293662491818,3.532579125777479e-07,0.17887293662526701,0.0001131539955243316,0.17887293662526701,0.0,0.0,0.0,0.0,0.0,3.546684473854441e-06,0.00035686724303575496,0.000356884866760553,89.43059116373611,0.0003604142875446312,0.17887648330939204,0.00035722050094833273,0.17887683999786422,0.11442085327722949,0.17887683999786422,0.0,0.0,0.0,0.0
timing_transfer_robust,high_low_permutation_alternating_centering,1000,read,0,0.8,0,8,1a71dc69e9c7763f,3d204d3ecd8e07ff,2,1,0.001,0.13312839964505288,0.010456361739012968,0.9896527687085565,5.127085499931127,instant_RF_exact_pathways,runs\combined_factor_study\cases\3d204d3ecd8e07ff,0.13173636094062818,5.758379455436808e-09,0.13173636094062832,2.5044781659033803e-06,0.13173636094062832,3.4183176883438216e-05,7.568976295132717e-11,3.418317688352201e-05,0.00012686661582793842,4.265571136112237e-05,-2.4521462210943508e-05,0.001132401557109482,0.0011326670246162116,91.24051114330628,0.0013493829930634582,0.1317460226553007,0.0011324073911787003,0.13175088930246578,0.49246698399626226,0.13175088930246578,0.0003204103067027853,0.00012436213766203502,0.0,0.0
timing_transfer_robust,high_low_permutation_alternating_centering,1000,read,0,0.8,0,8,1a71dc69e9c7763f,3d204d3ecd8e07ff,3,1,0.001,0.09674876225580499,0.025270220150807255,0.9771985625380144,5.127168599981815,instant_RF_exact_pathways,runs\combined_factor_study\cases\3d204d3ecd8e07ff,0.09430389973409878,1.8624169422490587e-07,0.09430389973428269,0.00011315399552433162,0.09430389973428269,0.0002599740228396311,-1.1830814931932293e-10,0.00025997402283965806,-2.607398063837222e-05,0.0004143416323807073,-2.1387444882836605e-05,0.0002236998241448287,0.00022471990147969462,95.46132261237216,0.002030520889141586,0.09454248631205557,0.00022388594753090427,0.09454275140370474,0.13568181256336487,0.09454275140370474,0.004282655640443054,-0.00013922797616270385,0.0,0.0
timing_transfer_robust,high_low_permutation_alternating_centering,1000,read,0,0.8,0,8,1a71dc69e9c7763f,3d204d3ecd8e07ff,4,1,0.001,0.0734979240699579,0.05811077446963855,0.9393980808371264,5.127281300025061,instant_RF_exact_pathways,runs\combined_factor_study\cases\3d204d3ecd8e07ff,0.0692269027803419,3.0260041486458063e-09,0.06922690278034196,2.5044781659033816e-06,0.06922690278034196,-0.0002018696790224737,6.907133268962641e-10,0.00020186967902365537,179.9998039578867,0.0010194277723053488,-3.6392659905233792e-06,0.0017591804588522428,0.0017591842231740645,90.11852921812456,0.0032515935173106,0.06902139383532889,0.0017591841755697183,0.0690438088168313,1.460011249644081,0.0690438088168313,0.013870157357574095,179.99980145340857,1.3877787807814457e-17,0.0
timing_transfer_robust,high_low_permutation_alternating_centering,1000,read,0,0.8,0,8,1a71dc69e9c7763f,3d204d3ecd8e07ff,5,1,0.001,0.05804415654374544,0.14018724409837086,0.9003142326536251,5.1275678999954835,instant_RF_exact_pathways,runs\combined_factor_study\cases\3d204d3ecd8e07ff,0.04990710620176602,9.856203231347778e-08,0.049907106201863345,0.00011315399552433165,0.049907106201863345,0.0023474797947736197,3.5902617761602793e-09,0.0023474797947763654,8.762880412387265e-05,0.004217299593309063,1.6860875658201328e-06,-0.00042262859118896376,0.00042263195452029877,-89.77141823602484,0.003919750748573018,0.05225627208410547,-0.00042252643889487444,0.052257980258709064,-0.46326408599684865,0.052257980258709064,0.07265674693938677,-2.5525191400458996e-05,6.946513017424995e-18,0.0
timing_transfer_robust,high_low_permutation_alternating_centering,1000,read,0,0.8,0,8,1a71dc69e9c7763f,3d204d3ecd8e07ff,6,1,0.001,0.046403251433534666,0.21379592166940345,0.8570661252516438,5.128362099989317,instant_RF_exact_pathways,runs\combined_factor_study\cases\3d204d3ecd8e07ff,0.03648242552484502,1.5946975316970535e-09,0.036482425524845055,2.5044781659033918e-06,0.036482425524845055,0.0032635934254129895,1.0018179007450132e-09,0.0032635934254131435,1.7587955995492858e-05,0.006295655255415911,1.4592895721991057e-05,0.0008937184020094144,0.0008938375326063536,89.06454086694609,0.0036251706532736787,0.03976061184597998,0.0008937209985248474,0.03977065490521734,1.2876517152273093,0.03977065490521734,0.1356727182023752,1.5083477829589465e-05,2.082373912328988e-17,0.0
timing_transfer_robust,high_low_permutation_alternating_centering,1000,read,0,0.8,0,8,1a71dc69e9c7763f,3d204d3ecd8e07ff,7,1,0.001,0.04354816581044265,0.39234569818200804,0.7500029935473144,5.131504999939352,instant_RF_exact_pathways,runs\combined_factor_study\cases\3d204d3ecd8e07ff,0.026462230290947072,5.226051749982493e-08,0.026462230290998676,0.0001131539955243316,0.026462230290998676,0.006180629613644602,1.1370092090844929e-08,0.006180629613655061,0.00010540322429960408,0.01096170800962952,1.7709891148168482e-05,-0.0002115833436264372,0.00021232322422340657,-85.21539714693847,0.00612422750981443,0.0326605697957399,-0.00021151971301684667,0.0326612547213268,-0.37105958296072944,0.0326612547213268,0.2517145740958154,-7.750771224727503e-06,5.551131666713382e-17,0.0
timing_transfer_robust,high_low_permutation_alternating_centering,1000,read,0,0.8,0,8,1a71dc69e9c7763f,3d204d3ecd8e07ff,8,1,0.001,0.038387443856543864,0.49866578270027956,0.6809657799774296,5.14012749993708,instant_RF_exact_pathways,runs\combined_factor_study\cases\3d204d3ecd8e07ff,0.019244939119957363,8.412230401554852e-10,0.01924493911995738,2.504478165903402e-06,0.01924493911995738,0.006867589811668901,8.212898323405297e-10,0.00686758981166895,6.851958611471566e-06,0.013509772444899535,2.1708423781975555e-05,0.0005737942673014928,0.0005742047690947496,87.83335560038499,0.005632732291686948,0.026134237355408305,0.0005737959298143653,0.02614053564711118,1.2577678653077713,0.02614053564711118,0.35193206652118725,4.347480445568165e-06,6.245004513516506e-17,0.0
timing_transfer_robust,high_low_permutation_alternating_centering,1000,slice,45,0.8,100,8,0568fef0c926be0f,4be0d4222a2a7bc5,1,1,0.001,0.20582918308682255,0.0004392966187486785,0.9991730820418888,5.053993799956515,instant_RF_exact_pathways,runs\combined_factor_study\cases\4be0d4222a2a7bc5,0.14317655838021195,-0.14774610566945245,0.2057387630226527,-45.89987573474809,0.2057387630226527,0.0,0.0,0.0,0.0,0.0,-8.452762732455438e-05,2.9192363452456507e-05,8.942658365977686e-05,160.9471944454835,9.04200641698573e-05,0.1430920307528874,-0.147716913306,0.2056589792390247,-45.91112711487053,0.2056589792390247,0.0,0.0,0.0,45.0
timing_transfer_robust,high_low_permutation_alternating_centering,1000,slice,45,0.8,100,8,0568fef0c926be0f,4be0d4222a2a7bc5,2,1,0.001,0.15288276926511496,0.008897414768439894,0.9872866683376391,5.054131199955009,instant_RF_exact_pathways,runs\combined_factor_study\cases\4be0d4222a2a7bc5,0.10881231335055654,0.10544643592970122,0.15152250785601554,44.09999143869361,0.15152250785601554,-2.8093241710033347e-05,4.546604594164115e-05,5.34452202104714e-05,121.711710951815,7.47041861426762e-05,-0.0011854876691659926,0.00036238796001871474,0.0012396394827977784,163.00229809454802,0.0012855572229567686,0.1075987324396805,0.10585428993566158,0.15093911991398737,44.53176128933524,0.15093911991398737,0.0004886370550570759,77.61171951312137,0.0,45.0
timing_transfer_robust,high_low_permutation_alternating_centering,1000,slice,45,0.8,100,8,0568fef0c926be0f,4be0d4222a2a7bc5,3,1,0.001,0.11112233810188986,0.023887736680967553,0.9651104469535438,5.0541995000094175,instant_RF_exact_pathways,runs\combined_factor_study\cases\4be0d4222a2a7bc5,0.07548435252714426,-0.0778934711871592,0.10846787694993847,-45.89987573474809,0.10846787694993847,0.00028573945496958807,5.9009200507425615e-05,0.00029176895289054113,11.668349238943234,0.0006334782378281052,-0.0018650408314248585,0.00011957222400258565,0.001868869931170934,176.33165130138573,0.002020982914123283,0.07390505115068899,-0.07771488976264918,0.10724532939203772,-46.43940003751753,0.10724532939203772,0.005700728122254401,57.56822497369133,1.3877787807814457e-17,45.0
timing_transfer_robust,high_low_permutation_alternating_centering,1000,slice,45,0.8,100,8,0568fef0c926be0f,4be0d4222a2a7bc5,4,1,0.001,0.08410988351563294,0.053328380519478434,0.9280934380471485,5.054339999915101,instant_RF_exact_pathways,runs\combined_factor_study\cases\4be0d4222a2a7bc5,0.0571804123313986,0.05541165792433622,0.07962443964206226,44.09999143869362,0.07962443964206226,4.145279721526196e-06,-0.0005937786162798202,0.0005937930855905513,-89.60001393097096,0.0012197813606313161,-0.0007104085051176844,-0.0009261365594563346,0.0011672228454349066,-127.49061182032302,0.0032656625129393363,0.05647414910600244,0.05389174274860007,0.07806183096576895,43.65960407639498,0.07806183096576895,0.014502235761681963,-133.70000536966458,9.813077866773595e-18,45.0
timing_transfer_robust,high_low_permutation_alternating_centering,1000,slice,45,0.8,100,8,0568fef0c926be0f,4be0d4222a2a7bc5,5,1,0.001,0.06630955190709686,0.13431920512278173,0.8879550405962451,5.05479219998233,instant_RF_exact_pathways,runs\combined_factor_study\cases\4be0d4222a2a7bc5,0.03994750597553043,-0.04122244944188792,0.05740290560288778,-45.89987573474809,0.05740290560288778,0.002156389772473715,-0.001476644879462215,0.0026135219438281404,-34.40242366099597,0.0049786675799028636,-0.0006066770128157192,0.0009280090827852948,0.0011087190156261453,123.17426614060552,0.003927978724306226,0.04149721873518842,-0.041771085238564834,0.05887990085558502,-45.18844311059033,0.05887990085558502,0.07508220816931829,11.49745207375213,1.5515838457795457e-17,45.0
timing_transfer_robust,high_low_permutation_alternating_centering,1000,slice,45,0.8,100,8,0568fef0c926be0f,4be0d4222a2a7bc5,6,1,0.001,0.05293653631712006,0.2073167701444443,0.8479590242507792,5.055616099969484,instant_RF_exact_pathways,runs\combined_factor_study\cases\4be0d4222a2a7bc5,0.0301339515503004,0.029201821867536108,0.04196190458522065,44.09999143869362,0.04196190458522065,0.0027343960780993816,0.0020291970995653386,0.003405078968366176,36.57913392202712,0.007331363291314814,4.382136105214745e-06,-0.0006644128387399015,0.0006644272897761342,-89.62211105979176,0.0036432684405846303,0.03287272976450498,0.030566606128361554,0.04488801368268106,42.91812139207873,0.04488801368268106,0.13849344519625847,-7.520857516666501,1.5515838457795457e-17,45.0
timing_transfer_robust,high_low_permutation_alternating_centering,1000,slice,45,0.8,100,8,0568fef0c926be0f,4be0d4222a2a7bc5,7,1,0.001,0.04930153850557646,0.38264146043747715,0.7707398004672785,5.058299699914642,instant_RF_exact_pathways,runs\combined_factor_study\cases\4be0d4222a2a7bc5,0.021181354382676345,-0.021857367283089645,0.030436725809988168,-45.89987573474809,0.030436725809988168,0.005428484705252677,-0.005538266627124729,0.007755052767601634,-45.57353636518107,0.012731103983009815,0.00015923854843971597,0.00042686514820899733,0.00045559935257271495,69.54238157681854,0.006133708712578596,0.026769077636368765,-0.026968768762005334,0.03799865795051785,-45.21291151037963,0.03799865795051785,0.25822934474083015,0.32633936956702675,5.003707553108401e-17,45.0
timing_transfer_robust,high_low_permutation_alternating_centering,1000,slice,45,0.8,100,8,0568fef0c926be0f,4be0d4222a2a7bc5,8,1,0.001,0.04346628122542462,0.49074471663461344,0.7163384089303381,5.069061600021087,instant_RF_exact_pathways,runs\combined_factor_study\cases\4be0d4222a2a7bc5,0.015896039111608376,0.015404328959702838,0.022135433362293195,44.099991438693614,0.022135433362293195,0.006513264903541656,0.006021137694985097,0.008869989788363791,42.7516011150365,0.015680699571781618,0.0004555655119774728,-0.000290577737089736,0.0005403474410002222,-32.5313446731097,0.005650148291349732,0.022864869527127508,0.02113488891759829,0.031136566735139298,42.7484067755207,0.031136566735139298,0.360755489765928,-1.3483903236571186,9.37392947022046e-17,45.0
timing_transfer_robust,high_low_permutation_alternating_centering,1000,read,90,1,0,8,5dd811482568c653,644375c6f0fc7154,1,1,0.001,0.2079343069623638,4.615359086053876e-10,0.9999999990769282,5.134442599955946,instant_RF_exact_pathways,runs\combined_factor_study\cases\644375c6f0fc7154,-3.420686304230549e-07,-0.2079343068661133,0.20793430686639466,-90.00009425615774,0.20793430686639466,0.0,0.0,0.0,0.0,0.0,-9.686314212057606e-17,9.596915488444181e-11,9.596915488449069e-11,90.00005782951034,9.596915488449069e-11,-3.4206863051991803e-07,-0.20793430677014416,0.20793430677042551,-90.00009425615781,0.20793430677042551,0.0,180.0,0.0,90.0
timing_transfer_robust,high_low_permutation_alternating_centering,1000,read,90,1,0,8,5dd811482568c653,644375c6f0fc7154,2,1,0.001,0.16930703073803988,1.3743446011901856e-09,0.9999999972513264,5.134622900048271,instant_RF_exact_pathways,runs\combined_factor_study\cases\644375c6f0fc7154,-6.202904159544354e-07,0.1693070305042174,0.16930703050535367,90.00020991463144,0.16930703050535367,-2.564845616710317e-21,-2.2944469314129933e-15,2.294446931414427e-15,-90.00006404804004,2.294446931417319e-15,2.34851194765299e-16,-2.3268129434325744e-10,2.3268129434337596e-10,-89.99994216990106,2.3268393763918118e-10,-6.202904157195868e-07,0.16930703027153382,0.1693070302726701,90.00020991463164,0.1693070302726701,1.3551988487515321e-14,179.99972603732851,2.7755575615628914e-17,90.0
timing_transfer_robust,high_low_permutation_alternating_centering,1000,read,90,1,0,8,5dd811482568c653,644375c6f0fc7154,3,1,0.001,0.13399444742977357,2.7986590819564314e-09,0.9999999944027115,5.1347509999759495,instant_RF_exact_pathways,runs\combined_factor_study\cases\644375c6f0fc7154,-2.204316241945112e-07,-0.13399444705458746,0.1339944470547688,-90.00009425615774,0.1339944470547688,-6.500096703409902e-20,2.3368422896321228e-14,2.3368422896411632e-14,90.00015937237579,2.4703097654044623e-14,-3.7846514742206523e-16,3.74977410999979e-10,3.7497741100016995e-10,90.00005782869849,3.7498006583360306e-10,-2.2043162457304133e-07,-0.13399444667958668,0.13399444667976798,-90.00009425615816,0.13399444667976798,1.8435911433562579e-13,-179.99974637146647,2.6469779601696886e-23,90.0
timing_transfer_robust,high_low_permutation_alternating_centering,1000,read,90,1,0,8,5dd811482568c653,644375c6f0fc7154,4,1,0.001,0.10874764726725213,3.4976787710571968e-09,0.9999999930047052,5.134971900028177,instant_RF_exact_pathways,runs\combined_factor_study\cases\644375c6f0fc7154,-3.9841891337997746e-07,0.10874764688615794,0.10874764688688779,90.00020991463144,0.10874764688688779,1.121382799072261e-19,-6.552456861837939e-14,6.552456861847534e-14,-89.99990194441115,6.975771101997782e-14,3.8383615961638822e-16,-3.802919534561164e-10,3.802919534563101e-10,-89.99994217024113,3.8029456414810334e-10,-3.9841891299602923e-07,0.10874764650580043,0.10874764650653028,90.00020991463197,0.10874764650653028,6.414640939177762e-13,179.99988814095744,2.77555756156794e-17,90.0
timing_transfer_robust,high_low_permutation_alternating_centering,1000,read,90,1,0,8,5dd811482568c653,644375c6f0fc7154,5,1,0.001,0.08667526461005277,6.181971597664482e-09,0.9999999876361485,5.135433800052851,instant_RF_exact_pathways,runs\combined_factor_study\cases\644375c6f0fc7154,-1.4258776880180013e-07,-0.08667526407411147,0.08667526407422875,-90.00009425615774,0.08667526407422875,-5.444501684248571e-20,1.1388085027770168e-13,1.1388085027771468e-13,90.00002739239893,1.196532648558166e-13,-5.406870373154265e-16,5.357021992482542e-10,5.357021992485271e-10,90.00005782893057,5.357043570333957e-10,-1.4258776934254165e-07,-0.0866752635382954,0.08667526353841268,-90.00009425615869,0.08667526353841268,1.3804776413908862e-12,-179.99987835144336,1.38777878078397e-17,90.0
timing_transfer_robust,high_low_permutation_alternating_centering,1000,read,90,1,0,8,5dd811482568c653,644375c6f0fc7154,6,1,0.001,0.07004938237061048,6.31835396074675e-09,0.9999999873634141,5.137393899960443,instant_RF_exact_pathways,runs\combined_factor_study\cases\644375c6f0fc7154,-2.566400232984109e-07,0.07004938192754356,0.07004938192801369,90.00020991463144,0.07004938192801369,3.816190714287501e-19,-1.720669224021381e-13,1.7206692240256128e-13,-89.99987292640637,1.7894930995465617e-13,4.46537546479005e-16,-4.4241621928969476e-10,4.424162192899201e-10,-89.9999421704818,4.4241785624904807e-10,-2.5664002285149176e-07,0.07004938148495532,0.07004938148542544,90.00020991463239,0.07004938148542544,2.5546165276360112e-12,179.9999171589622,4.1633363423477026e-17,90.0
timing_transfer_robust,high_low_permutation_alternating_centering,1000,read,90,1,0,8,5dd811482568c653,644375c6f0fc7154,7,1,0.001,0.05617393803549101,1.1274202960570023e-08,0.9999999774517586,5.142930099973455,instant_RF_exact_pathways,runs\combined_factor_study\cases\644375c6f0fc7154,-9.241063738933112e-08,-0.056173937402098625,0.056173937402174634,-90.00009425615774,0.056173937402174634,7.194848946627197e-20,2.6702152524949086e-13,2.6702152524950055e-13,89.99998456175103,2.7505856050067974e-13,-6.389324995894001e-16,6.330401212174608e-10,6.330401212177832e-10,90.00005782909234,6.330413242887788e-10,-9.241063802819168e-08,-0.05617393676879149,0.0561739367688675,-90.00009425615946,0.0561739367688675,4.896551143110105e-12,-179.99992118209124,6.938893903907228e-18,90.0
timing_transfer_robust,high_low_permutation_alternating_centering,1000,read,90,1,0,8,5dd811482568c653,644375c6f0fc7154,8,1,0.001,0.045166120184825534,1.081243052462621e-08,0.9999999785975352,5.158247699961066,instant_RF_exact_pathways,runs\combined_factor_study\cases\644375c6f0fc7154,-1.6547517896892832e-07,0.04516611969616687,0.04516611969647,90.00020991463144,0.04516611969647,8.864024262276877e-19,-3.370592412867727e-13,3.370592412879382e-13,-89.9998493228734,3.6774159354281657e-13,4.824249853097671e-16,-4.779737214979408e-10,4.779737214981843e-10,-89.99994217063754,4.879878003885056e-10,-1.6547517848561696e-07,0.04516611921785611,0.04516611921815924,90.00020991463303,0.04516611921815924,8.141978811506744e-12,179.99994076249519,2.0816681711738513e-17,90.0
timing_transfer_robust,high_low_permutation_alternating_centering,1000,oblique,45,0.8,100,8,22d8a8a79ab10414,687cf5c6e715686e,1,1,0.001,0.19063365328892476,1.3128960570743968e-05,0.9999985598328329,4.4946199000114575,instant_RF_exact_pathways,runs\combined_factor_study\cases\687cf5c6e715686e,0.13266295394684513,-0.1368969545992469,0.19063115046720727,-45.899875734748115,0.19063115046720727,0.0,0.0,0.0,0.0,0.0,2.3681385316638446e-06,-8.08010534159246e-07,2.502191265363881e-06,-18.839677251885,2.502821717476562e-06,0.1326653220853768,-0.13689776260978104,0.19063337874459635,-45.89953360934135,0.19063337874459635,0.0,0.0,0.0,45.0
timing_transfer_robust,high_low_permutation_alternating_centering,1000,oblique,45,0.8,100,8,22d8a8a79ab10414,687cf5c6e715686e,2,1,0.001,0.14165356401012613,0.008877379086682227,0.9871105388138882,4.494752799975686,instant_RF_exact_pathways,runs\combined_factor_study\cases\687cf5c6e715686e,0.10082211137203623,0.09770339385063939,0.14039605162342864,44.09999143869359,0.14039605162342864,-1.2542156543873827e-06,1.4073379605462616e-06,1.885114596756622e-06,131.70733602093483,2.0379355995731957e-06,-0.0011579819994712581,0.00037223100757444736,0.001216338042691809,162.18010171570538,0.0012554744510979172,0.0996628751569106,0.09807703219617438,0.13982772589494322,44.540506709582296,0.13982772589494322,1.4386758383484891e-05,87.60734458224125,1.3877787807814457e-17,45.0
timing_transfer_robust,high_low_permutation_alternating_centering,1000,oblique,45,0.8,100,8,22d8a8a79ab10414,687cf5c6e715686e,3,1,0.001,0.10291652914244782,0.023451644415039503,0.963798338533766,4.494823699933477,instant_RF_exact_pathways,runs\combined_factor_study\cases\687cf5c6e715686e,0.06994145757033346,-0.07217367212739338,0.10050296729656909,-45.8998757347481,0.10050296729656909,0.00024846010057011776,0.00014962002708315434,0.0002900320225073033,31.055903226720222,0.00041204413133595565,-0.0018670454719468751,0.00011580548800864084,0.0018706335037548775,176.45071510830599,0.0020015177145427856,0.0683228721989567,-0.0719082466123016,0.09919077979515312,-46.464597005743514,0.09919077979515312,0.00400367302287897,76.95577896146831,1.962615573354719e-17,45.0
timing_transfer_robust,high_low_permutation_alternating_centering,1000,oblique,45,0.8,100,8,22d8a8a79ab10414,687cf5c6e715686e,4,1,0.001,0.0780760554037886,0.05505556887272043,0.9251755011680403,4.494933299953118,instant_RF_exact_pathways,runs\combined_factor_study\cases\687cf5c6e715686e,0.0529815948476546,0.05134272192668188,0.07377753375819499,44.09999143869361,0.07377753375819499,2.2290440376829968e-05,-0.0005712192533809851,0.0005716540030169675,-87.76530556777794,0.001056196013948417,-0.0007244891032104232,-0.0009255073811197119,0.001175350319342157,-128.05391337999598,0.0032423256316452174,0.052279396184821,0.049845995292181186,0.0722340536874238,43.63503853548081,0.0722340536874238,0.013527784011193342,-131.86529700647156,1.5515838457795457e-17,45.0
timing_transfer_robust,high_low_permutation_alternating_centering,1000,oblique,45,0.8,100,8,22d8a8a79ab10414,687cf5c6e715686e,5,1,0.001,0.06156509178659548,0.13607291629039284,0.8841477935924718,4.495187999913469,instant_RF_exact_pathways,runs\combined_factor_study\cases\687cf5c6e715686e,0.03701411882977316,-0.03819544186390463,0.05318775020550772,-45.899875734748086,0.05318775020550772,0.0019931275367125376,-0.0013225499452702012,0.0023920066336312698,-33.566465914123285,0.004465119779715076,-0.0006174324619583017,0.0009286863882540424,0.0011152045789039012,123.61774626305395,0.003912221801372657,0.03838981390452741,-0.03858930542092077,0.0544326400654364,-45.14848177597653,0.0544326400654364,0.0725268110570293,12.333409820624798,2.5018537765542006e-17,45.0
timing_transfer_robust,high_low_permutation_alternating_centering,1000,oblique,45,0.8,100,8,22d8a8a79ab10414,687cf5c6e715686e,6,1,0.001,0.049183478454654254,0.20947848211881054,0.8448793173641063,4.495824599987827,instant_RF_exact_pathways,runs\combined_factor_study\cases\687cf5c6e715686e,0.027921183970199923,0.02705750154497592,0.03888059804265006,44.099991438693614,0.03888059804265006,0.0025368044763981233,0.0018849293664407291,0.0031604328292093482,36.61356605682904,0.006682302826520986,-7.914818000762137e-06,-0.0006663535575909414,0.0006664005612678378,-90.68051612756537,0.003620577585483201,0.03045007362859729,0.02827607735382572,0.04155410370236051,42.879923074098976,0.04155410370236051,0.13586478704798963,-7.4864253818645725,1.2509268882771003e-17,45.0
timing_transfer_robust,high_low_permutation_alternating_centering,1000,oblique,45,0.8,100,8,22d8a8a79ab10414,687cf5c6e715686e,7,1,0.001,0.04596977945554641,0.386515977815553,0.7650671950549314,4.4979220000095665,instant_RF_exact_pathways,runs\combined_factor_study\cases\687cf5c6e715686e,0.019625985376312553,-0.020252357942391757,0.028201725199320567,-45.89987573474809,0.028201725199320567,0.005019107627629608,-0.005116895177985393,0.007167569855970703,-45.55274650312375,0.011648740968159578,0.00015186683027678408,0.00042857172166538195,0.00045468368647835517,70.48792864597145,0.006119313288066284,0.02479695983421886,-0.024940681398711834,0.0351699702253487,-45.16556105089413,0.0351699702253487,0.25339997507327866,0.3471292316243414,1.0620135233045646e-16,45.0
timing_transfer_robust,high_low_permutation_alternating_centering,1000,oblique,45,0.8,100,8,22d8a8a79ab10414,687cf5c6e715686e,8,1,0.001,0.04051067383025865,0.49371354758250324,0.7122594453798637,4.504896099912003,instant_RF_exact_pathways,runs\combined_factor_study\cases\687cf5c6e715686e,0.014728776333626459,0.014273172972465793,0.020510005338563977,44.099991438693614,0.020510005338563977,0.006022925892627339,0.005593323042363106,0.008219543719958602,42.88199981720539,0.014372153736586474,0.00044858882220806377,-0.00029336832300127255,0.0005360008436099675,-33.18390182191679,0.005628514755108016,0.021200291048461915,0.01957312769182767,0.02885411007430459,42.714683968245986,0.02885411007430459,0.3547744921944862,-1.2179916214882205,6.88665556569629e-17,45.0
timing_transfer_robust,high_low_permutation_alternating_centering,1000,read,0,0.7,0,8,1a71dc69e9c7763f,7092743d38d3561a,1,1,0.001,0.14780503523776448,0.004872155949616216,0.9951880652168729,3.7022532999981195,instant_RF_exact_pathways,runs\combined_factor_study\cases\7092743d38d3561a,0.14708490605566074,2.9047942000231383e-07,0.14708490605594757,0.0001131539955243316,0.14708490605594757,0.0,0.0,0.0,0.0,0.0,7.171739780138113e-06,0.0007129567227551673,0.0007129927926516947,89.42367250442908,0.0007201291818169182,0.14709207779544087,0.0007132472021751696,0.14709380704758254,0.27782416810883503,0.14709380704758254,0.0,0.0,0.0,0.0
timing_transfer_robust,high_low_permutation_alternating_centering,1000,read,0,0.7,0,8,1a71dc69e9c7763f,7092743d38d3561a,2,1,0.001,0.09715593601066341,0.02139209514966502,0.9789266202977981,3.702438300009817,instant_RF_exact_pathways,runs\combined_factor_study\cases\7092743d38d3561a,0.09507756698316844,4.155972614391086e-09,0.09507756698316853,2.504478165903363e-06,0.09507756698316853,6.0668434597389254e-05,1.3433448415174392e-10,6.066843459753798e-05,0.00012686661582793845,7.570552157108559e-05,-4.351999643232895e-05,0.0016210982659343467,0.0016216823295284485,91.5377928657091,0.0020026635059237933,0.09509471542133349,0.0016211025562414452,0.09510853208078787,0.976640377167569,0.09510853208078787,0.0007792166354382761,0.00012436213766203508,0.0,0.0
timing_transfer_robust,high_low_permutation_alternating_centering,1000,read,0,0.7,0,8,1a71dc69e9c7763f,7092743d38d3561a,3,1,0.001,0.06279319504045068,0.04865422192534441,0.9572122749660623,3.702582999947481,instant_RF_exact_pathways,runs\combined_factor_study\cases\7092743d38d3561a,0.05973804099343466,1.1797724161635353e-07,0.05973804099355116,0.0001131539955243316,0.05973804099355116,0.0003995442619605968,-1.926582839432187e-10,0.0003995442619606432,-2.7627743930076092e-05,0.0006430454497698387,-3.119523950493043e-05,5.691815902704937e-05,6.490623848905784e-05,118.72590620452011,0.0024121085971296878,0.06010639001589033,5.703594361038169e-05,0.06010641707705746,0.05436889268678377,0.06010641707705746,0.010240686898565936,-0.00014078173945440773,6.939453055472473e-18,0.0
timing_transfer_robust,high_low_permutation_alternating_centering,1000,read,0,0.7,0,8,1a71dc69e9c7763f,7092743d38d3561a,4,1,0.001,0.045623061860131445,0.15635308194577813,0.8463184628021485,3.7027881999965757,instant_RF_exact_pathways,runs\combined_factor_study\cases\7092743d38d3561a,0.03848975553049697,1.6824407165117175e-09,0.03848975553049701,2.504478165903354e-06,0.03848975553049701,-0.00015195589576008986,9.354695593104893e-10,0.00015195589576296934,179.99964727622222,0.0013121813219148532,3.326991682220225e-05,0.004303453279825656,0.004303581882456467,89.55705622463378,0.005821125007719592,0.0383710695515591,0.004303455897735933,0.038611639581793776,6.399190180086173,0.038611639581793776,0.0287613603387178,179.99964477174404,1.3904866443919908e-17,0.0
timing_transfer_robust,high_low_permutation_alternating_centering,1000,read,0,0.7,0,8,1a71dc69e9c7763f,7092743d38d3561a,5,1,0.001,0.03991954028404904,0.38990700968405806,0.8007136867576152,3.7032305999891832,instant_RF_exact_pathways,runs\combined_factor_study\cases\7092743d38d3561a,0.02435463170388569,4.8098200430148155e-08,0.024354631703933184,0.00011315399552433165,0.024354631703933184,0.007496629581759796,1.3793654624277521e-08,0.007496629581772486,0.00010542313521189054,0.00958550564266457,3.373366779737924e-05,-0.002247773972783687,0.002248027089042039,-89.14019304039559,0.0059794029374512754,0.03188499495344286,-0.0022477120809286343,0.031964122274510044,-4.032358180225093,0.031964122274510044,0.24012064203291253,-7.730860312441111e-06,7.152448122690996e-18,0.0
timing_transfer_robust,high_low_permutation_alternating_centering,1000,read,0,0.7,0,8,1a71dc69e9c7763f,7092743d38d3561a,6,1,0.001,0.03396225368667647,0.5398967429705238,0.7534185282594857,3.704635899979621,instant_RF_exact_pathways,runs\combined_factor_study\cases\7092743d38d3561a,0.015626143537301164,6.830404549694155e-10,0.015626143537301178,2.5044781659033846e-06,0.015626143537301178,0.009826734375456064,1.0266236907296312e-09,0.009826734375456118,5.985834396202617e-06,0.012875118450077562,5.615127534634856e-05,0.002006110902301637,0.0020068965887799274,88.3967031401652,0.005460991699297779,0.0255090291881036,0.002006112611965785,0.025587791188991082,4.496670497112053,0.025587791188991082,0.379100826725422,3.4813562302992335e-06,2.4425128309372856e-17,0.0
timing_transfer_robust,high_low_permutation_alternating_centering,1000,read,0,0.7,0,8,1a71dc69e9c7763f,7092743d38d3561a,7,1,0.001,0.04017496869515427,0.7523787399770656,0.6062487109772937,3.708621499943547,instant_RF_exact_pathways,runs\combined_factor_study\cases\7092743d38d3561a,0.009948176369656647,1.9646750842299443e-08,0.009948176369676046,0.00011315399552433162,0.009948176369676046,0.014244145752560299,2.7819169162202455e-08,0.014244145752587464,0.00011190007531804193,0.019366987173122036,6.870697390944182e-05,-0.0021490758143350814,0.0021501738311177974,-88.1688504413238,0.010859805152356286,0.024261029096126353,-0.002149028348415074,0.024356022984990407,-5.062016203468669,0.024356022984990407,0.4820660177753417,-1.2539202062896848e-06,3.4827031038440086e-17,0.0
timing_transfer_robust,high_low_permutation_alternating_centering,1000,read,0,0.7,0,8,1a71dc69e9c7763f,7092743d38d3561a,8,1,0.001,0.03724371468151877,0.8294979876612186,0.5306100193452735,3.719392800005153,instant_RF_exact_pathways,runs\combined_factor_study\cases\7092743d38d3561a,0.006350128300170362,2.775729349284893e-10,0.006350128300170368,2.504478165903387e-06,0.006350128300170368,0.013286067286154508,6.632233960169145e-10,0.013286067286154526,2.8601316437485387e-06,0.021252830532127624,6.558734471776831e-05,0.0015401202520995048,0.0015415161662188852,87.56148339800855,0.009640755849220759,0.01970178293104253,0.001540121192895838,0.01976188816765052,4.469816590475857,0.01976188816765052,0.5706420724642107,3.556534778451515e-07,1.0757471220449128e-16,0.0
timing_transfer_robust,high_low_permutation_alternating_centering,1000,read,45,0.7,0,8,346754e6d6faa501,7473ee53e4080505,1,1,0.001,0.14780503523776445,0.004872155949616217,0.9917230603997919,5.0111267999745905,instant_RF_exact_pathways,runs\combined_factor_study\cases\7473ee53e4080505,0.10400495620647812,-0.10400451275774276,0.14708490605594754,-44.99987785295981,0.14708490605594754,0.0,0.0,0.0,0.0,0.0,5.07097564136657e-06,0.0007180284165290768,0.0007180463228352393,89.59536326806355,0.0007201291818169182,0.10401002718211949,-0.1032864843412137,0.14658166188849484,-44.80001697844044,0.14658166188849484,0.0,0.0,0.0,45.0
timing_transfer_robust,high_low_permutation_alternating_centering,1000,read,45,0.7,0,8,346754e6d6faa501,7473ee53e4080505,2,1,0.001,0.09715593601066341,0.02139209514966502,0.990396251568872,5.0112864000257105,instant_RF_exact_pathways,runs\combined_factor_study\cases\7473ee53e4080505,0.06722999996610106,0.06722998473893142,0.09507756698316853,44.99999351143349,0.09507756698316853,4.289916369473244e-05,-5.3531784284973946e-05,6.860021992997132e-05,-51.29210156653828,7.570552157108558e-05,-3.0773829427036884e-05,0.001651871360777801,0.0016521579891570625,91.0672783893156,0.0020026635059237933,0.06724212530036876,0.06882832431542424,0.09622287484262623,45.66787750717343,0.09622287484262623,0.0007792166354382759,-96.29209507797177,0.0,45.0
timing_transfer_robust,high_low_permutation_alternating_centering,1000,read,45,0.7,0,8,346754e6d6faa501,7473ee53e4080505,3,1,0.001,0.06279319504045067,0.04865422192534431,0.9490643053986586,5.011365400045179,instant_RF_exact_pathways,runs\combined_factor_study\cases\7473ee53e4080505,0.042241263933851844,-0.04224108382863613,0.05973804099355115,-44.9998778529598,0.05973804099355115,0.00028252033370575696,0.0004363929371558187,0.000519862034155885,57.081022270108356,0.0006430454497698387,-2.2058379616814872e-05,2.9804847998921406e-05,3.707965851458618e-05,126.50490919281333,0.0024121085971296878,0.042501725887940774,-0.04177488604348139,0.05959478003482781,-44.5058673808854,0.05959478003482781,0.010240686898565938,102.08090012306816,1.3877787807814457e-17,45.0
timing_transfer_robust,high_low_permutation_alternating_centering,1000,read,45,0.7,0,8,346754e6d6faa501,7473ee53e4080505,4,1,0.001,0.04562306186013145,0.1563530819457781,0.8991981199890737,5.011494899983518,instant_RF_exact_pathways,runs\combined_factor_study\cases\7473ee53e4080505,0.027216370223994514,0.027216364059658858,0.038489755530497015,44.999993511433495,0.038489755530497015,-0.00010744836017120134,-0.0007973552276553138,0.0008045623090679414,-97.67471449836576,0.001312181321914853,2.3524089708219067e-05,0.004351318107523828,0.004351381695009224,89.69025065667894,0.005821125007719592,0.027132445953531537,0.030770326939527363,0.04102417145277541,48.595019948722936,0.04102417145277541,0.02876136033871779,-142.67470800979925,1.0971354589302191e-17,45.0
timing_transfer_robust,high_low_permutation_alternating_centering,1000,read,45,0.7,0,8,346754e6d6faa501,7473ee53e4080505,5,1,0.001,0.03991954028404904,0.38990700968405795,0.8261974434522714,5.011787299998105,instant_RF_exact_pathways,runs\combined_factor_study\cases\7473ee53e4080505,0.017221361944705478,-0.017221288517520326,0.024354631703933188,-44.9998778529598,0.024354631703933188,0.005300928166535554,-0.004560178136283393,0.006992500558556079,-40.704103730110525,0.009585505642664572,2.3854039346727718e-05,-0.0022902094287919083,0.0022903336531869137,-89.40324830512498,0.0059794029374512754,0.022546144150587748,-0.024071676082595635,0.032981422126471274,-46.87429099698648,0.032981422126471274,0.24012064203291258,4.29577412284928,1.2509268882771003e-17,45.0
timing_transfer_robust,high_low_permutation_alternating_centering,1000,read,45,0.7,0,8,346754e6d6faa501,7473ee53e4080505,6,1,0.001,0.033962253686676463,0.5398967429705238,0.7846796406140362,5.012594199972227,instant_RF_exact_pathways,runs\combined_factor_study\cases\7473ee53e4080505,0.011049353310324242,0.01104935080771563,0.015626143537301174,44.9999935114335,0.015626143537301174,0.006948551742019562,0.006511306925575199,0.00952257786476785,43.139395339394945,0.012875118450077556,3.970434805618939e-05,0.0020566792929726835,0.00205706250498063,88.8940380562979,0.005460991699297779,0.018037609400399977,0.019617337026263514,0.02664948901730401,47.40230538559084,0.02664948901730401,0.37910082672542195,-1.8605981720385596,1.7690777709386487e-17,45.0
timing_transfer_robust,high_low_permutation_alternating_centering,1000,read,45,0.7,0,8,346754e6d6faa501,7473ee53e4080505,7,1,0.001,0.040174968695154266,0.7523787399770656,0.6387323730434221,5.015690500033088,instant_RF_exact_pathways,runs\combined_factor_study\cases\7473ee53e4080505,0.007034437967883109,-0.007034407974960324,0.009948176369676045,-44.99987785295981,0.009948176369676045,0.010072153295890477,-0.00984382877723903,0.014083651409045762,-44.343167806537004,0.019366987173122033,4.858391397756483e-05,-0.002205515771626789,0.0022060508189051063,-88.73807154997623,0.010859805152356286,0.017155175177751156,-0.019083752523826127,0.02566105309160108,-48.04631532103629,0.02566105309160108,0.4820660177753417,0.656710046422811,1.7690777709386487e-17,45.0
timing_transfer_robust,high_low_permutation_alternating_centering,1000,read,45,0.7,0,8,346754e6d6faa501,7473ee53e4080505,8,1,0.001,0.03724371468151876,0.8294979876612186,0.5578792754761284,5.025498399976641,instant_RF_exact_pathways,runs\combined_factor_study\cases\7473ee53e4080505,0.004490219290958171,0.004490218273951912,0.006350128300170366,44.9999935114335,0.006350128300170366,0.00939466939821278,0.009334273946558697,0.013243431700700544,44.81523824258042,0.021252830532127613,4.637680206012293e-05,0.0015905720096588082,0.0015912479774313568,88.32988233829803,0.009640755849220759,0.013931265491231045,0.015415064230169431,0.02077749656256533,47.894504027845805,0.02077749656256533,0.5706420724642106,-0.1847552688530758,3.1031676915590914e-17,45.0
timing_transfer_robust,high_low_permutation_alternating_centering,1000,read,90,0.7,100,8,5dd811482568c653,8836694614970b78,1,1,0.001,0.14780503523776445,0.004872155949616217,0.9936872533995951,5.125224299961701,instant_RF_exact_pathways,runs\combined_factor_study\cases\8836694614970b78,-0.002310545790802539,-0.1470667568406794,0.14708490605594754,-90.90009213794605,0.14708490605594754,0.0,0.0,0.0,0.0,0.0,-0.0006788246241424568,0.00022520268124289112,0.0007152056473358798,161.64653778824595,0.0007201291818169181,-0.0029893704149449958,-0.1468415541594365,0.14687197950404451,-91.16625469895455,0.14687197950404451,0.0,180.0,0.0,90.0
timing_transfer_robust,high_low_permutation_alternating_centering,1000,read,90,0.7,100,8,5dd811482568c653,8836694614970b78,2,1,0.001,0.09715593601066341,0.02139209514966502,0.9829592589278204,5.12541459989734,instant_RF_exact_pathways,runs\combined_factor_study\cases\8836694614970b78,0.001493068660097038,0.09506584291644994,0.09507756698316853,89.10020784189155,0.09507756698316853,3.4431230961254532e-06,-6.216608361152852e-05,6.226136079665001e-05,-86.82986189004865,7.570552157108562e-05,-0.0018810423524205622,0.0004958758723493454,0.001945305429072285,165.23180663094064,0.0020026635059237938,-0.00038453056922739884,0.09549955270518776,0.09550032686148045,90.23070118153005,0.09550032686148045,0.0007792166354382763,-175.9300697319402,1.3877787807814457e-17,90.0
timing_transfer_robust,high_low_permutation_alternating_centering,1000,read,90,0.7,100,8,5dd811482568c653,8836694614970b78,3,1,0.001,0.0627931950404507,0.048654221925344396,0.944685878883942,5.125498899957165,instant_RF_exact_pathways,runs\combined_factor_study\cases\8836694614970b78,-0.0009384204189921217,-0.05973066975067682,0.05973804099355117,-90.90009213794605,0.05973804099355117,-6.720168996222757e-05,0.00038739394161510813,0.0003931795176937237,99.84123227855771,0.0006430454497698386,-0.002253183646238661,0.00011301197608935185,0.002256016012890194,177.12864608968775,0.0024121085971296886,-0.0032588057551930097,-0.05923026383297235,0.05931984464471895,-93.14919673983694,0.05931984464471895,0.01024068689856593,-169.25867558349628,1.3884562417838567e-17,90.0
timing_transfer_robust,high_low_permutation_alternating_centering,1000,read,90,0.7,100,8,5dd811482568c653,8836694614970b78,4,1,0.001,0.04562306186013146,0.1563530819457781,0.7644680608419274,5.125676199910231,instant_RF_exact_pathways,runs\combined_factor_study\cases\8836694614970b78,0.0006044311980296596,0.03848500933771843,0.03848975553049702,89.10020784189155,0.03848975553049702,-1.863413888664815e-05,-0.0009346105529426448,0.0009347962969566166,-91.14220417504288,0.001312181321914853,0.0008889868095853503,-0.002704219598827655,0.002846594664911101,-71.80220570362933,0.005821125007719591,0.0014747838687283617,0.034846179185948144,0.034877373629885994,87.57653505338168,0.034877373629885994,0.028761360338717786,179.75758798306558,1.3877787807814457e-17,90.0
timing_transfer_robust,high_low_permutation_alternating_centering,1000,read,90,0.7,100,8,5dd811482568c653,8836694614970b78,5,1,0.001,0.03991954028404903,0.38990700968405795,0.7349772200794361,5.126031099935062,instant_RF_exact_pathways,runs\combined_factor_study\cases\8836694614970b78,-0.00038258508829358876,-0.024351626518252182,0.024354631703933184,-90.90009213794605,0.024354631703933184,-0.00018025455050943193,-0.006769911032123434,0.006772310321141962,-91.52518775867841,0.009585505642664569,0.0014402661042236485,0.0017947076864776505,0.002301161039753091,51.25270101605457,0.0059794029374512754,0.0008774264654206285,-0.02932682986389794,0.02933995274481942,-88.28628456708644,0.02933995274481942,0.24012064203291253,-0.6250956207323799,2.4294839440401475e-17,90.0
timing_transfer_robust,high_low_permutation_alternating_centering,1000,read,90,0.7,100,8,5dd811482568c653,8836694614970b78,6,1,0.001,0.03396225368667647,0.5398967429705237,0.6814888628476039,5.126911500003189,instant_RF_exact_pathways,runs\combined_factor_study\cases\8836694614970b78,0.0002453881176603152,0.01562421666900618,0.01562614353730118,89.10020784189155,0.01562614353730118,-0.00011334507343914902,0.00850268515439653,0.00850344059428112,90.76373634704244,0.012875118450077556,0.0014181923977796384,-0.00103397959478801,0.0017551021279566435,-36.09514427581989,0.005460991699297779,0.0015502354420008034,0.02309292222861469,0.02314489764467499,86.15947769607331,0.02314489764467499,0.37910082672542184,1.6635285051508877,7.023086426956682e-18,90.0
timing_transfer_robust,high_low_permutation_alternating_centering,1000,read,90,0.7,100,8,5dd811482568c653,8836694614970b78,7,1,0.001,0.040174968695154266,0.7523787399770655,0.6105289547655378,5.129826599964872,instant_RF_exact_pathways,runs\combined_factor_study\cases\8836694614970b78,-0.00015627515870576865,-0.009946948836550455,0.00994817636967605,-90.90009213794605,0.00994817636967605,-0.0006598562520678153,-0.014198198947730967,0.014213523969541886,-92.66088635731491,0.019366987173122033,-0.0008925904329481746,-0.0003232431159719454,0.0009493175406647989,-160.0926286388248,0.010859805152356287,-0.0017087218437217614,-0.024468390900253364,0.024527981645190735,-93.99469933238318,0.024527981645190735,0.4820660177753417,-1.7607942193688695,4.470280076681873e-18,90.0
timing_transfer_robust,high_low_permutation_alternating_centering,1000,read,90,0.7,100,8,5dd811482568c653,8836694614970b78,8,1,0.001,0.03724371468151877,0.8294979876612186,0.531118705888431,5.138182299910113,instant_RF_exact_pathways,runs\combined_factor_study\cases\8836694614970b78,9.972044777142958e-05,0.006349345262381065,0.006350128300170369,89.10020784189155,0.006350128300170369,-5.240806495450057e-05,0.013254353479668888,0.013254457090702849,90.22654785013687,0.021252830532127613,-0.0005871705954986292,0.0001697665286260461,0.0006112200769444284,163.8740216732236,0.009640755849220759,-0.0005398582126817036,0.019773465270675968,0.019780833544126207,91.5639097439147,0.019780833544126207,0.5706420724642105,1.1263400082453212,3.14053902229767e-17,90.0
timing_transfer_robust,high_low_permutation_alternating_centering,1000,read,45,1.2,0,8,346754e6d6faa501,96829cdcb625af4c,1,1,0.001,0.1792070068442489,0.0018613961388770479,0.9968372715690283,5.787811699905433,instant_RF_exact_pathways,runs\combined_factor_study\cases\96829cdcb625af4c,0.1264828861120777,-0.12648234682358667,0.1788734316136493,-44.999877852959806,0.1788734316136493,0.0,0.0,0.0,0.0,0.0,2.5077432998664264e-06,0.00033253635117231733,0.0003325458068108163,89.56792578318468,0.0003335752305995875,0.12648539385537758,-0.12614981047241436,0.17864022374867325,-44.92389223718473,0.17864022374867325,0.0,0.0,0.0,45.0
timing_transfer_robust,high_low_permutation_alternating_centering,1000,read,45,1.2,0,8,346754e6d6faa501,96829cdcb625af4c,2,1,0.001,0.1332023552088317,0.011000389802276815,0.9954651656160355,5.7879363999236375,instant_RF_exact_pathways,runs\combined_factor_study\cases\96829cdcb625af4c,0.09315219129754512,0.09315217019916316,0.1317370773789532,44.99999351143349,0.1317370773789532,2.4170669077543102e-05,-3.0161404830402424e-05,3.865141116440021e-05,-51.29210156653827,4.265475015453966e-05,-1.7339361757699356e-05,0.0012374469428950187,0.001237568418289022,90.80278774087661,0.0014226230797239532,0.09315902260486497,0.09435945573722777,0.13259830458840563,45.36678418648415,0.13259830458840563,0.00032022519487486905,-96.29209507797177,0.0,45.0
timing_transfer_robust,high_low_permutation_alternating_centering,1000,read,45,1.2,0,8,346754e6d6faa501,96829cdcb625af4c,3,1,0.001,0.09675688786958717,0.02534417365932781,0.973141237402031,5.788008100003935,instant_RF_exact_pathways,runs\combined_factor_study\cases\96829cdcb625af4c,0.06668360992615716,-0.06668332560545198,0.09430466450068424,-44.99987785295981,0.09430466450068424,0.0001838257153279505,0.0002787822881454706,0.0003339333134017283,56.59961817716791,0.00041433343182995604,-1.5122881903770682e-05,9.828881201942802e-05,9.944542284723744e-05,98.74703136704804,0.0020378899370729663,0.06685231275958134,-0.0663062545052871,0.09415811758857962,-44.765042095272236,0.09415811758857962,0.004282211230154605,101.59949603012772,1.3877787807814457e-17,45.0
timing_transfer_robust,high_low_permutation_alternating_centering,1000,read,45,1.2,0,8,346754e6d6faa501,96829cdcb625af4c,4,1,0.001,0.07363498512599244,0.05985383196174221,0.9516008756999009,5.788126499974169,instant_RF_exact_pathways,runs\combined_factor_study\cases\96829cdcb625af4c,0.048951345667624914,0.048951334580454836,0.0692276490997559,44.99999351143349,0.0692276490997559,-0.000142741688699742,-0.0006550030449085772,0.000670376147049074,-102.29398164052495,0.0010194114018751183,-2.5743980145569738e-06,0.001982220750746716,0.001982222422488458,90.07441252849011,0.003387924624361444,0.048806029580910605,0.050278552286292966,0.07007111632804358,45.85142536096952,0.07007111632804358,0.013844117712943978,-147.29397515195845,9.813077866773595e-18,45.0
timing_transfer_robust,high_low_permutation_alternating_centering,1000,read,45,1.2,0,8,346754e6d6faa501,96829cdcb625af4c,5,1,0.001,0.058106531448685064,0.14109866299455617,0.8979523096969084,5.788410799927078,instant_RF_exact_pathways,runs\combined_factor_study\cases\96829cdcb625af4c,0.03529020317338714,-0.03529005270559656,0.04990777755002447,-44.9998778529598,0.04990777755002447,0.001659844817989024,-0.0008940103406225855,0.0018852955494948604,-28.307385032994492,0.004217166287765333,1.19224668778986e-06,-0.0006538810491445669,0.0006538821360784863,-89.89553049788304,0.003981587610895231,0.036951240238063954,-0.036837944095363735,0.0521768941228228,-44.91202795139409,0.0521768941228228,0.07257645883560593,16.692492819965302,2.0816681711721685e-17,45.0
timing_transfer_robust,high_low_permutation_alternating_centering,1000,read,45,1.2,0,8,346754e6d6faa501,96829cdcb625af4c,6,1,0.001,0.046495952571666964,0.21535076241107504,0.8621212756145596,5.78915580001194,instant_RF_exact_pathways,runs\combined_factor_study\cases\96829cdcb625af4c,0.025797389332552982,0.025797383489607507,0.0364830137363293,44.99999351143348,0.0364830137363293,0.0023075994300574146,0.001678438738566092,0.002853449093416709,36.03037122846282,0.00629546688400205,1.031765420054448e-05,0.0010959958967098895,0.001096044460591411,89.46063613963771,0.0037174719513356495,0.028115306416810922,0.02857181812488348,0.04008514994199959,45.46140334268225,0.04008514994199959,0.1353981698578704,-8.96962228297066,1.8683543625880677e-17,45.0
timing_transfer_robust,high_low_permutation_alternating_centering,1000,read,45,1.2,0,8,346754e6d6faa501,96829cdcb625af4c,7,1,0.001,0.043641674374220854,0.39363628892063374,0.7458009609875766,5.791308299987577,instant_RF_exact_pathways,runs\combined_factor_study\cases\96829cdcb625af4c,0.01871201404818036,-0.01871193426526165,0.026462727631269837,-44.99987785295979,0.026462727631269837,0.004370194213755222,-0.0037579015475947618,0.005763715946102369,-40.69202277056801,0.010961400146729298,1.2522449350185385e-05,-0.00046498252765470217,0.00046515111819911154,-88.45733963952394,0.0062175465962217204,0.023094730711285743,-0.02293481834051112,0.03254800268740081,-44.80094814603378,0.03254800268740081,0.2511681850869636,4.307855082391784,2.797157557069881e-17,45.0
timing_transfer_robust,high_low_permutation_alternating_centering,1000,read,45,1.2,0,8,346754e6d6faa501,96829cdcb625af4c,8,1,0.001,0.03850708882316192,0.500212744943229,0.6856658554670225,5.798649300006218,instant_RF_exact_pathways,runs\combined_factor_study\cases\96829cdcb625af4c,0.01360852060443858,0.013608517522194758,0.019245352223155366,44.99999351143348,0.019245352223155366,0.00485593350085319,0.004474324483760555,0.006603004600232191,42.65789900963784,0.013509424406000756,1.5349139823836494e-05,0.0007749168685837909,0.0007750688674621371,88.86526415703942,0.005752312194005802,0.018479803245115667,0.018857758874539166,0.02640299599947794,45.57996616719706,0.02640299599947794,0.3508295438286903,-2.3420945017956383,8.341116186757555e-17,45.0
timing_transfer_robust,high_low_permutation_alternating_centering,1000,read,45,1,0,8,346754e6d6faa501,9f620667bb8e3a2f,1,1,0.001,0.20793430696236384,4.6153590860538757e-10,0.9999999992121098,4.6190644999733195,instant_RF_exact_pathways,runs\combined_factor_study\cases\9f620667bb8e3a2f,0.1470320718785222,-0.14703144497391388,0.2079343068663947,-44.9998778529598,0.2079343068663947,0.0,0.0,0.0,0.0,0.0,2.5166958302444933e-17,9.5969104338173e-11,9.59691043381763e-11,89.99998497474262,9.596915488449069e-11,0.14703207187852224,-0.14703144487794478,0.20793430679853445,-44.99987783426099,0.20793430679853445,0.0,0.0,0.0,45.0
timing_transfer_robust,high_low_permutation_alternating_centering,1000,read,45,1,0,8,346754e6d6faa501,9f620667bb8e3a2f,2,1,0.001,0.16930703073803985,1.3743446011901858e-09,0.9999999976538617,4.619256899924949,instant_RF_exact_pathways,runs\combined_factor_study\cases\9f620667bb8e3a2f,0.11971816293059569,0.11971813581518924,0.16930703050535365,44.99999351143349,0.16930703050535365,1.3001674442903737e-15,-1.622415850746393e-15,2.0791028295747433e-15,-51.29210156653825,2.294446931417318e-15,-6.977943165635069e-16,-2.3268168065794308e-10,2.326816806589894e-10,-90.00017182559966,2.3268393763918118e-10,0.11971816293059628,0.11971813558250594,0.16930703034082215,44.99999345575352,0.16930703034082215,1.3551988487515318e-14,-96.29209507797175,1.3877787807814457e-17,45.0
timing_transfer_robust,high_low_permutation_alternating_centering,1000,read,45,1,0,8,346754e6d6faa501,9f620667bb8e3a2f,3,1,0.001,0.1339944474297736,2.798659081956431e-09,0.9999999952225006,4.61936099990271,instant_RF_exact_pathways,runs\combined_factor_study\cases\9f620667bb8e3a2f,0.09474858414459968,-0.09474818016250737,0.13399444705476882,-44.9998778529598,0.13399444705476882,1.1032585760419902e-14,1.6523962881917792e-14,1.986855047264437e-14,56.27007691367217,2.4703097654044632e-14,-1.3170560428628508e-15,3.7497779977510526e-10,3.7497779977741826e-10,90.0002012432541,3.7498006583360306e-10,0.09474858414460938,-0.09474817978751306,0.1339944467896152,-44.99987773957426,0.1339944467896152,1.843591143356258e-13,101.26995476663198,1.962615573354719e-17,45.0
timing_transfer_robust,high_low_permutation_alternating_centering,1000,read,45,1,0,8,346754e6d6faa501,9f620667bb8e3a2f,4,1,0.001,0.10874764726725214,3.497678771057196e-09,0.9999999940291726,4.619537799968384,instant_RF_exact_pathways,runs\combined_factor_study\cases\9f620667bb8e3a2f,0.07689620726005023,0.0768961898435458,0.1087476468868878,44.999993511433495,0.1087476468868878,-1.2254938714021186e-14,-4.633282716232861e-14,4.7926134788219996e-14,-104.81534692295757,6.975771101997783e-14,-5.391858190217387e-16,-3.8029233578460154e-10,3.8029233578498375e-10,-90.00008123506286,3.8029456414810334e-10,0.07689620726003742,0.07689618946320712,0.1087476466179387,44.99999336974202,0.1087476466179387,6.414640939177763e-13,-149.81534043439106,1.962615573354719e-17,45.0
timing_transfer_robust,high_low_permutation_alternating_centering,1000,read,45,1,0,8,346754e6d6faa501,9f620667bb8e3a2f,5,1,0.001,0.08667526461005282,6.181971597664479e-09,0.9999999894469159,4.619975199922919,instant_RF_exact_pathways,runs\combined_factor_study\cases\9f620667bb8e3a2f,0.06128879764723198,-0.0612885363285333,0.08667526407422879,-44.99987785295979,0.08667526407422879,-1.6115745626962986e-14,8.052581481815996e-14,8.212261630782089e-14,101.31717246736575,1.196532648558166e-13,-1.3035804439177518e-15,5.357025152474632e-10,5.357025152490494e-10,90.00013942375772,5.357043570333957e-10,0.06128879764721457,-0.06128853579275026,0.08667526369536147,-44.999877602528706,0.08667526369536147,1.3804776413908856e-12,146.31705032032554,1.3877787807814457e-17,45.0
timing_transfer_robust,high_low_permutation_alternating_centering,1000,read,45,1,0,8,346754e6d6faa501,9f620667bb8e3a2f,6,1,0.001,0.07004938237061052,6.318353960746746e-09,0.9999999892139272,4.621859299950302,instant_RF_exact_pathways,runs\combined_factor_study\cases\9f620667bb8e3a2f,0.04953239858861203,0.04953238736983713,0.07004938192801373,44.99999351143348,0.07004938192801373,-5.5396049473556724e-14,-1.216696069796822e-13,1.336870059499691e-13,-114.47972626362152,1.7894930995465622e-13,-1.3221354330427348e-16,-4.4241645901641055e-10,4.424164590164303e-10,-90.000017122505,4.4241785624904807e-10,0.0495323985885565,0.049532386927299006,0.07004938161505278,44.99999325551623,0.07004938161505278,2.5546165276360104e-12,-159.479719775055,6.938893903907228e-18,45.0
timing_transfer_robust,high_low_permutation_alternating_centering,1000,read,45,1,0,8,346754e6d6faa501,9f620667bb8e3a2f,7,1,0.001,0.05617393803549102,1.1274202960570021e-08,0.9999999807536889,4.629472399945371,instant_RF_exact_pathways,runs\combined_factor_study\cases\9f620667bb8e3a2f,0.039721056742806245,-0.039720887383065874,0.05617393740217464,-44.999877852959806,0.05617393740217464,-9.096125672165577e-14,1.8881242746588964e-13,2.0958073143766056e-13,115.72265627937585,2.7505856050067984e-13,-1.0642723925929822e-15,6.330402973981285e-10,6.330402973990231e-10,90.0000963261211,6.330413242887788e-10,0.039721056742714235,-0.03972088674983676,0.05617393695434993,-44.99987739632242,0.05617393695434993,4.8965511431101066e-12,160.72253413233562,1.3877787807814457e-17,45.0
timing_transfer_robust,high_low_permutation_alternating_centering,1000,read,45,1,0,8,346754e6d6faa501,9f620667bb8e3a2f,8,1,0.001,0.045166120184825555,1.0812430524626205e-08,0.999999981698554,4.6434685999993235,instant_RF_exact_pathways,runs\combined_factor_study\cases\9f620667bb8e3a2f,0.03193727313405219,0.031937265900461885,0.04516611969647002,44.99999351143349,0.04516611969647002,-1.4550420327364307e-13,-2.3833675448889377e-13,2.792416188726116e-13,-121.40399779595491,3.677415935428166e-13,2.032564001406289e-16,-4.779738371334346e-10,4.779738371334779e-10,-89.9999756352064,4.879878003885056e-10,0.031937273133906895,0.0319372654222497,0.04516611935822024,44.99999308260505,0.04516611935822024,8.141978811506742e-12,-166.4039913073884,1.5515838457795457e-17,45.0
timing_transfer_robust,high_low_permutation_alternating_centering,0,read,45,0.8,100,8,2fa904ad8dfa73ed,ab946957117e7d2b,1,1,0.001,0.559387514303704,0.026285082421057197,0.9968701196487729,3.8458770000142977,instant_RF_exact_pathways,runs\combined_factor_study\cases\ab946957117e7d2b,0.3790533913459273,-0.3911510588446985,0.5446839673849209,-45.89987573474809,0.5446839673849209,0.0,0.0,0.0,0.0,0.0,0.01393847892114835,-0.004470069522434926,0.01463771553797581,-17.781043313568386,0.014703546918783155,0.39299187026707566,-0.3956211283671334,0.5576366983139631,-45.19102504583354,0.5576366983139631,0.0,0.0,0.0,45.0
timing_transfer_robust,high_low_permutation_alternating_centering,0,read,45,0.8,100,8,2fa904ad8dfa73ed,ab946957117e7d2b,2,1,0.001,0.41636976440541357,0.036556096899238416,0.9851763952093068,3.8460520999506116,instant_RF_exact_pathways,runs\combined_factor_study\cases\ab946957117e7d2b,0.28807562398723396,0.27916461742537885,0.4011489109518962,44.0999914386936,0.4011489109518962,-0.0019095316591348035,0.002107689956879996,0.002844058387510867,132.1760484758571,0.0030298647955724223,0.009264672870075716,0.0033024388156225972,0.009835662942600656,19.618862591749036,0.012190988657944941,0.29543076519817485,0.2845747461978814,0.4101976635710737,43.92771458447141,0.4101976635710737,0.007276860748760528,88.0760570371635,0.0,45.0
timing_transfer_robust,high_low_permutation_alternating_centering,0,read,45,0.8,100,8,2fa904ad8dfa73ed,ab946957117e7d2b,3,1,0.001,0.30140641221216946,0.04725403066630265,0.9685250972952139,3.84615009999834,instant_RF_exact_pathways,runs\combined_factor_study\cases\ab946957117e7d2b,0.1998413716788993,-0.2062194031706775,0.28716374436647535,-45.899875734748086,0.28716374436647535,-0.0013605708924996085,-0.0005051631673692955,0.0014513245602496224,-159.6306605215349,0.00426844935861548,0.005361271891098409,-0.0022383631283966884,0.005809776741394434,-22.660828559088383,0.00997421848707866,0.2038420726774981,-0.20896292946644351,0.29191967471319274,-45.71071918039714,0.29191967471319274,0.014161773557792738,-113.7307847867868,5.551115123125783e-17,45.0
timing_transfer_robust,high_low_permutation_alternating_centering,0,read,45,0.8,100,8,2fa904ad8dfa73ed,ab946957117e7d2b,4,1,0.001,0.22785715084466002,0.0748499126648718,0.9334506238765515,3.8463213000213727,instant_RF_exact_pathways,runs\combined_factor_study\cases\ab946957117e7d2b,0.1513825269861404,0.14669983057242544,0.2108020630038707,44.09999143869359,0.2108020630038707,-0.002293661643502564,0.00015492557272509552,0.002298887919834084,176.1358210830672,0.007279519798377349,0.004176070419922924,0.0006184336340331546,0.00422161394633127,8.423700384692738,0.00977556804241196,0.15326493576256078,0.14747318977918367,0.2126933996106814,43.8967092749556,0.2126933996106814,0.03194773467232595,132.03582964437362,2.7755575615628914e-17,45.0
timing_transfer_robust,high_low_permutation_alternating_centering,0,read,45,0.8,100,8,2fa904ad8dfa73ed,ab946957117e7d2b,5,1,0.001,0.17997980583236603,0.15561878153090133,0.8955730091925115,3.8467854999471456,instant_RF_exact_pathways,runs\combined_factor_study\cases\ab946957117e7d2b,0.10575919540980727,-0.10913454993826148,0.15197156774856502,-45.899875734748086,0.15197156774856502,0.004390145166643264,-0.004256057692636759,0.00611452382996859,-44.111513961330964,0.01804144350895232,0.003729373296728263,-0.0006806898196378483,0.0037909845445356855,-10.343834591366925,0.009966794574848701,0.11387871387317877,-0.11407129745053614,0.16118505630317598,-45.04840633039116,0.16118505630317598,0.10024148779089248,1.7883617734171262,6.206335383118183e-17,45.0
timing_transfer_robust,high_low_permutation_alternating_centering,0,read,45,0.8,100,8,2fa904ad8dfa73ed,ab946957117e7d2b,6,1,0.001,0.14780625161079922,0.24839293056391862,0.8211879877139063,3.84788270003628,instant_RF_exact_pathways,runs\combined_factor_study\cases\ab946957117e7d2b,0.07977825880869824,0.07731048809662577,0.11109222361752488,44.09999143869359,0.11109222361752488,0.006608788148202178,0.006096746600663646,0.008991462611862504,42.69219063174433,0.024955210211405617,0.0005242556169108409,0.0013201707741539567,0.0014204558510537467,68.34138063279836,0.01175881778186864,0.08691130257381124,0.08472740547144339,0.12137671833180753,44.27101912853233,0.12137671833180753,0.16883731195022272,-1.4078008069492567,1.962615573354719e-17,45.0
timing_transfer_robust,high_low_permutation_alternating_centering,0,read,45,0.8,100,8,2fa904ad8dfa73ed,ab946957117e7d2b,7,1,0.001,0.13704984231770206,0.4120398939999337,0.7538415135449954,3.8507404000265524,instant_RF_exact_pathways,runs\combined_factor_study\cases\ab946957117e7d2b,0.05607666717852215,-0.05786638042064931,0.08057983981640848,-45.89987573474809,0.08057983981640848,0.014783293753622152,-0.014632142777463239,0.02080012924156851,-44.705588704330026,0.04256620807270222,0.001325575061389995,-0.0014136015037175247,0.0019378902070787023,-46.84062924825223,0.013903794428591848,0.07218553599353446,-0.07391212470183002,0.10331386056387948,-45.67709257153691,0.10331386056387948,0.31058925244165825,1.194287030418069,1.6243534171511178e-16,45.0
timing_transfer_robust,high_low_permutation_alternating_centering,0,read,45,0.8,100,8,2fa904ad8dfa73ed,ab946957117e7d2b,8,1,0.001,0.12796796982034483,0.5420530017580236,0.6625466012406792,3.866094999946654,instant_RF_exact_pathways,runs\combined_factor_study\cases\ab946957117e7d2b,0.042084036677441344,0.04078225653446523,0.05860254765034674,44.0999914386936,0.05860254765034674,0.01779244778954166,0.016244240283812886,0.024092458171424004,42.395614588864284,0.05048718834262993,0.001982994544295388,0.0009550311202788306,0.0022009888240075892,25.715957471503216,0.018878233827367807,0.06185947901127851,0.05798152793855693,0.08478474347213928,43.14660497962438,0.08478474347213928,0.39452988441958764,-1.704376849829316,1.1978388074229732e-16,45.0
timing_transfer_robust,high_low_permutation_alternating_centering,1000,read,90,0.8,0,8,5dd811482568c653,abb851f17cfd2c16,1,1,0.001,0.17923335091281167,0.002010866201569564,0.995978267596868,5.038735600071959,instant_RF_exact_pathways,runs\combined_factor_study\cases\abb851f17cfd2c16,-2.942603429575941e-07,-0.178872936625025,0.17887293662526704,-90.00009425615774,0.17887293662526704,0.0,0.0,0.0,0.0,0.0,-3.731851990805573e-10,0.00036041428754442564,0.00036041428754461885,90.00005932599684,0.0003604142875446312,-2.9463352815667465e-07,-0.17851252233748055,0.1785125223377237,-90.00009456623796,0.1785125223377237,0.0,180.0,0.0,90.0
timing_transfer_robust,high_low_permutation_alternating_centering,1000,read,90,0.8,0,8,5dd811482568c653,abb851f17cfd2c16,2,1,0.001,0.13312839964505285,0.01045636173901297,0.9979135016652085,5.038924399996176,instant_RF_exact_pathways,runs\combined_factor_study\cases\abb851f17cfd2c16,-4.826426987720515e-07,0.13173636093974417,0.1317363609406283,90.00020991463144,0.1317363609406283,-4.76826518906034e-11,-4.265571136104194e-05,4.265571136106859e-05,-90.00006404804004,4.265571136112236e-05,-1.1026073447212183e-09,0.0011569222316159676,0.001156922231616493,90.00005460587202,0.0013493829930634582,-4.837929887686633e-07,0.1328506274599991,0.13285062746088,90.00020865009782,0.13285062746088,0.0003204103067027853,179.99972603732851,2.7755575615628914e-17,90.0
timing_transfer_robust,high_low_permutation_alternating_centering,1000,read,90,0.8,0,8,5dd811482568c653,abb851f17cfd2c16,3,1,0.001,0.09674876225580503,0.025270220150807245,0.9685828056409728,5.039001500001177,instant_RF_exact_pathways,runs\combined_factor_study\cases\abb851f17cfd2c16,-1.5513748698711056e-07,-0.09430389973415512,0.09430389973428273,-90.00009425615774,0.09430389973428273,-1.088009261638445e-09,0.00039426574103499555,0.0003942657410364968,90.00015811249185,0.00041434163238070724,-1.4554263957783265e-10,0.00020044640523150301,0.00020044640523155584,90.0000416020381,0.002030520889141586,-1.5637103888832683e-07,-0.09370918758788863,0.09370918758801909,-90.00009560856087,0.09370918758801909,0.004282655640443052,-179.99974763135043,1.3877787807814457e-17,90.0
timing_transfer_robust,high_low_permutation_alternating_centering,1000,read,90,0.8,0,8,5dd811482568c653,abb851f17cfd2c16,4,1,0.001,0.07349792406995792,0.05811077446963853,0.95367892393345,5.03914230002556,instant_RF_exact_pathways,runs\combined_factor_study\cases\abb851f17cfd2c16,-2.536267052389047e-07,0.06922690277987738,0.06922690278034198,90.00020991463144,0.06922690278034198,1.4707946938653216e-09,-0.0009263289924414657,0.0009263289924426334,-89.99990902764657,0.0010194277723053493,-1.7998844900480968e-09,0.0017928473504839203,0.0017928473504848239,90.00005752067229,0.0032515935173106,-2.5395579503508746e-07,0.07009342113791982,0.07009342113837988,90.00020758860107,0.07009342113837988,0.013870157357574098,179.999881057722,1.3877787807814457e-17,90.0
timing_transfer_robust,high_low_permutation_alternating_centering,1000,read,90,0.8,0,8,5dd811482568c653,abb851f17cfd2c16,5,1,0.001,0.05804415654374547,0.14018724409837088,0.8893960093297596,5.039449700037949,instant_RF_exact_pathways,runs\combined_factor_study\cases\abb851f17cfd2c16,-8.210119688339113e-08,-0.04990710620179584,0.04990710620186337,-90.00009425615774,0.04990710620186337,-4.9549337157313125e-09,-0.0012644227241123485,0.001264422724122057,-90.00022452680126,0.004217299593309065,4.524528826515088e-10,-0.0004527122689382258,0.00045271226893845194,-89.99994273704871,0.003919750748573018,-8.660367771647088e-08,-0.05162424119484644,0.051624241194919075,-90.00009611812413,0.051624241194919075,0.07265674693938676,-0.0001302706435157146,2.77555756156794e-17,90.0
timing_transfer_robust,high_low_permutation_alternating_centering,1000,read,90,0.8,0,8,5dd811482568c653,abb851f17cfd2c16,6,1,0.001,0.04640325143353467,0.21379592166940342,0.8573531479245026,5.040266000083648,instant_RF_exact_pathways,runs\combined_factor_study\cases\abb851f17cfd2c16,-1.3366071589754374e-07,0.036482425524600216,0.03648242552484506,90.00020991463144,0.03648242552484506,-1.1058777217146233e-08,0.0023738229094052423,0.0023738229094310017,90.00026692018963,0.006295655255415913,-9.751005664615932e-10,0.0009277252562009021,0.0009277252562014146,90.0000602216515,0.0036251706532736787,-1.4569459368115143e-07,0.03978397369020636,0.03978397369047314,90.00020982532769,0.03978397369047314,0.1356727182023752,5.700555819655937e-05,6.938893905169406e-18,90.0
timing_transfer_robust,high_low_permutation_alternating_centering,1000,read,90,0.8,0,8,5dd811482568c653,abb851f17cfd2c16,7,1,0.001,0.043548165810442664,0.39234569818200793,0.7352668589716983,5.043666900019161,instant_RF_exact_pathways,runs\combined_factor_study\cases\abb851f17cfd2c16,-4.353249355527255e-08,-0.026462230290962882,0.02646223029099869,-90.00009425615774,0.02646223029099869,-1.1041574630282777e-08,-0.0053147488162667645,0.005314748816278234,-90.00011903396518,0.010961708009629523,1.9779380227155068e-10,-0.00024254398214716512,0.0002425439821472458,-89.99995327548437,0.00612422750981443,-5.437627438328382e-08,-0.03201952308937671,0.03201952308942288,-90.00009730098162,0.03201952308942288,0.2517145740958154,-2.4777807434261108e-05,1.0408340855861873e-16,90.0
timing_transfer_robust,high_low_permutation_alternating_centering,1000,read,90,0.8,0,8,5dd811482568c653,abb851f17cfd2c16,8,1,0.001,0.03838744385654388,0.49866578270027945,0.6818955097387197,5.053970000008121,instant_RF_exact_pathways,runs\combined_factor_study\cases\abb851f17cfd2c16,-7.050771167685608e-08,0.01924493911982823,0.01924493911995739,90.00020991463144,0.01924493911995739,-2.4616111519266073e-08,0.006327927043504864,0.0063279270435527436,90.00022288488606,0.01350977244489954,-6.66601242376947e-10,0.0006033594326161027,0.0006033594326164709,90.00006330130225,0.005632732291686948,-9.579042443849935e-08,0.026176225595949204,0.026176225596124474,90.00020967068068,0.026176225596124474,0.35193206652118725,1.2970254629357825e-05,6.938893907996683e-18,90.0
timing_transfer_robust,high_low_permutation_alternating_centering,1000,read,90,0.7,0,8,5dd811482568c653,b4ee5deaad2f89d2,1,1,0.001,0.14780503523776445,0.004872155949616217,0.990255688100785,4.605585600016639,instant_RF_exact_pathways,runs\combined_factor_study\cases\b4ee5deaad2f89d2,-2.4196648032106443e-07,-0.1470849060557485,0.14708490605594754,-90.00009425615774,0.14708490605594754,0.0,0.0,0.0,0.0,0.0,-7.45872517866079e-10,0.000720129181816507,0.0007201291818168932,90.00005934400163,0.0007201291818169182,-2.427123528389305e-07,-0.14636477687393198,0.1463647768741332,-90.00009501188573,0.1463647768741332,0.0,180.0,0.0,90.0
timing_transfer_robust,high_low_permutation_alternating_centering,1000,read,90,0.7,0,8,5dd811482568c653,b4ee5deaad2f89d2,2,1,0.001,0.09715593601066341,0.02139209514966502,0.9949621554999831,4.605737200006843,instant_RF_exact_pathways,runs\combined_factor_study\cases\b4ee5deaad2f89d2,-3.483358215892897e-07,0.09507756698253043,0.09507756698316853,90.00020991463144,0.09507756698316853,-8.462735507350492e-11,-7.570552157094288e-05,7.570552157099018e-05,-90.00006404804004,7.570552157108562e-05,-1.5646018836341087e-09,0.001664618051195045,0.0016646180511957803,90.00005385324549,0.0020026635059237933,-3.4998505082799733e-07,0.09666647951215454,0.0966664795127881,90.00020744177719,0.0966664795127881,0.0007792166354382763,179.99972603732851,1.3877787807814457e-17,90.0
timing_transfer_robust,high_low_permutation_alternating_centering,1000,read,90,0.7,0,8,5dd811482568c653,b4ee5deaad2f89d2,3,1,0.001,0.06279319504045068,0.0486542219253443,0.9412216358495961,4.60581269999966,instant_RF_exact_pathways,runs\combined_factor_study\cases\b4ee5deaad2f89d2,-9.827387396900433e-08,-0.05973804099347033,0.059738040993551164,-90.00009425615774,0.059738040993551164,-1.6834458022843065e-09,0.0006171530997718281,0.0006171530997741241,90.00015628915993,0.0006430454497698386,6.405713303244963e-11,1.857413758719086e-05,1.857413758730132e-05,89.99980240248823,0.0024121085971296878,-9.989326263825618e-08,-0.059102313756111316,0.059102313756195735,-90.00009683990334,0.059102313756195735,0.010240686898565934,-179.99974945468236,0.0,90.0
timing_transfer_robust,high_low_permutation_alternating_centering,1000,read,90,0.7,0,8,5dd811482568c653,b4ee5deaad2f89d2,4,1,0.001,0.04562306186013146,0.1563530819457781,0.9147406275920548,4.605939200031571,instant_RF_exact_pathways,runs\combined_factor_study\cases\b4ee5deaad2f89d2,-1.4101497378303842e-07,0.03848975553023871,0.03848975553049702,90.00020991463144,0.03848975553049702,1.5414809460442956e-09,-0.0011276316894360343,0.001127631689437088,-89.99992167624124,0.0013121813219148528,-4.500165210344454e-09,0.004371144397556765,0.0043711443975590816,90.00005898694947,0.005821125007719592,-1.4397365804733855e-07,0.04173326823835945,0.04173326823860779,90.00019766204075,0.04173326823860779,0.02876136033871778,179.99986840912732,6.938893903957715e-18,90.0
timing_transfer_robust,high_low_permutation_alternating_centering,1000,read,90,0.7,0,8,5dd811482568c653,b4ee5deaad2f89d2,5,1,0.001,0.039919540284049045,0.389907009684058,0.8294559224607285,4.60622900002636,instant_RF_exact_pathways,runs\combined_factor_study\cases\b4ee5deaad2f89d2,-4.0065324654556746e-08,-0.024354631703900235,0.02435463170393319,-90.00009425615774,0.02435463170393319,-1.3389859892133371e-08,-0.006449080573070113,0.006449080573084014,-90.00011895997443,0.00958550564266457,2.239737365162524e-09,-0.0023077868335041377,0.0023077868335052245,-89.99994439369513,0.0059794029374512754,-5.121544718152761e-08,-0.03311149911047451,0.033111499110514114,-90.00008862265523,0.033111499110514114,0.24012064203291247,-2.4703816695471454e-05,2.081668171173115e-17,90.0
timing_transfer_robust,high_low_permutation_alternating_centering,1000,read,90,0.7,0,8,5dd811482568c653,b4ee5deaad2f89d2,6,1,0.001,0.033962253686676463,0.5398967429705239,0.792413489160707,4.60706199996639,instant_RF_exact_pathways,runs\combined_factor_study\cases\b4ee5deaad2f89d2,-5.7249524993646165e-08,0.0156261435371963,0.01562614353730117,90.00020991463144,0.01562614353730117,-3.5378108497021095e-08,0.009208378981565447,0.009208378981633408,90.00022012737618,0.01287511845007756,-2.2460221444194292e-09,0.002077625424691382,0.0020776254246925962,90.00006193974528,0.005460991699297779,-9.487365563508673e-08,0.02691214794345315,0.02691214794362038,90.0002019853661,0.02691214794362038,0.37910082672542206,1.0212744745825288e-05,2.0816681711789e-17,90.0
timing_transfer_robust,high_low_permutation_alternating_centering,1000,read,90,0.7,0,8,5dd811482568c653,b4ee5deaad2f89d2,7,1,0.001,0.040174968695154266,0.7523787399770655,0.6496178453831377,4.610337399994023,instant_RF_exact_pathways,runs\combined_factor_study\cases\b4ee5deaad2f89d2,-1.6365548895058508e-08,-0.009948176369662585,0.009948176369676046,-90.00009425615774,0.009948176369676046,-2.375860887723992e-08,-0.013921306166696944,0.013921306166717218,-90.00009778306716,0.019366987173122036,2.0672769701864675e-09,-0.002228894065693879,0.002228894065694838,-89.99994685873712,0.010859805152356286,-3.805688080211195e-08,-0.026098376602053375,0.026098376602081124,-90.00008354920632,0.026098376602081124,0.4820660177753418,-3.5269094161268905e-06,3.4694469519541824e-17,90.0
timing_transfer_robust,high_low_permutation_alternating_centering,1000,read,90,0.7,0,8,5dd811482568c653,b4ee5deaad2f89d2,8,1,0.001,0.037243714681518776,0.8294979876612185,0.5682101402787585,4.623556099948473,instant_RF_exact_pathways,runs\combined_factor_study\cases\b4ee5deaad2f89d2,-2.3264974365917755e-08,0.006350128300127752,0.00635012830017037,90.00020991463144,0.00635012830017037,-4.858997992471795e-08,0.013200658218769052,0.013200658218858479,90.00021089863324,0.02125283053212761,-1.8005721302266221e-09,0.0016114698246628737,0.0016114698246638796,90.00006401930845,0.009640755849220759,-7.365552642086233e-08,0.021162256343559664,0.021162256343687843,90.00019941875448,0.021162256343687843,0.5706420724642103,9.840018191029286e-07,1.3877787807820768e-17,90.0
timing_transfer_robust,high_low_permutation_alternating_centering,1000,read,0,1.2,0,8,1a71dc69e9c7763f,bac5e900724f61d6,1,1,0.001,0.17920700684424895,0.0018613961388770474,0.9981600970217144,4.334722099942155,instant_RF_exact_pathways,runs\combined_factor_study\cases\bac5e900724f61d6,0.17887343161330052,3.5325889013514715e-07,0.17887343161364935,0.00011315399552433165,0.17887343161364935,0.0,0.0,0.0,0.0,0.0,3.546622158905076e-06,0.0003300282754945244,0.00033004733168839244,89.3842992422349,0.0003335752305995875,0.17887697823545942,0.00033038153438465955,0.17887728333862657,0.10582382490603046,0.17887728333862657,0.0,0.0,0.0,0.0
timing_transfer_robust,high_low_permutation_alternating_centering,1000,read,0,1.2,0,8,1a71dc69e9c7763f,bac5e900724f61d6,2,1,0.001,0.13320235520883172,0.011000389802276814,0.9891145560921936,4.334881099988706,instant_RF_exact_pathways,runs\combined_factor_study\cases\bac5e900724f61d6,0.1317370773789531,5.758410771951774e-09,0.13173707737895324,2.5044781659033397e-06,0.13173707737895324,3.418240659750017e-05,7.568805735327074e-11,3.418240659758396e-05,0.00012686661582793845,4.265475015453964e-05,-2.452099819642879e-05,0.0012201086211669821,0.0012203550003169338,91.15134060371847,0.0014226230797239532,0.13174673878735416,0.0012201144552658114,0.13175238844281828,0.5306044837813748,0.13175238844281828,0.00032022519487486884,0.00012436213766203508,0.0,0.0
timing_transfer_robust,high_low_permutation_alternating_centering,1000,read,0,1.2,0,8,1a71dc69e9c7763f,bac5e900724f61d6,3,1,0.001,0.09675688786958717,0.02534417365932781,0.9771223363286665,4.334955299971625,instant_RF_exact_pathways,runs\combined_factor_study\cases\bac5e900724f61d6,0.09430466450050035,1.862432045695546e-07,0.09430466450068424,0.00011315399552433165,0.09430466450068424,0.00025996892582829783,-1.1830569644782312e-10,0.0002599689258283248,-2.6073951250976073e-05,0.0004143334318299561,-2.1386936186321294e-05,0.00011473111422329297,0.00011670745310542971,100.55926818010875,0.0020378899370729667,0.09454324649014233,0.00011491723912216606,0.09454331633102182,0.06964293904447534,0.09454331633102182,0.004282211230154606,-0.0001392279467753077,1.3552527156068805e-20,0.0
timing_transfer_robust,high_low_permutation_alternating_centering,1000,read,0,1.2,0,8,1a71dc69e9c7763f,bac5e900724f61d6,4,1,0.001,0.07363498512599247,0.05985383196174219,0.9377325117335428,4.335067400010303,instant_RF_exact_pathways,runs\combined_factor_study\cases\bac5e900724f61d6,0.06922764909975586,3.0260367713047425e-09,0.06922764909975593,2.5044781659033308e-06,0.06922764909975593,-0.00020186794040630404,6.907015953255025e-10,0.00020186794040748569,179.999803959528,0.0010194114018751183,-3.639891769018147e-06,0.0019584153408001683,0.001958418723331027,90.10648925780396,0.003387924624361444,0.06902214126758055,0.001958419057538535,0.06904991955365898,1.6252617908850981,0.06904991955365898,0.013844117712943972,179.99980145504986,1.3877787807814457e-17,0.0
timing_transfer_robust,high_low_permutation_alternating_centering,1000,read,0,1.2,0,8,1a71dc69e9c7763f,bac5e900724f61d6,5,1,0.001,0.05810653144868508,0.14109866299455615,0.8993939393481959,4.335315000033006,instant_RF_exact_pathways,runs\combined_factor_study\cases\bac5e900724f61d6,0.04990777754992715,9.856335816552949e-08,0.049907777550024485,0.00011315399552433168,0.049907777550024485,0.0023473711418794843,3.590058074842244e-09,0.0023473711418822295,8.762788816193182e-05,0.004217166287765334,1.685794705933391e-06,-0.0006326092902829699,0.0006326115364551245,-89.84731698597501,0.003981587610895231,0.052256834486512554,-0.0006325071368667294,0.052260662221492706,-0.6934637395822031,0.052260662221492706,0.07257645883560593,-2.5526107362399853e-05,1.3878211317825933e-17,0.0
timing_transfer_robust,high_low_permutation_alternating_centering,1000,read,0,1.2,0,8,1a71dc69e9c7763f,bac5e900724f61d6,6,1,0.001,0.046495952571666985,0.2153507624110751,0.8554613411285225,4.336102699977346,instant_RF_exact_pathways,runs\combined_factor_study\cases\bac5e900724f61d6,0.03648301373632928,1.5947232432386284e-09,0.03648301373632931,2.5044781659033304e-06,0.03648301373632931,0.003263437142886613,1.0018076207290057e-09,0.0032634371428867663,1.758861777893518e-05,0.00629546688400205,1.4591832593650814e-05,0.0010719501801415455,0.0010720494905945028,89.22011413893514,0.0037174719513356495,0.039761042711809504,0.0010719527766724103,0.03977548994400641,1.5443130235104348,0.03977548994400641,0.13539816985787034,1.508413961303185e-05,3.470530984772429e-17,0.0
timing_transfer_robust,high_low_permutation_alternating_centering,1000,read,0,1.2,0,8,1a71dc69e9c7763f,bac5e900724f61d6,7,1,0.001,0.04364167437422087,0.39363628892063374,0.7484547164285306,4.339123299927451,instant_RF_exact_pathways,runs\combined_factor_study\cases\bac5e900724f61d6,0.02646272763121824,5.226149970199231e-08,0.026462727631269844,0.00011315399552433165,0.026462727631269844,0.006180375625503755,1.1369583448242243e-08,0.006180375625514213,0.00010540284051946207,0.010961400146729302,1.7709181335249658e-05,-0.0004430908154104265,0.00044344456903275004,-87.7112556602548,0.0062175465962217204,0.03266081243805718,-0.0004430271843272761,0.03266381701822375,-0.7771402279419187,0.03266381701822375,0.2511681850869636,-7.751155004869569e-06,6.938912962122369e-17,0.0
timing_transfer_robust,high_low_permutation_alternating_centering,1000,read,0,1.2,0,8,1a71dc69e9c7763f,bac5e900724f61d6,8,1,0.001,0.03850708882316192,0.500212744943229,0.6789726490896143,4.348199000000022,instant_RF_exact_pathways,runs\combined_factor_study\cases\bac5e900724f61d6,0.01924535222315535,8.41241097470475e-10,0.019245352223155366,2.5044781659033308e-06,0.019245352223155366,0.006867325692485743,8.212902463542816e-10,0.006867325692485792,6.852225593850768e-06,0.013509424406000756,2.1707282410360584e-05,0.0007540118533294543,0.000754324254595437,88.35096460941868,0.005752312194005802,0.026134385198051464,0.000754013515860797,0.02614526010699133,1.6526048234474022,0.02614526010699133,0.3508295438286903,4.347747427947437e-06,1.0464657362886007e-17,0.0
timing_transfer_robust,high_low_permutation_alternating_centering,1000,read,45,0.8,100,8,346754e6d6faa501,dc745a0e2b4983ae,1,1,0.001,0.17923335091281156,0.0020108662015695653,0.9962038633649216,4.0283458000048995,instant_RF_exact_pathways,runs\combined_factor_study\cases\dc745a0e2b4983ae,0.12448024415577764,-0.1284530897715767,0.17887293662526693,-45.899875734748086,0.17887293662526693,0.0,0.0,0.0,0.0,0.0,-0.0003411386513382853,0.00011509538395136869,0.00036003128592362237,161.3563284213467,0.00036041428754463115,0.12413910550443936,-0.12833799438762533,0.17855295662318357,-45.95278516540754,0.17855295662318357,0.0,0.0,0.0,45.0
timing_transfer_robust,high_low_permutation_alternating_centering,1000,read,45,0.8,100,8,346754e6d6faa501,dc745a0e2b4983ae,2,1,0.001,0.13312839964505285,0.01045636173901297,0.9846614165968747,4.0284960001008585,instant_RF_exact_pathways,runs\combined_factor_study\cases\dc745a0e2b4983ae,0.09460335886174134,0.09167700521917196,0.1317363609406283,44.09999143869363,0.1317363609406283,3.0930649125684286e-05,-2.6993058447632382e-05,4.1052774080365046e-05,-41.111078232488815,4.2655711361122376e-05,-0.0012508173967472663,0.00034548245490950355,0.0012976526063072141,164.55956274391676,0.001349382993063458,0.09338347211411976,0.09199549461563385,0.1310863985837726,44.571020552414005,0.1310863985837726,0.00032041030670278543,-85.21106967118244,1.3877787807814457e-17,45.0
timing_transfer_robust,high_low_permutation_alternating_centering,1000,read,45,0.8,100,8,346754e6d6faa501,dc745a0e2b4983ae,3,1,0.001,0.09674876225580499,0.025270220150807255,0.9609441791081091,4.028566600056365,instant_RF_exact_pathways,runs\combined_factor_study\cases\dc745a0e2b4983ae,0.06562743747176383,-0.06772196804570413,0.09430389973428269,-45.8998757347481,0.09430389973428269,0.00024579610394835795,0.0001409935805629373,0.00028336357295204596,29.8394479764477,0.0004143416323807071,-0.0018948228798959165,0.0001257033483877969,0.001898987908853808,176.20453533310075,0.0020305208891415864,0.06397841069581628,-0.0674552711167534,0.09297015992563014,-46.51531157978001,0.09297015992563014,0.004282655640443052,75.73932371119581,0.0,45.0
timing_transfer_robust,high_low_permutation_alternating_centering,1000,read,45,0.8,100,8,346754e6d6faa501,dc745a0e2b4983ae,4,1,0.001,0.0734979240699579,0.05811077446963855,0.9212042592948249,4.028716000029817,instant_RF_exact_pathways,runs\combined_factor_study\cases\dc745a0e2b4983ae,0.049713666597843514,0.04817588008492813,0.06922690278034196,44.09999143869362,0.06922690278034196,4.011770022225046e-05,-0.0005497171571943001,0.0005511790841322857,-85.82602215956781,0.0010194277723053488,-0.0007298807328082482,-0.0009266912184952643,0.0011796111641388205,-128.22468298188292,0.0032515935173106,0.0490239035652575,0.04669947170923855,0.06770660070257285,43.60897124411917,0.06770660070257285,0.013870157357574095,-129.92601359826145,2.5018537765542006e-17,45.0
timing_transfer_robust,high_low_permutation_alternating_centering,1000,read,45,0.8,100,8,346754e6d6faa501,dc745a0e2b4983ae,5,1,0.001,0.05804415654374545,0.14018724409837083,0.878806452824961,4.029017799999565,instant_RF_exact_pathways,runs\combined_factor_study\cases\dc745a0e2b4983ae,0.034731071576977315,-0.03583953008284214,0.04990710620186336,-45.899875734748115,0.04990710620186336,0.0018754481360246623,-0.0012478058672986156,0.002252626287998795,-33.637309778026555,0.004217299593309062,-0.0006236634216486089,0.000931959649228147,0.0011213852376823505,123.79026923344638,0.003919750748573017,0.035982856291353366,-0.036155376300912596,0.05100957931942569,-45.137023728326604,0.05100957931942569,0.07265674693938674,12.262565956721554,9.813077866773595e-18,45.0
timing_transfer_robust,high_low_permutation_alternating_centering,1000,read,45,0.8,100,8,346754e6d6faa501,dc745a0e2b4983ae,6,1,0.001,0.046403251433534666,0.21379592166940345,0.8397371413104437,4.029750299989246,instant_RF_exact_pathways,runs\combined_factor_study\cases\dc745a0e2b4983ae,0.02619899296921636,0.02538858285873431,0.036482425524845055,44.099991438693614,0.036482425524845055,0.002389195325945968,0.001769242145485184,0.0029729567899455045,36.52061396224242,0.00629565525541591,-1.1866911540931693e-05,-0.000666607492284015,0.0006667131109845549,-91.0198687292383,0.003625170653273679,0.028576321383621373,0.026491217511935485,0.03896653370630615,42.831560865007454,0.03896653370630615,0.13567271820237514,-7.579377476451193,2.5257955065251657e-17,45.0
timing_transfer_robust,high_low_permutation_alternating_centering,1000,read,45,0.8,100,8,346754e6d6faa501,dc745a0e2b4983ae,7,1,0.001,0.04354816581044265,0.39234569818200804,0.757641796937086,4.032240700093098,instant_RF_exact_pathways,runs\combined_factor_study\cases\dc745a0e2b4983ae,0.01841544590074465,-0.019003183529361468,0.026462230290998676,-45.89987573474809,0.026462230290998676,0.0047110114878758155,-0.004813614121469747,0.006735318117899916,-45.61718651563971,0.010961708009629516,0.00014811547727582006,0.0004310670773638666,0.00045580370752734093,71.03718007623604,0.00612422750981443,0.0232745728658963,-0.023385730573467347,0.032993910597937944,-45.13649408568912,0.032993910597937944,0.25171457409581527,0.2826892191083896,1.4304896245381992e-17,45.0
timing_transfer_robust,high_low_permutation_alternating_centering,1000,read,45,0.8,100,8,346754e6d6faa501,dc745a0e2b4983ae,8,1,0.001,0.03838744385654386,0.49866578270027945,0.7056340557229648,4.040733800036833,instant_RF_exact_pathways,runs\combined_factor_study\cases\dc745a0e2b4983ae,0.01382029888208486,0.013392797338148214,0.01924493911995738,44.099991438693614,0.01924493911995738,0.005656044131692213,0.005254700291042125,0.007720279163885728,42.89336600656873,0.013509772444899537,0.000445781311260144,-0.0002942703344936633,0.0005341497984946038,-33.42970541357979,0.005632732291686948,0.019922124325037215,0.018353227294696694,0.027087487697330652,42.65277439971994,0.027087487697330652,0.35193206652118736,-1.2066254321248846,2.110382192020081e-17,45.0
timing_transfer_robust,high_low_permutation_alternating_centering,1000,read,90,1.2,0,8,5dd811482568c653,f14dedcc5d49c269,1,1,0.001,0.1792070068442489,0.0018613961388770479,0.9962772077222527,4.687447399948724,instant_RF_exact_pathways,runs\combined_factor_study\cases\f14dedcc5d49c269,-2.942611572532274e-07,-0.17887343161340727,0.1788734316136493,-90.00009425615774,0.1788734316136493,0.0,0.0,0.0,0.0,0.0,-3.460960174518722e-10,0.0003335752305993956,0.00033357523059957515,90.00005944638356,0.0003335752305995875,-2.946072532706793e-07,-0.17853985638280787,0.17853985638305092,-90.00009454332813,0.17853985638305092,0.0,180.0,0.0,90.0
timing_transfer_robust,high_low_permutation_alternating_centering,1000,read,90,1.2,0,8,5dd811482568c653,f14dedcc5d49c269,2,1,0.001,0.13320235520883167,0.011000389802276819,0.9980232794194598,4.687675399938598,instant_RF_exact_pathways,runs\combined_factor_study\cases\f14dedcc5d49c269,-4.826453235881934e-07,0.13173707737806906,0.13173707737895318,90.00020991463144,0.13173707737895318,-4.7681577406614876e-11,-4.2654750154459216e-05,4.265475015448587e-05,-90.00006404804004,4.265475015453964e-05,-1.1911319219700817e-09,0.0012446287431186974,0.0012446287431192675,90.00005483308364,0.0014226230797239532,-4.838841370875701e-07,0.13293905137103332,0.13293905137191395,90.00020855059927,0.13293905137191395,0.00032022519487486895,179.99972603732851,2.7755575615628914e-17,90.0
timing_transfer_robust,high_low_permutation_alternating_centering,1000,read,90,1.2,0,8,5dd811482568c653,f14dedcc5d49c269,3,1,0.001,0.09675688786958715,0.025344173659327812,0.9696356560249947,4.687807000009343,instant_RF_exact_pathways,runs\combined_factor_study\cases\f14dedcc5d49c269,-1.551387450892464e-07,-0.09430466450055662,0.09430466450068423,-90.00009425615774,0.09430466450068423,-1.0879877909176272e-09,0.000394257873030315,0.0003942578730318162,90.00015811252698,0.0004143334318299559,-3.556091788387095e-11,9.147818329244427e-05,9.147818329245117e-05,90.00002227296649,0.0020378899370729667,-1.562622937980479e-07,-0.09381892844423385,0.09381892844436399,-90.0000954303154,0.09381892844436399,0.004282211230154604,-179.9997476313153,1.3877787807814457e-17,90.0
timing_transfer_robust,high_low_permutation_alternating_centering,1000,read,90,1.2,0,8,5dd811482568c653,f14dedcc5d49c269,4,1,0.001,0.07363498512599244,0.05985383196174221,0.9546198081626763,4.6880273999413475,instant_RF_exact_pathways,runs\combined_factor_study\cases\f14dedcc5d49c269,-2.536294395304361e-07,0.06922764909929129,0.0692276490997559,90.00020991463144,0.0692276490997559,1.4707759820137322e-09,-0.0009263150255963052,0.0009263150255974729,-89.99990902743231,0.001019411401875118,-2.0009722981578637e-09,0.001992081300881992,0.001992081300882997,90.00005755150032,0.003387924624361444,-2.541596358465803e-07,0.07029341537457695,0.07029341537503643,90.00020716413307,0.07029341537503643,0.013844117712943974,179.99988105793628,2.77555756156794e-17,90.0
timing_transfer_robust,high_low_permutation_alternating_centering,1000,read,90,1.2,0,8,5dd811482568c653,f14dedcc5d49c269,5,1,0.001,0.05810653144868505,0.1410986629945562,0.8920648628944498,4.688423799932934,instant_RF_exact_pathways,runs\combined_factor_study\cases\f14dedcc5d49c269,-8.210230130502066e-08,-0.04990777754995693,0.04990777755002446,-90.00009425615774,0.04990777755002446,-4.9547436022025815e-09,-0.001264325337119895,0.0012643253371296037,-90.00022453548041,0.004217166287765333,6.643891122024418e-10,-0.0006626921228944497,0.0006626921228947828,-89.99994255750028,0.00398158761089523,-8.639265579502085e-08,-0.05183479500997126,0.05183479501004326,-90.00009549443683,0.05183479501004326,0.07257645883560594,-0.00013027932267981285,1.3877787807871255e-17,90.0
timing_transfer_robust,high_low_permutation_alternating_centering,1000,read,90,1.2,0,8,5dd811482568c653,f14dedcc5d49c269,6,1,0.001,0.04649595257166696,0.21535076241107506,0.8594864219151206,4.68934729998,instant_RF_exact_pathways,runs\combined_factor_study\cases\f14dedcc5d49c269,-1.336628709288212e-07,0.03648301373608444,0.03648301373632929,90.00020991463144,0.03648301373632929,-1.1058208249432298e-08,0.0023736701984327295,0.002373670198458488,90.00026692362826,0.006295466884002049,-1.1549883729629921e-09,0.0011059559745737427,0.001105955974574346,90.00005983597963,0.0037174719513356495,-1.458760675512165e-07,0.039962639909090936,0.03996263990935718,90.00020914741923,0.03996263990935718,0.1353981698578704,5.7008996834773865e-05,2.7755575615641535e-17,90.0
timing_transfer_robust,high_low_permutation_alternating_centering,1000,read,90,1.2,0,8,5dd811482568c653,f14dedcc5d49c269,7,1,0.001,0.04364167437422083,0.39363628892063357,0.7390015629958725,4.694866199977696,instant_RF_exact_pathways,runs\combined_factor_study\cases\f14dedcc5d49c269,-4.353331171995147e-08,-0.026462727631234022,0.02646272763126983,-90.00009425615774,0.02646272763126983,-1.1041164156979445e-08,-0.00531448753841559,0.005314487538427059,-90.00011903539193,0.010961400146729297,4.314581897449606e-10,-0.0004740504046111009,0.00047405040461129727,-89.99994785209955,0.0062175465962217204,-5.414301768718589e-08,-0.03225126557426066,0.03225126557430611,-90.00009618743168,0.03225126557430611,0.25116818508696365,-2.4779234204142087e-05,4.8572257327387114e-17,90.0
timing_transfer_robust,high_low_permutation_alternating_centering,1000,read,90,1.2,0,8,5dd811482568c653,f14dedcc5d49c269,8,1,0.001,0.038507088823161915,0.500212744943229,0.684460435361025,4.712984699988738,instant_RF_exact_pathways,runs\combined_factor_study\cases\f14dedcc5d49c269,-7.050922516364835e-08,0.0192453522230262,0.01924535222315536,90.00020991463144,0.01924535222315536,-2.461513136502765e-08,0.006327650539234338,0.006327650539282216,90.0002228857505,0.013509424406000753,-8.484932030599831e-10,0.0007835760179517691,0.0007835760179522285,90.00006204258217,0.005752312194005802,-9.597284973173618e-08,0.026356578780212327,0.026356578780387063,90.00020863251196,0.026356578780387063,0.3508295438286903,1.2971119076858954e-05,2.0816681712546307e-17,90.0
