stage,variant,b,direction,phase,b1,b0,etl,seqid,case_id,echo,n,seed,rf_dt_s,total_real,total_imag,total_abs,total_phase_deg,peak,peak_offset_us,elapsed_s,model,cache,actual_excitation_phase_deg
robust,increasing_alternating_centering,1000,read,90,0.8,0,8,1b6331729c140095,00fd90b0872d9595,1,4096,1,1e-05,0.28710010648972295,-0.0027558501448304547,0.28711333277371676,-0.5499605518006698,0.2873763453224863,-50.000000000001435,1.0912102999864146,finite_RF_static_Bloch,runs\combined_factor_study\cases\00fd90b0872d9595,90.0
robust,increasing_alternating_centering,1000,read,90,0.8,0,8,1b6331729c140095,00fd90b0872d9595,2,4096,1,1e-05,-0.20176795633885053,-0.0006624247989117974,0.20176904374004082,-179.8118927824526,0.2018696855962758,-50.00000000000837,1.0912706999806687,finite_RF_static_Bloch,runs\combined_factor_study\cases\00fd90b0872d9595,90.0
robust,increasing_alternating_centering,1000,read,90,0.8,0,8,1b6331729c140095,00fd90b0872d9595,3,4096,1,1e-05,0.13768488288634428,0.0012078160087281744,0.13769018045938236,0.50260408568813,0.13769018045938236,0.0,1.0912998999701813,finite_RF_static_Bloch,runs\combined_factor_study\cases\00fd90b0872d9595,90.0
robust,increasing_alternating_centering,1000,read,90,0.8,0,8,1b6331729c140095,00fd90b0872d9595,4,4096,1,1e-05,-0.11505826985102727,-0.0019460178964053778,0.11507472549072165,-179.03103025532502,0.11515909499221663,-50.00000000000837,1.0913263000547886,finite_RF_static_Bloch,runs\combined_factor_study\cases\00fd90b0872d9595,90.0
robust,increasing_alternating_centering,1000,read,90,0.8,0,8,1b6331729c140095,00fd90b0872d9595,5,4096,1,1e-05,0.08583154857069515,-0.0018850519600407919,0.08585224604479288,-1.2581406625939615,0.08587605181691305,49.99999999999449,1.0913523000199348,finite_RF_static_Bloch,runs\combined_factor_study\cases\00fd90b0872d9595,90.0
robust,increasing_alternating_centering,1000,read,90,0.8,0,8,1b6331729c140095,00fd90b0872d9595,6,4096,1,1e-05,-0.0683924302395139,-0.0001242033534609758,0.06839254301851765,-179.89594871674302,0.06883560101273054,-799.9999999999951,1.0913776999805123,finite_RF_static_Bloch,runs\combined_factor_study\cases\00fd90b0872d9595,90.0
robust,increasing_alternating_centering,1000,read,90,0.8,0,8,1b6331729c140095,00fd90b0872d9595,7,4096,1,1e-05,0.052460481201891125,-0.002758111057704252,0.05253293504593668,-3.009556085485554,0.05253293504593668,0.0,1.0914029000559822,finite_RF_static_Bloch,runs\combined_factor_study\cases\00fd90b0872d9595,90.0
robust,increasing_alternating_centering,1000,read,90,0.8,0,8,1b6331729c140095,00fd90b0872d9595,8,4096,1,1e-05,-0.04287894916407023,-0.00027899818457547397,0.04287985682580943,-179.62720185086852,0.04321407894338545,-750.0000000000007,1.0914293000241742,finite_RF_static_Bloch,runs\combined_factor_study\cases\00fd90b0872d9595,90.0
robust,increasing_centering,0,oblique,45,0.8,100,8,891e346070ec8368,06d5a8f3774f7b1d,1,4096,1,1e-05,0.2128770940937687,0.214728911166706,0.30236594133705996,45.24812710325573,0.3027967423703996,-50.000000000001435,2.0280343999620527,finite_RF_static_Bloch,runs\combined_factor_study\cases\06d5a8f3774f7b1d,45.0
robust,increasing_centering,0,oblique,45,0.8,100,8,891e346070ec8368,06d5a8f3774f7b1d,2,4096,1,1e-05,-0.14860155118862234,0.14733531312501452,0.20926087907038626,135.2451524730996,0.20926087907038624,0.0,2.0281239999458194,finite_RF_static_Bloch,runs\combined_factor_study\cases\06d5a8f3774f7b1d,45.0
robust,increasing_centering,0,oblique,45,0.8,100,8,891e346070ec8368,06d5a8f3774f7b1d,3,4096,1,1e-05,0.09566623130577175,0.12527751255381733,0.157627671948555,52.633397848082,0.15764373046434582,-50.00000000000837,2.028151800041087,finite_RF_static_Bloch,runs\combined_factor_study\cases\06d5a8f3774f7b1d,45.0
robust,increasing_centering,0,oblique,45,0.8,100,8,891e346070ec8368,06d5a8f3774f7b1d,4,4096,1,1e-05,-0.05506481754505234,0.08476876148512551,0.10108351524849143,123.0072922893179,0.10127571477690918,-100.00000000000287,2.0281783000100404,finite_RF_static_Bloch,runs\combined_factor_study\cases\06d5a8f3774f7b1d,45.0
robust,increasing_centering,0,oblique,45,0.8,100,8,891e346070ec8368,06d5a8f3774f7b1d,5,4096,1,1e-05,0.07276182009044747,0.07746842140859535,0.10628094268689171,46.794447057501216,0.1062809426868917,0.0,2.028203899972141,finite_RF_static_Bloch,runs\combined_factor_study\cases\06d5a8f3774f7b1d,45.0
robust,increasing_centering,0,oblique,45,0.8,100,8,891e346070ec8368,06d5a8f3774f7b1d,6,4096,1,1e-05,-0.05405785563207942,0.056910071456375305,0.07849208870140024,133.52764704289206,0.0787888557096232,-150.00000000001123,2.0282279000384733,finite_RF_static_Bloch,runs\combined_factor_study\cases\06d5a8f3774f7b1d,45.0
robust,increasing_centering,0,oblique,45,0.8,100,8,891e346070ec8368,06d5a8f3774f7b1d,7,4096,1,1e-05,0.052347148999563026,0.04977668583077867,0.0722353269576493,43.55816615652075,0.07241545696299206,-200.00000000000574,2.0282520999899134,finite_RF_static_Bloch,runs\combined_factor_study\cases\06d5a8f3774f7b1d,45.0
robust,increasing_centering,0,oblique,45,0.8,100,8,891e346070ec8368,06d5a8f3774f7b1d,8,4096,1,1e-05,-0.033349455522622,0.03797290018943056,0.05053837484972977,131.29101234948916,0.050586214262877814,-49.99999999999449,2.028275200049393,finite_RF_static_Bloch,runs\combined_factor_study\cases\06d5a8f3774f7b1d,45.0
robust,original,0,read,45,0.8,100,8,2d91eacc773011dd,075b37b5b01947f5,1,4096,1,1e-05,0.19675985643070476,0.23459272398776354,0.30618325762626303,50.01244439092663,0.3063107756840213,-50.000000000001435,1.9193400000222027,finite_RF_static_Bloch,runs\combined_factor_study\cases\075b37b5b01947f5,45.0
robust,original,0,read,45,0.8,100,8,2d91eacc773011dd,075b37b5b01947f5,2,4096,1,1e-05,-0.12566799558498953,0.14832930799969987,0.1944068638860747,130.27203683580348,0.19440686388607473,0.0,1.9193921000696719,finite_RF_static_Bloch,runs\combined_factor_study\cases\075b37b5b01947f5,45.0
robust,original,0,read,45,0.8,100,8,2d91eacc773011dd,075b37b5b01947f5,3,4096,1,1e-05,0.04456138167471013,0.13419010115939883,0.14139554443450078,71.62988473676387,0.14145561896553957,49.99999999999449,1.919420100050047,finite_RF_static_Bloch,runs\combined_factor_study\cases\075b37b5b01947f5,45.0
robust,original,0,read,45,0.8,100,8,2d91eacc773011dd,075b37b5b01947f5,4,4096,1,1e-05,-0.006283638425886178,0.10988966117770159,0.11006916800638283,93.27268582805057,0.11035795807781874,-100.00000000000287,1.9194451000075787,finite_RF_static_Bloch,runs\combined_factor_study\cases\075b37b5b01947f5,45.0
robust,original,0,read,45,0.8,100,8,2d91eacc773011dd,075b37b5b01947f5,5,4096,1,1e-05,0.00671148270882442,0.09036787021265177,0.09061675323537875,85.75252854662105,0.09097175515113266,100.00000000000287,1.9194699000800028,finite_RF_static_Bloch,runs\combined_factor_study\cases\075b37b5b01947f5,45.0
robust,original,0,read,45,0.8,100,8,2d91eacc773011dd,075b37b5b01947f5,6,4096,1,1e-05,0.01859510090129182,0.06922858719127667,0.0716824599328833,74.9649815744342,0.07185151883251263,-150.00000000001123,1.9194936000276357,finite_RF_static_Bloch,runs\combined_factor_study\cases\075b37b5b01947f5,45.0
robust,original,0,read,45,0.8,100,8,2d91eacc773011dd,075b37b5b01947f5,7,4096,1,1e-05,-0.022763667349430524,0.0632772303501325,0.06724724850861379,109.78594124040343,0.06727785761114716,49.99999999999449,1.9195178000954911,finite_RF_static_Bloch,runs\combined_factor_study\cases\075b37b5b01947f5,45.0
robust,original,0,read,45,0.8,100,8,2d91eacc773011dd,075b37b5b01947f5,8,4096,1,1e-05,0.024572284250840466,0.04973405595951318,0.05547317798258985,63.707238255912266,0.056041216159235165,-299.9999999999947,1.9195414000423625,finite_RF_static_Bloch,runs\combined_factor_study\cases\075b37b5b01947f5,45.0
robust,increasing_centering,1000,oblique,45,0.8,100,8,b6c94c8b3a08ec2b,0c2f4cf3ec995a28,1,4096,1,1e-05,0.2098748967805026,0.20047442827640166,0.29023691820886044,43.6876718258068,0.29040596741245217,-50.000000000001435,2.0601166000124067,finite_RF_static_Bloch,runs\combined_factor_study\cases\0c2f4cf3ec995a28,45.0
robust,increasing_centering,1000,oblique,45,0.8,100,8,b6c94c8b3a08ec2b,0c2f4cf3ec995a28,2,4096,1,1e-05,-0.1393323139337161,0.14311399729978314,0.19973760269224708,134.23291067494367,0.19973760269224708,0.0,2.0601783000165597,finite_RF_static_Bloch,runs\combined_factor_study\cases\0c2f4cf3ec995a28,45.0
robust,increasing_centering,1000,oblique,45,0.8,100,8,b6c94c8b3a08ec2b,0c2f4cf3ec995a28,3,4096,1,1e-05,0.10161116563321906,0.11190381167766439,0.15115320720822187,47.759848615528895,0.15121653229448082,-49.99999999999449,2.0602044999832287,finite_RF_static_Bloch,runs\combined_factor_study\cases\0c2f4cf3ec995a28,45.0
robust,increasing_centering,1000,oblique,45,0.8,100,8,b6c94c8b3a08ec2b,0c2f4cf3ec995a28,4,4096,1,1e-05,-0.06014495135558805,0.07988632603269491,0.09999620123068716,126.97542075275776,0.10004858775263929,-50.00000000000837,2.0602283000480384,finite_RF_static_Bloch,runs\combined_factor_study\cases\0c2f4cf3ec995a28,45.0
robust,increasing_centering,1000,oblique,45,0.8,100,8,b6c94c8b3a08ec2b,0c2f4cf3ec995a28,5,4096,1,1e-05,0.06633416162039246,0.06914437241177687,0.09581839715889032,46.18830730028094,0.095849361509926,-49.99999999999449,2.060251099988818,finite_RF_static_Bloch,runs\combined_factor_study\cases\0c2f4cf3ec995a28,45.0
robust,increasing_centering,1000,oblique,45,0.8,100,8,b6c94c8b3a08ec2b,0c2f4cf3ec995a28,6,4096,1,1e-05,-0.047476384651227624,0.05433553604276625,0.07215509390615518,131.14576122048638,0.07215628988830593,-49.99999999999449,2.0602730000391603,finite_RF_static_Bloch,runs\combined_factor_study\cases\0c2f4cf3ec995a28,45.0
robust,increasing_centering,1000,oblique,45,0.8,100,8,b6c94c8b3a08ec2b,0c2f4cf3ec995a28,7,4096,1,1e-05,0.0501645747902159,0.04443988710475303,0.06701781949426854,41.53715089206062,0.06717121674683131,-349.9999999999892,2.0602951999753714,finite_RF_static_Bloch,runs\combined_factor_study\cases\0c2f4cf3ec995a28,45.0
robust,increasing_centering,1000,oblique,45,0.8,100,8,b6c94c8b3a08ec2b,0c2f4cf3ec995a28,8,4096,1,1e-05,-0.03671462804832374,0.03368467265378787,0.049825907764130144,137.4644645437275,0.04985745966468123,-49.99999999999449,2.060317200026475,finite_RF_static_Bloch,runs\combined_factor_study\cases\0c2f4cf3ec995a28,45.0
robust,increasing_alternating_centering,1000,read,90,0.7,0,8,1b6331729c140095,0cfef0d872a23cb4,1,4096,1,1e-05,0.2662756493854716,-0.0015859293401517913,0.2662803722160658,-0.3412478143229709,0.26651720503473647,-50.000000000001435,0.9513122999342158,finite_RF_static_Bloch,runs\combined_factor_study\cases\0cfef0d872a23cb4,90.0
robust,increasing_alternating_centering,1000,read,90,0.7,0,8,1b6331729c140095,0cfef0d872a23cb4,2,4096,1,1e-05,-0.17412354472678,0.0009684596996110105,0.17412623794939325,179.68132924621963,0.17424253367530565,-50.00000000000837,0.9513929999666288,finite_RF_static_Bloch,runs\combined_factor_study\cases\0cfef0d872a23cb4,90.0
robust,increasing_alternating_centering,1000,read,90,0.7,0,8,1b6331729c140095,0cfef0d872a23cb4,3,4096,1,1e-05,0.10698465582264108,0.0005650686663797304,0.10698614809444583,0.3026204871015332,0.10698614809444584,0.0,0.9514298000140116,finite_RF_static_Bloch,runs\combined_factor_study\cases\0cfef0d872a23cb4,90.0
robust,increasing_alternating_centering,1000,read,90,0.7,0,8,1b6331729c140095,0cfef0d872a23cb4,4,4096,1,1e-05,-0.08513411858235315,0.0010979655011056303,0.08514119845900564,179.2611035059646,0.08549814887313337,-250.00000000000023,0.9514643999282271,finite_RF_static_Bloch,runs\combined_factor_study\cases\0cfef0d872a23cb4,90.0
robust,increasing_alternating_centering,1000,read,90,0.7,0,8,1b6331729c140095,0cfef0d872a23cb4,5,4096,1,1e-05,0.05573637700262614,-0.0024606530073356166,0.05579066709227792,-2.5278561510532227,0.05657801626185215,700.0000000000061,0.9514983999542892,finite_RF_static_Bloch,runs\combined_factor_study\cases\0cfef0d872a23cb4,90.0
robust,increasing_alternating_centering,1000,read,90,0.7,0,8,1b6331729c140095,0cfef0d872a23cb4,6,4096,1,1e-05,-0.04405589767401968,0.002164768569640617,0.0441090505772205,177.18692771595303,0.0446006784863045,-849.9999999999897,0.9515310999704525,finite_RF_static_Bloch,runs\combined_factor_study\cases\0cfef0d872a23cb4,90.0
robust,increasing_alternating_centering,1000,read,90,0.7,0,8,1b6331729c140095,0cfef0d872a23cb4,7,4096,1,1e-05,0.028518718696832066,0.0008459929314440705,0.028531263907319145,1.6991511570746083,0.029066646462603228,299.9999999999947,0.9515646999934688,finite_RF_static_Bloch,runs\combined_factor_study\cases\0cfef0d872a23cb4,90.0
robust,increasing_alternating_centering,1000,read,90,0.7,0,8,1b6331729c140095,0cfef0d872a23cb4,8,4096,1,1e-05,-0.02310976546734576,0.0007789114489748557,0.023122888292794883,178.069584449669,0.023272004782457913,-99.99999999998899,0.9515981000149623,finite_RF_static_Bloch,runs\combined_factor_study\cases\0cfef0d872a23cb4,90.0
robust,high_low_permutation_alternating,1000,oblique,90,0.7,100,8,076e94361f50c758,0e033f0af7f88621,1,4096,1,1e-05,0.24810810243710738,0.009037010364193885,0.24827262847777787,2.0860010304451295,0.24838743564365298,50.000000000001435,1.887378300074488,finite_RF_static_Bloch,runs\combined_factor_study\cases\0e033f0af7f88621,90.0
robust,high_low_permutation_alternating,1000,oblique,90,0.7,100,8,076e94361f50c758,0e033f0af7f88621,2,4096,1,1e-05,-0.1802926059741251,-0.0024526803900042885,0.18030928819679992,-179.22060271935953,0.1803092881967999,0.0,1.887461100006476,finite_RF_static_Bloch,runs\combined_factor_study\cases\0e033f0af7f88621,90.0
robust,high_low_permutation_alternating,1000,oblique,90,0.7,100,8,076e94361f50c758,0e033f0af7f88621,3,4096,1,1e-05,0.11094617191591366,0.0009836239476234089,0.11095053212520348,0.5079582586702752,0.11102300589599418,49.99999999999449,1.8874887999845669,finite_RF_static_Bloch,runs\combined_factor_study\cases\0e033f0af7f88621,90.0
robust,high_low_permutation_alternating,1000,oblique,90,0.7,100,8,076e94361f50c758,0e033f0af7f88621,4,4096,1,1e-05,-0.08210203612845896,0.007818046396815383,0.08247342715021329,174.5604945137629,0.08255400525710166,-49.99999999999449,1.8875141000607982,finite_RF_static_Bloch,runs\combined_factor_study\cases\0e033f0af7f88621,90.0
robust,high_low_permutation_alternating,1000,oblique,90,0.7,100,8,076e94361f50c758,0e033f0af7f88621,5,4096,1,1e-05,0.0736310402945346,-0.002964644708727518,0.07369069963777224,-2.305684228066898,0.07375832623409936,49.99999999999449,1.887538900016807,finite_RF_static_Bloch,runs\combined_factor_study\cases\0e033f0af7f88621,90.0
robust,high_low_permutation_alternating,1000,oblique,90,0.7,100,8,076e94361f50c758,0e033f0af7f88621,6,4096,1,1e-05,-0.06846802376546741,-0.0033902800921393264,0.06855190936401237,-177.16524289379004,0.06855190936401237,0.0,1.8875637000892311,finite_RF_static_Bloch,runs\combined_factor_study\cases\0e033f0af7f88621,90.0
robust,high_low_permutation_alternating,1000,oblique,90,0.7,100,8,076e94361f50c758,0e033f0af7f88621,7,4096,1,1e-05,0.0590081485243288,-8.644783798510765e-05,0.05900821184799569,-0.08393913120286525,0.05901455841591447,-49.99999999999449,1.8875870000338182,finite_RF_static_Bloch,runs\combined_factor_study\cases\0e033f0af7f88621,90.0
robust,high_low_permutation_alternating,1000,oblique,90,0.7,100,8,076e94361f50c758,0e033f0af7f88621,8,4096,1,1e-05,-0.05613512790769466,0.0026520212987295438,0.05619773840807257,177.29515659119153,0.05627687121855366,-150.00000000001123,1.887610200094059,finite_RF_static_Bloch,runs\combined_factor_study\cases\0e033f0af7f88621,90.0
robust,increasing_centering,1000,oblique,90,0.7,100,8,938a7de69ec2da92,0e5d4b385f58bd53,1,4096,1,1e-05,0.27293198798816865,-0.00883327742739521,0.27307489239635924,-1.8536959401035198,0.2732438189786267,-50.000000000001435,2.1922995999921113,finite_RF_static_Bloch,runs\combined_factor_study\cases\0e5d4b385f58bd53,90.0
robust,increasing_centering,1000,oblique,90,0.7,100,8,938a7de69ec2da92,0e5d4b385f58bd53,2,4096,1,1e-05,-0.17804353121163274,-0.006630693166995666,0.1781669584916981,-177.8671775593172,0.17835714778258532,-50.00000000000837,2.192350900033489,finite_RF_static_Bloch,runs\combined_factor_study\cases\0e5d4b385f58bd53,90.0
robust,increasing_centering,1000,oblique,90,0.7,100,8,938a7de69ec2da92,0e5d4b385f58bd53,3,4096,1,1e-05,0.10980824826121857,-0.0035285311814246875,0.10986492578842302,-1.8404847197149945,0.10986492578842302,0.0,2.1923772000009194,finite_RF_static_Bloch,runs\combined_factor_study\cases\0e5d4b385f58bd53,90.0
robust,increasing_centering,1000,oblique,90,0.7,100,8,938a7de69ec2da92,0e5d4b385f58bd53,4,4096,1,1e-05,-0.06814036650296099,-0.007861922932985935,0.06859241488212861,-173.41840971031166,0.06865675609755431,-50.00000000000837,2.1924011000664905,finite_RF_static_Bloch,runs\combined_factor_study\cases\0e5d4b385f58bd53,90.0
robust,increasing_centering,1000,oblique,90,0.7,100,8,938a7de69ec2da92,0e5d4b385f58bd53,5,4096,1,1e-05,0.07362216516081438,-0.0054505981659936555,0.07382365625823042,-4.2341536544984,0.07386629116823236,-49.99999999999449,2.1924235000042245,finite_RF_static_Bloch,runs\combined_factor_study\cases\0e5d4b385f58bd53,90.0
robust,increasing_centering,1000,oblique,90,0.7,100,8,938a7de69ec2da92,0e5d4b385f58bd53,6,4096,1,1e-05,-0.05745604357847221,0.0005557500281662569,0.05745873129286014,179.44581742655825,0.057684043524725497,-500.00000000000045,2.192445500055328,finite_RF_static_Bloch,runs\combined_factor_study\cases\0e5d4b385f58bd53,90.0
robust,increasing_centering,1000,oblique,90,0.7,100,8,938a7de69ec2da92,0e5d4b385f58bd53,7,4096,1,1e-05,0.05985886653558206,0.00043821982678498076,0.059860470592380186,0.4194482702626789,0.0598907489919853,49.99999999999449,2.1924675999907777,finite_RF_static_Bloch,runs\combined_factor_study\cases\0e5d4b385f58bd53,90.0
robust,increasing_centering,1000,oblique,90,0.7,100,8,938a7de69ec2da92,0e5d4b385f58bd53,8,4096,1,1e-05,-0.04348017644386101,-0.00228749694167357,0.0435403075993665,-176.98843907920266,0.043778177393978386,-99.99999999998899,2.192489600041881,finite_RF_static_Bloch,runs\combined_factor_study\cases\0e5d4b385f58bd53,90.0
robust,increasing_centering,1000,read,90,1.2,0,8,bc062153b6b100ae,0f62f4f21675d4fa,1,4096,1,1e-05,0.15131796682894325,-0.007730325450285314,0.1515152963129878,-2.9245060651392216,0.15176204864452256,-50.000000000001435,0.7966560999630019,finite_RF_static_Bloch,runs\combined_factor_study\cases\0f62f4f21675d4fa,90.0
robust,increasing_centering,1000,read,90,1.2,0,8,bc062153b6b100ae,0f62f4f21675d4fa,2,4096,1,1e-05,-0.11014619975356303,-0.007806414725534111,0.11042248607515973,-175.94604282062915,0.11078964393821128,-899.9999999999981,0.7967280999291688,finite_RF_static_Bloch,runs\combined_factor_study\cases\0f62f4f21675d4fa,90.0
robust,increasing_centering,1000,read,90,1.2,0,8,bc062153b6b100ae,0f62f4f21675d4fa,3,4096,1,1e-05,0.07038050322241932,0.003178851271959675,0.07045225567183933,2.5861005735466915,0.07062953940263125,-100.00000000000287,0.7967737999279052,finite_RF_static_Bloch,runs\combined_factor_study\cases\0f62f4f21675d4fa,90.0
robust,increasing_centering,1000,read,90,1.2,0,8,bc062153b6b100ae,0f62f4f21675d4fa,4,4096,1,1e-05,-0.029456042253632776,-0.002469381061726148,0.029559368533103193,-175.20794229145224,0.032512953101283965,-1899.9999999999989,0.7968149998923764,finite_RF_static_Bloch,runs\combined_factor_study\cases\0f62f4f21675d4fa,90.0
robust,increasing_centering,1000,read,90,1.2,0,8,bc062153b6b100ae,0f62f4f21675d4fa,5,4096,1,1e-05,0.04154537563343598,-0.004107179676974256,0.04174790008398322,-5.645920627969564,0.0422647429757961,-149.99999999999736,0.7968561999732628,finite_RF_static_Bloch,runs\combined_factor_study\cases\0f62f4f21675d4fa,90.0
robust,increasing_centering,1000,read,90,1.2,0,8,bc062153b6b100ae,0f62f4f21675d4fa,6,4096,1,1e-05,-0.02804097878366911,0.0014782789683930619,0.028079918088459135,176.98224478608975,0.028450411888685904,-399.9999999999837,0.7968977999407798,finite_RF_static_Bloch,runs\combined_factor_study\cases\0f62f4f21675d4fa,90.0
robust,increasing_centering,1000,read,90,1.2,0,8,bc062153b6b100ae,0f62f4f21675d4fa,7,4096,1,1e-05,0.02166245473464254,-0.0011878911068248952,0.02169500012473175,-3.1387508910494417,0.022985951033909418,-650.0000000000117,0.7969358999980614,finite_RF_static_Bloch,runs\combined_factor_study\cases\0f62f4f21675d4fa,90.0
robust,increasing_centering,1000,read,90,1.2,0,8,bc062153b6b100ae,0f62f4f21675d4fa,8,4096,1,1e-05,-0.016794627020431725,-0.0025782724266584845,0.016991379739782254,-171.2722228278876,0.01782970781557054,-500.00000000000045,0.7969752999488264,finite_RF_static_Bloch,runs\combined_factor_study\cases\0f62f4f21675d4fa,90.0
robust,increasing_centering,1000,read,90,0.7,0,8,bc062153b6b100ae,121acbd166de8560,1,4096,1,1e-05,0.2662756493854716,-0.0015859293401517913,0.2662803722160658,-0.3412478143229709,0.26651720503473647,-50.000000000001435,0.7948746000183746,finite_RF_static_Bloch,runs\combined_factor_study\cases\121acbd166de8560,90.0
robust,increasing_centering,1000,read,90,0.7,0,8,bc062153b6b100ae,121acbd166de8560,2,4096,1,1e-05,-0.1738321408562089,0.0009543220284328898,0.17383476040535392,179.68545474418391,0.17383476040535392,0.0,0.794924300047569,finite_RF_static_Bloch,runs\combined_factor_study\cases\121acbd166de8560,90.0
robust,increasing_centering,1000,read,90,0.7,0,8,bc062153b6b100ae,121acbd166de8560,3,4096,1,1e-05,0.10557906854050217,-0.0009990581888387065,0.10558379530564689,-0.5421539522873934,0.10572658235580788,-100.00000000000287,0.7949512000195682,finite_RF_static_Bloch,runs\combined_factor_study\cases\121acbd166de8560,90.0
robust,increasing_centering,1000,read,90,0.7,0,8,bc062153b6b100ae,121acbd166de8560,4,4096,1,1e-05,-0.07685138168216515,-0.00017530657592231534,0.07685158162883436,-179.86930216113683,0.07793351825617299,-399.99999999999756,0.7949904000852257,finite_RF_static_Bloch,runs\combined_factor_study\cases\121acbd166de8560,90.0
robust,increasing_centering,1000,read,90,0.7,0,8,bc062153b6b100ae,121acbd166de8560,5,4096,1,1e-05,0.07264895225651917,0.0020656406796801647,0.07267831268946433,1.6286623670258336,0.07274093872298171,100.00000000000287,0.795015100040473,finite_RF_static_Bloch,runs\combined_factor_study\cases\121acbd166de8560,90.0
robust,increasing_centering,1000,read,90,0.7,0,8,bc062153b6b100ae,121acbd166de8560,6,4096,1,1e-05,-0.0633011974774665,0.0017583296271065773,0.06332561350005834,178.40889316518104,0.06378130901800819,-149.9999999999835,0.7950379000976682,finite_RF_static_Bloch,runs\combined_factor_study\cases\121acbd166de8560,90.0
robust,increasing_centering,1000,read,90,0.7,0,8,bc062153b6b100ae,121acbd166de8560,7,4096,1,1e-05,0.06231715842298133,-0.0013705142592197205,0.06233222716420196,-1.2598781521185032,0.06234098533232749,49.99999999999449,0.7950610000407323,finite_RF_static_Bloch,runs\combined_factor_study\cases\121acbd166de8560,90.0
robust,increasing_centering,1000,read,90,0.7,0,8,bc062153b6b100ae,121acbd166de8560,8,4096,1,1e-05,-0.04846500110369412,-0.006350572038465832,0.04887930131657793,-172.53482577927423,0.04887930131657793,0.0,0.7950842001009732,finite_RF_static_Bloch,runs\combined_factor_study\cases\121acbd166de8560,90.0
robust,increasing_centering,1000,oblique,90,1.2,100,8,938a7de69ec2da92,14b43cf6aede4193,1,4096,1,1e-05,0.15532820196875002,-0.0010604193365490106,0.15533182164648082,-0.3911498867427487,0.1553318216464808,0.0,1.080205100006424,finite_RF_static_Bloch,runs\combined_factor_study\cases\14b43cf6aede4193,90.0
robust,increasing_centering,1000,oblique,90,1.2,100,8,938a7de69ec2da92,14b43cf6aede4193,2,4096,1,1e-05,-0.10508472343991818,-0.006928805245111992,0.10531290254555127,-176.22763921501317,0.1057407718457361,-100.00000000000287,1.0802631000988185,finite_RF_static_Bloch,runs\combined_factor_study\cases\14b43cf6aede4193,90.0
robust,increasing_centering,1000,oblique,90,1.2,100,8,938a7de69ec2da92,14b43cf6aede4193,3,4096,1,1e-05,0.07080949981270801,-0.015866672876516365,0.07256539514049569,-12.629955037891051,0.07257591426787721,-49.99999999999449,1.0802906000753865,finite_RF_static_Bloch,runs\combined_factor_study\cases\14b43cf6aede4193,90.0
robust,increasing_centering,1000,oblique,90,1.2,100,8,938a7de69ec2da92,14b43cf6aede4193,4,4096,1,1e-05,-0.036848096701305184,-0.01916559427340654,0.04153435005343856,-152.51995804235995,0.04194366149931538,-1049.9999999999955,1.0803163000382483,finite_RF_static_Bloch,runs\combined_factor_study\cases\14b43cf6aede4193,90.0
robust,increasing_centering,1000,oblique,90,1.2,100,8,938a7de69ec2da92,14b43cf6aede4193,5,4096,1,1e-05,0.041591366154922746,-0.005515129229795441,0.041955433367493626,-7.553510860629632,0.04209738325262999,-100.00000000000287,1.0803407999919727,finite_RF_static_Bloch,runs\combined_factor_study\cases\14b43cf6aede4193,90.0
robust,increasing_centering,1000,oblique,90,1.2,100,8,938a7de69ec2da92,14b43cf6aede4193,6,4096,1,1e-05,-0.027993743999792663,-0.004152206002120393,0.028300009148584604,-171.56304804921774,0.028581544575434048,-500.00000000000045,1.0803648000583053,finite_RF_static_Bloch,runs\combined_factor_study\cases\14b43cf6aede4193,90.0
robust,increasing_centering,1000,oblique,90,1.2,100,8,938a7de69ec2da92,14b43cf6aede4193,7,4096,1,1e-05,0.03082786528017971,-0.008657226987199847,0.0320203818971731,-15.68605534367454,0.03253869007230496,-500.00000000000045,1.0803890000097454,finite_RF_static_Bloch,runs\combined_factor_study\cases\14b43cf6aede4193,90.0
robust,increasing_centering,1000,oblique,90,1.2,100,8,938a7de69ec2da92,14b43cf6aede4193,8,4096,1,1e-05,-0.021076315819422615,-0.009342629516604913,0.02305419299833723,-156.09342907534906,0.023124971609381643,49.99999999999449,1.0804127000737935,finite_RF_static_Bloch,runs\combined_factor_study\cases\14b43cf6aede4193,90.0
robust,original,1000,read,90,1.2,100,8,3c645498b9004a58,14dc139ff13ac111,1,4096,1,1e-05,0.15648066741174496,0.01016742314521427,0.15681063665146883,3.717601067010167,0.15706602938598957,100.00000000000287,0.8652607999974862,finite_RF_static_Bloch,runs\combined_factor_study\cases\14dc139ff13ac111,90.0
robust,original,1000,read,90,1.2,100,8,3c645498b9004a58,14dc139ff13ac111,2,4096,1,1e-05,-0.10382687971244345,-0.003715821536413746,0.10389335051153503,-177.95033747025565,0.10401774040716037,-49.99999999999449,0.8653339999727905,finite_RF_static_Bloch,runs\combined_factor_study\cases\14dc139ff13ac111,90.0
robust,original,1000,read,90,1.2,100,8,3c645498b9004a58,14dc139ff13ac111,3,4096,1,1e-05,0.006215666254550004,-0.006790507116195899,0.009205731577830131,-47.530685504579175,0.015416179456617204,-3199.9999999999945,0.8653629999607801,finite_RF_static_Bloch,runs\combined_factor_study\cases\14dc139ff13ac111,90.0
robust,original,1000,read,90,1.2,100,8,3c645498b9004a58,14dc139ff13ac111,4,4096,1,1e-05,0.006339204947004209,-0.004836331172057732,0.007973432044354549,-37.34087683029625,0.012187913965253297,2049.9999999999964,0.8653905999381095,finite_RF_static_Bloch,runs\combined_factor_study\cases\14dc139ff13ac111,90.0
robust,original,1000,read,90,1.2,100,8,3c645498b9004a58,14dc139ff13ac111,5,4096,1,1e-05,-0.029540279909657588,-0.006614271609601302,0.03027171495086622,-167.37924424033633,0.03170534842298923,-2000.0000000000018,0.8654172999085858,finite_RF_static_Bloch,runs\combined_factor_study\cases\14dc139ff13ac111,90.0
robust,original,1000,read,90,1.2,100,8,3c645498b9004a58,14dc139ff13ac111,6,4096,1,1e-05,0.013305991991935617,-0.006390430260232713,0.014760996639805617,-25.653442775722525,0.015979525089430412,2549.999999999997,0.8654449000023305,finite_RF_static_Bloch,runs\combined_factor_study\cases\14dc139ff13ac111,90.0
robust,original,1000,read,90,1.2,100,8,3c645498b9004a58,14dc139ff13ac111,7,4096,1,1e-05,-0.012319167929970346,-0.0025775605004377117,0.01258593328363958,-168.18238820172058,0.012818745828524937,-400.0000000000115,0.8654714999720454,finite_RF_static_Bloch,runs\combined_factor_study\cases\14dc139ff13ac111,90.0
robust,original,1000,read,90,1.2,100,8,3c645498b9004a58,14dc139ff13ac111,8,4096,1,1e-05,0.008718289588660161,-0.004015578317152611,0.009598616701010951,-24.73044026187652,0.010973760865403312,849.9999999999897,0.8654966999311,finite_RF_static_Bloch,runs\combined_factor_study\cases\14dc139ff13ac111,90.0
robust,increasing_alternating_centering,1000,read,90,1.2,0,8,1b6331729c140095,16dc3e832dd001ad,1,4096,1,1e-05,0.15131796682894325,-0.007730325450285314,0.1515152963129878,-2.9245060651392216,0.15176204864452256,-50.000000000001435,1.0817274000728503,finite_RF_static_Bloch,runs\combined_factor_study\cases\16dc3e832dd001ad,90.0
robust,increasing_alternating_centering,1000,read,90,1.2,0,8,1b6331729c140095,16dc3e832dd001ad,2,4096,1,1e-05,-0.08576020167126598,0.000576497550229301,0.08576213931637686,179.61485189675125,0.08576213931637686,0.0,1.081846100045368,finite_RF_static_Bloch,runs\combined_factor_study\cases\16dc3e832dd001ad,90.0
robust,increasing_alternating_centering,1000,read,90,1.2,0,8,1b6331729c140095,16dc3e832dd001ad,3,4096,1,1e-05,0.05237954924031911,0.0004550764569798897,0.052381526067886874,0.4977764167045253,0.053119363117408176,500.00000000000045,1.0819026000099257,finite_RF_static_Bloch,runs\combined_factor_study\cases\16dc3e832dd001ad,90.0
robust,increasing_alternating_centering,1000,read,90,1.2,0,8,1b6331729c140095,16dc3e832dd001ad,4,4096,1,1e-05,-0.04386500959533423,0.00297261549874534,0.04396561735836477,176.12314426118718,0.044834120066300595,-250.00000000000023,1.0819535000482574,finite_RF_static_Bloch,runs\combined_factor_study\cases\16dc3e832dd001ad,90.0
robust,increasing_alternating_centering,1000,read,90,1.2,0,8,1b6331729c140095,16dc3e832dd001ad,5,4096,1,1e-05,0.02754609670979833,0.005270353160633295,0.028045749524363933,10.831414090279562,0.028645164711473273,149.99999999999736,1.081999900052324,finite_RF_static_Bloch,runs\combined_factor_study\cases\16dc3e832dd001ad,90.0
robust,increasing_alternating_centering,1000,read,90,1.2,0,8,1b6331729c140095,16dc3e832dd001ad,6,4096,1,1e-05,-0.019937979983037146,0.005198834432541226,0.02060463358715622,165.38552373028887,0.02060463358715622,0.0,1.0820501000853255,finite_RF_static_Bloch,runs\combined_factor_study\cases\16dc3e832dd001ad,90.0
robust,increasing_alternating_centering,1000,read,90,1.2,0,8,1b6331729c140095,16dc3e832dd001ad,7,4096,1,1e-05,0.011777361384729988,0.0007495652176687118,0.011801190160406186,3.6416541162378873,0.012302821424693465,1000.0000000000009,1.0820991999935359,finite_RF_static_Bloch,runs\combined_factor_study\cases\16dc3e832dd001ad,90.0
robust,increasing_alternating_centering,1000,read,90,1.2,0,8,1b6331729c140095,16dc3e832dd001ad,8,4096,1,1e-05,-0.009801053548679654,-0.0006901461989570381,0.009825322001849145,-175.9721367762822,0.010451736697153319,-1400.0000000000123,1.082148400018923,finite_RF_static_Bloch,runs\combined_factor_study\cases\16dc3e832dd001ad,90.0
robust,weak_increasing_centering,1000,read,90,1,0,8,2d2f4765ae50fff9,17ff12f781392334,1,4096,1,1e-05,0.24801095795424974,-0.004883178596691768,0.24805902664203094,-1.127971844426363,0.24833080151775808,-50.000000000001435,1.4248574000084773,finite_RF_static_Bloch,runs\combined_factor_study\cases\17ff12f781392334,90.0
robust,weak_increasing_centering,1000,read,90,1,0,8,2d2f4765ae50fff9,17ff12f781392334,2,4096,1,1e-05,-0.1825489530569612,0.0009211290963546121,0.18255127701827992,179.71089200564003,0.18255127701827992,0.0,1.424961999990046,finite_RF_static_Bloch,runs\combined_factor_study\cases\17ff12f781392334,90.0
robust,weak_increasing_centering,1000,read,90,1,0,8,2d2f4765ae50fff9,17ff12f781392334,3,4096,1,1e-05,0.13738225352233174,-0.0028743451893882485,0.13741231910983087,-1.1985814770946261,0.13790428175615785,-100.00000000000287,1.4250030000694096,finite_RF_static_Bloch,runs\combined_factor_study\cases\17ff12f781392334,90.0
robust,weak_increasing_centering,1000,read,90,1,0,8,2d2f4765ae50fff9,17ff12f781392334,4,4096,1,1e-05,-0.12508573110357707,0.009139811326339287,0.12541920218530123,175.8209171942742,0.12546146422619675,-50.00000000000837,1.4250408000079915,finite_RF_static_Bloch,runs\combined_factor_study\cases\17ff12f781392334,90.0
robust,weak_increasing_centering,1000,read,90,1,0,8,2d2f4765ae50fff9,17ff12f781392334,5,4096,1,1e-05,0.11160008733389265,-0.0014118289336272289,0.11160901735016886,-0.7247980379138583,0.11160901735016886,0.0,1.425076200044714,finite_RF_static_Bloch,runs\combined_factor_study\cases\17ff12f781392334,90.0
robust,weak_increasing_centering,1000,read,90,1,0,8,2d2f4765ae50fff9,17ff12f781392334,6,4096,1,1e-05,-0.08237480253862586,-0.0041096027276740065,0.08247725097174922,-177.14393447622487,0.08265150271406359,-549.9999999999949,1.4251118000829592,finite_RF_static_Bloch,runs\combined_factor_study\cases\17ff12f781392334,90.0
robust,weak_increasing_centering,1000,read,90,1,0,8,2d2f4765ae50fff9,17ff12f781392334,7,4096,1,1e-05,0.07679856895031739,-0.0017891112932190835,0.07681940582975229,-1.3345299197160951,0.0768269017834027,49.99999999999449,1.4251484000124037,finite_RF_static_Bloch,runs\combined_factor_study\cases\17ff12f781392334,90.0
robust,weak_increasing_centering,1000,read,90,1,0,8,2d2f4765ae50fff9,17ff12f781392334,8,4096,1,1e-05,-0.0594890066341129,0.002123657251005091,0.05952690005731254,177.95550544555476,0.05952690005731253,0.0,1.4252042999723926,finite_RF_static_Bloch,runs\combined_factor_study\cases\17ff12f781392334,90.0
robust,high_low_permutation_alternating,1000,read,45,0.7,0,8,8cff258929ec712e,19621ecd746f4f3b,1,4096,1,1e-05,0.16983319389312268,0.1757909076594985,0.2444294519154542,45.987541232974934,0.2445501646647381,50.000000000001435,2.936390700051561,finite_RF_static_Bloch,runs\combined_factor_study\cases\19621ecd746f4f3b,45.0
robust,high_low_permutation_alternating,1000,read,45,0.7,0,8,8cff258929ec712e,19621ecd746f4f3b,2,4096,1,1e-05,-0.1264861275244562,0.12769781379147813,0.1797372307098783,134.72687502217758,0.17986197877858032,-49.99999999999449,2.9364590001059696,finite_RF_static_Bloch,runs\combined_factor_study\cases\19621ecd746f4f3b,45.0
robust,high_low_permutation_alternating,1000,read,45,0.7,0,8,8cff258929ec712e,19621ecd746f4f3b,3,4096,1,1e-05,0.07329345489574343,0.07885316809890566,0.10765571350276144,47.0927604102071,0.10766384148393812,49.99999999999449,2.9364880000939593,finite_RF_static_Bloch,runs\combined_factor_study\cases\19621ecd746f4f3b,45.0
robust,high_low_permutation_alternating,1000,read,45,0.7,0,8,8cff258929ec712e,19621ecd746f4f3b,4,4096,1,1e-05,-0.06324531628580095,0.05874079669454656,0.08631599636452707,137.11477145490144,0.08631599636452707,0.0,2.9365140000591055,finite_RF_static_Bloch,runs\combined_factor_study\cases\19621ecd746f4f3b,45.0
robust,high_low_permutation_alternating,1000,read,45,0.7,0,8,8cff258929ec712e,19621ecd746f4f3b,5,4096,1,1e-05,0.048609857058998,0.052998262822237144,0.07191476945295133,47.47304020527147,0.07195477199140586,49.99999999999449,2.936539000016637,finite_RF_static_Bloch,runs\combined_factor_study\cases\19621ecd746f4f3b,45.0
robust,high_low_permutation_alternating,1000,read,45,0.7,0,8,8cff258929ec712e,19621ecd746f4f3b,6,4096,1,1e-05,-0.05320724124016809,0.04822535920831267,0.07181013710584482,137.81183388417276,0.07199916420403099,-99.99999999998899,2.9365637000883,finite_RF_static_Bloch,runs\combined_factor_study\cases\19621ecd746f4f3b,45.0
robust,high_low_permutation_alternating,1000,read,45,0.7,0,8,8cff258929ec712e,19621ecd746f4f3b,7,4096,1,1e-05,0.04269419090262,0.04145193770898167,0.05950678177030461,44.1542011966045,0.05977556525462898,99.99999999998899,2.9365907000610605,finite_RF_static_Bloch,runs\combined_factor_study\cases\19621ecd746f4f3b,45.0
robust,high_low_permutation_alternating,1000,read,45,0.7,0,8,8cff258929ec712e,19621ecd746f4f3b,8,4096,1,1e-05,-0.04191739223375081,0.03841414319817196,0.056856962364584464,137.49708016648177,0.057023918029116834,-150.00000000001123,2.9366156000178307,finite_RF_static_Bloch,runs\combined_factor_study\cases\19621ecd746f4f3b,45.0
robust,increasing_centering,1000,slice,45,0.8,100,8,364196377889f30e,1cf868396ba6a25a,1,4096,1,1e-05,0.2111291751614131,0.19996063090836588,0.29079164795022977,43.4437632159489,0.2909699261559041,-50.000000000001435,2.0403031000168994,finite_RF_static_Bloch,runs\combined_factor_study\cases\1cf868396ba6a25a,45.0
robust,increasing_centering,1000,slice,45,0.8,100,8,364196377889f30e,1cf868396ba6a25a,2,4096,1,1e-05,-0.1432980738817835,0.13825737119516113,0.19912166800231876,136.0256599337668,0.19916064324906144,-50.00000000000837,2.040355500066653,finite_RF_static_Bloch,runs\combined_factor_study\cases\1cf868396ba6a25a,45.0
robust,increasing_centering,1000,slice,45,0.8,100,8,364196377889f30e,1cf868396ba6a25a,3,4096,1,1e-05,0.10715971345272812,0.1094742303953972,0.15319207325424938,45.61212478812486,0.15325993419320225,-49.99999999999449,2.0403818000340834,finite_RF_static_Bloch,runs\combined_factor_study\cases\1cf868396ba6a25a,45.0
robust,increasing_centering,1000,slice,45,0.8,100,8,364196377889f30e,1cf868396ba6a25a,4,4096,1,1e-05,-0.0675098402374443,0.08037098599173195,0.10496224996715928,130.0295119333908,0.10496224996715926,0.0,2.0404063999885693,finite_RF_static_Bloch,runs\combined_factor_study\cases\1cf868396ba6a25a,45.0
robust,increasing_centering,1000,slice,45,0.8,100,8,364196377889f30e,1cf868396ba6a25a,5,4096,1,1e-05,0.06726920775604717,0.06984650159542863,0.09697257394359732,46.07683264870146,0.09703835007879602,-49.99999999999449,2.0404299000510946,finite_RF_static_Bloch,runs\combined_factor_study\cases\1cf868396ba6a25a,45.0
robust,increasing_centering,1000,slice,45,0.8,100,8,364196377889f30e,1cf868396ba6a25a,6,4096,1,1e-05,-0.04812485200609953,0.051974413479420487,0.07083319163456316,132.7976363291805,0.07092126937990963,-49.99999999999449,2.040452799992636,finite_RF_static_Bloch,runs\combined_factor_study\cases\1cf868396ba6a25a,45.0
robust,increasing_centering,1000,slice,45,0.8,100,8,364196377889f30e,1cf868396ba6a25a,7,4096,1,1e-05,0.05024759730987215,0.045894914962475955,0.06805265795564468,42.40780490869536,0.06832667739657382,-400.0000000000115,2.040475600049831,finite_RF_static_Bloch,runs\combined_factor_study\cases\1cf868396ba6a25a,45.0
robust,increasing_centering,1000,slice,45,0.8,100,8,364196377889f30e,1cf868396ba6a25a,8,4096,1,1e-05,-0.03614139775739113,0.032835499665233,0.04883001812536498,137.74395026850365,0.04888914287420264,-49.99999999999449,2.040497999987565,finite_RF_static_Bloch,runs\combined_factor_study\cases\1cf868396ba6a25a,45.0
robust,weak_increasing_centering,1000,read,0,1,0,8,345b2b1c4709d8a0,1e87d15b33173b7e,1,4096,1,1e-05,-0.004910058550749369,0.2484525511242275,0.24850106405226652,91.13216392705218,0.24850106405226652,0.0,1.0956033000256866,finite_RF_static_Bloch,runs\combined_factor_study\cases\1e87d15b33173b7e,0.0
robust,weak_increasing_centering,1000,read,0,1,0,8,345b2b1c4709d8a0,1e87d15b33173b7e,2,4096,1,1e-05,-0.0056344292284990945,0.17823142437486358,0.17832046272770738,91.81068819494797,0.17846958335117855,-50.00000000000837,1.0957745999330655,finite_RF_static_Bloch,runs\combined_factor_study\cases\1e87d15b33173b7e,0.0
robust,weak_increasing_centering,1000,read,0,1,0,8,345b2b1c4709d8a0,1e87d15b33173b7e,3,4096,1,1e-05,-0.009150794746244972,0.1152953420476436,0.11565791344465384,94.53795561000297,0.11565791344465383,0.0,1.0958400999661535,finite_RF_static_Bloch,runs\combined_factor_study\cases\1e87d15b33173b7e,0.0
robust,weak_increasing_centering,1000,read,0,1,0,8,345b2b1c4709d8a0,1e87d15b33173b7e,4,4096,1,1e-05,0.0019815031443524505,0.09955560005315992,0.09957531750718053,88.85976500621184,0.09957531750718052,0.0,1.0958825999405235,finite_RF_static_Bloch,runs\combined_factor_study\cases\1e87d15b33173b7e,0.0
robust,weak_increasing_centering,1000,read,0,1,0,8,345b2b1c4709d8a0,1e87d15b33173b7e,5,4096,1,1e-05,0.00624935474913306,0.08937586338257568,0.08959408122282042,86.00026439166984,0.08967537742192444,-100.00000000000287,1.0959211000008509,finite_RF_static_Bloch,runs\combined_factor_study\cases\1e87d15b33173b7e,0.0
robust,weak_increasing_centering,1000,read,0,1,0,8,345b2b1c4709d8a0,1e87d15b33173b7e,6,4096,1,1e-05,0.0027764878747194824,0.0737265247326154,0.07377878647732974,87.8433013416531,0.07380172370424708,50.00000000002225,1.0959495999850333,finite_RF_static_Bloch,runs\combined_factor_study\cases\1e87d15b33173b7e,0.0
robust,weak_increasing_centering,1000,read,0,1,0,8,345b2b1c4709d8a0,1e87d15b33173b7e,7,4096,1,1e-05,0.005537948700603762,0.06017077763029793,0.060425088799647454,84.74147267920871,0.060555203703046276,-400.0000000000115,1.0959746999433264,finite_RF_static_Bloch,runs\combined_factor_study\cases\1e87d15b33173b7e,0.0
robust,weak_increasing_centering,1000,read,0,1,0,8,345b2b1c4709d8a0,1e87d15b33173b7e,8,4096,1,1e-05,-0.0001373916003234181,0.05287661323908951,0.05287679173406888,90.14887377691925,0.05296802781771935,-49.99999999999449,1.0959986000088975,finite_RF_static_Bloch,runs\combined_factor_study\cases\1e87d15b33173b7e,0.0
robust,original,1000,read,45,0.8,0,8,817d04f3f17dfe0b,1f09960a375c33b8,1,4096,1,1e-05,0.188663112601564,0.19198553509203609,0.26916949258986583,45.50008309163421,0.26930169765650885,50.000000000001435,0.8021399000426754,finite_RF_static_Bloch,runs\combined_factor_study\cases\1f09960a375c33b8,45.0
robust,original,1000,read,45,0.8,0,8,817d04f3f17dfe0b,1f09960a375c33b8,2,4096,1,1e-05,-0.13668745120829526,0.1449097077228241,0.1992041232257365,133.3275158531116,0.1992041232257365,0.0,0.8021930999821052,finite_RF_static_Bloch,runs\combined_factor_study\cases\1f09960a375c33b8,45.0
robust,original,1000,read,45,0.8,0,8,817d04f3f17dfe0b,1f09960a375c33b8,3,4096,1,1e-05,0.06926362640447604,0.13377236424125782,0.15064028470961738,62.626129961670436,0.15065571366585145,49.99999999999449,0.8022203999571502,finite_RF_static_Bloch,runs\combined_factor_study\cases\1f09960a375c33b8,45.0
robust,original,1000,read,45,0.8,0,8,817d04f3f17dfe0b,1f09960a375c33b8,4,4096,1,1e-05,-0.027673219221846256,0.10175161135179739,0.10544760535350049,105.21463892802511,0.1054890582483595,49.99999999999449,0.8022444000234827,finite_RF_static_Bloch,runs\combined_factor_study\cases\1f09960a375c33b8,45.0
robust,original,1000,read,45,0.8,0,8,817d04f3f17dfe0b,1f09960a375c33b8,5,4096,1,1e-05,-0.004489690602808261,0.09423944179467286,0.09434632855326422,92.7275837333551,0.09442052725521854,100.00000000000287,0.802268199971877,finite_RF_static_Bloch,runs\combined_factor_study\cases\1f09960a375c33b8,45.0
robust,original,1000,read,45,0.8,0,8,817d04f3f17dfe0b,1f09960a375c33b8,6,4096,1,1e-05,0.01557438119412453,0.07221363704198068,0.07387401927884271,77.82938269580933,0.07397337559487834,49.99999999999449,0.8022918000351638,finite_RF_static_Bloch,runs\combined_factor_study\cases\1f09960a375c33b8,45.0
robust,original,1000,read,45,0.8,0,8,817d04f3f17dfe0b,1f09960a375c33b8,7,4096,1,1e-05,-0.030396952180570695,0.06564343573214838,0.07233972184483844,114.84704132704476,0.07240763324094127,-49.99999999999449,0.8023149999789894,finite_RF_static_Bloch,runs\combined_factor_study\cases\1f09960a375c33b8,45.0
robust,original,1000,read,45,0.8,0,8,817d04f3f17dfe0b,1f09960a375c33b8,8,4096,1,1e-05,0.03278507153589206,0.04952615647665534,0.05939445336867501,56.49644151355473,0.059714750948981994,150.00000000001123,0.8023378000361845,finite_RF_static_Bloch,runs\combined_factor_study\cases\1f09960a375c33b8,45.0
robust,weak_increasing_centering,1000,oblique,90,0.7,100,8,dba72456bfa6b314,1f89c867ca2c78a5,1,4096,1,1e-05,0.27293198798816865,-0.00883327742739521,0.27307489239635924,-1.8536959401035198,0.2732438189786267,-50.000000000001435,2.658844400080852,finite_RF_static_Bloch,runs\combined_factor_study\cases\1f89c867ca2c78a5,90.0
robust,weak_increasing_centering,1000,oblique,90,0.7,100,8,dba72456bfa6b314,1f89c867ca2c78a5,2,4096,1,1e-05,-0.17804353121163274,-0.006630693166995666,0.1781669584916981,-177.8671775593172,0.17835714778258532,-50.00000000000837,2.6589263000059873,finite_RF_static_Bloch,runs\combined_factor_study\cases\1f89c867ca2c78a5,90.0
robust,weak_increasing_centering,1000,oblique,90,0.7,100,8,dba72456bfa6b314,1f89c867ca2c78a5,3,4096,1,1e-05,0.13012905075467399,-0.013522238220604048,0.13082973964969616,-5.932544846611154,0.13103632810832302,-100.00000000000287,2.6589549999916926,finite_RF_static_Bloch,runs\combined_factor_study\cases\1f89c867ca2c78a5,90.0
robust,weak_increasing_centering,1000,oblique,90,0.7,100,8,dba72456bfa6b314,1f89c867ca2c78a5,4,4096,1,1e-05,-0.08669199469524269,-2.7092900559843973e-05,0.08669199892876647,-179.9820939775147,0.08686824752621805,-100.00000000000287,2.6589800000656396,finite_RF_static_Bloch,runs\combined_factor_study\cases\1f89c867ca2c78a5,90.0
robust,weak_increasing_centering,1000,oblique,90,0.7,100,8,dba72456bfa6b314,1f89c867ca2c78a5,5,4096,1,1e-05,0.0748049747843016,-0.001529622386629961,0.07482061211408043,-1.1714287095078717,0.07538525575850324,-149.99999999999736,2.6590050000231713,finite_RF_static_Bloch,runs\combined_factor_study\cases\1f89c867ca2c78a5,90.0
robust,weak_increasing_centering,1000,oblique,90,0.7,100,8,dba72456bfa6b314,1f89c867ca2c78a5,6,4096,1,1e-05,-0.06471687771047702,0.0016852319996541916,0.0647388157714172,178.50835100799264,0.06477102343251066,-49.99999999999449,2.659029500093311,finite_RF_static_Bloch,runs\combined_factor_study\cases\1f89c867ca2c78a5,90.0
robust,weak_increasing_centering,1000,oblique,90,0.7,100,8,dba72456bfa6b314,1f89c867ca2c78a5,7,4096,1,1e-05,0.06183635008408432,-0.004198566892205229,0.06197872341110098,-3.884309301679787,0.06202526406961752,-49.99999999999449,2.659053400042467,finite_RF_static_Bloch,runs\combined_factor_study\cases\1f89c867ca2c78a5,90.0
robust,weak_increasing_centering,1000,oblique,90,0.7,100,8,dba72456bfa6b314,1f89c867ca2c78a5,8,4096,1,1e-05,-0.050134898890471284,0.0006390457998157569,0.0501389715320532,179.26971739697404,0.0501389715320532,0.0,2.659076200099662,finite_RF_static_Bloch,runs\combined_factor_study\cases\1f89c867ca2c78a5,90.0
robust,weak_increasing_centering,1000,read,0,1.2,0,8,345b2b1c4709d8a0,20512425bbd06d11,1,4096,1,1e-05,-0.006544732920541909,0.15002786713635896,0.15017055119591924,92.49785580680991,0.15017055119591924,0.0,1.0064307999564335,finite_RF_static_Bloch,runs\combined_factor_study\cases\20512425bbd06d11,0.0
robust,weak_increasing_centering,1000,read,0,1.2,0,8,345b2b1c4709d8a0,20512425bbd06d11,2,4096,1,1e-05,-0.016593826461722836,0.0892546771475819,0.09078409810842894,100.53192736317216,0.09115718389012258,-549.9999999999949,1.0065178000368178,finite_RF_static_Bloch,runs\combined_factor_study\cases\20512425bbd06d11,0.0
robust,weak_increasing_centering,1000,read,0,1.2,0,8,345b2b1c4709d8a0,20512425bbd06d11,3,4096,1,1e-05,-0.0002634450080330347,0.06885316568303762,0.0688536696759736,90.21922323086223,0.06900135791905973,-399.99999999999756,1.0065687999594957,finite_RF_static_Bloch,runs\combined_factor_study\cases\20512425bbd06d11,0.0
robust,weak_increasing_centering,1000,read,0,1.2,0,8,345b2b1c4709d8a0,20512425bbd06d11,4,4096,1,1e-05,-0.007862731393398712,0.055601975021948705,0.05615516157314611,98.04888574942078,0.05656097272157854,350.00000000000307,1.0066134999506176,finite_RF_static_Bloch,runs\combined_factor_study\cases\20512425bbd06d11,0.0
robust,weak_increasing_centering,1000,read,0,1.2,0,8,345b2b1c4709d8a0,20512425bbd06d11,5,4096,1,1e-05,0.010607330400763466,0.05762161251219686,0.05858980872759974,79.56942716316722,0.059153429087520956,-350.00000000000307,1.0066469999728724,finite_RF_static_Bloch,runs\combined_factor_study\cases\20512425bbd06d11,0.0
robust,weak_increasing_centering,1000,read,0,1.2,0,8,345b2b1c4709d8a0,20512425bbd06d11,6,4096,1,1e-05,0.0090123246878624,0.03240729190748555,0.03363710102039759,74.45898593317621,0.034250501639502065,200.00000000000574,1.0066711000399664,finite_RF_static_Bloch,runs\combined_factor_study\cases\20512425bbd06d11,0.0
robust,weak_increasing_centering,1000,read,0,1.2,0,8,345b2b1c4709d8a0,20512425bbd06d11,7,4096,1,1e-05,-0.003814939493142823,0.032604210005057026,0.032826639690809074,96.6736945132261,0.03282663969080907,0.0,1.0066937999799848,finite_RF_static_Bloch,runs\combined_factor_study\cases\20512425bbd06d11,0.0
robust,weak_increasing_centering,1000,read,0,1.2,0,8,345b2b1c4709d8a0,20512425bbd06d11,8,4096,1,1e-05,-0.00039038916640695364,0.020052931407547554,0.020056731083031826,91.11528963057546,0.020220113173248906,-99.99999999998899,1.0067297000205144,finite_RF_static_Bloch,runs\combined_factor_study\cases\20512425bbd06d11,0.0
robust,weak_increasing_centering,1000,read,90,0.8,0,8,2d2f4765ae50fff9,21ab6ee3f09fc363,1,4096,1,1e-05,0.28710010648972295,-0.0027558501448304547,0.28711333277371676,-0.5499605518006698,0.2873763453224863,-50.000000000001435,1.0733091000001878,finite_RF_static_Bloch,runs\combined_factor_study\cases\21ab6ee3f09fc363,90.0
robust,weak_increasing_centering,1000,read,90,0.8,0,8,2d2f4765ae50fff9,21ab6ee3f09fc363,2,4096,1,1e-05,-0.20141609595172827,0.003933533323640517,0.20145450204163717,178.8811906462879,0.20145450204163717,0.0,1.0733882000204176,finite_RF_static_Bloch,runs\combined_factor_study\cases\21ab6ee3f09fc363,90.0
robust,weak_increasing_centering,1000,read,90,0.8,0,8,2d2f4765ae50fff9,21ab6ee3f09fc363,3,4096,1,1e-05,0.1502052207478243,-0.0006979490560573732,0.15020684229683906,-0.26623074234107824,0.15039735108913438,-49.99999999999449,1.0734168000053614,finite_RF_static_Bloch,runs\combined_factor_study\cases\21ab6ee3f09fc363,90.0
robust,weak_increasing_centering,1000,read,90,0.8,0,8,2d2f4765ae50fff9,21ab6ee3f09fc363,4,4096,1,1e-05,-0.1223954025028465,-0.005622863382936402,0.12252449202692893,-177.36967257882176,0.12263450799691265,-50.00000000000837,1.0734434000914916,finite_RF_static_Bloch,runs\combined_factor_study\cases\21ab6ee3f09fc363,90.0
robust,weak_increasing_centering,1000,read,90,0.8,0,8,2d2f4765ae50fff9,21ab6ee3f09fc363,5,4096,1,1e-05,0.08962246342833166,0.000591919988708861,0.08962441810263361,0.37840986236564667,0.08965424293745876,-49.99999999999449,1.0734683000482619,finite_RF_static_Bloch,runs\combined_factor_study\cases\21ab6ee3f09fc363,90.0
robust,weak_increasing_centering,1000,read,90,0.8,0,8,2d2f4765ae50fff9,21ab6ee3f09fc363,6,4096,1,1e-05,-0.06851700538260116,0.0034419105598049718,0.06860340206506593,177.1241983711918,0.06860340206506593,0.0,1.0734940000111237,finite_RF_static_Bloch,runs\combined_factor_study\cases\21ab6ee3f09fc363,90.0
robust,weak_increasing_centering,1000,read,90,0.8,0,8,2d2f4765ae50fff9,21ab6ee3f09fc363,7,4096,1,1e-05,0.06157918710140318,-0.0024026228683076117,0.0616260406055503,-2.2343646690549623,0.06201915514456238,250.00000000000023,1.0735262000234798,finite_RF_static_Bloch,runs\combined_factor_study\cases\21ab6ee3f09fc363,90.0
robust,weak_increasing_centering,1000,read,90,0.8,0,8,2d2f4765ae50fff9,21ab6ee3f09fc363,8,4096,1,1e-05,-0.0505089673380313,-0.009459379164548644,0.05138711546421933,-169.392456689258,0.051877184501871475,-150.00000000001123,1.073556000017561,finite_RF_static_Bloch,runs\combined_factor_study\cases\21ab6ee3f09fc363,90.0
robust,increasing_alternating_centering,0,oblique,45,0.8,100,8,c89630c37dc215d4,235d92b192099b72,1,4096,1,1e-05,0.2128770940937687,0.214728911166706,0.30236594133705996,45.24812710325573,0.3027967423703996,-50.000000000001435,2.661990800057538,finite_RF_static_Bloch,runs\combined_factor_study\cases\235d92b192099b72,45.0
robust,increasing_alternating_centering,0,oblique,45,0.8,100,8,c89630c37dc215d4,235d92b192099b72,2,4096,1,1e-05,-0.1452573071511991,0.15160347900403193,0.20996023463252214,133.77534014126593,0.20998429025799983,-49.99999999999449,2.6620879000984132,finite_RF_static_Bloch,runs\combined_factor_study\cases\235d92b192099b72,45.0
robust,increasing_alternating_centering,0,oblique,45,0.8,100,8,c89630c37dc215d4,235d92b192099b72,3,4096,1,1e-05,0.10891403087846982,0.10381093653819007,0.15046254240551835,43.62578566271433,0.1506649926593277,-100.00000000000287,2.6621289000613615,finite_RF_static_Bloch,runs\combined_factor_study\cases\235d92b192099b72,45.0
robust,increasing_alternating_centering,0,oblique,45,0.8,100,8,c89630c37dc215d4,235d92b192099b72,4,4096,1,1e-05,-0.08162520365429729,0.0840272711058029,0.11714630237909178,134.16923256241535,0.1171463023790918,0.0,2.662165000103414,finite_RF_static_Bloch,runs\combined_factor_study\cases\235d92b192099b72,45.0
robust,increasing_alternating_centering,0,oblique,45,0.8,100,8,c89630c37dc215d4,235d92b192099b72,5,4096,1,1e-05,0.07240022350824793,0.05263033669717108,0.08950834991721078,36.014756714667485,0.08991686002993834,-149.99999999999736,2.6622081000823528,finite_RF_static_Bloch,runs\combined_factor_study\cases\235d92b192099b72,45.0
robust,increasing_alternating_centering,0,oblique,45,0.8,100,8,c89630c37dc215d4,235d92b192099b72,6,4096,1,1e-05,-0.054276229206891624,0.04764250801027006,0.07221992541139656,138.72403403333308,0.07230681732165568,-49.99999999999449,2.6622870001010597,finite_RF_static_Bloch,runs\combined_factor_study\cases\235d92b192099b72,45.0
robust,increasing_alternating_centering,0,oblique,45,0.8,100,8,c89630c37dc215d4,235d92b192099b72,7,4096,1,1e-05,0.04332728103969549,0.03309064390995747,0.05451829047822723,37.37030827343136,0.054760173376741536,-450.00000000000597,2.6623349000001326,finite_RF_static_Bloch,runs\combined_factor_study\cases\235d92b192099b72,45.0
robust,increasing_alternating_centering,0,oblique,45,0.8,100,8,c89630c37dc215d4,235d92b192099b72,8,4096,1,1e-05,-0.0322633218610835,0.026778150861811137,0.041928406851319606,140.30775405876537,0.04205239435726941,450.00000000000597,2.6623860000399873,finite_RF_static_Bloch,runs\combined_factor_study\cases\235d92b192099b72,45.0
robust,increasing_centering,1000,read,90,0.8,0,8,bc062153b6b100ae,261fc6726d8adf28,1,4096,1,1e-05,0.28710010648972295,-0.0027558501448304547,0.28711333277371676,-0.5499605518006698,0.2873763453224863,-50.000000000001435,0.8410694999620318,finite_RF_static_Bloch,runs\combined_factor_study\cases\261fc6726d8adf28,90.0
robust,increasing_centering,1000,read,90,0.8,0,8,bc062153b6b100ae,261fc6726d8adf28,2,4096,1,1e-05,-0.20141609595172827,0.003933533323640517,0.20145450204163717,178.8811906462879,0.20145450204163717,0.0,0.8411224000155926,finite_RF_static_Bloch,runs\combined_factor_study\cases\261fc6726d8adf28,90.0
robust,increasing_centering,1000,read,90,0.8,0,8,bc062153b6b100ae,261fc6726d8adf28,3,4096,1,1e-05,0.13116244396800786,-0.0005172450154455515,0.13116346385357017,-0.22594732025226438,0.13129182594853958,-100.00000000000287,0.8411487999837846,finite_RF_static_Bloch,runs\combined_factor_study\cases\261fc6726d8adf28,90.0
robust,increasing_centering,1000,read,90,0.8,0,8,bc062153b6b100ae,261fc6726d8adf28,4,4096,1,1e-05,-0.10568203090678334,0.001467426161373671,0.10569221823824776,179.20448232979314,0.10596358821597888,-350.00000000000307,0.84117300005164,finite_RF_static_Bloch,runs\combined_factor_study\cases\261fc6726d8adf28,90.0
robust,increasing_centering,1000,read,90,0.8,0,8,bc062153b6b100ae,261fc6726d8adf28,5,4096,1,1e-05,0.09291938726030047,0.0011231177685830996,0.09292617458150204,0.6925010641596584,0.09300862366404118,-100.00000000000287,0.8411969000007957,finite_RF_static_Bloch,runs\combined_factor_study\cases\261fc6726d8adf28,90.0
robust,increasing_centering,1000,read,90,0.8,0,8,bc062153b6b100ae,261fc6726d8adf28,6,4096,1,1e-05,-0.07371134555817435,0.0018247156664183172,0.07373392740970647,178.58193935229926,0.0742459666663499,-149.9999999999835,0.8412198999430984,finite_RF_static_Bloch,runs\combined_factor_study\cases\261fc6726d8adf28,90.0
robust,increasing_centering,1000,read,90,0.8,0,8,bc062153b6b100ae,261fc6726d8adf28,7,4096,1,1e-05,0.06264658939130412,-0.0007968477629088447,0.06265165703091907,-0.7287476007744603,0.06269881567042021,-49.99999999999449,0.8412423999980092,finite_RF_static_Bloch,runs\combined_factor_study\cases\261fc6726d8adf28,90.0
robust,increasing_centering,1000,read,90,0.8,0,8,bc062153b6b100ae,261fc6726d8adf28,8,4096,1,1e-05,-0.05240364721303983,-0.0021943465408081108,0.052449570045615186,-177.6022014636556,0.05252582847814552,-99.99999999998899,0.8412652999395505,finite_RF_static_Bloch,runs\combined_factor_study\cases\261fc6726d8adf28,90.0
robust,increasing_alternating_centering,0,read,45,0.8,100,8,248d2cd0736afc45,29231f435f3c6119,1,4096,1,1e-05,0.21286700509222947,0.21471561909896605,0.30234939877894174,45.247711470524074,0.3027801391430363,-50.000000000001435,2.381844500079751,finite_RF_static_Bloch,runs\combined_factor_study\cases\29231f435f3c6119,45.0
robust,increasing_alternating_centering,0,read,45,0.8,100,8,248d2cd0736afc45,29231f435f3c6119,2,4096,1,1e-05,-0.1452587527587313,0.15160334294431035,0.20996113651081336,133.7756506717667,0.2099850676660834,-50.00000000000837,2.381926200003363,finite_RF_static_Bloch,runs\combined_factor_study\cases\29231f435f3c6119,45.0
robust,increasing_alternating_centering,0,read,45,0.8,100,8,248d2cd0736afc45,29231f435f3c6119,3,4096,1,1e-05,0.1089091526234173,0.10381059626529081,0.15045877648746853,43.6269735598558,0.15066156033154485,-100.00000000000287,2.3819633000530303,finite_RF_static_Bloch,runs\combined_factor_study\cases\29231f435f3c6119,45.0
robust,increasing_alternating_centering,0,read,45,0.8,100,8,248d2cd0736afc45,29231f435f3c6119,4,4096,1,1e-05,-0.08162452032166605,0.08402464902551851,0.11714394547565676,134.1698864327589,0.11714394547565675,0.0,2.3819966000737622,finite_RF_static_Bloch,runs\combined_factor_study\cases\29231f435f3c6119,45.0
robust,increasing_alternating_centering,0,read,45,0.8,100,8,248d2cd0736afc45,29231f435f3c6119,5,4096,1,1e-05,0.0723991285686071,0.052632162960498746,0.08950853811449608,36.01611441128782,0.08991741852375831,-149.99999999999736,2.3820295000914484,finite_RF_static_Bloch,runs\combined_factor_study\cases\29231f435f3c6119,45.0
robust,increasing_alternating_centering,0,read,45,0.8,100,8,248d2cd0736afc45,29231f435f3c6119,6,4096,1,1e-05,-0.054275038282482424,0.04764176890029159,0.0722185428024806,138.72385142784705,0.07230543803700451,-49.99999999999449,2.382060900097713,finite_RF_static_Bloch,runs\combined_factor_study\cases\29231f435f3c6119,45.0
robust,increasing_alternating_centering,0,read,45,0.8,100,8,248d2cd0736afc45,29231f435f3c6119,7,4096,1,1e-05,0.043325787455303647,0.03309061197146158,0.054517084104599565,37.37123435560999,0.05475843918332302,-450.00000000000597,2.3820930001093075,finite_RF_static_Bloch,runs\combined_factor_study\cases\29231f435f3c6119,45.0
robust,increasing_alternating_centering,0,read,45,0.8,100,8,248d2cd0736afc45,29231f435f3c6119,8,4096,1,1e-05,-0.03226360385843145,0.026778543524440993,0.041928874623869565,140.30758728171773,0.04205265136328163,450.00000000000597,2.382125200005248,finite_RF_static_Bloch,runs\combined_factor_study\cases\29231f435f3c6119,45.0
robust,weak_increasing_centering,0,oblique,45,0.8,100,8,ad2ac5ba1d9f4559,2e2848f7e70e5be2,1,4096,1,1e-05,0.2128770940937687,0.214728911166706,0.30236594133705996,45.24812710325573,0.3027967423703996,-50.000000000001435,3.1590276999631897,finite_RF_static_Bloch,runs\combined_factor_study\cases\2e2848f7e70e5be2,45.0
robust,weak_increasing_centering,0,oblique,45,0.8,100,8,ad2ac5ba1d9f4559,2e2848f7e70e5be2,2,4096,1,1e-05,-0.14860155118862234,0.14733531312501452,0.20926087907038626,135.2451524730996,0.20926087907038624,0.0,3.1591360999736935,finite_RF_static_Bloch,runs\combined_factor_study\cases\2e2848f7e70e5be2,45.0
robust,weak_increasing_centering,0,oblique,45,0.8,100,8,ad2ac5ba1d9f4559,2e2848f7e70e5be2,3,4096,1,1e-05,0.10977456618666559,0.0904075822603381,0.1422110625501069,39.47401435742546,0.14223904726415146,-50.00000000000837,3.159184499992989,finite_RF_static_Bloch,runs\combined_factor_study\cases\2e2848f7e70e5be2,45.0
robust,weak_increasing_centering,0,oblique,45,0.8,100,8,ad2ac5ba1d9f4559,2e2848f7e70e5be2,4,4096,1,1e-05,-0.08267504946356725,0.0811488168372976,0.11584599379303787,135.53376934760723,0.11584599379303787,0.0,3.15926230000332,finite_RF_static_Bloch,runs\combined_factor_study\cases\2e2848f7e70e5be2,45.0
robust,weak_increasing_centering,0,oblique,45,0.8,100,8,ad2ac5ba1d9f4559,2e2848f7e70e5be2,5,4096,1,1e-05,0.07388116433906153,0.06680639890775203,0.09960683399806014,42.12118809038623,0.09981912616102856,-100.00000000000287,3.159773200051859,finite_RF_static_Bloch,runs\combined_factor_study\cases\2e2848f7e70e5be2,45.0
robust,weak_increasing_centering,0,oblique,45,0.8,100,8,ad2ac5ba1d9f4559,2e2848f7e70e5be2,6,4096,1,1e-05,-0.05119787531021061,0.05901201013822187,0.07812579456769367,130.94438416792178,0.07812579456769367,0.0,3.159843700006604,finite_RF_static_Bloch,runs\combined_factor_study\cases\2e2848f7e70e5be2,45.0
robust,weak_increasing_centering,0,oblique,45,0.8,100,8,ad2ac5ba1d9f4559,2e2848f7e70e5be2,7,4096,1,1e-05,0.056320814365505935,0.04296661787552773,0.07083900325707158,37.33966833096906,0.07083900325707158,0.0,3.1601677000289783,finite_RF_static_Bloch,runs\combined_factor_study\cases\2e2848f7e70e5be2,45.0
robust,weak_increasing_centering,0,oblique,45,0.8,100,8,ad2ac5ba1d9f4559,2e2848f7e70e5be2,8,4096,1,1e-05,-0.03616479975645992,0.040980253844999676,0.054655959845431805,131.42818720201726,0.05468250344614651,49.99999999999449,3.160205699969083,finite_RF_static_Bloch,runs\combined_factor_study\cases\2e2848f7e70e5be2,45.0
robust,weak_increasing_centering,1000,read,45,0.8,0,8,42110b7ebaad7151,30403b81febb346b,1,4096,1,1e-05,0.20066135316715128,0.20412717667520464,0.28623920575676287,45.4905578904452,0.286393404686585,-50.000000000001435,0.999517299933359,finite_RF_static_Bloch,runs\combined_factor_study\cases\30403b81febb346b,45.0
robust,weak_increasing_centering,1000,read,45,0.8,0,8,42110b7ebaad7151,30403b81febb346b,2,4096,1,1e-05,-0.13884958970152156,0.14678677421829545,0.2020533732598734,133.4082902773952,0.20207235277899077,-50.00000000000837,0.9996016999939457,finite_RF_static_Bloch,runs\combined_factor_study\cases\30403b81febb346b,45.0
robust,weak_increasing_centering,1000,read,45,0.8,0,8,42110b7ebaad7151,30403b81febb346b,3,4096,1,1e-05,0.1034984563085981,0.09489077533082073,0.14041435005421307,42.51561784486689,0.1405589436811364,-49.99999999999449,0.9996434999629855,finite_RF_static_Bloch,runs\combined_factor_study\cases\30403b81febb346b,45.0
robust,weak_increasing_centering,1000,read,45,0.8,0,8,42110b7ebaad7151,30403b81febb346b,4,4096,1,1e-05,-0.08675560221115652,0.06816459124059245,0.11033107456205382,141.84298770292426,0.1103824495135724,-50.00000000000837,0.9996801000088453,finite_RF_static_Bloch,runs\combined_factor_study\cases\30403b81febb346b,45.0
robust,weak_increasing_centering,1000,read,45,0.8,0,8,42110b7ebaad7151,30403b81febb346b,5,4096,1,1e-05,0.0615303703718006,0.06609991713454269,0.09030606581666797,47.050484763178474,0.09030606581666797,0.0,0.9997150999261066,finite_RF_static_Bloch,runs\combined_factor_study\cases\30403b81febb346b,45.0
robust,weak_increasing_centering,1000,read,45,0.8,0,8,42110b7ebaad7151,30403b81febb346b,6,4096,1,1e-05,-0.04538102558843256,0.060395776794124126,0.07554526681416668,126.92098123052696,0.07554526681416668,0.0,0.9997496999567375,finite_RF_static_Bloch,runs\combined_factor_study\cases\30403b81febb346b,45.0
robust,weak_increasing_centering,1000,read,45,0.8,0,8,42110b7ebaad7151,30403b81febb346b,7,4096,1,1e-05,0.04171510536698163,0.04937290077790696,0.06463616129538809,49.805572628218755,0.06464704741711852,-49.99999999999449,0.9997843999881297,finite_RF_static_Bloch,runs\combined_factor_study\cases\30403b81febb346b,45.0
robust,weak_increasing_centering,1000,read,45,0.8,0,8,42110b7ebaad7151,30403b81febb346b,8,4096,1,1e-05,-0.034414705456827496,0.03241029862302324,0.047273665063264705,136.71806393052805,0.04748083451300073,-99.99999999998899,0.9998198000248522,finite_RF_static_Bloch,runs\combined_factor_study\cases\30403b81febb346b,45.0
robust,weak_increasing_centering,1000,read,90,1.2,0,8,2d2f4765ae50fff9,316d218800938590,1,4096,1,1e-05,0.15131796682894325,-0.007730325450285314,0.1515152963129878,-2.9245060651392216,0.15176204864452256,-50.000000000001435,1.1464778999798,finite_RF_static_Bloch,runs\combined_factor_study\cases\316d218800938590,90.0
robust,weak_increasing_centering,1000,read,90,1.2,0,8,2d2f4765ae50fff9,316d218800938590,2,4096,1,1e-05,-0.11014619975356303,-0.007806414725534111,0.11042248607515973,-175.94604282062915,0.11078964393821128,-899.9999999999981,1.1465996999759227,finite_RF_static_Bloch,runs\combined_factor_study\cases\316d218800938590,90.0
robust,weak_increasing_centering,1000,read,90,1.2,0,8,2d2f4765ae50fff9,316d218800938590,3,4096,1,1e-05,0.04879854408682428,0.0026830699799002076,0.0488722494828177,3.147101163474112,0.049339024431641045,-100.00000000000287,1.1466418000636622,finite_RF_static_Bloch,runs\combined_factor_study\cases\316d218800938590,90.0
robust,weak_increasing_centering,1000,read,90,1.2,0,8,2d2f4765ae50fff9,316d218800938590,4,4096,1,1e-05,-0.031250684505430865,0.00881401299869646,0.03246986460087518,164.24930633522658,0.032505306356522094,49.99999999999449,1.1466694000409916,finite_RF_static_Bloch,runs\combined_factor_study\cases\316d218800938590,90.0
robust,weak_increasing_centering,1000,read,90,1.2,0,8,2d2f4765ae50fff9,316d218800938590,5,4096,1,1e-05,0.02616378365929499,0.002142237292220958,0.026251338175159258,4.680820235607055,0.02773320239579291,2549.999999999997,1.146699900040403,finite_RF_static_Bloch,runs\combined_factor_study\cases\316d218800938590,90.0
robust,weak_increasing_centering,1000,read,90,1.2,0,8,2d2f4765ae50fff9,316d218800938590,6,4096,1,1e-05,-0.003001020577008484,-0.0012895314343272725,0.003266345943672606,-156.74691780276873,0.011070696581453543,-3199.9999999999804,1.1467262000078335,finite_RF_static_Bloch,runs\combined_factor_study\cases\316d218800938590,90.0
robust,weak_increasing_centering,1000,read,90,1.2,0,8,2d2f4765ae50fff9,316d218800938590,7,4096,1,1e-05,0.0068270676623501565,-0.0016254871337523635,0.007017910037062438,-13.39245671790163,0.010942230367922703,3000.0000000000027,1.1467523999745026,finite_RF_static_Bloch,runs\combined_factor_study\cases\316d218800938590,90.0
robust,weak_increasing_centering,1000,read,90,1.2,0,8,2d2f4765ae50fff9,316d218800938590,8,4096,1,1e-05,-0.009360153978238125,-0.0022892151799828067,0.009636025562263248,-166.25693029417428,0.00980536531833595,750.0000000000007,1.1467781000537798,finite_RF_static_Bloch,runs\combined_factor_study\cases\316d218800938590,90.0
robust,weak_increasing_centering,1000,read,0,0.7,0,8,345b2b1c4709d8a0,33b19af4bbdc52d7,1,4096,1,1e-05,-0.00590206667592787,0.27226254016453016,0.27232650471059455,91.24185484603007,0.2723863964300917,-50.000000000001435,0.9003415000624955,finite_RF_static_Bloch,runs\combined_factor_study\cases\33b19af4bbdc52d7,0.0
robust,weak_increasing_centering,1000,read,0,0.7,0,8,345b2b1c4709d8a0,33b19af4bbdc52d7,2,4096,1,1e-05,0.00314322197348751,0.17643179139195989,0.17645978821859293,88.97935455994234,0.1768321826905125,-100.00000000000287,0.9004500999581069,finite_RF_static_Bloch,runs\combined_factor_study\cases\33b19af4bbdc52d7,0.0
robust,weak_increasing_centering,1000,read,0,0.7,0,8,345b2b1c4709d8a0,33b19af4bbdc52d7,3,4096,1,1e-05,-0.007086934706946606,0.10912492959277378,0.10935481197536924,93.71575983001617,0.10944654299595014,-49.99999999999449,0.9004897000268102,finite_RF_static_Bloch,runs\combined_factor_study\cases\33b19af4bbdc52d7,0.0
robust,weak_increasing_centering,1000,read,0,0.7,0,8,345b2b1c4709d8a0,33b19af4bbdc52d7,4,4096,1,1e-05,0.0023636628735189966,0.07661000182029014,0.07664645641570464,88.23280308041477,0.07667035979863036,-50.00000000000837,0.9005215000361204,finite_RF_static_Bloch,runs\combined_factor_study\cases\33b19af4bbdc52d7,0.0
robust,weak_increasing_centering,1000,read,0,0.7,0,8,345b2b1c4709d8a0,33b19af4bbdc52d7,5,4096,1,1e-05,-0.005457643349325013,0.08168846722043555,0.08187057803480201,93.82227654801277,0.08190336071860217,-49.99999999999449,0.9005520000355318,finite_RF_static_Bloch,runs\combined_factor_study\cases\33b19af4bbdc52d7,0.0
robust,weak_increasing_centering,1000,read,0,0.7,0,8,345b2b1c4709d8a0,33b19af4bbdc52d7,6,4096,1,1e-05,0.0006225551730718391,0.07421482380463634,0.07421743492803248,89.51938244317023,0.07421743492803248,0.0,0.9005834000417963,finite_RF_static_Bloch,runs\combined_factor_study\cases\33b19af4bbdc52d7,0.0
robust,weak_increasing_centering,1000,read,0,0.7,0,8,345b2b1c4709d8a0,33b19af4bbdc52d7,7,4096,1,1e-05,-0.001188003333599692,0.06476111348050297,0.06477200916410751,91.05093843593204,0.06484229234668958,-49.99999999999449,0.9006191999651492,finite_RF_static_Bloch,runs\combined_factor_study\cases\33b19af4bbdc52d7,0.0
robust,weak_increasing_centering,1000,read,0,0.7,0,8,345b2b1c4709d8a0,33b19af4bbdc52d7,8,4096,1,1e-05,0.0017338699719025197,0.047387827331964366,0.04741953694758664,87.90454340750811,0.04748793473227543,-49.99999999999449,0.900648899958469,finite_RF_static_Bloch,runs\combined_factor_study\cases\33b19af4bbdc52d7,0.0
robust,high_low_permutation_alternating,1000,read,0,0.7,0,8,823de6099de30e8c,34f2d2396c8a46ef,1,4096,1,1e-05,-0.006423543729670411,0.25028251945684116,0.2503649365620335,91.4701832476405,0.25053846529026824,50.000000000001435,0.9782723999815062,finite_RF_static_Bloch,runs\combined_factor_study\cases\34f2d2396c8a46ef,0.0
robust,high_low_permutation_alternating,1000,read,0,0.7,0,8,823de6099de30e8c,34f2d2396c8a46ef,2,4096,1,1e-05,-0.0005603310900149281,0.17993786679924603,0.17993873923975806,90.17841993675407,0.1801244516092652,-100.00000000000287,0.9783562000375241,finite_RF_static_Bloch,runs\combined_factor_study\cases\34f2d2396c8a46ef,0.0
robust,high_low_permutation_alternating,1000,read,0,0.7,0,8,823de6099de30e8c,34f2d2396c8a46ef,3,4096,1,1e-05,-0.005079207022222865,0.10856983629675916,0.10868858126537341,92.67850725195245,0.10868858126537342,0.0,0.9783858000300825,finite_RF_static_Bloch,runs\combined_factor_study\cases\34f2d2396c8a46ef,0.0
robust,high_low_permutation_alternating,1000,read,0,0.7,0,8,823de6099de30e8c,34f2d2396c8a46ef,4,4096,1,1e-05,-0.003141256084075182,0.0790039596569888,0.07906638433157831,92.27692335670447,0.0790798448312429,-49.99999999999449,0.9784117999952286,finite_RF_static_Bloch,runs\combined_factor_study\cases\34f2d2396c8a46ef,0.0
robust,high_low_permutation_alternating,1000,read,0,0.7,0,8,823de6099de30e8c,34f2d2396c8a46ef,5,4096,1,1e-05,-0.0013215544798240687,0.07199474628535216,0.07200687466440528,91.05161827903545,0.07200687466440528,0.0,0.9784371999558061,finite_RF_static_Bloch,runs\combined_factor_study\cases\34f2d2396c8a46ef,0.0
robust,high_low_permutation_alternating,1000,read,0,0.7,0,8,823de6099de30e8c,34f2d2396c8a46ef,6,4096,1,1e-05,-0.002873788761551235,0.07114304823463717,0.07120106722488033,92.31317748698287,0.07123940560042766,-49.99999999999449,0.9784617000259459,finite_RF_static_Bloch,runs\combined_factor_study\cases\34f2d2396c8a46ef,0.0
robust,high_low_permutation_alternating,1000,read,0,0.7,0,8,823de6099de30e8c,34f2d2396c8a46ef,7,4096,1,1e-05,-0.0009468025580612991,0.06037043890407354,0.060377862901517365,90.89850835270076,0.06044264559853781,49.99999999999449,0.978485899977386,finite_RF_static_Bloch,runs\combined_factor_study\cases\34f2d2396c8a46ef,0.0
robust,high_low_permutation_alternating,1000,read,0,0.7,0,8,823de6099de30e8c,34f2d2396c8a46ef,8,4096,1,1e-05,-0.003224146333861208,0.054870921222243275,0.054965562995022414,93.36276143597976,0.05504338947970869,-49.99999999999449,0.9785091000376269,finite_RF_static_Bloch,runs\combined_factor_study\cases\34f2d2396c8a46ef,0.0
robust,original,1000,read,45,0.8,100,8,817d04f3f17dfe0b,377af02db999baf3,1,4096,1,1e-05,0.1818036340961189,0.20134350787113592,0.2712780299478925,47.919461218919174,0.27136285199114146,50.000000000001435,0.9954496000427753,finite_RF_static_Bloch,runs\combined_factor_study\cases\377af02db999baf3,45.0
robust,original,1000,read,45,0.8,100,8,817d04f3f17dfe0b,377af02db999baf3,2,4096,1,1e-05,-0.1293793424763598,0.1363247614579708,0.18794535069053406,133.50264790812227,0.18794535069053406,0.0,0.9955172999761999,finite_RF_static_Bloch,runs\combined_factor_study\cases\377af02db999baf3,45.0
robust,original,1000,read,45,0.8,100,8,817d04f3f17dfe0b,377af02db999baf3,3,4096,1,1e-05,0.06955638957739542,0.13731281361156172,0.1539249820950644,63.13531234081921,0.1543259605386555,100.00000000000287,0.9955433999421075,finite_RF_static_Bloch,runs\combined_factor_study\cases\377af02db999baf3,45.0
robust,original,1000,read,45,0.8,100,8,817d04f3f17dfe0b,377af02db999baf3,4,4096,1,1e-05,-0.03461410760362975,0.10108302384868471,0.10684528139131565,108.9028680278612,0.10697894201176372,-49.99999999999449,0.9955668000038713,finite_RF_static_Bloch,runs\combined_factor_study\cases\377af02db999baf3,45.0
robust,original,1000,read,45,0.8,100,8,817d04f3f17dfe0b,377af02db999baf3,5,4096,1,1e-05,-0.007987019714449673,0.09077262590003833,0.09112333453461477,95.02846516630034,0.09118346246561768,49.99999999999449,0.9955896999454126,finite_RF_static_Bloch,runs\combined_factor_study\cases\377af02db999baf3,45.0
robust,original,1000,read,45,0.8,100,8,817d04f3f17dfe0b,377af02db999baf3,6,4096,1,1e-05,0.016972113378560243,0.06849319540243216,0.07056465438851421,76.08284818340103,0.070680519117176,-99.99999999998899,0.9956122000003234,finite_RF_static_Bloch,runs\combined_factor_study\cases\377af02db999baf3,45.0
robust,original,1000,read,45,0.8,100,8,817d04f3f17dfe0b,377af02db999baf3,7,4096,1,1e-05,-0.030138405631529724,0.06217407362289769,0.06909369670871666,115.8614322590136,0.069137154687864,49.99999999999449,0.9956345999380574,finite_RF_static_Bloch,runs\combined_factor_study\cases\377af02db999baf3,45.0
robust,original,1000,read,45,0.8,100,8,817d04f3f17dfe0b,377af02db999baf3,8,4096,1,1e-05,0.028817455693711903,0.04670354571884291,0.05487865646470491,58.3241986954024,0.05502320422985939,-200.00000000000574,0.9956597000127658,finite_RF_static_Bloch,runs\combined_factor_study\cases\377af02db999baf3,45.0
robust,increasing_centering,1000,slice,90,1.2,100,8,8ee7441bb0faf12d,37d2f50b7a49894f,1,4096,1,1e-05,0.15998313617700183,0.00016428734099324107,0.1599832205306529,0.058837251116062014,0.15998322053065292,0.0,0.9486355999251828,finite_RF_static_Bloch,runs\combined_factor_study\cases\37d2f50b7a49894f,90.0
robust,increasing_centering,1000,slice,90,1.2,100,8,8ee7441bb0faf12d,37d2f50b7a49894f,2,4096,1,1e-05,-0.10858733240254048,-0.004127685236360475,0.10866575607665134,-177.82308740451023,0.1087082111213595,-50.00000000000837,0.9487349999835715,finite_RF_static_Bloch,runs\combined_factor_study\cases\37d2f50b7a49894f,90.0
robust,increasing_centering,1000,slice,90,1.2,100,8,8ee7441bb0faf12d,37d2f50b7a49894f,3,4096,1,1e-05,0.07064288103848414,-0.016745169815106972,0.07260039499585516,-13.335252710301452,0.07288342328047204,-49.99999999999449,0.9488184999208897,finite_RF_static_Bloch,runs\combined_factor_study\cases\37d2f50b7a49894f,90.0
robust,increasing_centering,1000,slice,90,1.2,100,8,8ee7441bb0faf12d,37d2f50b7a49894f,4,4096,1,1e-05,-0.0384969505911948,-0.016816727717323232,0.042009731443315386,-156.40272011743875,0.04277917759613638,-950.0000000000064,0.948871299973689,finite_RF_static_Bloch,runs\combined_factor_study\cases\37d2f50b7a49894f,90.0
robust,increasing_centering,1000,slice,90,1.2,100,8,8ee7441bb0faf12d,37d2f50b7a49894f,5,4096,1,1e-05,0.04023521235721692,-0.01077829642532429,0.04165385921211263,-14.99641764517354,0.042335471138481934,399.99999999999756,0.9489155999617651,finite_RF_static_Bloch,runs\combined_factor_study\cases\37d2f50b7a49894f,90.0
robust,increasing_centering,1000,slice,90,1.2,100,8,8ee7441bb0faf12d,37d2f50b7a49894f,6,4096,1,1e-05,-0.023190195569889917,-0.006431274146282719,0.02406546192605466,-164.49985378069948,0.024211619896560694,-549.9999999999949,0.9489608999574557,finite_RF_static_Bloch,runs\combined_factor_study\cases\37d2f50b7a49894f,90.0
robust,increasing_centering,1000,slice,90,1.2,100,8,8ee7441bb0faf12d,37d2f50b7a49894f,7,4096,1,1e-05,0.0292418257512756,-0.002231280692947113,0.02932683049357164,-4.363466041317623,0.029484248414939105,-450.00000000000597,0.9490077999653295,finite_RF_static_Bloch,runs\combined_factor_study\cases\37d2f50b7a49894f,90.0
robust,increasing_centering,1000,slice,90,1.2,100,8,8ee7441bb0faf12d,37d2f50b7a49894f,8,4096,1,1e-05,-0.020168558718154907,-0.0062764317982024614,0.02112260298554961,-162.71391955154084,0.021400703316420366,200.00000000000574,0.9490545999724418,finite_RF_static_Bloch,runs\combined_factor_study\cases\37d2f50b7a49894f,90.0
robust,original,1000,read,0,0.8,0,8,e6d32fbe35ea3179,3d788b9bc09e66b9,1,4096,1,1e-05,-0.004991579147107938,0.2738999308650644,0.2739454106026763,91.04404832138634,0.27420228076127723,50.000000000001435,0.9685607999563217,finite_RF_static_Bloch,runs\combined_factor_study\cases\3d788b9bc09e66b9,0.0
robust,original,1000,read,0,0.8,0,8,e6d32fbe35ea3179,3d788b9bc09e66b9,2,4096,1,1e-05,0.006792072383082392,0.20300274302849206,0.20311633593669665,88.08371078789177,0.20324231206180873,-49.99999999999449,0.9686239999718964,finite_RF_static_Bloch,runs\combined_factor_study\cases\3d788b9bc09e66b9,0.0
robust,original,1000,read,0,0.8,0,8,e6d32fbe35ea3179,3d788b9bc09e66b9,3,4096,1,1e-05,-0.0028804625945044347,0.18811158015219165,0.1881336324321432,90.87727428774895,0.18825515192941514,49.99999999999449,0.9686516000656411,finite_RF_static_Bloch,runs\combined_factor_study\cases\3d788b9bc09e66b9,0.0
robust,original,1000,read,0,0.8,0,8,e6d32fbe35ea3179,3d788b9bc09e66b9,4,4096,1,1e-05,0.007134656286986935,0.14534215899156755,0.1455171690923911,87.18968109432188,0.14554724730957547,-49.99999999999449,0.9686775000300258,finite_RF_static_Bloch,runs\combined_factor_study\cases\3d788b9bc09e66b9,0.0
robust,original,1000,read,0,0.8,0,8,e6d32fbe35ea3179,3d788b9bc09e66b9,5,4096,1,1e-05,-0.005332037905887434,0.13043896408895866,0.13054789918198786,92.34081340078139,0.13093381749090935,100.00000000000287,0.9687012999784201,finite_RF_static_Bloch,runs\combined_factor_study\cases\3d788b9bc09e66b9,0.0
robust,original,1000,read,0,0.8,0,8,e6d32fbe35ea3179,3d788b9bc09e66b9,6,4096,1,1e-05,0.004402119102198071,0.10261021718213431,0.10270460224719587,87.54343883090355,0.10270460224719585,0.0,0.9687246000394225,finite_RF_static_Bloch,runs\combined_factor_study\cases\3d788b9bc09e66b9,0.0
robust,original,1000,read,0,0.8,0,8,e6d32fbe35ea3179,3d788b9bc09e66b9,7,4096,1,1e-05,-0.004103604759438988,0.09203944058403887,0.09213087536241317,92.55285803373854,0.09213087536241318,0.0,0.9687475999817252,finite_RF_static_Bloch,runs\combined_factor_study\cases\3d788b9bc09e66b9,0.0
robust,original,1000,read,0,0.8,0,8,e6d32fbe35ea3179,3d788b9bc09e66b9,8,4096,1,1e-05,0.008987383861626386,0.0698159590175412,0.07039205354452457,82.66467560475495,0.07057800386501323,99.99999999998899,0.9687712000450119,finite_RF_static_Bloch,runs\combined_factor_study\cases\3d788b9bc09e66b9,0.0
robust,high_low_permutation_alternating,1000,read,90,1.2,100,8,0829a82ef8bc951b,3f1dd72fbbd86d16,1,4096,1,1e-05,0.15648066741174496,0.01016742314521427,0.15681063665146883,3.717601067010167,0.15706602938598957,100.00000000000287,0.884428899968043,finite_RF_static_Bloch,runs\combined_factor_study\cases\3f1dd72fbbd86d16,90.0
robust,high_low_permutation_alternating,1000,read,90,1.2,100,8,0829a82ef8bc951b,3f1dd72fbbd86d16,2,4096,1,1e-05,-0.09385463001466182,-0.007140894253537762,0.09412589413083558,-175.64905491180636,0.0941546035021674,-49.99999999999449,0.884528600028716,finite_RF_static_Bloch,runs\combined_factor_study\cases\3f1dd72fbbd86d16,90.0
robust,high_low_permutation_alternating,1000,read,90,1.2,100,8,0829a82ef8bc951b,3f1dd72fbbd86d16,3,4096,1,1e-05,0.05289635287890952,-0.003743076553800149,0.05302862217687471,-4.047643885145618,0.05362738022867036,149.99999999999736,0.8845576000167057,finite_RF_static_Bloch,runs\combined_factor_study\cases\3f1dd72fbbd86d16,90.0
robust,high_low_permutation_alternating,1000,read,90,1.2,100,8,0829a82ef8bc951b,3f1dd72fbbd86d16,4,4096,1,1e-05,-0.034091954922806395,-0.009291318899218635,0.035335392984168726,-164.75502921302933,0.03551731714681237,100.00000000000287,0.8845836999826133,finite_RF_static_Bloch,runs\combined_factor_study\cases\3f1dd72fbbd86d16,90.0
robust,high_low_permutation_alternating,1000,read,90,1.2,100,8,0829a82ef8bc951b,3f1dd72fbbd86d16,5,4096,1,1e-05,0.03340994162132625,-0.00020331751396499616,0.03341056026396315,-0.3486714158739088,0.03366951671652297,149.99999999999736,0.8846092000603676,finite_RF_static_Bloch,runs\combined_factor_study\cases\3f1dd72fbbd86d16,90.0
robust,high_low_permutation_alternating,1000,read,90,1.2,100,8,0829a82ef8bc951b,3f1dd72fbbd86d16,6,4096,1,1e-05,-0.021306240260913774,0.0008168082258300144,0.021321891326370804,177.80455131491925,0.021321891326370804,0.0,0.8846314999973401,finite_RF_static_Bloch,runs\combined_factor_study\cases\3f1dd72fbbd86d16,90.0
robust,high_low_permutation_alternating,1000,read,90,1.2,100,8,0829a82ef8bc951b,3f1dd72fbbd86d16,7,4096,1,1e-05,0.014072584351549015,0.007343767161143254,0.015873517141722193,27.557769366173744,0.016111227769912254,150.00000000001123,0.8846540000522509,finite_RF_static_Bloch,runs\combined_factor_study\cases\3f1dd72fbbd86d16,90.0
robust,high_low_permutation_alternating,1000,read,90,1.2,100,8,0829a82ef8bc951b,3f1dd72fbbd86d16,8,4096,1,1e-05,-0.019121899248497966,-0.00671039477318114,0.02026515306830037,-160.662639827065,0.02084002513200111,-650.0000000000117,0.8846758999861777,finite_RF_static_Bloch,runs\combined_factor_study\cases\3f1dd72fbbd86d16,90.0
robust,original,0,slice,45,0.8,100,8,ed73ca4123fcea92,43d01c3b215ae78a,1,4096,1,1e-05,0.19702360198510063,0.23505616444728,0.30670784173843696,50.030329303204134,0.30684139986114856,-50.000000000001435,2.001093899947591,finite_RF_static_Bloch,runs\combined_factor_study\cases\43d01c3b215ae78a,45.0
robust,original,0,slice,45,0.8,100,8,ed73ca4123fcea92,43d01c3b215ae78a,2,4096,1,1e-05,-0.12588142007222677,0.14837135833222553,0.19457695622233914,130.31198296315253,0.19457695622233914,0.0,2.001219499972649,finite_RF_static_Bloch,runs\combined_factor_study\cases\43d01c3b215ae78a,45.0
robust,original,0,slice,45,0.8,100,8,ed73ca4123fcea92,43d01c3b215ae78a,3,4096,1,1e-05,0.04448109814110216,0.13427252883707455,0.14144850685723545,71.67127008479284,0.1415077332124818,49.99999999999449,2.0012683999957517,finite_RF_static_Bloch,runs\combined_factor_study\cases\43d01c3b215ae78a,45.0
robust,original,0,slice,45,0.8,100,8,ed73ca4123fcea92,43d01c3b215ae78a,4,4096,1,1e-05,-0.0061240956329019795,0.11004122810572846,0.11021150770376881,93.18538109901846,0.11049842519125962,-100.00000000000287,2.0013099999632686,finite_RF_static_Bloch,runs\combined_factor_study\cases\43d01c3b215ae78a,45.0
robust,original,0,slice,45,0.8,100,8,ed73ca4123fcea92,43d01c3b215ae78a,5,4096,1,1e-05,0.006602205258989472,0.09044262331603234,0.09068327975193413,85.82488105603669,0.09103918643760457,100.00000000000287,2.0013497000327334,finite_RF_static_Bloch,runs\combined_factor_study\cases\43d01c3b215ae78a,45.0
robust,original,0,slice,45,0.8,100,8,ed73ca4123fcea92,43d01c3b215ae78a,6,4096,1,1e-05,0.018495365398704777,0.06938220897305254,0.07180507964769581,75.07363821571474,0.07197170569476144,-150.00000000001123,2.001390299992636,finite_RF_static_Bloch,runs\combined_factor_study\cases\43d01c3b215ae78a,45.0
robust,original,0,slice,45,0.8,100,8,ed73ca4123fcea92,43d01c3b215ae78a,7,4096,1,1e-05,-0.022769146334274893,0.0634138693607057,0.06737768808803306,109.75099306518803,0.06740904985817929,49.99999999999449,2.00142650003545,finite_RF_static_Bloch,runs\combined_factor_study\cases\43d01c3b215ae78a,45.0
robust,original,0,slice,45,0.8,100,8,ed73ca4123fcea92,43d01c3b215ae78a,8,4096,1,1e-05,0.02452853881960389,0.049837289735894436,0.055546419010088346,63.79486146358681,0.05611540652191234,-299.9999999999947,2.001457200036384,finite_RF_static_Bloch,runs\combined_factor_study\cases\43d01c3b215ae78a,45.0
robust,increasing_alternating_centering,1000,read,0,1.2,0,8,d4d21aba7d252395,46efd5428948ab54,1,4096,1,1e-05,-0.006544732920541909,0.15002786713635896,0.15017055119591924,92.49785580680991,0.15017055119591924,0.0,1.0331132999854162,finite_RF_static_Bloch,runs\combined_factor_study\cases\46efd5428948ab54,0.0
robust,increasing_alternating_centering,1000,read,0,1.2,0,8,d4d21aba7d252395,46efd5428948ab54,2,4096,1,1e-05,0.0018064020990161541,0.08153883897391626,0.0815588459319869,88.73088346146542,0.08198110015560578,-100.00000000000287,1.0331913999980316,finite_RF_static_Bloch,runs\combined_factor_study\cases\46efd5428948ab54,0.0
robust,increasing_alternating_centering,1000,read,0,1.2,0,8,d4d21aba7d252395,46efd5428948ab54,3,4096,1,1e-05,-0.0058368571891202784,0.05178887462188343,0.0521167577315334,96.43037664507753,0.0521710060020167,49.99999999999449,1.0332223000004888,finite_RF_static_Bloch,runs\combined_factor_study\cases\46efd5428948ab54,0.0
robust,increasing_alternating_centering,1000,read,0,1.2,0,8,d4d21aba7d252395,46efd5428948ab54,4,4096,1,1e-05,-0.004343323797296704,0.041698671185004234,0.04192426075917459,95.94647186998283,0.04207570736910104,-50.00000000000837,1.0332501999801025,finite_RF_static_Bloch,runs\combined_factor_study\cases\46efd5428948ab54,0.0
robust,increasing_alternating_centering,1000,read,0,1.2,0,8,d4d21aba7d252395,46efd5428948ab54,5,4096,1,1e-05,0.0033141302549540472,0.031602615501920284,0.03177591487131431,84.01333899495323,0.031789978761293095,-49.99999999999449,1.0332770000677556,finite_RF_static_Bloch,runs\combined_factor_study\cases\46efd5428948ab54,0.0
robust,increasing_alternating_centering,1000,read,0,1.2,0,8,d4d21aba7d252395,46efd5428948ab54,6,4096,1,1e-05,0.003788675613618837,0.017951218053983357,0.01834666979391323,78.08239643494531,0.01936603295929117,-1449.999999999979,1.0333028000313789,finite_RF_static_Bloch,runs\combined_factor_study\cases\46efd5428948ab54,0.0
robust,increasing_alternating_centering,1000,read,0,1.2,0,8,d4d21aba7d252395,46efd5428948ab54,7,4096,1,1e-05,-0.0019999315128766933,0.013704917191071407,0.013850071525819707,98.30245740795637,0.01385007152581971,0.0,1.0333283999934793,finite_RF_static_Bloch,runs\combined_factor_study\cases\46efd5428948ab54,0.0
robust,increasing_alternating_centering,1000,read,0,1.2,0,8,d4d21aba7d252395,46efd5428948ab54,8,4096,1,1e-05,0.0008922243954006448,0.004684688687163118,0.004768896357374749,79.21685001397204,0.004775290109545051,49.99999999999449,1.0333543000742793,finite_RF_static_Bloch,runs\combined_factor_study\cases\46efd5428948ab54,0.0
robust,weak_increasing_centering,0,read,45,0.8,100,8,b1ea0ec2c02174a8,4a34962eb193d9a5,1,4096,1,1e-05,0.21286700509222947,0.21471561909896605,0.30234939877894174,45.247711470524074,0.3027801391430363,-50.000000000001435,3.0071694999933243,finite_RF_static_Bloch,runs\combined_factor_study\cases\4a34962eb193d9a5,45.0
robust,weak_increasing_centering,0,read,45,0.8,100,8,b1ea0ec2c02174a8,4a34962eb193d9a5,2,4096,1,1e-05,-0.14859651574994212,0.1473227011390285,0.2092484235637686,135.24663403435008,0.20924842356376858,0.0,3.0072303999913856,finite_RF_static_Bloch,runs\combined_factor_study\cases\4a34962eb193d9a5,45.0
robust,weak_increasing_centering,0,read,45,0.8,100,8,b1ea0ec2c02174a8,4a34962eb193d9a5,3,4096,1,1e-05,0.109766842603248,0.09041840859723971,0.14221198384223324,39.479359534628855,0.14223977972239932,-49.99999999999449,3.00725660007447,finite_RF_static_Bloch,runs\combined_factor_study\cases\4a34962eb193d9a5,45.0
robust,weak_increasing_centering,0,read,45,0.8,100,8,b1ea0ec2c02174a8,4a34962eb193d9a5,4,4096,1,1e-05,-0.08267406723649257,0.08114696882667748,0.11584399830453825,135.53408134686813,0.11584399830453825,0.0,3.0072809000266716,finite_RF_static_Bloch,runs\combined_factor_study\cases\4a34962eb193d9a5,45.0
robust,weak_increasing_centering,0,read,45,0.8,100,8,b1ea0ec2c02174a8,4a34962eb193d9a5,5,4096,1,1e-05,0.07387766027375756,0.06680827462972827,0.09960549305397734,42.12334027683985,0.0998175937961088,-100.00000000000287,3.007304900093004,finite_RF_static_Bloch,runs\combined_factor_study\cases\4a34962eb193d9a5,45.0
robust,weak_increasing_centering,0,read,45,0.8,100,8,b1ea0ec2c02174a8,4a34962eb193d9a5,6,4096,1,1e-05,-0.05119542309419867,0.05901403480242505,0.07812571695322768,130.94205269145448,0.07812571695322768,0.0,3.007328400039114,finite_RF_static_Bloch,runs\combined_factor_study\cases\4a34962eb193d9a5,45.0
robust,weak_increasing_centering,0,read,45,0.8,100,8,b1ea0ec2c02174a8,4a34962eb193d9a5,7,4096,1,1e-05,0.056317531573189576,0.04296704881295072,0.07083665467956328,37.3415559779353,0.07083665467956328,0.0,3.007352099986747,finite_RF_static_Bloch,runs\combined_factor_study\cases\4a34962eb193d9a5,45.0
robust,weak_increasing_centering,0,read,45,0.8,100,8,b1ea0ec2c02174a8,4a34962eb193d9a5,8,4096,1,1e-05,-0.03616347436577759,0.04097794062735849,0.05465334844511881,131.42875001109832,0.05467993659512958,49.99999999999449,3.007375100045465,finite_RF_static_Bloch,runs\combined_factor_study\cases\4a34962eb193d9a5,45.0
robust,increasing_alternating_centering,1000,read,0,0.8,0,8,d4d21aba7d252395,4bece982c06e39f5,1,4096,1,1e-05,-0.005448413794415983,0.2909624802876619,0.2910134879142601,91.07276593143351,0.2910796142930561,-50.000000000001435,0.951174599933438,finite_RF_static_Bloch,runs\combined_factor_study\cases\4bece982c06e39f5,0.0
robust,increasing_alternating_centering,1000,read,0,0.8,0,8,d4d21aba7d252395,4bece982c06e39f5,2,4096,1,1e-05,0.00021784565898888943,0.20295730822437952,0.2029574251374335,89.93850119435872,0.20330043546147633,-100.00000000000287,0.9512355999322608,finite_RF_static_Bloch,runs\combined_factor_study\cases\4bece982c06e39f5,0.0
robust,increasing_alternating_centering,1000,read,0,0.8,0,8,d4d21aba7d252395,4bece982c06e39f5,3,4096,1,1e-05,-0.009038245090426137,0.1440780395357892,0.14436125294133134,93.58955191514458,0.14436125294133137,0.0,0.9512669999385253,finite_RF_static_Bloch,runs\combined_factor_study\cases\4bece982c06e39f5,0.0
robust,increasing_alternating_centering,1000,read,0,0.8,0,8,d4d21aba7d252395,4bece982c06e39f5,4,4096,1,1e-05,-0.0032063817495576697,0.10652001527876084,0.10656826234349202,91.72415189078357,0.10663283709873797,-50.00000000000837,0.9512945999158546,finite_RF_static_Bloch,runs\combined_factor_study\cases\4bece982c06e39f5,0.0
robust,increasing_alternating_centering,1000,read,0,0.8,0,8,d4d21aba7d252395,4bece982c06e39f5,5,4096,1,1e-05,-0.0011749185854500414,0.0819969007991343,0.08200531796380955,90.82092455941667,0.08205372587625703,-49.99999999999449,0.9513222998939455,finite_RF_static_Bloch,runs\combined_factor_study\cases\4bece982c06e39f5,0.0
robust,increasing_alternating_centering,1000,read,0,0.8,0,8,d4d21aba7d252395,4bece982c06e39f5,6,4096,1,1e-05,0.0031584138591125247,0.06618263804345986,0.06625795919357202,87.2677639052778,0.06630831099791695,-49.99999999999449,0.9513494999846444,finite_RF_static_Bloch,runs\combined_factor_study\cases\4bece982c06e39f5,0.0
robust,increasing_alternating_centering,1000,read,0,0.8,0,8,d4d21aba7d252395,4bece982c06e39f5,7,4096,1,1e-05,7.813748692443647e-05,0.049904629140568146,0.049904690311878566,89.91028999431163,0.049922157391966863,-49.99999999999449,0.9513781999703497,finite_RF_static_Bloch,runs\combined_factor_study\cases\4bece982c06e39f5,0.0
robust,increasing_alternating_centering,1000,read,0,0.8,0,8,d4d21aba7d252395,4bece982c06e39f5,8,4096,1,1e-05,0.00028169920127250935,0.04296229645675771,0.04296321998265882,89.62432306095937,0.04297018677758742,49.99999999999449,0.951403999933973,finite_RF_static_Bloch,runs\combined_factor_study\cases\4bece982c06e39f5,0.0
robust,increasing_centering,1000,read,90,1,0,8,bc062153b6b100ae,4cb8e19edcf6af26,1,4096,1,1e-05,0.24801095795424974,-0.004883178596691768,0.24805902664203094,-1.127971844426363,0.24833080151775808,-50.000000000001435,0.9954667000565678,finite_RF_static_Bloch,runs\combined_factor_study\cases\4cb8e19edcf6af26,90.0
robust,increasing_centering,1000,read,90,1,0,8,bc062153b6b100ae,4cb8e19edcf6af26,2,4096,1,1e-05,-0.1825489530569612,0.0009211290963546121,0.18255127701827992,179.71089200564003,0.18255127701827992,0.0,0.9955316000850871,finite_RF_static_Bloch,runs\combined_factor_study\cases\4cb8e19edcf6af26,90.0
robust,increasing_centering,1000,read,90,1,0,8,bc062153b6b100ae,4cb8e19edcf6af26,3,4096,1,1e-05,0.13608719595428814,0.0027704943663890832,0.13611539421290675,1.1662795217158892,0.13624672145493003,-100.00000000000287,0.995566500001587,finite_RF_static_Bloch,runs\combined_factor_study\cases\4cb8e19edcf6af26,90.0
robust,increasing_centering,1000,read,90,1,0,8,bc062153b6b100ae,4cb8e19edcf6af26,4,4096,1,1e-05,-0.11069870078382793,-0.00010713038399146274,0.11069875262236084,-179.94455113835477,0.1109508944303472,-450.00000000000597,0.9955991000169888,finite_RF_static_Bloch,runs\combined_factor_study\cases\4cb8e19edcf6af26,90.0
robust,increasing_centering,1000,read,90,1,0,8,bc062153b6b100ae,4cb8e19edcf6af26,5,4096,1,1e-05,0.09879688623042124,-0.0012906939433898965,0.09880531675816996,-0.7484761082426392,0.09908018601650416,-100.00000000000287,0.9956302000209689,finite_RF_static_Bloch,runs\combined_factor_study\cases\4cb8e19edcf6af26,90.0
robust,increasing_centering,1000,read,90,1,0,8,bc062153b6b100ae,4cb8e19edcf6af26,6,4096,1,1e-05,-0.0765653847251378,-0.0013149041261109596,0.07657667471867154,-179.01612129457058,0.07658061472488857,50.00000000002225,0.9956609000219032,finite_RF_static_Bloch,runs\combined_factor_study\cases\4cb8e19edcf6af26,90.0
robust,increasing_centering,1000,read,90,1,0,8,bc062153b6b100ae,4cb8e19edcf6af26,7,4096,1,1e-05,0.06650494859168872,-0.002914522843184866,0.06656878120099996,-2.509333219539751,0.06721491708517345,-200.00000000000574,0.9956914000213146,finite_RF_static_Bloch,runs\combined_factor_study\cases\4cb8e19edcf6af26,90.0
robust,increasing_centering,1000,read,90,1,0,8,bc062153b6b100ae,4cb8e19edcf6af26,8,4096,1,1e-05,-0.052500001237319766,0.002726326337802778,0.05257074267326622,177.02729904912155,0.05264217106384074,-49.99999999999449,0.9957223000237718,finite_RF_static_Bloch,runs\combined_factor_study\cases\4cb8e19edcf6af26,90.0
robust,original,1000,slice,90,1.2,100,8,57df3010b632b06a,4e0760da9227d287,1,4096,1,1e-05,0.16213420677175872,0.010448731796591742,0.1624705419504241,3.6873249480302275,0.16276198937682795,100.00000000000287,0.8561057000188157,finite_RF_static_Bloch,runs\combined_factor_study\cases\4e0760da9227d287,90.0
robust,original,1000,slice,90,1.2,100,8,57df3010b632b06a,4e0760da9227d287,2,4096,1,1e-05,-0.10529637257352306,-0.0031985368622023612,0.10534494157386508,-178.2600889085938,0.10625755741031072,-949.9999999999994,0.8561679000267759,finite_RF_static_Bloch,runs\combined_factor_study\cases\4e0760da9227d287,90.0
robust,original,1000,slice,90,1.2,100,8,57df3010b632b06a,4e0760da9227d287,3,4096,1,1e-05,0.005439616377319498,4.218228107252223e-06,0.005439618012861828,0.044430820550336085,0.006837689879080335,-3199.9999999999945,0.8561985000269488,finite_RF_static_Bloch,runs\combined_factor_study\cases\4e0760da9227d287,90.0
robust,original,1000,slice,90,1.2,100,8,57df3010b632b06a,4e0760da9227d287,4,4096,1,1e-05,0.004894155595881473,-0.005211527889385147,0.007149320382983067,-46.79880145893454,0.008585520616644794,-700.0000000000061,0.8562251999974251,finite_RF_static_Bloch,runs\combined_factor_study\cases\4e0760da9227d287,90.0
robust,original,1000,slice,90,1.2,100,8,57df3010b632b06a,4e0760da9227d287,5,4096,1,1e-05,-0.017994238058964364,-0.001581561105950253,0.01806360813499164,-174.9770304235093,0.019612794485148816,-2700.0000000000077,0.8562518000835553,finite_RF_static_Bloch,runs\combined_factor_study\cases\4e0760da9227d287,90.0
robust,original,1000,slice,90,1.2,100,8,57df3010b632b06a,4e0760da9227d287,6,4096,1,1e-05,0.01219526108125258,-0.006148591948970503,0.013657583087605901,-26.756272360802903,0.014610411818506823,750.0000000000007,0.8562767000403255,finite_RF_static_Bloch,runs\combined_factor_study\cases\4e0760da9227d287,90.0
robust,original,1000,slice,90,1.2,100,8,57df3010b632b06a,4e0760da9227d287,7,4096,1,1e-05,-0.010197389926244154,-0.0039588509659469725,0.01093888761613561,-158.78269306589502,0.011732032503285713,1150.000000000012,0.8563023000024259,finite_RF_static_Bloch,runs\combined_factor_study\cases\4e0760da9227d287,90.0
robust,original,1000,slice,90,1.2,100,8,57df3010b632b06a,4e0760da9227d287,8,4096,1,1e-05,0.006301685579730937,-0.0017210100490879564,0.0065324663592590025,-15.275160879038078,0.007589685113367263,950.0000000000064,0.8563268000725657,finite_RF_static_Bloch,runs\combined_factor_study\cases\4e0760da9227d287,90.0
robust,high_low_permutation_alternating,1000,read,45,1.2,0,8,8cff258929ec712e,5182ffcda959ccfb,1,4096,1,1e-05,0.10672732234730495,0.10724106501312762,0.15129893377210363,45.137568125398765,0.1516594743408851,100.00000000000287,0.7971391000319272,finite_RF_static_Bloch,runs\combined_factor_study\cases\5182ffcda959ccfb,45.0
robust,high_low_permutation_alternating,1000,read,45,1.2,0,8,8cff258929ec712e,5182ffcda959ccfb,2,4096,1,1e-05,-0.06372712260232233,0.061052879428929674,0.08825304664279214,136.22775598612026,0.08836206049358117,-49.99999999999449,0.7971907000755891,finite_RF_static_Bloch,runs\combined_factor_study\cases\5182ffcda959ccfb,45.0
robust,high_low_permutation_alternating,1000,read,45,1.2,0,8,8cff258929ec712e,5182ffcda959ccfb,3,4096,1,1e-05,0.03835444616942908,0.04180859859030572,0.05673642971714864,47.46729660662789,0.05673642971714864,0.0,0.7972181000513956,finite_RF_static_Bloch,runs\combined_factor_study\cases\5182ffcda959ccfb,45.0
robust,high_low_permutation_alternating,1000,read,45,1.2,0,8,8cff258929ec712e,5182ffcda959ccfb,4,4096,1,1e-05,-0.032653234479886356,0.027838674229985722,0.04290950366622423,139.55058731150862,0.04293058594949026,-49.99999999999449,0.7972435000119731,finite_RF_static_Bloch,runs\combined_factor_study\cases\5182ffcda959ccfb,45.0
robust,high_low_permutation_alternating,1000,read,45,1.2,0,8,8cff258929ec712e,5182ffcda959ccfb,5,4096,1,1e-05,0.022034487694429363,0.026483568316797983,0.034451386601216286,50.23934059592032,0.034493503738406775,49.99999999999449,0.7972681000828743,finite_RF_static_Bloch,runs\combined_factor_study\cases\5182ffcda959ccfb,45.0
robust,high_low_permutation_alternating,1000,read,45,1.2,0,8,8cff258929ec712e,5182ffcda959ccfb,6,4096,1,1e-05,-0.022993496456579544,0.018460406309422948,0.02948707310683308,141.24064349517718,0.02953219366221806,-49.99999999999449,0.7972919000312686,finite_RF_static_Bloch,runs\combined_factor_study\cases\5182ffcda959ccfb,45.0
robust,high_low_permutation_alternating,1000,read,45,1.2,0,8,8cff258929ec712e,5182ffcda959ccfb,7,4096,1,1e-05,0.020916761365003818,0.01692669156847028,0.026907690228903693,38.981188403180035,0.02757509407491616,-1450.0000000000068,0.7973157000960782,finite_RF_static_Bloch,runs\combined_factor_study\cases\5182ffcda959ccfb,45.0
robust,high_low_permutation_alternating,1000,read,45,1.2,0,8,8cff258929ec712e,5182ffcda959ccfb,8,4096,1,1e-05,-0.01715168729280235,0.013654166150830023,0.021922970379593867,141.47730061118156,0.022219331857898327,-700.0000000000061,0.7973395000444725,finite_RF_static_Bloch,runs\combined_factor_study\cases\5182ffcda959ccfb,45.0
robust,increasing_centering,1000,read,45,0.8,0,8,2fce845511804024,51f7767df3611085,1,4096,1,1e-05,0.20066135316715128,0.20412717667520464,0.28623920575676287,45.4905578904452,0.286393404686585,-50.000000000001435,0.8796550000552088,finite_RF_static_Bloch,runs\combined_factor_study\cases\51f7767df3611085,45.0
robust,increasing_centering,1000,read,45,0.8,0,8,2fce845511804024,51f7767df3611085,2,4096,1,1e-05,-0.13884958970152156,0.14678677421829545,0.2020533732598734,133.4082902773952,0.20207235277899077,-50.00000000000837,0.8797161000547931,finite_RF_static_Bloch,runs\combined_factor_study\cases\51f7767df3611085,45.0
robust,increasing_centering,1000,read,45,0.8,0,8,2fce845511804024,51f7767df3611085,3,4096,1,1e-05,0.08963373836101712,0.11569790205699952,0.14635645388216512,52.2342595350344,0.1464031372929313,-49.99999999999449,0.8797506000846624,finite_RF_static_Bloch,runs\combined_factor_study\cases\51f7767df3611085,45.0
robust,increasing_centering,1000,read,45,0.8,0,8,2fce845511804024,51f7767df3611085,4,4096,1,1e-05,-0.07384062433528847,0.09224774078719598,0.11816126049838371,128.67587456205183,0.11820692109972702,-50.00000000000837,0.8797826999798417,finite_RF_static_Bloch,runs\combined_factor_study\cases\51f7767df3611085,45.0
robust,increasing_centering,1000,read,45,0.8,0,8,2fce845511804024,51f7767df3611085,5,4096,1,1e-05,0.06460839086485351,0.07944333338332381,0.10239866888392454,50.879788890969884,0.10249785607229184,-49.99999999999449,0.8798137999838218,finite_RF_static_Bloch,runs\combined_factor_study\cases\51f7767df3611085,45.0
robust,increasing_centering,1000,read,45,0.8,0,8,2fce845511804024,51f7767df3611085,6,4096,1,1e-05,-0.04808227263913212,0.061020936263520745,0.07768822050105469,128.236820973102,0.07796625743061202,-99.99999999998899,0.879843799979426,finite_RF_static_Bloch,runs\combined_factor_study\cases\51f7767df3611085,45.0
robust,increasing_centering,1000,read,45,0.8,0,8,2fce845511804024,51f7767df3611085,7,4096,1,1e-05,0.042805981354668204,0.05180214712801851,0.06719981016944229,50.4318502323443,0.06726475194738832,-49.99999999999449,0.8798734000883996,finite_RF_static_Bloch,runs\combined_factor_study\cases\51f7767df3611085,45.0
robust,increasing_centering,1000,read,45,0.8,0,8,2fce845511804024,51f7767df3611085,8,4096,1,1e-05,-0.03714876912018088,0.0391190666856536,0.053947496934529944,133.52015427138713,0.053954385498524944,-49.99999999999449,0.8799032000824809,finite_RF_static_Bloch,runs\combined_factor_study\cases\51f7767df3611085,45.0
robust,increasing_alternating_centering,1000,read,0,0.7,0,8,d4d21aba7d252395,564ca61106612b71,1,4096,1,1e-05,-0.00590206667592787,0.27226254016453016,0.27232650471059455,91.24185484603007,0.2723863964300917,-50.000000000001435,1.1449002000736073,finite_RF_static_Bloch,runs\combined_factor_study\cases\564ca61106612b71,0.0
robust,increasing_alternating_centering,1000,read,0,0.7,0,8,d4d21aba7d252395,564ca61106612b71,2,4096,1,1e-05,0.0016541128161381789,0.17845185209812725,0.17845951811674376,89.46892695172997,0.1787257309949427,-100.00000000000287,1.1450215000659227,finite_RF_static_Bloch,runs\combined_factor_study\cases\564ca61106612b71,0.0
robust,increasing_alternating_centering,1000,read,0,0.7,0,8,d4d21aba7d252395,564ca61106612b71,3,4096,1,1e-05,-0.010018318728083783,0.11434181405440405,0.11477986387598386,95.00731311743682,0.11477986387598385,0.0,1.1450780000304803,finite_RF_static_Bloch,runs\combined_factor_study\cases\564ca61106612b71,0.0
robust,increasing_alternating_centering,1000,read,0,0.7,0,8,d4d21aba7d252395,564ca61106612b71,4,4096,1,1e-05,-0.003508446793267923,0.08066907948820949,0.08074533784916782,92.49032954793225,0.08074533784916782,0.0,1.14512600004673,finite_RF_static_Bloch,runs\combined_factor_study\cases\564ca61106612b71,0.0
robust,increasing_alternating_centering,1000,read,0,0.7,0,8,d4d21aba7d252395,564ca61106612b71,5,4096,1,1e-05,-0.0019973009338513266,0.05707084899186497,0.05710578793495996,92.00435476620284,0.05742650021093859,-100.00000000000287,1.1451721000485122,finite_RF_static_Bloch,runs\combined_factor_study\cases\564ca61106612b71,0.0
robust,increasing_alternating_centering,1000,read,0,0.7,0,8,d4d21aba7d252395,564ca61106612b71,6,4096,1,1e-05,0.0012945110720662435,0.04261411788325092,0.042633775365117595,88.26003158739621,0.04268684686964864,-49.99999999999449,1.1452148000244051,finite_RF_static_Bloch,runs\combined_factor_study\cases\564ca61106612b71,0.0
robust,increasing_alternating_centering,1000,read,0,0.7,0,8,d4d21aba7d252395,564ca61106612b71,7,4096,1,1e-05,-0.00020333937479482178,0.03017602448211571,0.030176709569576812,90.38607841334291,0.03020414542026837,-49.99999999999449,1.1452608000254259,finite_RF_static_Bloch,runs\combined_factor_study\cases\564ca61106612b71,0.0
robust,increasing_alternating_centering,1000,read,0,0.7,0,8,d4d21aba7d252395,564ca61106612b71,8,4096,1,1e-05,-3.3455900594905235e-05,0.023819399189264012,0.02381942268475027,90.08047560847879,0.023819422684750267,0.0,1.145305800018832,finite_RF_static_Bloch,runs\combined_factor_study\cases\564ca61106612b71,0.0
robust,increasing_centering,1000,slice,90,0.7,100,8,8ee7441bb0faf12d,5680aaece90e0908,1,4096,1,1e-05,0.2736355314549804,-0.007620277992815379,0.2737416166959955,-1.5951764392216832,0.27408936019381186,-100.00000000000287,2.1755605000071228,finite_RF_static_Bloch,runs\combined_factor_study\cases\5680aaece90e0908,90.0
robust,increasing_centering,1000,slice,90,0.7,100,8,8ee7441bb0faf12d,5680aaece90e0908,2,4096,1,1e-05,-0.17860232198043668,-0.004991123123210187,0.17867204797291214,-178.39925999282943,0.17867420526378555,-50.00000000000837,2.1756257000379264,finite_RF_static_Bloch,runs\combined_factor_study\cases\5680aaece90e0908,90.0
robust,increasing_centering,1000,slice,90,0.7,100,8,8ee7441bb0faf12d,5680aaece90e0908,3,4096,1,1e-05,0.11034024933422351,-0.0019708222875712026,0.11035784867252442,-1.0232693335791576,0.11057172223376492,-49.99999999999449,2.175662499968894,finite_RF_static_Bloch,runs\combined_factor_study\cases\5680aaece90e0908,90.0
robust,increasing_centering,1000,slice,90,0.7,100,8,8ee7441bb0faf12d,5680aaece90e0908,4,4096,1,1e-05,-0.07368341108897501,-0.006400070877788814,0.07396084083450923,-175.0358022883794,0.07396084083450921,0.0,2.175696499994956,finite_RF_static_Bloch,runs\combined_factor_study\cases\5680aaece90e0908,90.0
robust,increasing_centering,1000,slice,90,0.7,100,8,8ee7441bb0faf12d,5680aaece90e0908,5,4096,1,1e-05,0.07339215466788152,-0.0030720471908193075,0.0734564213717008,-2.396886274429663,0.07352825210176471,-49.99999999999449,2.17574410000816,finite_RF_static_Bloch,runs\combined_factor_study\cases\5680aaece90e0908,90.0
robust,increasing_centering,1000,slice,90,0.7,100,8,8ee7441bb0faf12d,5680aaece90e0908,6,4096,1,1e-05,-0.0541810471013778,8.426667659702206e-05,0.05418111263045919,179.9108891155118,0.05466324660121954,-199.99999999997797,2.1757775000296533,finite_RF_static_Bloch,runs\combined_factor_study\cases\5680aaece90e0908,90.0
robust,increasing_centering,1000,slice,90,0.7,100,8,8ee7441bb0faf12d,5680aaece90e0908,7,4096,1,1e-05,0.05734701727692714,-0.005180335418835569,0.05758051984492518,-5.161697428510265,0.05773752399088252,99.99999999998899,2.1758102999301627,finite_RF_static_Bloch,runs\combined_factor_study\cases\5680aaece90e0908,90.0
robust,increasing_centering,1000,slice,90,0.7,100,8,8ee7441bb0faf12d,5680aaece90e0908,8,4096,1,1e-05,-0.04419717771567612,-0.0023661435975996306,0.044260469423126544,-176.93553408814554,0.044673882686669976,-99.99999999998899,2.175842099939473,finite_RF_static_Bloch,runs\combined_factor_study\cases\5680aaece90e0908,90.0
robust,high_low_permutation_alternating,1000,slice,90,1.2,100,8,0fb1c729b66058aa,577594307542be4a,1,4096,1,1e-05,0.16213420677175872,0.010448731796591742,0.1624705419504241,3.6873249480302275,0.16276198937682795,100.00000000000287,0.853654499980621,finite_RF_static_Bloch,runs\combined_factor_study\cases\577594307542be4a,90.0
robust,high_low_permutation_alternating,1000,slice,90,1.2,100,8,0fb1c729b66058aa,577594307542be4a,2,4096,1,1e-05,-0.08166041776415131,-0.00566799170030561,0.08185688706108028,-176.02950854109503,0.08227387367018764,-149.99999999999736,0.8537130000768229,finite_RF_static_Bloch,runs\combined_factor_study\cases\577594307542be4a,90.0
robust,high_low_permutation_alternating,1000,slice,90,1.2,100,8,0fb1c729b66058aa,577594307542be4a,3,4096,1,1e-05,0.04672782987700833,0.0006960854945426372,0.046733014240794964,0.8534488206993208,0.046753312236962406,49.99999999999449,0.8537394000450149,finite_RF_static_Bloch,runs\combined_factor_study\cases\577594307542be4a,90.0
robust,high_low_permutation_alternating,1000,slice,90,1.2,100,8,0fb1c729b66058aa,577594307542be4a,4,4096,1,1e-05,-0.0393521162180514,0.0034593668325274595,0.03950387664167929,174.97615572050074,0.039534819621889414,49.99999999999449,0.8537632999941707,finite_RF_static_Bloch,runs\combined_factor_study\cases\577594307542be4a,90.0
robust,high_low_permutation_alternating,1000,slice,90,1.2,100,8,0fb1c729b66058aa,577594307542be4a,5,4096,1,1e-05,0.03918956679666563,0.0052316631565754446,0.039537228596528945,7.603818800814107,0.03954316729038184,49.99999999999449,0.8537861000513658,finite_RF_static_Bloch,runs\combined_factor_study\cases\577594307542be4a,90.0
robust,high_low_permutation_alternating,1000,slice,90,1.2,100,8,0fb1c729b66058aa,577594307542be4a,6,4096,1,1e-05,-0.02786852701584851,0.00020086288437618882,0.027869250867782545,179.5870468413617,0.02844471529179165,-150.00000000001123,0.8538084999890998,finite_RF_static_Bloch,runs\combined_factor_study\cases\577594307542be4a,90.0
robust,high_low_permutation_alternating,1000,slice,90,1.2,100,8,0fb1c729b66058aa,577594307542be4a,7,4096,1,1e-05,0.016673838815038467,0.009141958798757753,0.01901558075652878,28.73514746391413,0.01976696790852859,-349.9999999999892,0.8538315000478178,finite_RF_static_Bloch,runs\combined_factor_study\cases\577594307542be4a,90.0
robust,high_low_permutation_alternating,1000,slice,90,1.2,100,8,0fb1c729b66058aa,577594307542be4a,8,4096,1,1e-05,-0.016132714631173762,-0.008233965886500966,0.018112500533911644,-152.9607173243982,0.01991402184305321,-2650.0000000000136,0.8538536999840289,finite_RF_static_Bloch,runs\combined_factor_study\cases\577594307542be4a,90.0
robust,original,1000,read,45,0.7,0,8,817d04f3f17dfe0b,5792fb33b4617ee3,1,4096,1,1e-05,0.16983319389312268,0.1757909076594985,0.2444294519154542,45.987541232974934,0.2445501646647381,50.000000000001435,1.941342700039968,finite_RF_static_Bloch,runs\combined_factor_study\cases\5792fb33b4617ee3,45.0
robust,original,1000,read,45,0.7,0,8,817d04f3f17dfe0b,5792fb33b4617ee3,2,4096,1,1e-05,-0.11852295980878828,0.12329791411893457,0.17102651147677606,133.86879417599323,0.17102651147677603,0.0,1.941398199996911,finite_RF_static_Bloch,runs\combined_factor_study\cases\5792fb33b4617ee3,45.0
robust,original,1000,read,45,0.7,0,8,817d04f3f17dfe0b,5792fb33b4617ee3,3,4096,1,1e-05,0.033965019693374836,0.12357381650666424,0.12815658659933973,74.63141317041034,0.12819315404190246,-49.99999999999449,1.941425699973479,finite_RF_static_Bloch,runs\combined_factor_study\cases\5792fb33b4617ee3,45.0
robust,original,1000,read,45,0.7,0,8,817d04f3f17dfe0b,5792fb33b4617ee3,4,4096,1,1e-05,0.000961524619270086,0.08961830410034667,0.08962346210348981,89.38529088049442,0.08997588331666209,-350.00000000000307,1.9414503000443801,finite_RF_static_Bloch,runs\combined_factor_study\cases\5792fb33b4617ee3,45.0
robust,original,1000,read,45,0.7,0,8,817d04f3f17dfe0b,5792fb33b4617ee3,5,4096,1,1e-05,-0.046288125301929606,0.0845070144686712,0.09635365088244109,118.7114156026716,0.09641543523831922,-49.99999999999449,1.9414738999912515,finite_RF_static_Bloch,runs\combined_factor_study\cases\5792fb33b4617ee3,45.0
robust,original,1000,read,45,0.7,0,8,817d04f3f17dfe0b,5792fb33b4617ee3,6,4096,1,1e-05,0.023216344657908373,0.06482757758603303,0.06885937463372668,70.29630924434821,0.06906825944405508,99.99999999998899,1.9414964000461623,finite_RF_static_Bloch,runs\combined_factor_study\cases\5792fb33b4617ee3,45.0
robust,original,1000,read,45,0.7,0,8,817d04f3f17dfe0b,5792fb33b4617ee3,7,4096,1,1e-05,-0.03232014786926281,0.05946661998147996,0.06768213095280588,118.52410983055687,0.0677608748501271,-49.99999999999449,1.9415208999998868,finite_RF_static_Bloch,runs\combined_factor_study\cases\5792fb33b4617ee3,45.0
robust,original,1000,read,45,0.7,0,8,817d04f3f17dfe0b,5792fb33b4617ee3,8,4096,1,1e-05,0.004312355557169481,0.04636433683922862,0.04656445147312382,84.68619679584282,0.04681426839803795,150.00000000001123,1.9415429000509903,finite_RF_static_Bloch,runs\combined_factor_study\cases\5792fb33b4617ee3,45.0
robust,increasing_centering,0,slice,45,0.8,100,8,a358c685d2c9b293,57ad116e80142a94,1,4096,1,1e-05,0.21319696516669912,0.21531627621431665,0.30300832457061405,45.28336717922051,0.30345299168235546,-100.00000000000287,2.4826305999886245,finite_RF_static_Bloch,runs\combined_factor_study\cases\57ad116e80142a94,45.0
robust,increasing_centering,0,slice,45,0.8,100,8,a358c685d2c9b293,57ad116e80142a94,2,4096,1,1e-05,-0.14879542931888945,0.14741585995832227,0.20945528294469992,135.266846447986,0.20945528294469992,0.0,2.4826831000391394,finite_RF_static_Bloch,runs\combined_factor_study\cases\57ad116e80142a94,45.0
robust,increasing_centering,0,slice,45,0.8,100,8,a358c685d2c9b293,57ad116e80142a94,3,4096,1,1e-05,0.09575136649360466,0.12539203301240182,0.15777035883959908,52.634066478739825,0.15778717948290738,-49.99999999999449,2.48271080001723,finite_RF_static_Bloch,runs\combined_factor_study\cases\57ad116e80142a94,45.0
robust,increasing_centering,0,slice,45,0.8,100,8,a358c685d2c9b293,57ad116e80142a94,4,4096,1,1e-05,-0.054977159897597286,0.08469901549389025,0.10097728128663516,122.98714007612465,0.10116609308362906,-100.00000000000287,2.4827363999793306,finite_RF_static_Bloch,runs\combined_factor_study\cases\57ad116e80142a94,45.0
robust,increasing_centering,0,slice,45,0.8,100,8,a358c685d2c9b293,57ad116e80142a94,5,4096,1,1e-05,0.0726843917990678,0.07750370423631837,0.10625368220231762,46.83790563561032,0.10625368220231762,0.0,2.4827612000517547,finite_RF_static_Bloch,runs\combined_factor_study\cases\57ad116e80142a94,45.0
robust,increasing_centering,0,slice,45,0.8,100,8,a358c685d2c9b293,57ad116e80142a94,6,4096,1,1e-05,-0.0540318957306493,0.056876997530726975,0.078450230110294,133.5305363919259,0.07874611116843529,-149.9999999999835,2.482785400003195,finite_RF_static_Bloch,runs\combined_factor_study\cases\57ad116e80142a94,45.0
robust,increasing_centering,0,slice,45,0.8,100,8,a358c685d2c9b293,57ad116e80142a94,7,4096,1,1e-05,0.05234766182968884,0.04977084863908003,0.07223167638432378,43.55453045807927,0.07240665785029753,-150.00000000001123,2.482824199949391,finite_RF_static_Bloch,runs\combined_factor_study\cases\57ad116e80142a94,45.0
robust,increasing_centering,0,slice,45,0.8,100,8,a358c685d2c9b293,57ad116e80142a94,8,4096,1,1e-05,-0.03330467433339726,0.037928179880335255,0.05047522324357484,131.28631641040928,0.05052292834952726,-49.99999999999449,2.4828486000187695,finite_RF_static_Bloch,runs\combined_factor_study\cases\57ad116e80142a94,45.0
robust,increasing_alternating_centering,1000,read,90,1,0,8,1b6331729c140095,5896d77e5078a315,1,4096,1,1e-05,0.24801095795424974,-0.004883178596691768,0.24805902664203094,-1.127971844426363,0.24833080151775808,-50.000000000001435,1.0256259000161663,finite_RF_static_Bloch,runs\combined_factor_study\cases\5896d77e5078a315,90.0
robust,increasing_alternating_centering,1000,read,90,1,0,8,1b6331729c140095,5896d77e5078a315,2,4096,1,1e-05,-0.1707952953030239,-0.0009845364990666411,0.17079813292236287,-179.6697264917063,0.17079813292236287,0.0,1.0256840001093224,finite_RF_static_Bloch,runs\combined_factor_study\cases\5896d77e5078a315,90.0
robust,increasing_alternating_centering,1000,read,90,1,0,8,1b6331729c140095,5896d77e5078a315,3,4096,1,1e-05,0.1260085135099864,0.002548781121597586,0.12603428804179534,1.1587668652143024,0.12611902103269063,49.99999999999449,1.0257118000881746,finite_RF_static_Bloch,runs\combined_factor_study\cases\5896d77e5078a315,90.0
robust,increasing_alternating_centering,1000,read,90,1,0,8,1b6331729c140095,5896d77e5078a315,4,4096,1,1e-05,-0.10247388038104,0.0011108741448973944,0.102479901452497,179.37890605156798,0.10286982256468705,-100.00000000000287,1.0257373000495136,finite_RF_static_Bloch,runs\combined_factor_study\cases\5896d77e5078a315,90.0
robust,increasing_alternating_centering,1000,read,90,1,0,8,1b6331729c140095,5896d77e5078a315,5,4096,1,1e-05,0.06713067391258548,0.003022963322781366,0.06719870301731103,2.5783460648839878,0.06719870301731104,0.0,1.0257623000070453,finite_RF_static_Bloch,runs\combined_factor_study\cases\5896d77e5078a315,90.0
robust,increasing_alternating_centering,1000,read,90,1,0,8,1b6331729c140095,5896d77e5078a315,6,4096,1,1e-05,-0.05265122857183834,0.0005903785184510047,0.05265453842660682,179.3575690297437,0.052923242016887494,-349.9999999999892,1.0257893000962213,finite_RF_static_Bloch,runs\combined_factor_study\cases\5896d77e5078a315,90.0
robust,increasing_alternating_centering,1000,read,90,1,0,8,1b6331729c140095,5896d77e5078a315,7,4096,1,1e-05,0.04162569764519586,0.00035594308655045284,0.04162721945950903,0.48992667291774783,0.041627219459509035,0.0,1.0258138000499457,finite_RF_static_Bloch,runs\combined_factor_study\cases\5896d77e5078a315,90.0
robust,increasing_alternating_centering,1000,read,90,1,0,8,1b6331729c140095,5896d77e5078a315,8,4096,1,1e-05,-0.031152284158000407,-0.001064269265408158,0.031170458407442383,-178.04333993275463,0.03117045840744238,0.0,1.0258371999952942,finite_RF_static_Bloch,runs\combined_factor_study\cases\5896d77e5078a315,90.0
robust,weak_increasing_centering,0,slice,45,0.8,100,8,c898b3ad7f62bbf6,5958e871ec05608e,1,4096,1,1e-05,0.21319696516669912,0.21531627621431665,0.30300832457061405,45.28336717922051,0.30345299168235546,-100.00000000000287,2.7112169000320137,finite_RF_static_Bloch,runs\combined_factor_study\cases\5958e871ec05608e,45.0
robust,weak_increasing_centering,0,slice,45,0.8,100,8,c898b3ad7f62bbf6,5958e871ec05608e,2,4096,1,1e-05,-0.14879542931888945,0.14741585995832227,0.20945528294469992,135.266846447986,0.20945528294469992,0.0,2.711305300006643,finite_RF_static_Bloch,runs\combined_factor_study\cases\5958e871ec05608e,45.0
robust,weak_increasing_centering,0,slice,45,0.8,100,8,c898b3ad7f62bbf6,5958e871ec05608e,3,4096,1,1e-05,0.10985922214604302,0.0903614099428587,0.14224708467098718,39.437981039180606,0.142276704017817,-49.99999999999449,2.711350500001572,finite_RF_static_Bloch,runs\combined_factor_study\cases\5958e871ec05608e,45.0
robust,weak_increasing_centering,0,slice,45,0.8,100,8,c898b3ad7f62bbf6,5958e871ec05608e,4,4096,1,1e-05,-0.08285867473751177,0.0811534573594615,0.11598035877100357,135.5956769021953,0.11598035877100359,0.0,2.711390700074844,finite_RF_static_Bloch,runs\combined_factor_study\cases\5958e871ec05608e,45.0
robust,weak_increasing_centering,0,slice,45,0.8,100,8,c898b3ad7f62bbf6,5958e871ec05608e,5,4096,1,1e-05,0.07398189592391125,0.06685683506329793,0.09971538155759851,42.103863606366986,0.09992877701853514,-100.00000000000287,2.711427800008096,finite_RF_static_Bloch,runs\combined_factor_study\cases\5958e871ec05608e,45.0
robust,weak_increasing_centering,0,slice,45,0.8,100,8,c898b3ad7f62bbf6,5958e871ec05608e,6,4096,1,1e-05,-0.05133992886588767,0.05908578554896049,0.07827463414090259,130.98753655864522,0.07827463414090259,0.0,2.711467600078322,finite_RF_static_Bloch,runs\combined_factor_study\cases\5958e871ec05608e,45.0
robust,weak_increasing_centering,0,slice,45,0.8,100,8,c898b3ad7f62bbf6,5958e871ec05608e,7,4096,1,1e-05,0.05639713377371123,0.04298202677345715,0.07090903555573201,37.31216356144459,0.07090903555573203,0.0,2.7115057000191882,finite_RF_static_Bloch,runs\combined_factor_study\cases\5958e871ec05608e,45.0
robust,weak_increasing_centering,0,slice,45,0.8,100,8,c898b3ad7f62bbf6,5958e871ec05608e,8,4096,1,1e-05,-0.036254207929880405,0.04101599555511205,0.054741935332978275,131.47359869335597,0.05476835578015974,49.99999999999449,2.711535400012508,finite_RF_static_Bloch,runs\combined_factor_study\cases\5958e871ec05608e,45.0
robust,increasing_centering,1000,read,90,1.2,100,8,bc062153b6b100ae,5e81ac534de0e483,1,4096,1,1e-05,0.15935648264056107,-0.004128878966581316,0.1594099626782847,-1.484184511453376,0.15940996267828467,0.0,0.9989569999743253,finite_RF_static_Bloch,runs\combined_factor_study\cases\5e81ac534de0e483,90.0
robust,increasing_centering,1000,read,90,1.2,100,8,bc062153b6b100ae,5e81ac534de0e483,2,4096,1,1e-05,-0.1026302355273073,-0.008532101180318124,0.10298428032928984,-175.24767896668837,0.1031093373003282,-50.00000000000837,0.9990158999571577,finite_RF_static_Bloch,runs\combined_factor_study\cases\5e81ac534de0e483,90.0
robust,increasing_centering,1000,read,90,1.2,100,8,bc062153b6b100ae,5e81ac534de0e483,3,4096,1,1e-05,0.06721318372269863,-0.016535316492569313,0.06921725765768734,-13.821041485599865,0.06938187438644638,-49.99999999999449,0.9990482999710366,finite_RF_static_Bloch,runs\combined_factor_study\cases\5e81ac534de0e483,90.0
robust,increasing_centering,1000,read,90,1.2,100,8,bc062153b6b100ae,5e81ac534de0e483,4,4096,1,1e-05,-0.03771559404492407,-0.009721617284618905,0.03894837450767507,-165.54599999897187,0.03912795958026738,-399.99999999999756,0.9990750999422744,finite_RF_static_Bloch,runs\combined_factor_study\cases\5e81ac534de0e483,90.0
robust,increasing_centering,1000,read,90,1.2,100,8,bc062153b6b100ae,5e81ac534de0e483,5,4096,1,1e-05,0.03743990613024355,-0.006471020684610372,0.03799500861616041,-9.805982499302145,0.03878400409515258,949.9999999999925,0.9991006999043748,finite_RF_static_Bloch,runs\combined_factor_study\cases\5e81ac534de0e483,90.0
robust,increasing_centering,1000,read,90,1.2,100,8,bc062153b6b100ae,5e81ac534de0e483,6,4096,1,1e-05,-0.0253120085689328,-0.0044574809034885424,0.02570149633384587,-170.01253391132823,0.026292572889470085,-649.999999999984,0.9991264999844134,finite_RF_static_Bloch,runs\combined_factor_study\cases\5e81ac534de0e483,90.0
robust,increasing_centering,1000,read,90,1.2,100,8,bc062153b6b100ae,5e81ac534de0e483,7,4096,1,1e-05,0.029044645321680416,-0.003581189208359572,0.029264591881799463,-7.029061813169122,0.02929120773479251,99.99999999998899,0.9991520999465138,finite_RF_static_Bloch,runs\combined_factor_study\cases\5e81ac534de0e483,90.0
robust,increasing_centering,1000,read,90,1.2,100,8,bc062153b6b100ae,5e81ac534de0e483,8,4096,1,1e-05,-0.019890031300862913,-0.01144146330729457,0.022946032941697666,-150.09093447188843,0.023021846099619547,150.00000000001123,0.9991774999070913,finite_RF_static_Bloch,runs\combined_factor_study\cases\5e81ac534de0e483,90.0
robust,high_low_permutation_alternating,1000,read,0,0.8,0,8,823de6099de30e8c,5f71bec02a8ce259,1,4096,1,1e-05,-0.004991579147107938,0.2738999308650644,0.2739454106026763,91.04404832138634,0.27420228076127723,50.000000000001435,1.102893800009042,finite_RF_static_Bloch,runs\combined_factor_study\cases\5f71bec02a8ce259,0.0
robust,high_low_permutation_alternating,1000,read,0,0.8,0,8,823de6099de30e8c,5f71bec02a8ce259,2,4096,1,1e-05,-0.0017762883624088122,0.20541177991583265,0.20541945995581068,90.4954501133835,0.2056803807399028,-100.00000000000287,1.1030510000418872,finite_RF_static_Bloch,runs\combined_factor_study\cases\5f71bec02a8ce259,0.0
robust,high_low_permutation_alternating,1000,read,0,0.8,0,8,823de6099de30e8c,5f71bec02a8ce259,3,4096,1,1e-05,-0.00484766101445918,0.1395040001450048,0.13958820105499106,91.99018523954751,0.13964655642935597,49.99999999999449,1.1031092000193894,finite_RF_static_Bloch,runs\combined_factor_study\cases\5f71bec02a8ce259,0.0
robust,high_low_permutation_alternating,1000,read,0,0.8,0,8,823de6099de30e8c,5f71bec02a8ce259,4,4096,1,1e-05,-0.004403486105999532,0.10564762548515642,0.10573935625176467,92.38675703986046,0.10581758141708446,-49.99999999999449,1.1031578000402078,finite_RF_static_Bloch,runs\combined_factor_study\cases\5f71bec02a8ce259,0.0
robust,high_low_permutation_alternating,1000,read,0,0.8,0,8,823de6099de30e8c,5f71bec02a8ce259,5,4096,1,1e-05,0.0005086409428314244,0.08542330533390989,0.08542481963562536,89.6588444477793,0.08544301765221106,49.99999999999449,1.103207099949941,finite_RF_static_Bloch,runs\combined_factor_study\cases\5f71bec02a8ce259,0.0
robust,high_low_permutation_alternating,1000,read,0,0.8,0,8,823de6099de30e8c,5f71bec02a8ce259,6,4096,1,1e-05,-0.003288128415921524,0.07675241973458019,0.07682282033089365,92.45309206062234,0.07694510491987239,-49.99999999999449,1.103255799971521,finite_RF_static_Bloch,runs\combined_factor_study\cases\5f71bec02a8ce259,0.0
robust,high_low_permutation_alternating,1000,read,0,0.8,0,8,823de6099de30e8c,5f71bec02a8ce259,7,4096,1,1e-05,-0.004468373400140262,0.06233108995660761,0.062491048447131936,94.1003889595628,0.06257143422412424,49.99999999999449,1.1033005999634042,finite_RF_static_Bloch,runs\combined_factor_study\cases\5f71bec02a8ce259,0.0
robust,high_low_permutation_alternating,1000,read,0,0.8,0,8,823de6099de30e8c,5f71bec02a8ce259,8,4096,1,1e-05,-0.00011533648189305504,0.059258516338688914,0.05925862857986773,90.11151621235531,0.05925862857986773,0.0,1.1033418999286368,finite_RF_static_Bloch,runs\combined_factor_study\cases\5f71bec02a8ce259,0.0
robust,increasing_alternating_centering,1000,oblique,90,1.2,100,8,6375ab99156984d6,60bfba00f3bd6c45,1,4096,1,1e-05,0.15532820196875002,-0.0010604193365490106,0.15533182164648082,-0.3911498867427487,0.1553318216464808,0.0,0.9187878000084311,finite_RF_static_Bloch,runs\combined_factor_study\cases\60bfba00f3bd6c45,90.0
robust,increasing_alternating_centering,1000,oblique,90,1.2,100,8,6375ab99156984d6,60bfba00f3bd6c45,2,4096,1,1e-05,-0.09863516098155657,-0.0024702461426837643,0.09866608889513673,-178.565368605563,0.09896633289982139,-100.00000000000287,0.9188920999877155,finite_RF_static_Bloch,runs\combined_factor_study\cases\60bfba00f3bd6c45,90.0
robust,increasing_alternating_centering,1000,oblique,90,1.2,100,8,6375ab99156984d6,60bfba00f3bd6c45,3,4096,1,1e-05,0.0561643391128607,-0.005950559886150515,0.05647868758162744,-6.047872754755277,0.05744954918459761,-600.0000000000033,0.9189487000694498,finite_RF_static_Bloch,runs\combined_factor_study\cases\60bfba00f3bd6c45,90.0
robust,increasing_alternating_centering,1000,oblique,90,1.2,100,8,6375ab99156984d6,60bfba00f3bd6c45,4,4096,1,1e-05,-0.038316002478061204,-0.0018154762407788317,0.0383589885148139,-177.28725904069142,0.0385335245640933,100.00000000000287,0.919002000009641,finite_RF_static_Bloch,runs\combined_factor_study\cases\60bfba00f3bd6c45,90.0
robust,increasing_alternating_centering,1000,oblique,90,1.2,100,8,6375ab99156984d6,60bfba00f3bd6c45,5,4096,1,1e-05,0.029795498579947094,-0.004188497786768088,0.03008845707804557,-8.00191125634635,0.031786336826190954,-2500.0000000000023,0.9190563000738621,finite_RF_static_Bloch,runs\combined_factor_study\cases\60bfba00f3bd6c45,90.0
robust,increasing_alternating_centering,1000,oblique,90,1.2,100,8,6375ab99156984d6,60bfba00f3bd6c45,6,4096,1,1e-05,-0.021022898670827614,0.0004221277250152453,0.0210271362848133,178.84968824988368,0.02188429376641628,1900.0000000000127,0.9191080000018701,finite_RF_static_Bloch,runs\combined_factor_study\cases\60bfba00f3bd6c45,90.0
robust,increasing_alternating_centering,1000,oblique,90,1.2,100,8,6375ab99156984d6,60bfba00f3bd6c45,7,4096,1,1e-05,0.013235986904096426,-0.0015317864837699755,0.013324328094026824,-6.6014119637899435,0.017682302687278953,-3200.000000000008,0.9191591000417247,finite_RF_static_Bloch,runs\combined_factor_study\cases\60bfba00f3bd6c45,90.0
robust,increasing_alternating_centering,1000,oblique,90,1.2,100,8,6375ab99156984d6,60bfba00f3bd6c45,8,4096,1,1e-05,-0.010212874117422948,-0.002334826805282674,0.010476364538760288,-167.1225695004124,0.011243602718790137,2400.000000000013,0.9192124999826774,finite_RF_static_Bloch,runs\combined_factor_study\cases\60bfba00f3bd6c45,90.0
robust,high_low_permutation_alternating,1000,read,90,0.8,0,8,0829a82ef8bc951b,63621657d48823a6,1,4096,1,1e-05,0.2697744019263688,-0.002610747172157214,0.2697870344096004,-0.5544637436942854,0.26982065473564965,50.000000000001435,0.8025487000122666,finite_RF_static_Bloch,runs\combined_factor_study\cases\63621657d48823a6,90.0
robust,high_low_permutation_alternating,1000,read,90,0.8,0,8,0829a82ef8bc951b,63621657d48823a6,2,4096,1,1e-05,-0.20316522902668932,-0.0006816671465289187,0.20316637260030457,-179.80775989988297,0.20329151834545742,-49.99999999999449,0.8026147000491619,finite_RF_static_Bloch,runs\combined_factor_study\cases\63621657d48823a6,90.0
robust,high_low_permutation_alternating,1000,read,90,0.8,0,8,0829a82ef8bc951b,63621657d48823a6,3,4096,1,1e-05,0.1339096872607476,-0.00023605076617910954,0.13390989531112119,-0.10099865753564956,0.13402188884317895,49.99999999999449,0.8026439000386745,finite_RF_static_Bloch,runs\combined_factor_study\cases\63621657d48823a6,90.0
robust,high_low_permutation_alternating,1000,read,90,0.8,0,8,0829a82ef8bc951b,63621657d48823a6,4,4096,1,1e-05,-0.11312728705021619,0.0029405312952854607,0.11316549739050574,178.51103912742346,0.11318193412321798,-49.99999999999449,0.8026710000121966,finite_RF_static_Bloch,runs\combined_factor_study\cases\63621657d48823a6,90.0
robust,high_low_permutation_alternating,1000,read,90,0.8,0,8,0829a82ef8bc951b,63621657d48823a6,5,4096,1,1e-05,0.08513593041600681,0.0010643613019490207,0.08514258342791954,0.7162690686677882,0.08523120774112634,49.99999999999449,0.8026968999765813,finite_RF_static_Bloch,runs\combined_factor_study\cases\63621657d48823a6,90.0
robust,high_low_permutation_alternating,1000,read,90,0.8,0,8,0829a82ef8bc951b,63621657d48823a6,6,4096,1,1e-05,-0.07922217108403387,-0.0027141129952732565,0.07926864954456486,-178.03784193126816,0.07938869872801992,-99.99999999998899,0.8027219000505283,finite_RF_static_Bloch,runs\combined_factor_study\cases\63621657d48823a6,90.0
robust,high_low_permutation_alternating,1000,read,90,0.8,0,8,0829a82ef8bc951b,63621657d48823a6,7,4096,1,1e-05,0.059782221761115674,-0.0025502828110077454,0.05983659399657816,-2.4427312252907254,0.05997630323441483,-299.9999999999947,0.8027488000225276,finite_RF_static_Bloch,runs\combined_factor_study\cases\63621657d48823a6,90.0
robust,high_low_permutation_alternating,1000,read,90,0.8,0,8,0829a82ef8bc951b,63621657d48823a6,8,4096,1,1e-05,-0.05669086699617813,0.0009857580849409876,0.056699436679568394,179.0038239026286,0.05683288361321958,-400.0000000000115,0.8027735999785364,finite_RF_static_Bloch,runs\combined_factor_study\cases\63621657d48823a6,90.0
robust,original,1000,oblique,90,1.2,100,8,46f7bbad12de8435,671a0f123d072f89,1,4096,1,1e-05,0.15198250012259257,0.00858521132257282,0.15222478837878894,3.233097065115418,0.1527816850608459,100.00000000000287,0.8236200000392273,finite_RF_static_Bloch,runs\combined_factor_study\cases\671a0f123d072f89,90.0
robust,original,1000,oblique,90,1.2,100,8,46f7bbad12de8435,671a0f123d072f89,2,4096,1,1e-05,-0.10187677690722688,-0.00020151174103614708,0.1018769762016259,-179.88666939044626,0.10213167617994207,-49.99999999999449,0.8236689000623301,finite_RF_static_Bloch,runs\combined_factor_study\cases\671a0f123d072f89,90.0
robust,original,1000,oblique,90,1.2,100,8,46f7bbad12de8435,671a0f123d072f89,3,4096,1,1e-05,0.003751970012702741,0.0073168003400513985,0.008222703095235585,62.85177715749318,0.015547712413479266,-3199.9999999999945,0.8236954000312835,finite_RF_static_Bloch,runs\combined_factor_study\cases\671a0f123d072f89,90.0
robust,original,1000,oblique,90,1.2,100,8,46f7bbad12de8435,671a0f123d072f89,4,4096,1,1e-05,-1.7328203082218625e-05,-0.004741223776003377,0.004741255441416522,-90.20940342187997,0.011857554917137582,-3049.9999999999973,0.8237197999842465,finite_RF_static_Bloch,runs\combined_factor_study\cases\671a0f123d072f89,90.0
robust,original,1000,oblique,90,1.2,100,8,46f7bbad12de8435,671a0f123d072f89,5,4096,1,1e-05,-0.01815168494988017,-0.0019439053037820417,0.018255476831619002,-173.8873614900663,0.021094471453422282,-2700.0000000000077,0.8237433000467718,finite_RF_static_Bloch,runs\combined_factor_study\cases\671a0f123d072f89,90.0
robust,original,1000,oblique,90,1.2,100,8,46f7bbad12de8435,671a0f123d072f89,6,4096,1,1e-05,0.012591901087120286,0.0016759722741250104,0.012702946746777175,7.581463832445973,0.013962767436088845,2599.9999999999914,0.823766199988313,finite_RF_static_Bloch,runs\combined_factor_study\cases\671a0f123d072f89,90.0
robust,original,1000,oblique,90,1.2,100,8,46f7bbad12de8435,671a0f123d072f89,7,4096,1,1e-05,-0.0098293251494419,-0.004651593410024347,0.010874417416378358,-154.6747883174123,0.013098953426985265,-2500.0000000000023,0.8237893000477925,finite_RF_static_Bloch,runs\combined_factor_study\cases\671a0f123d072f89,90.0
robust,original,1000,oblique,90,1.2,100,8,46f7bbad12de8435,671a0f123d072f89,8,4096,1,1e-05,0.0023024085947494378,-0.00012418820313783675,0.002305755417856518,-3.08745002458932,0.004938227880916435,2500.0000000000023,0.823811599984765,finite_RF_static_Bloch,runs\combined_factor_study\cases\671a0f123d072f89,90.0
robust,increasing_alternating_centering,1000,read,0,1,0,8,d4d21aba7d252395,67d6c0ec2221a3cd,1,4096,1,1e-05,-0.004910058550749369,0.2484525511242275,0.24850106405226652,91.13216392705218,0.24850106405226652,0.0,1.0259661000454798,finite_RF_static_Bloch,runs\combined_factor_study\cases\67d6c0ec2221a3cd,0.0
robust,increasing_alternating_centering,1000,read,0,1,0,8,d4d21aba7d252395,67d6c0ec2221a3cd,2,4096,1,1e-05,0.00029111478832184734,0.1671063258278055,0.16710657940215481,89.9001855150099,0.167530026112753,-100.00000000000287,1.0260205999948084,finite_RF_static_Bloch,runs\combined_factor_study\cases\67d6c0ec2221a3cd,0.0
robust,increasing_alternating_centering,1000,read,0,1,0,8,d4d21aba7d252395,67d6c0ec2221a3cd,3,4096,1,1e-05,-0.002839343451830773,0.12492668823874634,0.12495895048190177,91.30199875872654,0.12495895048190175,0.0,1.0260491999797523,finite_RF_static_Bloch,runs\combined_factor_study\cases\67d6c0ec2221a3cd,0.0
robust,increasing_alternating_centering,1000,read,0,1,0,8,d4d21aba7d252395,67d6c0ec2221a3cd,4,4096,1,1e-05,-0.0022408196984272355,0.10044238492466702,0.10046737760226368,91.27802836828839,0.10051705116454906,-50.00000000000837,1.0260751999448985,finite_RF_static_Bloch,runs\combined_factor_study\cases\67d6c0ec2221a3cd,0.0
robust,increasing_alternating_centering,1000,read,0,1,0,8,d4d21aba7d252395,67d6c0ec2221a3cd,5,4096,1,1e-05,-0.005616352670434555,0.07796754756274274,0.07816957138341778,94.12015574528674,0.07816957138341779,0.0,1.026101000024937,finite_RF_static_Bloch,runs\combined_factor_study\cases\67d6c0ec2221a3cd,0.0
robust,increasing_alternating_centering,1000,read,0,1,0,8,d4d21aba7d252395,67d6c0ec2221a3cd,6,4096,1,1e-05,0.002460207071492084,0.053742615522887845,0.053798897219883283,87.37896751246063,0.05382483035616744,-49.99999999999449,1.0261250999756157,finite_RF_static_Bloch,runs\combined_factor_study\cases\67d6c0ec2221a3cd,0.0
robust,increasing_alternating_centering,1000,read,0,1,0,8,d4d21aba7d252395,67d6c0ec2221a3cd,7,4096,1,1e-05,0.0012443375440218491,0.03764258799306449,0.03766314918775467,88.10668338001008,0.037663149187754666,0.0,1.0261646000435576,finite_RF_static_Bloch,runs\combined_factor_study\cases\67d6c0ec2221a3cd,0.0
robust,increasing_alternating_centering,1000,read,0,1,0,8,d4d21aba7d252395,67d6c0ec2221a3cd,8,4096,1,1e-05,-0.00034721490374492545,0.03285051131397491,0.032852346214220014,90.60556767622336,0.032852346214220014,0.0,1.0261901000048965,finite_RF_static_Bloch,runs\combined_factor_study\cases\67d6c0ec2221a3cd,0.0
robust,increasing_alternating_centering,0,slice,45,0.8,100,8,7a1ebf6345b3046e,69ffd47dde15c431,1,4096,1,1e-05,0.21319696516669912,0.21531627621431665,0.30300832457061405,45.28336717922051,0.30345299168235546,-100.00000000000287,2.4946400999324396,finite_RF_static_Bloch,runs\combined_factor_study\cases\69ffd47dde15c431,45.0
robust,increasing_alternating_centering,0,slice,45,0.8,100,8,7a1ebf6345b3046e,69ffd47dde15c431,2,4096,1,1e-05,-0.1453139364362946,0.1516418102014227,0.2100270904521028,133.7792605397882,0.21005054532551987,-50.00000000000837,2.4947041999548674,finite_RF_static_Bloch,runs\combined_factor_study\cases\69ffd47dde15c431,45.0
robust,increasing_alternating_centering,0,slice,45,0.8,100,8,7a1ebf6345b3046e,69ffd47dde15c431,3,4096,1,1e-05,0.10894901966793591,0.10384952452050766,0.1505144930886717,43.627229148256546,0.150716754264635,-100.00000000000287,2.494733199942857,finite_RF_static_Bloch,runs\combined_factor_study\cases\69ffd47dde15c431,45.0
robust,increasing_alternating_centering,0,slice,45,0.8,100,8,7a1ebf6345b3046e,69ffd47dde15c431,4,4096,1,1e-05,-0.08153476424107037,0.08405731019169907,0.11710486401730051,134.12725256502472,0.1171048640173005,0.0,2.494760200032033,finite_RF_static_Bloch,runs\combined_factor_study\cases\69ffd47dde15c431,45.0
robust,increasing_alternating_centering,0,slice,45,0.8,100,8,7a1ebf6345b3046e,69ffd47dde15c431,5,4096,1,1e-05,0.07240851957579625,0.05267212066705112,0.08953963369772551,36.03326215039245,0.08994616683933855,-149.99999999999736,2.494786199997179,finite_RF_static_Bloch,runs\combined_factor_study\cases\69ffd47dde15c431,45.0
robust,increasing_alternating_centering,0,slice,45,0.8,100,8,7a1ebf6345b3046e,69ffd47dde15c431,6,4096,1,1e-05,-0.05428480960845969,0.04767681009504266,0.07224900535692848,138.70807898448692,0.07233614582347035,-49.99999999999449,2.4948130999691784,finite_RF_static_Bloch,runs\combined_factor_study\cases\69ffd47dde15c431,45.0
robust,increasing_alternating_centering,0,slice,45,0.8,100,8,7a1ebf6345b3046e,69ffd47dde15c431,7,4096,1,1e-05,0.04332679652790639,0.033126544755482865,0.05453970356362061,37.40059046060973,0.05477679829021598,-450.00000000000597,2.494838299928233,finite_RF_static_Bloch,runs\combined_factor_study\cases\69ffd47dde15c431,45.0
robust,increasing_alternating_centering,0,slice,45,0.8,100,8,7a1ebf6345b3046e,69ffd47dde15c431,8,4096,1,1e-05,-0.0322652677551169,0.026774619843552658,0.04192764924338294,140.31316533696963,0.042055507898422384,450.00000000000597,2.494863100000657,finite_RF_static_Bloch,runs\combined_factor_study\cases\69ffd47dde15c431,45.0
robust,increasing_centering,1000,read,45,0.8,100,8,2fce845511804024,6a139fd687b68edb,1,4096,1,1e-05,0.2100934330296364,0.19962506304596528,0.28980927590103794,43.53640253446312,0.29008616821409405,-50.000000000001435,1.0116819000104442,finite_RF_static_Bloch,runs\combined_factor_study\cases\6a139fd687b68edb,45.0
robust,increasing_centering,1000,read,45,0.8,100,8,2fce845511804024,6a139fd687b68edb,2,4096,1,1e-05,-0.13015407336925042,0.1332454777374041,0.18626443609040688,134.32757557780067,0.18626588929155763,-50.00000000000837,1.011734899948351,finite_RF_static_Bloch,runs\combined_factor_study\cases\6a139fd687b68edb,45.0
robust,increasing_centering,1000,read,45,0.8,100,8,2fce845511804024,6a139fd687b68edb,3,4096,1,1e-05,0.10235384628313066,0.1096439542621668,0.14999368838452792,46.96949163183209,0.150003389894093,-49.99999999999449,1.0117638999363407,finite_RF_static_Bloch,runs\combined_factor_study\cases\6a139fd687b68edb,45.0
robust,increasing_centering,1000,read,45,0.8,100,8,2fce845511804024,6a139fd687b68edb,4,4096,1,1e-05,-0.06275684457794918,0.07520066466819592,0.09794672790818139,129.84584682907393,0.09807712419912405,-50.00000000000837,1.0117908000247553,finite_RF_static_Bloch,runs\combined_factor_study\cases\6a139fd687b68edb,45.0
robust,increasing_centering,1000,read,45,0.8,100,8,2fce845511804024,6a139fd687b68edb,5,4096,1,1e-05,0.06605484556182425,0.07085591230551169,0.09687003112853229,47.00837533171451,0.09687003112853229,0.0,1.0118169999914244,finite_RF_static_Bloch,runs\combined_factor_study\cases\6a139fd687b68edb,45.0
robust,increasing_centering,1000,read,45,0.8,100,8,2fce845511804024,6a139fd687b68edb,6,4096,1,1e-05,-0.047062992851290064,0.051128084526173276,0.06949105211058543,132.62931955926993,0.06949781774632226,-49.99999999999449,1.0118422999512404,finite_RF_static_Bloch,runs\combined_factor_study\cases\6a139fd687b68edb,45.0
robust,increasing_centering,1000,read,45,0.8,100,8,2fce845511804024,6a139fd687b68edb,7,4096,1,1e-05,0.04895318500593676,0.044871669445999754,0.06640693518825079,42.50912195549777,0.06681634409319806,-250.00000000000023,1.0118674000259489,finite_RF_static_Bloch,runs\combined_factor_study\cases\6a139fd687b68edb,45.0
robust,increasing_centering,1000,read,45,0.8,100,8,2fce845511804024,6a139fd687b68edb,8,4096,1,1e-05,-0.036163825902356374,0.03375209829505221,0.049467428103902956,136.97561638751867,0.049521813219196034,-49.99999999999449,1.0118921999819577,finite_RF_static_Bloch,runs\combined_factor_study\cases\6a139fd687b68edb,45.0
robust,increasing_centering,1000,read,90,0.7,100,8,bc062153b6b100ae,708112379c34ed1e,1,4096,1,1e-05,0.271395990578976,-0.008470494404771094,0.2715281439884361,-1.787668578441071,0.2716339469530909,-50.000000000001435,1.129160900018178,finite_RF_static_Bloch,runs\combined_factor_study\cases\708112379c34ed1e,90.0
robust,increasing_centering,1000,read,90,0.7,100,8,bc062153b6b100ae,708112379c34ed1e,2,4096,1,1e-05,-0.16994268606851845,-0.00871237646486828,0.17016586629476724,-177.06521196158718,0.17019833296866813,-50.00000000000837,1.1292234000284225,finite_RF_static_Bloch,runs\combined_factor_study\cases\708112379c34ed1e,90.0
robust,increasing_centering,1000,read,90,0.7,100,8,bc062153b6b100ae,708112379c34ed1e,3,4096,1,1e-05,0.11052137672053272,-0.004354209515428088,0.11060711483763672,-2.256114449632681,0.1107924148963471,-100.00000000000287,1.1292518000118434,finite_RF_static_Bloch,runs\combined_factor_study\cases\708112379c34ed1e,90.0
robust,increasing_centering,1000,read,90,0.7,100,8,bc062153b6b100ae,708112379c34ed1e,4,4096,1,1e-05,-0.07213388017150102,-0.012075392813539199,0.07313762219403733,-170.496661287258,0.07345253378160209,-450.00000000000597,1.1292772999731824,finite_RF_static_Bloch,runs\combined_factor_study\cases\708112379c34ed1e,90.0
robust,increasing_centering,1000,read,90,0.7,100,8,bc062153b6b100ae,708112379c34ed1e,5,4096,1,1e-05,0.0742056562172691,-0.004324604210980321,0.0743315654094353,-3.3353470685102313,0.07434575643858839,49.99999999999449,1.1293017999269068,finite_RF_static_Bloch,runs\combined_factor_study\cases\708112379c34ed1e,90.0
robust,increasing_centering,1000,read,90,0.7,100,8,bc062153b6b100ae,708112379c34ed1e,6,4096,1,1e-05,-0.05669522071305967,-0.0023131603914181725,0.056742389469416746,-177.6636326817657,0.057269160860949714,-199.99999999997797,1.1293260999955237,finite_RF_static_Bloch,runs\combined_factor_study\cases\708112379c34ed1e,90.0
robust,increasing_centering,1000,read,90,0.7,100,8,bc062153b6b100ae,708112379c34ed1e,7,4096,1,1e-05,0.05873654414435825,-0.008164398710191454,0.05930125651553364,-7.913426579018167,0.05953995353906725,99.99999999998899,1.1293497999431565,finite_RF_static_Bloch,runs\combined_factor_study\cases\708112379c34ed1e,90.0
robust,increasing_centering,1000,read,90,0.7,100,8,bc062153b6b100ae,708112379c34ed1e,8,4096,1,1e-05,-0.044654829553502834,-0.002341459092486022,0.04471617417818943,-176.9984662603469,0.045127115186607815,-150.00000000001123,1.1293730000033975,finite_RF_static_Bloch,runs\combined_factor_study\cases\708112379c34ed1e,90.0
robust,weak_increasing_centering,1000,slice,45,0.8,100,8,bd7ecc0620d14cbb,72e02a579dd7550f,1,4096,1,1e-05,0.2111291751614131,0.19996063090836588,0.29079164795022977,43.4437632159489,0.2909699261559041,-50.000000000001435,2.263010499998927,finite_RF_static_Bloch,runs\combined_factor_study\cases\72e02a579dd7550f,45.0
robust,weak_increasing_centering,1000,slice,45,0.8,100,8,bd7ecc0620d14cbb,72e02a579dd7550f,2,4096,1,1e-05,-0.1432980738817835,0.13825737119516113,0.19912166800231876,136.0256599337668,0.19916064324906144,-50.00000000000837,2.263167400029488,finite_RF_static_Bloch,runs\combined_factor_study\cases\72e02a579dd7550f,45.0
robust,weak_increasing_centering,1000,slice,45,0.8,100,8,bd7ecc0620d14cbb,72e02a579dd7550f,3,4096,1,1e-05,0.11055685582679647,0.08010844257586609,0.1365290479796805,35.92672820193567,0.13664769988516207,-49.99999999999449,2.263320600031875,finite_RF_static_Bloch,runs\combined_factor_study\cases\72e02a579dd7550f,45.0
robust,weak_increasing_centering,1000,slice,45,0.8,100,8,bd7ecc0620d14cbb,72e02a579dd7550f,4,4096,1,1e-05,-0.08418863571142113,0.07291864264259193,0.11137708394363896,139.10304894939554,0.11137708394363896,0.0,2.2635442001046613,finite_RF_static_Bloch,runs\combined_factor_study\cases\72e02a579dd7550f,45.0
robust,weak_increasing_centering,1000,slice,45,0.8,100,8,bd7ecc0620d14cbb,72e02a579dd7550f,5,4096,1,1e-05,0.07340898802328824,0.0628723283148758,0.09665303508083338,40.57894272408144,0.0967916089111421,-100.00000000000287,2.2636348000960425,finite_RF_static_Bloch,runs\combined_factor_study\cases\72e02a579dd7550f,45.0
robust,weak_increasing_centering,1000,slice,45,0.8,100,8,bd7ecc0620d14cbb,72e02a579dd7550f,6,4096,1,1e-05,-0.04970642104456878,0.0569208213413718,0.07556922783273835,131.12926636689903,0.07563302108096334,-49.99999999999449,2.2636688000056893,finite_RF_static_Bloch,runs\combined_factor_study\cases\72e02a579dd7550f,45.0
robust,weak_increasing_centering,1000,slice,45,0.8,100,8,bd7ecc0620d14cbb,72e02a579dd7550f,7,4096,1,1e-05,0.048843461797087206,0.04547702885537575,0.06673712545379967,42.95589953039024,0.06673712545379967,0.0,2.263697799993679,finite_RF_static_Bloch,runs\combined_factor_study\cases\72e02a579dd7550f,45.0
robust,weak_increasing_centering,1000,slice,45,0.8,100,8,bd7ecc0620d14cbb,72e02a579dd7550f,8,4096,1,1e-05,-0.03165065766336135,0.03858308839809621,0.049904096433645614,129.36287250953222,0.04998344970457311,-99.99999999998899,2.263725700089708,finite_RF_static_Bloch,runs\combined_factor_study\cases\72e02a579dd7550f,45.0
robust,high_low_permutation_alternating,0,slice,45,0.8,100,8,7e5ff0f1d1c5da8b,75a0fe28643287ab,1,4096,1,1e-05,0.19702360198510063,0.23505616444728,0.30670784173843696,50.030329303204134,0.30684139986114856,-50.000000000001435,1.8391735000768676,finite_RF_static_Bloch,runs\combined_factor_study\cases\75a0fe28643287ab,45.0
robust,high_low_permutation_alternating,0,slice,45,0.8,100,8,7e5ff0f1d1c5da8b,75a0fe28643287ab,2,4096,1,1e-05,-0.1473076559136176,0.14735549035478873,0.208358311637585,134.99069883151284,0.208358311637585,0.0,1.8392564000096172,finite_RF_static_Bloch,runs\combined_factor_study\cases\75a0fe28643287ab,45.0
robust,high_low_permutation_alternating,0,slice,45,0.8,100,8,7e5ff0f1d1c5da8b,75a0fe28643287ab,3,4096,1,1e-05,0.09483334841627572,0.10739147806068652,0.14327000220528252,48.553495618025444,0.14327000220528252,0.0,1.8392993001034483,finite_RF_static_Bloch,runs\combined_factor_study\cases\75a0fe28643287ab,45.0
robust,high_low_permutation_alternating,0,slice,45,0.8,100,8,7e5ff0f1d1c5da8b,75a0fe28643287ab,4,4096,1,1e-05,-0.07217490221513215,0.0888262613495753,0.11445226609860962,129.09524394206363,0.11455439323222974,-49.99999999999449,1.8393408000702038,finite_RF_static_Bloch,runs\combined_factor_study\cases\75a0fe28643287ab,45.0
robust,high_low_permutation_alternating,0,slice,45,0.8,100,8,7e5ff0f1d1c5da8b,75a0fe28643287ab,5,4096,1,1e-05,0.06598340258523264,0.06981112586626967,0.09605937076329946,46.614603585766126,0.0961982939459956,49.99999999999449,1.8393795000156388,finite_RF_static_Bloch,runs\combined_factor_study\cases\75a0fe28643287ab,45.0
robust,high_low_permutation_alternating,0,slice,45,0.8,100,8,7e5ff0f1d1c5da8b,75a0fe28643287ab,6,4096,1,1e-05,-0.05474227387932637,0.05624458732014555,0.0784867514443849,134.224494122195,0.0784867514443849,0.0,1.8394180000759661,finite_RF_static_Bloch,runs\combined_factor_study\cases\75a0fe28643287ab,45.0
robust,high_low_permutation_alternating,0,slice,45,0.8,100,8,7e5ff0f1d1c5da8b,75a0fe28643287ab,7,4096,1,1e-05,0.04522001630162497,0.047003569120633956,0.06522411658579548,46.10793037687775,0.06522471512579617,49.99999999999449,1.8394555000122637,finite_RF_static_Bloch,runs\combined_factor_study\cases\75a0fe28643287ab,45.0
robust,high_low_permutation_alternating,0,slice,45,0.8,100,8,7e5ff0f1d1c5da8b,75a0fe28643287ab,8,4096,1,1e-05,-0.03938696220489003,0.04067830430600382,0.05662205606423423,134.07597837451075,0.05663588349257657,49.99999999999449,1.839494900079444,finite_RF_static_Bloch,runs\combined_factor_study\cases\75a0fe28643287ab,45.0
robust,increasing_alternating_centering,1000,slice,45,0.8,100,8,75a5080b80b31025,761518a6cfca331f,1,4096,1,1e-05,0.2111291751614131,0.19996063090836588,0.29079164795022977,43.4437632159489,0.2909699261559041,-50.000000000001435,2.2632304000435397,finite_RF_static_Bloch,runs\combined_factor_study\cases\761518a6cfca331f,45.0
robust,increasing_alternating_centering,1000,slice,45,0.8,100,8,75a5080b80b31025,761518a6cfca331f,2,4096,1,1e-05,-0.1409805439386265,0.1464715664819149,0.203296417963763,133.9056467271689,0.2034348867711531,-50.00000000000837,2.263329299981706,finite_RF_static_Bloch,runs\combined_factor_study\cases\761518a6cfca331f,45.0
robust,increasing_alternating_centering,1000,slice,45,0.8,100,8,75a5080b80b31025,761518a6cfca331f,3,4096,1,1e-05,0.1096759760627474,0.09785265796343517,0.14698286429317323,41.7392705947275,0.14750713733714688,-149.99999999999736,2.2633676000405103,finite_RF_static_Bloch,runs\combined_factor_study\cases\761518a6cfca331f,45.0
robust,increasing_alternating_centering,1000,slice,45,0.8,100,8,75a5080b80b31025,761518a6cfca331f,4,4096,1,1e-05,-0.08106632192751397,0.07539847537526204,0.1107098850138023,137.07459927010183,0.11070988501380229,0.0,2.2634021000703797,finite_RF_static_Bloch,runs\combined_factor_study\cases\761518a6cfca331f,45.0
robust,increasing_alternating_centering,1000,slice,45,0.8,100,8,75a5080b80b31025,761518a6cfca331f,5,4096,1,1e-05,0.06934821632338248,0.0515825373387711,0.08642877567998038,36.64258018390789,0.08686741015669328,-149.99999999999736,2.263436899986118,finite_RF_static_Bloch,runs\combined_factor_study\cases\761518a6cfca331f,45.0
robust,increasing_alternating_centering,1000,slice,45,0.8,100,8,75a5080b80b31025,761518a6cfca331f,6,4096,1,1e-05,-0.05107308827335802,0.04444272591427725,0.06770240935498374,138.97089586304574,0.06770240935498374,0.0,2.263470000005327,finite_RF_static_Bloch,runs\combined_factor_study\cases\761518a6cfca331f,45.0
robust,increasing_alternating_centering,1000,slice,45,0.8,100,8,75a5080b80b31025,761518a6cfca331f,7,4096,1,1e-05,0.04180160733854704,0.03178707602373895,0.0525146891662231,37.25034319525607,0.052908651105668426,-450.00000000000597,2.2635023000184447,finite_RF_static_Bloch,runs\combined_factor_study\cases\761518a6cfca331f,45.0
robust,increasing_alternating_centering,1000,slice,45,0.8,100,8,75a5080b80b31025,761518a6cfca331f,8,4096,1,1e-05,-0.03038260443973321,0.028196314228536107,0.0414503894868992,137.1374086604686,0.0414503894868992,0.0,2.2635342000285164,finite_RF_static_Bloch,runs\combined_factor_study\cases\761518a6cfca331f,45.0
robust,original,1000,read,90,0.7,0,8,3c645498b9004a58,7c2e398f2f1cd2cf,1,4096,1,1e-05,0.2435631566365535,-0.0017083429918479404,0.24356914769021976,-0.4018638930774097,0.24360876143379204,50.000000000001435,0.8165136999450624,finite_RF_static_Bloch,runs\combined_factor_study\cases\7c2e398f2f1cd2cf,90.0
robust,original,1000,read,90,0.7,0,8,3c645498b9004a58,7c2e398f2f1cd2cf,2,4096,1,1e-05,-0.17292733242004152,7.271403202410915e-05,0.17292734770776425,179.9759077593894,0.17294623959828387,49.99999999999449,0.8165686000138521,finite_RF_static_Bloch,runs\combined_factor_study\cases\7c2e398f2f1cd2cf,90.0
robust,original,1000,read,90,0.7,0,8,3c645498b9004a58,7c2e398f2f1cd2cf,3,4096,1,1e-05,0.052304519313003825,0.0002245504009250603,0.05230500132345803,0.24597704725418024,0.05294625300896834,200.00000000000574,0.8166647999314591,finite_RF_static_Bloch,runs\combined_factor_study\cases\7c2e398f2f1cd2cf,90.0
robust,original,1000,read,90,0.7,0,8,3c645498b9004a58,7c2e398f2f1cd2cf,4,4096,1,1e-05,0.002004980252663167,-0.0011383479999710444,0.0023055979663868837,-29.586186116449497,0.008768709890005316,3150.0,0.8167016999796033,finite_RF_static_Bloch,runs\combined_factor_study\cases\7c2e398f2f1cd2cf,90.0
robust,original,1000,read,90,0.7,0,8,3c645498b9004a58,7c2e398f2f1cd2cf,5,4096,1,1e-05,-0.06258440139612426,0.0012299292859815135,0.06259648571732852,178.87414937941188,0.06272616844985608,-100.00000000000287,0.8167345999972895,finite_RF_static_Bloch,runs\combined_factor_study\cases\7c2e398f2f1cd2cf,90.0
robust,original,1000,read,90,0.7,0,8,3c645498b9004a58,7c2e398f2f1cd2cf,6,4096,1,1e-05,0.03772205547916535,0.00018585332819456369,0.037722513318081415,0.28228910160971926,0.03775035291469429,49.99999999999449,0.8167686000233516,finite_RF_static_Bloch,runs\combined_factor_study\cases\7c2e398f2f1cd2cf,90.0
robust,original,1000,read,90,0.7,0,8,3c645498b9004a58,7c2e398f2f1cd2cf,7,4096,1,1e-05,-0.04590437695134421,0.0012718317337301313,0.04592199232666223,178.41296281168832,0.04636303442255771,-349.9999999999892,0.8167988000204787,finite_RF_static_Bloch,runs\combined_factor_study\cases\7c2e398f2f1cd2cf,90.0
robust,original,1000,read,90,0.7,0,8,3c645498b9004a58,7c2e398f2f1cd2cf,8,4096,1,1e-05,0.009467204726143132,0.0008375125287444099,0.009504177637360884,5.055487866629671,0.00980942584830684,250.00000000000023,0.8168222999665886,finite_RF_static_Bloch,runs\combined_factor_study\cases\7c2e398f2f1cd2cf,90.0
robust,weak_increasing_centering,1000,read,90,0.7,0,8,2d2f4765ae50fff9,7c47226dce4bd5b6,1,4096,1,1e-05,0.2662756493854716,-0.0015859293401517913,0.2662803722160658,-0.3412478143229709,0.26651720503473647,-50.000000000001435,1.0439378999872133,finite_RF_static_Bloch,runs\combined_factor_study\cases\7c47226dce4bd5b6,90.0
robust,weak_increasing_centering,1000,read,90,0.7,0,8,2d2f4765ae50fff9,7c47226dce4bd5b6,2,4096,1,1e-05,-0.1738321408562089,0.0009543220284328898,0.17383476040535392,179.68545474418391,0.17383476040535392,0.0,1.0440021000104025,finite_RF_static_Bloch,runs\combined_factor_study\cases\7c47226dce4bd5b6,90.0
robust,weak_increasing_centering,1000,read,90,0.7,0,8,2d2f4765ae50fff9,7c47226dce4bd5b6,3,4096,1,1e-05,0.1158783047286634,0.0003104184729056109,0.11587872050733601,0.15348538173796528,0.11602040322128214,-49.99999999999449,1.0440308999968693,finite_RF_static_Bloch,runs\combined_factor_study\cases\7c47226dce4bd5b6,90.0
robust,weak_increasing_centering,1000,read,90,0.7,0,8,2d2f4765ae50fff9,7c47226dce4bd5b6,4,4096,1,1e-05,-0.08644240885560639,-0.0062356740316207426,0.08666702763674572,-175.87401585006373,0.08674537217791495,-100.00000000000287,1.0440566999604926,finite_RF_static_Bloch,runs\combined_factor_study\cases\7c47226dce4bd5b6,90.0
robust,weak_increasing_centering,1000,read,90,0.7,0,8,2d2f4765ae50fff9,7c47226dce4bd5b6,5,4096,1,1e-05,0.06657222428796254,-0.0009553867985821222,0.06657907937619516,-0.8222028698023539,0.06676358905969051,-100.00000000000287,1.0440826999256387,finite_RF_static_Bloch,runs\combined_factor_study\cases\7c47226dce4bd5b6,90.0
robust,weak_increasing_centering,1000,read,90,0.7,0,8,2d2f4765ae50fff9,7c47226dce4bd5b6,6,4096,1,1e-05,-0.06298911429993168,-0.0010399095202822766,0.06299769783174804,-179.05416967839702,0.06354602041429368,-949.9999999999786,1.0441075999988243,finite_RF_static_Bloch,runs\combined_factor_study\cases\7c47226dce4bd5b6,90.0
robust,weak_increasing_centering,1000,read,90,0.7,0,8,2d2f4765ae50fff9,7c47226dce4bd5b6,7,4096,1,1e-05,0.059786595117410905,-0.00509459365108458,0.060003265246175504,-4.870577753841671,0.06035150249724469,299.9999999999947,1.0441319999517873,finite_RF_static_Bloch,runs\combined_factor_study\cases\7c47226dce4bd5b6,90.0
robust,weak_increasing_centering,1000,read,90,0.7,0,8,2d2f4765ae50fff9,7c47226dce4bd5b6,8,4096,1,1e-05,-0.04949427868558451,-0.005150793381289806,0.04976157448336059,-174.058703407727,0.04982464704011078,-49.99999999999449,1.0441563000204042,finite_RF_static_Bloch,runs\combined_factor_study\cases\7c47226dce4bd5b6,90.0
robust,increasing_alternating_centering,1000,read,45,0.8,0,8,e5693cbecd4da986,7c4919e0caa17c88,1,4096,1,1e-05,0.20066135316715128,0.20412717667520464,0.28623920575676287,45.4905578904452,0.286393404686585,-50.000000000001435,0.9008986999979243,finite_RF_static_Bloch,runs\combined_factor_study\cases\7c4919e0caa17c88,45.0
robust,increasing_alternating_centering,1000,read,45,0.8,0,8,e5693cbecd4da986,7c4919e0caa17c88,2,4096,1,1e-05,-0.14441959878312138,0.14349218436638778,0.20358543043871086,135.1845591297996,0.20380934691418903,-50.00000000000837,0.900996399926953,finite_RF_static_Bloch,runs\combined_factor_study\cases\7c4919e0caa17c88,45.0
robust,increasing_alternating_centering,1000,read,45,0.8,0,8,e5693cbecd4da986,7c4919e0caa17c88,3,4096,1,1e-05,0.09390425439428854,0.1031080252274734,0.1394606534462554,47.67472716559183,0.1394606534462554,0.0,0.9010540000163019,finite_RF_static_Bloch,runs\combined_factor_study\cases\7c4919e0caa17c88,45.0
robust,increasing_alternating_centering,1000,read,45,0.8,0,8,e5693cbecd4da986,7c4919e0caa17c88,4,4096,1,1e-05,-0.08210287542903766,0.07539332579770182,0.11146764431239446,137.4394021116581,0.11146764431239445,0.0,0.9011092999717221,finite_RF_static_Bloch,runs\combined_factor_study\cases\7c4919e0caa17c88,45.0
robust,increasing_alternating_centering,1000,read,45,0.8,0,8,e5693cbecd4da986,7c4919e0caa17c88,5,4096,1,1e-05,0.05998806597224532,0.057455016028558126,0.08306411334585068,43.76441787850179,0.08315229351504244,-49.99999999999449,0.9011624999111518,finite_RF_static_Bloch,runs\combined_factor_study\cases\7c4919e0caa17c88,45.0
robust,increasing_alternating_centering,1000,read,45,0.8,0,8,e5693cbecd4da986,7c4919e0caa17c88,6,4096,1,1e-05,-0.046720663606161825,0.04688369484303809,0.06618837700031065,134.90020771990586,0.06621545278471808,-49.99999999999449,0.9012198999989778,finite_RF_static_Bloch,runs\combined_factor_study\cases\7c4919e0caa17c88,45.0
robust,increasing_alternating_centering,1000,read,45,0.8,0,8,e5693cbecd4da986,7c4919e0caa17c88,7,4096,1,1e-05,0.03709672906765431,0.03412051021587516,0.05040214801881552,42.60696127834934,0.05040214801881552,0.0,0.9013096999842674,finite_RF_static_Bloch,runs\combined_factor_study\cases\7c4919e0caa17c88,45.0
robust,increasing_alternating_centering,1000,read,45,0.8,0,8,e5693cbecd4da986,7c4919e0caa17c88,8,4096,1,1e-05,-0.029701523838889254,0.02961235514036442,0.04194129343870041,135.08613475175235,0.04196833846594693,-49.99999999999449,0.9013643999351189,finite_RF_static_Bloch,runs\combined_factor_study\cases\7c4919e0caa17c88,45.0
robust,increasing_alternating_centering,1000,slice,90,0.7,100,8,33417967bdd0d740,7e55c628009ccbcb,1,4096,1,1e-05,0.2736355314549804,-0.007620277992815379,0.2737416166959955,-1.5951764392216832,0.27408936019381186,-100.00000000000287,1.868593699997291,finite_RF_static_Bloch,runs\combined_factor_study\cases\7e55c628009ccbcb,90.0
robust,increasing_alternating_centering,1000,slice,90,0.7,100,8,33417967bdd0d740,7e55c628009ccbcb,2,4096,1,1e-05,-0.17567376946165397,0.0035749761074723467,0.17571014122991122,178.83418694102141,0.17571014122991124,0.0,1.8686424000188708,finite_RF_static_Bloch,runs\combined_factor_study\cases\7e55c628009ccbcb,90.0
robust,increasing_alternating_centering,1000,slice,90,0.7,100,8,33417967bdd0d740,7e55c628009ccbcb,3,4096,1,1e-05,0.11906325823217533,-0.0044822073711330325,0.11914759604700174,-2.1559157302241876,0.11993364413429562,-149.99999999999736,1.8686686999863014,finite_RF_static_Bloch,runs\combined_factor_study\cases\7e55c628009ccbcb,90.0
robust,increasing_alternating_centering,1000,slice,90,0.7,100,8,33417967bdd0d740,7e55c628009ccbcb,4,4096,1,1e-05,-0.0825101381375525,0.00013205757930145217,0.08251024381664525,179.90829811151903,0.08251024381664525,0.0,1.8686924000503495,finite_RF_static_Bloch,runs\combined_factor_study\cases\7e55c628009ccbcb,90.0
robust,increasing_alternating_centering,1000,slice,90,0.7,100,8,33417967bdd0d740,7e55c628009ccbcb,5,4096,1,1e-05,0.061035157337016664,-0.00700977588744816,0.06143636861946374,-6.55161035914453,0.06227472202531001,-250.00000000000023,1.8687155999941751,finite_RF_static_Bloch,runs\combined_factor_study\cases\7e55c628009ccbcb,90.0
robust,increasing_alternating_centering,1000,slice,90,0.7,100,8,33417967bdd0d740,7e55c628009ccbcb,6,4096,1,1e-05,-0.04169295328127674,-0.0020486010209439355,0.041743252382363996,-177.1870098010907,0.04176839214109656,-49.99999999999449,1.8687387000536546,finite_RF_static_Bloch,runs\combined_factor_study\cases\7e55c628009ccbcb,90.0
robust,increasing_alternating_centering,1000,slice,90,0.7,100,8,33417967bdd0d740,7e55c628009ccbcb,7,4096,1,1e-05,0.030573535927560326,-0.0045178410295370255,0.030905533269658853,-8.405747856972392,0.03100695689590116,99.99999999998899,1.8687624000012875,finite_RF_static_Bloch,runs\combined_factor_study\cases\7e55c628009ccbcb,90.0
robust,increasing_alternating_centering,1000,slice,90,0.7,100,8,33417967bdd0d740,7e55c628009ccbcb,8,4096,1,1e-05,-0.026231955189142495,0.00010401276096398682,0.02623216139969452,179.77281674415596,0.02623216139969452,0.0,1.868785300059244,finite_RF_static_Bloch,runs\combined_factor_study\cases\7e55c628009ccbcb,90.0
robust,original,1000,read,90,0.8,0,8,3c645498b9004a58,803a21beeef395b0,1,4096,1,1e-05,0.2697744019263688,-0.002610747172157214,0.2697870344096004,-0.5544637436942854,0.26982065473564965,50.000000000001435,0.8679211999988183,finite_RF_static_Bloch,runs\combined_factor_study\cases\803a21beeef395b0,90.0
robust,original,1000,read,90,0.8,0,8,3c645498b9004a58,803a21beeef395b0,2,4096,1,1e-05,-0.19942779818713444,0.002761026444804865,0.19944691012095758,179.20680538240137,0.1994469101209576,0.0,0.8679721000371501,finite_RF_static_Bloch,runs\combined_factor_study\cases\803a21beeef395b0,90.0
robust,original,1000,read,90,0.8,0,8,3c645498b9004a58,803a21beeef395b0,3,4096,1,1e-05,0.1025895450168853,0.0023483882638571,0.1026164201003395,1.3113348103688571,0.10277408661536803,100.00000000000287,0.8679998000152409,finite_RF_static_Bloch,runs\combined_factor_study\cases\803a21beeef395b0,90.0
robust,original,1000,read,90,0.8,0,8,3c645498b9004a58,803a21beeef395b0,4,4096,1,1e-05,-0.04499167112355308,-0.0005978509928417442,0.04499564308129846,-179.23869636518216,0.04500283878360813,49.99999999999449,0.8680244000861421,finite_RF_static_Bloch,runs\combined_factor_study\cases\803a21beeef395b0,90.0
robust,original,1000,read,90,0.8,0,8,3c645498b9004a58,803a21beeef395b0,5,4096,1,1e-05,-0.003069001308399183,0.004592357151757061,0.005523451207374798,123.7541948654772,0.007004327214271348,1799.9999999999961,0.8680487000383437,finite_RF_static_Bloch,runs\combined_factor_study\cases\803a21beeef395b0,90.0
robust,original,1000,read,90,0.8,0,8,3c645498b9004a58,803a21beeef395b0,6,4096,1,1e-05,0.019860460756066595,0.0017136901820153717,0.019934257836277655,4.931638745221336,0.02108332285154109,-849.9999999999897,0.8680714000947773,finite_RF_static_Bloch,runs\combined_factor_study\cases\803a21beeef395b0,90.0
robust,original,1000,read,90,0.8,0,8,3c645498b9004a58,803a21beeef395b0,7,4096,1,1e-05,-0.04132097828873353,0.001974572303048442,0.04136813003409695,177.26413394152078,0.04136813003409695,0.0,0.8680943000363186,finite_RF_static_Bloch,runs\combined_factor_study\cases\803a21beeef395b0,90.0
robust,original,1000,read,90,0.8,0,8,3c645498b9004a58,803a21beeef395b0,8,4096,1,1e-05,0.04176078400911361,0.001655912470265133,0.041793601509860556,2.2707216766397593,0.041793601509860556,0.0,0.868116500088945,finite_RF_static_Bloch,runs\combined_factor_study\cases\803a21beeef395b0,90.0
robust,increasing_centering,1000,read,45,1.2,0,8,2fce845511804024,827e842db405a273,1,4096,1,1e-05,0.10393212598622521,0.10272264549287394,0.146129492947424,44.664671006845104,0.146129492947424,0.0,0.7619948000647128,finite_RF_static_Bloch,runs\combined_factor_study\cases\827e842db405a273,45.0
robust,increasing_centering,1000,read,45,1.2,0,8,2fce845511804024,827e842db405a273,2,4096,1,1e-05,-0.08228530339260612,0.05880005992906698,0.10113514820315983,144.45086943677242,0.10233881600298625,-949.9999999999994,0.7620641000103205,finite_RF_static_Bloch,runs\combined_factor_study\cases\827e842db405a273,45.0
robust,increasing_centering,1000,read,45,1.2,0,8,2fce845511804024,827e842db405a273,3,4096,1,1e-05,0.04816381464837831,0.03394166138470749,0.058921892527629194,35.1728468416459,0.05898720561871523,-49.99999999999449,0.762102400069125,finite_RF_static_Bloch,runs\combined_factor_study\cases\827e842db405a273,45.0
robust,increasing_centering,1000,read,45,1.2,0,8,2fce845511804024,827e842db405a273,4,4096,1,1e-05,-0.015266906339059758,0.021649019343262556,0.02649072418207134,125.19152215530228,0.028864519358159892,-1500.0000000000014,0.7621384999947622,finite_RF_static_Bloch,runs\combined_factor_study\cases\827e842db405a273,45.0
robust,increasing_centering,1000,read,45,1.2,0,8,2fce845511804024,827e842db405a273,5,4096,1,1e-05,0.025344500032716627,0.01830868617935228,0.031265822738613135,35.84407823947052,0.03148951892657647,-100.00000000000287,0.7621716000139713,finite_RF_static_Bloch,runs\combined_factor_study\cases\827e842db405a273,45.0
robust,increasing_centering,1000,read,45,1.2,0,8,2fce845511804024,827e842db405a273,6,4096,1,1e-05,-0.017785583199868824,0.02720455779799038,0.03250253735854564,123.17554270033028,0.03257188291087012,-49.99999999999449,0.7622054000385106,finite_RF_static_Bloch,runs\combined_factor_study\cases\827e842db405a273,45.0
robust,increasing_centering,1000,read,45,1.2,0,8,2fce845511804024,827e842db405a273,7,4096,1,1e-05,0.015421479316158932,0.020014501695968346,0.025266624278613824,52.38519922858781,0.02537160040125487,-99.99999999998899,0.762241700082086,finite_RF_static_Bloch,runs\combined_factor_study\cases\827e842db405a273,45.0
robust,increasing_centering,1000,read,45,1.2,0,8,2fce845511804024,827e842db405a273,8,4096,1,1e-05,-0.007303259263669552,0.013322350640807381,0.015192847740598073,118.7313767670164,0.015456621930020566,-599.9999999999894,0.7622749001020566,finite_RF_static_Bloch,runs\combined_factor_study\cases\827e842db405a273,45.0
robust,high_low_permutation_alternating,1000,read,0,1.2,0,8,823de6099de30e8c,846955baaa4feea8,1,4096,1,1e-05,-0.004513024463985846,0.15521313524426908,0.15527873242066442,91.66548031758904,0.15609574253620798,100.00000000000287,1.052436999976635,finite_RF_static_Bloch,runs\combined_factor_study\cases\846955baaa4feea8,0.0
robust,high_low_permutation_alternating,1000,read,0,1.2,0,8,823de6099de30e8c,846955baaa4feea8,2,4096,1,1e-05,-0.0021747593058622275,0.08388665063135414,0.08391483618636994,91.48505899627092,0.08421582012337464,-100.00000000000287,1.0525622999994084,finite_RF_static_Bloch,runs\combined_factor_study\cases\846955baaa4feea8,0.0
robust,high_low_permutation_alternating,1000,read,0,1.2,0,8,823de6099de30e8c,846955baaa4feea8,3,4096,1,1e-05,-9.988020637154214e-05,0.054815826232154044,0.05481591722820418,90.10439882680039,0.05481591722820419,0.0,1.0526170000666752,finite_RF_static_Bloch,runs\combined_factor_study\cases\846955baaa4feea8,0.0
robust,high_low_permutation_alternating,1000,read,0,1.2,0,8,823de6099de30e8c,846955baaa4feea8,4,4096,1,1e-05,-0.004044539601168013,0.03520512139827743,0.035436688237656576,96.55369206549254,0.035927644313442524,-149.99999999999736,1.0526647000806406,finite_RF_static_Bloch,runs\combined_factor_study\cases\846955baaa4feea8,0.0
robust,high_low_permutation_alternating,1000,read,0,1.2,0,8,823de6099de30e8c,846955baaa4feea8,5,4096,1,1e-05,-0.002581582007650119,0.036411770012282074,0.03650317193189582,94.0554649199337,0.036677171567540724,100.00000000000287,1.0527199000352994,finite_RF_static_Bloch,runs\combined_factor_study\cases\846955baaa4feea8,0.0
robust,high_low_permutation_alternating,1000,read,0,1.2,0,8,823de6099de30e8c,846955baaa4feea8,6,4096,1,1e-05,-0.0026174624842042874,0.024046646940774862,0.02418868204244485,96.21215256728411,0.024284702470142763,-99.99999999998899,1.052770800073631,finite_RF_static_Bloch,runs\combined_factor_study\cases\846955baaa4feea8,0.0
robust,high_low_permutation_alternating,1000,read,0,1.2,0,8,823de6099de30e8c,846955baaa4feea8,7,4096,1,1e-05,0.0035982631502826453,0.023847095781566463,0.024117037026008956,81.41942880925967,0.024131323969387587,549.9999999999949,1.0528189999749884,finite_RF_static_Bloch,runs\combined_factor_study\cases\846955baaa4feea8,0.0
robust,high_low_permutation_alternating,1000,read,0,1.2,0,8,823de6099de30e8c,846955baaa4feea8,8,4096,1,1e-05,-0.005939648972157662,0.019142384031534516,0.0200427118006322,107.23848099560314,0.02064778702777031,-700.0000000000061,1.052864099969156,finite_RF_static_Bloch,runs\combined_factor_study\cases\846955baaa4feea8,0.0
robust,increasing_alternating_centering,1000,read,90,1.2,100,8,1b6331729c140095,84dfc827946d9e17,1,4096,1,1e-05,0.15935648264056107,-0.004128878966581316,0.1594099626782847,-1.484184511453376,0.15940996267828467,0.0,0.9021318000741303,finite_RF_static_Bloch,runs\combined_factor_study\cases\84dfc827946d9e17,90.0
robust,increasing_alternating_centering,1000,read,90,1.2,100,8,1b6331729c140095,84dfc827946d9e17,2,4096,1,1e-05,-0.09487064052566717,-0.007262086787778981,0.09514818095089152,-175.62270179937292,0.09522654535599849,-350.00000000000307,0.9021849000127986,finite_RF_static_Bloch,runs\combined_factor_study\cases\84dfc827946d9e17,90.0
robust,increasing_alternating_centering,1000,read,90,1.2,100,8,1b6331729c140095,84dfc827946d9e17,3,4096,1,1e-05,0.05697923585527777,-0.006415833540079745,0.05733930797162958,-6.424416419307153,0.059969953165374804,-950.0000000000064,0.9022109999787062,finite_RF_static_Bloch,runs\combined_factor_study\cases\84dfc827946d9e17,90.0
robust,increasing_alternating_centering,1000,read,90,1.2,100,8,1b6331729c140095,84dfc827946d9e17,4,4096,1,1e-05,-0.038980549406857204,-0.004554920392104575,0.03924577087838695,-173.33514936720948,0.03925896385078692,49.99999999999449,0.9022350000450388,finite_RF_static_Bloch,runs\combined_factor_study\cases\84dfc827946d9e17,90.0
robust,increasing_alternating_centering,1000,read,90,1.2,100,8,1b6331729c140095,84dfc827946d9e17,5,4096,1,1e-05,0.03447807121854024,-0.006019922814217133,0.034999669507580565,-9.904089881828652,0.035475404053309595,-899.9999999999981,0.9022582999896258,finite_RF_static_Bloch,runs\combined_factor_study\cases\84dfc827946d9e17,90.0
robust,increasing_alternating_centering,1000,read,90,1.2,100,8,1b6331729c140095,84dfc827946d9e17,6,4096,1,1e-05,-0.02352906283935275,-0.0013048078743841797,0.023565214229606855,-176.82590462440191,0.024647977444965764,700.0000000000061,0.9022813000483438,finite_RF_static_Bloch,runs\combined_factor_study\cases\84dfc827946d9e17,90.0
robust,increasing_alternating_centering,1000,read,90,1.2,100,8,1b6331729c140095,84dfc827946d9e17,7,4096,1,1e-05,0.01750942946173381,-0.0012921357663060492,0.01755704231680266,-4.22058119976311,0.01826331951073423,-500.00000000000045,0.9023044999921694,finite_RF_static_Bloch,runs\combined_factor_study\cases\84dfc827946d9e17,90.0
robust,increasing_alternating_centering,1000,read,90,1.2,100,8,1b6331729c140095,84dfc827946d9e17,8,4096,1,1e-05,-0.016306898014645327,-0.003792157761913607,0.016742024469916576,-166.9085872737977,0.016742024469916572,0.0,0.9023275000508875,finite_RF_static_Bloch,runs\combined_factor_study\cases\84dfc827946d9e17,90.0
robust,weak_increasing_centering,1000,slice,90,0.7,100,8,74311545513df6dd,85daa6b60699f277,1,4096,1,1e-05,0.2736355314549804,-0.007620277992815379,0.2737416166959955,-1.5951764392216832,0.27408936019381186,-100.00000000000287,2.516250899992883,finite_RF_static_Bloch,runs\combined_factor_study\cases\85daa6b60699f277,90.0
robust,weak_increasing_centering,1000,slice,90,0.7,100,8,74311545513df6dd,85daa6b60699f277,2,4096,1,1e-05,-0.17860232198043668,-0.004991123123210187,0.17867204797291214,-178.39925999282943,0.17867420526378555,-50.00000000000837,2.5163486000383273,finite_RF_static_Bloch,runs\combined_factor_study\cases\85daa6b60699f277,90.0
robust,weak_increasing_centering,1000,slice,90,0.7,100,8,74311545513df6dd,85daa6b60699f277,3,4096,1,1e-05,0.13027293527511208,-0.01237905541252604,0.13085976722468953,-5.42817529970667,0.13127064630464208,-100.00000000000287,2.516407400020398,finite_RF_static_Bloch,runs\combined_factor_study\cases\85daa6b60699f277,90.0
robust,weak_increasing_centering,1000,slice,90,0.7,100,8,74311545513df6dd,85daa6b60699f277,4,4096,1,1e-05,-0.08519776663238049,0.003230659864791658,0.08525899719271593,177.82841100586975,0.08526877098009536,49.99999999999449,2.5164639999857172,finite_RF_static_Bloch,runs\combined_factor_study\cases\85daa6b60699f277,90.0
robust,weak_increasing_centering,1000,slice,90,0.7,100,8,74311545513df6dd,85daa6b60699f277,5,4096,1,1e-05,0.07474962599347962,-0.0019975565624062216,0.07477631188006731,-1.5307678921756027,0.07534502416787774,-149.99999999999736,2.516511099995114,finite_RF_static_Bloch,runs\combined_factor_study\cases\85daa6b60699f277,90.0
robust,weak_increasing_centering,1000,slice,90,0.7,100,8,74311545513df6dd,85daa6b60699f277,6,4096,1,1e-05,-0.06359091530380757,0.0011517739797731255,0.06360134505241624,178.96235849374378,0.0637173685579157,-349.9999999999892,2.516552900080569,finite_RF_static_Bloch,runs\combined_factor_study\cases\85daa6b60699f277,90.0
robust,weak_increasing_centering,1000,slice,90,0.7,100,8,74311545513df6dd,85daa6b60699f277,7,4096,1,1e-05,0.06362305982018561,-0.0018314939214881018,0.06364941563649555,-1.6488974371280734,0.06397994897013401,-450.00000000000597,2.5165966000640765,finite_RF_static_Bloch,runs\combined_factor_study\cases\85daa6b60699f277,90.0
robust,weak_increasing_centering,1000,slice,90,0.7,100,8,74311545513df6dd,85daa6b60699f277,8,4096,1,1e-05,-0.04941709673367977,0.00545490901284469,0.0497172553740075,173.70090407389552,0.049788877788995045,49.99999999999449,2.5166380000300705,finite_RF_static_Bloch,runs\combined_factor_study\cases\85daa6b60699f277,90.0
robust,high_low_permutation_alternating,1000,slice,45,0.8,100,8,b7cbffe33c166645,8a76a5c7dc8bccae,1,4096,1,1e-05,0.184833224934961,0.200660055323302,0.2728145502758394,47.35101787518048,0.27299819049598645,50.000000000001435,1.858526400057599,finite_RF_static_Bloch,runs\combined_factor_study\cases\8a76a5c7dc8bccae,45.0
robust,high_low_permutation_alternating,1000,slice,45,0.8,100,8,b7cbffe33c166645,8a76a5c7dc8bccae,2,4096,1,1e-05,-0.1409227764748171,0.14060180625134855,0.19906807089664838,135.06532371350235,0.19916730248388081,-49.99999999999449,1.8585805000038818,finite_RF_static_Bloch,runs\combined_factor_study\cases\8a76a5c7dc8bccae,45.0
robust,high_low_permutation_alternating,1000,slice,45,0.8,100,8,b7cbffe33c166645,8a76a5c7dc8bccae,3,4096,1,1e-05,0.09268529143404597,0.1024404760124635,0.1381470751549744,47.86208192161716,0.13830045997168672,49.99999999999449,1.858607800095342,finite_RF_static_Bloch,runs\combined_factor_study\cases\8a76a5c7dc8bccae,45.0
robust,high_low_permutation_alternating,1000,slice,45,0.8,100,8,b7cbffe33c166645,8a76a5c7dc8bccae,4,4096,1,1e-05,-0.069729696143995,0.08487224589871913,0.1098432002821591,129.40598452438118,0.11003959368580563,-100.00000000000287,1.8586319000460207,finite_RF_static_Bloch,runs\combined_factor_study\cases\8a76a5c7dc8bccae,45.0
robust,high_low_permutation_alternating,1000,slice,45,0.8,100,8,b7cbffe33c166645,8a76a5c7dc8bccae,5,4096,1,1e-05,0.06266197351721708,0.06347524502187289,0.08919433645506432,45.36941023184554,0.08943899835714968,100.00000000000287,1.8586551001062617,finite_RF_static_Bloch,runs\combined_factor_study\cases\8a76a5c7dc8bccae,45.0
robust,high_low_permutation_alternating,1000,slice,45,0.8,100,8,b7cbffe33c166645,8a76a5c7dc8bccae,6,4096,1,1e-05,-0.05361449353431675,0.04969283064828306,0.07310192428917472,137.1739687395741,0.07317896861626703,-49.99999999999449,1.8586918000364676,finite_RF_static_Bloch,runs\combined_factor_study\cases\8a76a5c7dc8bccae,45.0
robust,high_low_permutation_alternating,1000,slice,45,0.8,100,8,b7cbffe33c166645,8a76a5c7dc8bccae,7,4096,1,1e-05,0.045155856739682414,0.04860490564131922,0.06634371296736614,47.10671154815154,0.06639483495993895,49.99999999999449,1.8587286000838503,finite_RF_static_Bloch,runs\combined_factor_study\cases\8a76a5c7dc8bccae,45.0
robust,high_low_permutation_alternating,1000,slice,45,0.8,100,8,b7cbffe33c166645,8a76a5c7dc8bccae,8,4096,1,1e-05,-0.03894213933887647,0.03777019817604933,0.05425014365461635,135.87524460278595,0.05425014365461635,0.0,1.8587519000284374,finite_RF_static_Bloch,runs\combined_factor_study\cases\8a76a5c7dc8bccae,45.0
robust,weak_increasing_centering,1000,read,45,1.2,0,8,42110b7ebaad7151,8bf29922f148f04b,1,4096,1,1e-05,0.10393212598622521,0.10272264549287394,0.146129492947424,44.664671006845104,0.146129492947424,0.0,1.1539017000468448,finite_RF_static_Bloch,runs\combined_factor_study\cases\8bf29922f148f04b,45.0
robust,weak_increasing_centering,1000,read,45,1.2,0,8,42110b7ebaad7151,8bf29922f148f04b,2,4096,1,1e-05,-0.08228530339260612,0.05880005992906698,0.10113514820315983,144.45086943677242,0.10233881600298625,-949.9999999999994,1.15399639995303,finite_RF_static_Bloch,runs\combined_factor_study\cases\8bf29922f148f04b,45.0
robust,weak_increasing_centering,1000,read,45,1.2,0,8,42110b7ebaad7151,8bf29922f148f04b,3,4096,1,1e-05,0.035130821157680125,0.05120569537999467,0.06209829172015695,55.5470516392421,0.06212766073824139,-49.99999999999449,1.1540506000164896,finite_RF_static_Bloch,runs\combined_factor_study\cases\8bf29922f148f04b,45.0
robust,weak_increasing_centering,1000,read,45,1.2,0,8,42110b7ebaad7151,8bf29922f148f04b,4,4096,1,1e-05,-0.024284401406649607,0.04376050417763051,0.050047116575879805,119.0275935830541,0.05012694198729905,399.99999999999756,1.154100300045684,finite_RF_static_Bloch,runs\combined_factor_study\cases\8bf29922f148f04b,45.0
robust,weak_increasing_centering,1000,read,45,1.2,0,8,42110b7ebaad7151,8bf29922f148f04b,5,4096,1,1e-05,0.02182048203087,0.04237422366322223,0.047662440843082125,62.75392987061189,0.04767585696927425,-49.99999999999449,1.1541590000269935,finite_RF_static_Bloch,runs\combined_factor_study\cases\8bf29922f148f04b,45.0
robust,weak_increasing_centering,1000,read,45,1.2,0,8,42110b7ebaad7151,8bf29922f148f04b,6,4096,1,1e-05,0.0009183141110619113,0.02275132556391019,0.022769851025459274,87.68861918864793,0.023214943837225062,150.00000000001123,1.1542030000127852,finite_RF_static_Bloch,runs\combined_factor_study\cases\8bf29922f148f04b,45.0
robust,weak_increasing_centering,1000,read,45,1.2,0,8,42110b7ebaad7151,8bf29922f148f04b,7,4096,1,1e-05,0.0028304348232954272,0.02197924295857788,0.02216074191720843,82.66197128090658,0.022254219136550422,99.99999999998899,1.154247700003907,finite_RF_static_Bloch,runs\combined_factor_study\cases\8bf29922f148f04b,45.0
robust,weak_increasing_centering,1000,read,45,1.2,0,8,42110b7ebaad7151,8bf29922f148f04b,8,4096,1,1e-05,-0.006815198604828996,0.013922932557642612,0.015501450997501096,116.08149294072001,0.01588569801556351,-599.9999999999894,1.1542919999919832,finite_RF_static_Bloch,runs\combined_factor_study\cases\8bf29922f148f04b,45.0
robust,weak_increasing_centering,1000,read,45,0.8,100,8,42110b7ebaad7151,8fdafae68192d390,1,4096,1,1e-05,0.2100934330296364,0.19962506304596528,0.28980927590103794,43.53640253446312,0.29008616821409405,-50.000000000001435,1.1083684000186622,finite_RF_static_Bloch,runs\combined_factor_study\cases\8fdafae68192d390,45.0
robust,weak_increasing_centering,1000,read,45,0.8,100,8,42110b7ebaad7151,8fdafae68192d390,2,4096,1,1e-05,-0.13015407336925042,0.1332454777374041,0.18626443609040688,134.32757557780067,0.18626588929155763,-50.00000000000837,1.1084990999661386,finite_RF_static_Bloch,runs\combined_factor_study\cases\8fdafae68192d390,45.0
robust,weak_increasing_centering,1000,read,45,0.8,100,8,42110b7ebaad7151,8fdafae68192d390,3,4096,1,1e-05,0.10641416221209832,0.08198382218394991,0.13433287393334623,37.611450719358395,0.1343682465282092,-49.99999999999449,1.1085314999800175,finite_RF_static_Bloch,runs\combined_factor_study\cases\8fdafae68192d390,45.0
robust,weak_increasing_centering,1000,read,45,0.8,100,8,42110b7ebaad7151,8fdafae68192d390,4,4096,1,1e-05,-0.0814228872736647,0.06921478032189746,0.10686614237909232,139.63328764478047,0.10686614237909232,0.0,1.1085596999619156,finite_RF_static_Bloch,runs\combined_factor_study\cases\8fdafae68192d390,45.0
robust,weak_increasing_centering,1000,read,45,0.8,100,8,42110b7ebaad7151,8fdafae68192d390,5,4096,1,1e-05,0.06584991540467025,0.062435860734434634,0.0907438596515045,43.47555380701923,0.09085913158314138,-100.00000000000287,1.1085858999285847,finite_RF_static_Bloch,runs\combined_factor_study\cases\8fdafae68192d390,45.0
robust,weak_increasing_centering,1000,read,45,0.8,100,8,42110b7ebaad7151,8fdafae68192d390,6,4096,1,1e-05,-0.04783698069124138,0.055366106520171654,0.07316954607524359,130.82740935191896,0.07325232525503109,-49.99999999999449,1.1086122000124305,finite_RF_static_Bloch,runs\combined_factor_study\cases\8fdafae68192d390,45.0
robust,weak_increasing_centering,1000,read,45,0.8,100,8,42110b7ebaad7151,8fdafae68192d390,7,4096,1,1e-05,0.047302540924496206,0.04433343419743205,0.06483042314879393,43.144202752973946,0.06483042314879393,0.0,1.1086374999722466,finite_RF_static_Bloch,runs\combined_factor_study\cases\8fdafae68192d390,45.0
robust,weak_increasing_centering,1000,read,45,0.8,100,8,42110b7ebaad7151,8fdafae68192d390,8,4096,1,1e-05,-0.031230144732311827,0.03862910439851687,0.049674235239534986,128.95420622912258,0.04969059339569974,-49.99999999999449,1.1086614999221638,finite_RF_static_Bloch,runs\combined_factor_study\cases\8fdafae68192d390,45.0
robust,original,1000,oblique,45,0.8,100,8,9d4b219532bafcf8,9030401a675718a8,1,4096,1,1e-05,0.17984165147521633,0.20145984019205326,0.2700538591013667,48.24495549598803,0.2702504654831579,50.000000000001435,2.0270128999836743,finite_RF_static_Bloch,runs\combined_factor_study\cases\9030401a675718a8,45.0
robust,original,1000,oblique,45,0.8,100,8,9d4b219532bafcf8,9030401a675718a8,2,4096,1,1e-05,-0.13820156323567623,0.14713477738565167,0.20186211828153863,133.20678874310596,0.20191957539550942,-49.99999999999449,2.0270844000624493,finite_RF_static_Bloch,runs\combined_factor_study\cases\9030401a675718a8,45.0
robust,original,1000,oblique,45,0.8,100,8,9d4b219532bafcf8,9030401a675718a8,3,4096,1,1e-05,0.06471496914074742,0.13274181105525099,0.14767672678223825,64.00960290833056,0.14767672678223823,0.0,2.0271118000382558,finite_RF_static_Bloch,runs\combined_factor_study\cases\9030401a675718a8,45.0
robust,original,1000,oblique,45,0.8,100,8,9d4b219532bafcf8,9030401a675718a8,4,4096,1,1e-05,-0.030384966990273352,0.10404797180031898,0.10839384970910469,106.27930590425768,0.10839384970910469,0.0,2.027136899996549,finite_RF_static_Bloch,runs\combined_factor_study\cases\9030401a675718a8,45.0
robust,original,1000,oblique,45,0.8,100,8,9d4b219532bafcf8,9030401a675718a8,5,4096,1,1e-05,-0.005715831706719073,0.0902267083001492,0.09040757502985991,93.62482456780909,0.09040757502985991,0.0,2.0271607000613585,finite_RF_static_Bloch,runs\combined_factor_study\cases\9030401a675718a8,45.0
robust,original,1000,oblique,45,0.8,100,8,9d4b219532bafcf8,9030401a675718a8,6,4096,1,1e-05,0.013847827294216093,0.06838337243991113,0.06977139777176629,78.5522472921938,0.07014360393460725,-299.9999999999947,2.0272572999820113,finite_RF_static_Bloch,runs\combined_factor_study\cases\9030401a675718a8,45.0
robust,original,1000,oblique,45,0.8,100,8,9d4b219532bafcf8,9030401a675718a8,7,4096,1,1e-05,-0.0338709957850234,0.062234255359883396,0.07085440632500034,118.55724418096257,0.07085440632500034,0.0,2.027317199972458,finite_RF_static_Bloch,runs\combined_factor_study\cases\9030401a675718a8,45.0
robust,original,1000,oblique,45,0.8,100,8,9d4b219532bafcf8,9030401a675718a8,8,4096,1,1e-05,0.031602989295075566,0.04907295764301609,0.0583686911299021,57.21846098880416,0.058670570909037455,-299.9999999999947,2.0273471999680623,finite_RF_static_Bloch,runs\combined_factor_study\cases\9030401a675718a8,45.0
robust,increasing_centering,1000,read,0,1.2,0,8,43eed8aa5517d4ab,973f2c98ecce835d,1,4096,1,1e-05,-0.006544732920541909,0.15002786713635896,0.15017055119591924,92.49785580680991,0.15017055119591924,0.0,0.7574665999272838,finite_RF_static_Bloch,runs\combined_factor_study\cases\973f2c98ecce835d,0.0
robust,increasing_centering,1000,read,0,1.2,0,8,43eed8aa5517d4ab,973f2c98ecce835d,2,4096,1,1e-05,-0.016593826461722836,0.0892546771475819,0.09078409810842894,100.53192736317216,0.09115718389012258,-549.9999999999949,0.7575578999239951,finite_RF_static_Bloch,runs\combined_factor_study\cases\973f2c98ecce835d,0.0
robust,increasing_centering,1000,read,0,1.2,0,8,43eed8aa5517d4ab,973f2c98ecce835d,3,4096,1,1e-05,-0.0031453445346637573,0.0469197514079646,0.04702505996197066,93.83518092251168,0.04702505996197065,0.0,0.7576091999653727,finite_RF_static_Bloch,runs\combined_factor_study\cases\973f2c98ecce835d,0.0
robust,increasing_centering,1000,read,0,1.2,0,8,43eed8aa5517d4ab,973f2c98ecce835d,4,4096,1,1e-05,0.01818144679245288,0.032731556471451775,0.03744221943889854,60.94907617570287,0.03758619159483661,-500.00000000000045,0.7576501999283209,finite_RF_static_Bloch,runs\combined_factor_study\cases\973f2c98ecce835d,0.0
robust,increasing_centering,1000,read,0,1.2,0,8,43eed8aa5517d4ab,973f2c98ecce835d,5,4096,1,1e-05,-0.009221661924733098,0.028517086890507942,0.029971040912434993,107.91981769830676,0.030286388472110466,149.99999999999736,0.7576953999232501,finite_RF_static_Bloch,runs\combined_factor_study\cases\973f2c98ecce835d,0.0
robust,increasing_centering,1000,read,0,1.2,0,8,43eed8aa5517d4ab,973f2c98ecce835d,6,4096,1,1e-05,0.005492121595848552,0.03836663360888304,0.0387577343778227,81.85354516949971,0.038835767578695404,-149.9999999999835,0.7577427999349311,finite_RF_static_Bloch,runs\combined_factor_study\cases\973f2c98ecce835d,0.0
robust,increasing_centering,1000,read,0,1.2,0,8,43eed8aa5517d4ab,973f2c98ecce835d,7,4096,1,1e-05,-0.003611865424225399,0.028301246031031013,0.02853079211574161,97.2728941881806,0.028591080606193944,-49.99999999999449,0.7577891999389976,finite_RF_static_Bloch,runs\combined_factor_study\cases\973f2c98ecce835d,0.0
robust,increasing_centering,1000,read,0,1.2,0,8,43eed8aa5517d4ab,973f2c98ecce835d,8,4096,1,1e-05,0.010503869672732246,0.020770317367028935,0.023275252128147784,63.17357285021394,0.023407546045031324,799.9999999999951,0.7578329999232665,finite_RF_static_Bloch,runs\combined_factor_study\cases\973f2c98ecce835d,0.0
robust,original,1000,slice,45,0.8,100,8,a66bf2d85e30f3da,98e2f780a1c313bd,1,4096,1,1e-05,0.184833224934961,0.200660055323302,0.2728145502758394,47.35101787518048,0.27299819049598645,50.000000000001435,2.4695233999518678,finite_RF_static_Bloch,runs\combined_factor_study\cases\98e2f780a1c313bd,45.0
robust,original,1000,slice,45,0.8,100,8,a66bf2d85e30f3da,98e2f780a1c313bd,2,4096,1,1e-05,-0.13786627307729243,0.14131475694726892,0.19742585895289466,134.2923103565743,0.19742585895289466,0.0,2.469644599943422,finite_RF_static_Bloch,runs\combined_factor_study\cases\98e2f780a1c313bd,45.0
robust,original,1000,slice,45,0.8,100,8,a66bf2d85e30f3da,98e2f780a1c313bd,3,4096,1,1e-05,0.0705276661457883,0.12981301081414412,0.14773479437358308,61.484678978309894,0.14781816724643426,49.99999999999449,2.4696742999367416,finite_RF_static_Bloch,runs\combined_factor_study\cases\98e2f780a1c313bd,45.0
robust,original,1000,slice,45,0.8,100,8,a66bf2d85e30f3da,98e2f780a1c313bd,4,4096,1,1e-05,-0.03141789494252821,0.10261725574101702,0.10731908170701532,107.02279697598826,0.10731908170701532,0.0,2.4696991000091657,finite_RF_static_Bloch,runs\combined_factor_study\cases\98e2f780a1c313bd,45.0
robust,original,1000,slice,45,0.8,100,8,a66bf2d85e30f3da,98e2f780a1c313bd,5,4096,1,1e-05,-0.00146760748372065,0.08805463021940108,0.08806685968513771,90.95486097285114,0.0881193566172249,49.99999999999449,2.4697242999682203,finite_RF_static_Bloch,runs\combined_factor_study\cases\98e2f780a1c313bd,45.0
robust,original,1000,slice,45,0.8,100,8,a66bf2d85e30f3da,98e2f780a1c313bd,6,4096,1,1e-05,0.013552915090614286,0.0670094489858872,0.06836627648808746,78.56595544325853,0.06850147380190545,99.99999999998899,2.4697493999265134,finite_RF_static_Bloch,runs\combined_factor_study\cases\98e2f780a1c313bd,45.0
robust,original,1000,slice,45,0.8,100,8,a66bf2d85e30f3da,98e2f780a1c313bd,7,4096,1,1e-05,-0.02579927360429221,0.0639155738484631,0.0689260698058976,111.98127540597345,0.06896568017083012,-49.99999999999449,2.469774700002745,finite_RF_static_Bloch,runs\combined_factor_study\cases\98e2f780a1c313bd,45.0
robust,original,1000,slice,45,0.8,100,8,a66bf2d85e30f3da,98e2f780a1c313bd,8,4096,1,1e-05,0.028398054751574368,0.04589630723701695,0.05397147887234581,58.253107145321934,0.054044256336625726,-299.9999999999947,2.4697987999534234,finite_RF_static_Bloch,runs\combined_factor_study\cases\98e2f780a1c313bd,45.0
robust,original,1000,oblique,90,0.7,100,8,46f7bbad12de8435,9927807cdf429a83,1,4096,1,1e-05,0.24810810243710738,0.009037010364193885,0.24827262847777787,2.0860010304451295,0.24838743564365298,50.000000000001435,1.8083769000368193,finite_RF_static_Bloch,runs\combined_factor_study\cases\9927807cdf429a83,90.0
robust,original,1000,oblique,90,0.7,100,8,46f7bbad12de8435,9927807cdf429a83,2,4096,1,1e-05,-0.17580719700061503,-0.0024886897565872513,0.1758248108030195,-179.18898714792408,0.1759000551802704,-49.99999999999449,1.8084318999899551,finite_RF_static_Bloch,runs\combined_factor_study\cases\9927807cdf429a83,90.0
robust,original,1000,oblique,90,0.7,100,8,46f7bbad12de8435,9927807cdf429a83,3,4096,1,1e-05,0.05501375193637991,0.0018399600900304682,0.0550445124898972,1.9155695076520183,0.055349892320039874,-850.0000000000035,1.8084581000730395,finite_RF_static_Bloch,runs\combined_factor_study\cases\9927807cdf429a83,90.0
robust,original,1000,oblique,90,0.7,100,8,46f7bbad12de8435,9927807cdf429a83,4,4096,1,1e-05,-0.0020444893528583133,1.1496150094902815e-05,0.0020445216739907674,179.67782960658204,0.003173211887406827,-2500.0000000000023,1.8084814000176266,finite_RF_static_Bloch,runs\combined_factor_study\cases\9927807cdf429a83,90.0
robust,original,1000,oblique,90,0.7,100,8,46f7bbad12de8435,9927807cdf429a83,5,4096,1,1e-05,-0.0526533956616656,-0.0038975056883276114,0.05279744904154416,-175.76657684671687,0.05286372592787665,-49.99999999999449,1.8085041999584064,finite_RF_static_Bloch,runs\combined_factor_study\cases\9927807cdf429a83,90.0
robust,original,1000,oblique,90,0.7,100,8,46f7bbad12de8435,9927807cdf429a83,6,4096,1,1e-05,0.03048536364232316,-0.002767345553681933,0.030610710508221825,-5.186877301081973,0.031274284338797545,-500.00000000000045,1.8085266000125557,finite_RF_static_Bloch,runs\combined_factor_study\cases\9927807cdf429a83,90.0
robust,original,1000,oblique,90,0.7,100,8,46f7bbad12de8435,9927807cdf429a83,7,4096,1,1e-05,-0.03748141696282656,0.001340376441700882,0.03750537596860921,177.95191306605986,0.03754407077637185,-49.99999999999449,1.8085486000636593,finite_RF_static_Bloch,runs\combined_factor_study\cases\9927807cdf429a83,90.0
robust,original,1000,oblique,90,0.7,100,8,46f7bbad12de8435,9927807cdf429a83,8,4096,1,1e-05,0.005439888657284002,-0.0036126227272731404,0.0065301938388732045,-33.58808311626342,0.007334277069510092,-3150.000000000014,1.8085703999968246,finite_RF_static_Bloch,runs\combined_factor_study\cases\9927807cdf429a83,90.0
robust,high_low_permutation_alternating,0,oblique,45,0.8,100,8,2a870393320db0c2,9a01fd9cdd4a0831,1,4096,1,1e-05,0.19678177602577623,0.23462369913410336,0.3062210763014672,50.013026447971285,0.3063485044809882,-50.000000000001435,1.9919930000323802,finite_RF_static_Bloch,runs\combined_factor_study\cases\9a01fd9cdd4a0831,45.0
robust,high_low_permutation_alternating,0,oblique,45,0.8,100,8,2a870393320db0c2,9a01fd9cdd4a0831,2,4096,1,1e-05,-0.1472620997087859,0.14732143084002575,0.2083020163017941,134.98846023957455,0.20830201630179407,0.0,1.992077499977313,finite_RF_static_Bloch,runs\combined_factor_study\cases\9a01fd9cdd4a0831,45.0
robust,high_low_permutation_alternating,0,oblique,45,0.8,100,8,2a870393320db0c2,9a01fd9cdd4a0831,3,4096,1,1e-05,0.09483525318101338,0.10732667879244939,0.14322269801440174,48.535765654402546,0.14322269801440174,0.0,1.9921046000672504,finite_RF_static_Bloch,runs\combined_factor_study\cases\9a01fd9cdd4a0831,45.0
robust,high_low_permutation_alternating,0,oblique,45,0.8,100,8,2a870393320db0c2,9a01fd9cdd4a0831,4,4096,1,1e-05,-0.0721271781796883,0.08882524991401292,0.11442139159462866,129.07701650329415,0.11452360686271544,-49.99999999999449,1.9921294000232592,finite_RF_static_Bloch,runs\combined_factor_study\cases\9a01fd9cdd4a0831,45.0
robust,high_low_permutation_alternating,0,oblique,45,0.8,100,8,2a870393320db0c2,9a01fd9cdd4a0831,5,4096,1,1e-05,0.0659814582020825,0.06980346008017166,0.09605246413100123,46.61230551065997,0.09619110274623388,49.99999999999449,1.9921536999754608,finite_RF_static_Bloch,runs\combined_factor_study\cases\9a01fd9cdd4a0831,45.0
robust,high_low_permutation_alternating,0,oblique,45,0.8,100,8,2a870393320db0c2,9a01fd9cdd4a0831,6,4096,1,1e-05,-0.054733979978730016,0.05625446461189357,0.07848804592473177,134.21512637386013,0.07848804592473178,0.0,1.9921780000440776,finite_RF_static_Bloch,runs\combined_factor_study\cases\9a01fd9cdd4a0831,45.0
robust,high_low_permutation_alternating,0,oblique,45,0.8,100,8,2a870393320db0c2,9a01fd9cdd4a0831,7,4096,1,1e-05,0.04525196051278277,0.04700003693425615,0.06524372308561102,46.0855636626041,0.06524438540679049,49.99999999999449,1.9922018999932334,finite_RF_static_Bloch,runs\combined_factor_study\cases\9a01fd9cdd4a0831,45.0
robust,high_low_permutation_alternating,0,oblique,45,0.8,100,8,2a870393320db0c2,9a01fd9cdd4a0831,8,4096,1,1e-05,-0.03938687286405429,0.040664239533621256,0.05661189036639655,134.08581522389557,0.05662530734796527,49.99999999999449,1.9922254000557587,finite_RF_static_Bloch,runs\combined_factor_study\cases\9a01fd9cdd4a0831,45.0
robust,high_low_permutation_alternating,1000,read,90,1,0,8,0829a82ef8bc951b,9c10c8178d5a0116,1,4096,1,1e-05,0.2441691149836675,-0.0033245236253082477,0.2441917467263025,-0.7800716445389309,0.2442087075211705,50.000000000001435,0.8719342000549659,finite_RF_static_Bloch,runs\combined_factor_study\cases\9c10c8178d5a0116,90.0
robust,high_low_permutation_alternating,1000,read,90,1,0,8,0829a82ef8bc951b,9c10c8178d5a0116,2,4096,1,1e-05,-0.17173573565104486,-0.0005166693388223777,0.17173651285271643,-179.82762537399165,0.17176569821706344,-49.99999999999449,0.871985400095582,finite_RF_static_Bloch,runs\combined_factor_study\cases\9c10c8178d5a0116,90.0
robust,high_low_permutation_alternating,1000,read,90,1,0,8,0829a82ef8bc951b,9c10c8178d5a0116,3,4096,1,1e-05,0.11941997476457808,0.0026669423573418487,0.11944975075030441,1.2793433090834987,0.11944975075030441,0.0,0.8720125000691041,finite_RF_static_Bloch,runs\combined_factor_study\cases\9c10c8178d5a0116,90.0
robust,high_low_permutation_alternating,1000,read,90,1,0,8,0829a82ef8bc951b,9c10c8178d5a0116,4,4096,1,1e-05,-0.10804689545532611,1.98862279977563e-05,0.10804689728537435,179.9894546074921,0.10804689728537435,0.0,0.8720379000296816,finite_RF_static_Bloch,runs\combined_factor_study\cases\9c10c8178d5a0116,90.0
robust,high_low_permutation_alternating,1000,read,90,1,0,8,0829a82ef8bc951b,9c10c8178d5a0116,5,4096,1,1e-05,0.08643201860477119,-0.008316166696785589,0.08683117221726445,-5.495868563514585,0.08683117221726447,0.0,0.8720622000982985,finite_RF_static_Bloch,runs\combined_factor_study\cases\9c10c8178d5a0116,90.0
robust,high_low_permutation_alternating,1000,read,90,1,0,8,0829a82ef8bc951b,9c10c8178d5a0116,6,4096,1,1e-05,-0.0801901175758585,-0.0008250205188092667,0.08019436149559686,-179.4105442486423,0.08035003590625574,-99.99999999998899,0.8720859000459313,finite_RF_static_Bloch,runs\combined_factor_study\cases\9c10c8178d5a0116,90.0
robust,high_low_permutation_alternating,1000,read,90,1,0,8,0829a82ef8bc951b,9c10c8178d5a0116,7,4096,1,1e-05,0.06319796770912153,0.00041781555950766436,0.06319934882896291,0.37878938633117487,0.06433035806917183,-849.9999999999897,0.8721098001115024,finite_RF_static_Bloch,runs\combined_factor_study\cases\9c10c8178d5a0116,90.0
robust,high_low_permutation_alternating,1000,read,90,1,0,8,0829a82ef8bc951b,9c10c8178d5a0116,8,4096,1,1e-05,-0.053596054252995726,-0.00040592668509195845,0.05359759143808358,-179.5660605715239,0.05362501085762893,49.99999999999449,0.8721329000545666,finite_RF_static_Bloch,runs\combined_factor_study\cases\9c10c8178d5a0116,90.0
robust,increasing_centering,1000,read,0,0.8,0,8,43eed8aa5517d4ab,9c1547a388fd363a,1,4096,1,1e-05,-0.005448413794415983,0.2909624802876619,0.2910134879142601,91.07276593143351,0.2910796142930561,-50.000000000001435,0.7833881000988185,finite_RF_static_Bloch,runs\combined_factor_study\cases\9c1547a388fd363a,0.0
robust,increasing_centering,1000,read,0,0.8,0,8,43eed8aa5517d4ab,9c1547a388fd363a,2,4096,1,1e-05,0.004008816485619926,0.2052550804792745,0.20529422464397,88.88110410574144,0.2055753846012798,-100.00000000000287,0.7834450000664219,finite_RF_static_Bloch,runs\combined_factor_study\cases\9c1547a388fd363a,0.0
robust,increasing_centering,1000,read,0,0.8,0,8,43eed8aa5517d4ab,9c1547a388fd363a,3,4096,1,1e-05,-0.00563800863484644,0.1640950348134632,0.1641918621363382,91.96780528808048,0.16419186213633824,0.0,0.7834903000621125,finite_RF_static_Bloch,runs\combined_factor_study\cases\9c1547a388fd363a,0.0
robust,increasing_centering,1000,read,0,0.8,0,8,43eed8aa5517d4ab,9c1547a388fd363a,4,4096,1,1e-05,0.0010389089531118684,0.12886452596815773,0.1288687137547778,89.53809003463952,0.12898250386803817,-100.00000000000287,0.7835229000775144,finite_RF_static_Bloch,runs\combined_factor_study\cases\9c1547a388fd363a,0.0
robust,increasing_centering,1000,read,0,0.8,0,8,43eed8aa5517d4ab,9c1547a388fd363a,5,4096,1,1e-05,-0.0018729534647215136,0.1110407539249545,0.11105654859981608,90.96633127702663,0.11109071853707243,-49.99999999999449,0.7835542000830173,finite_RF_static_Bloch,runs\combined_factor_study\cases\9c1547a388fd363a,0.0
robust,increasing_centering,1000,read,0,0.8,0,8,43eed8aa5517d4ab,9c1547a388fd363a,6,4096,1,1e-05,0.008956339532124984,0.08453063054763417,0.0850037853192158,83.95186097252217,0.08514158183622865,-49.99999999999449,0.7835849000839517,finite_RF_static_Bloch,runs\combined_factor_study\cases\9c1547a388fd363a,0.0
robust,increasing_centering,1000,read,0,0.8,0,8,43eed8aa5517d4ab,9c1547a388fd363a,7,4096,1,1e-05,-0.0031559131642233057,0.07327798087014448,0.07334590832695016,92.4660727559423,0.07340779751146279,-49.99999999999449,0.7836154000833631,finite_RF_static_Bloch,runs\combined_factor_study\cases\9c1547a388fd363a,0.0
robust,increasing_centering,1000,read,0,0.8,0,8,43eed8aa5517d4ab,9c1547a388fd363a,8,4096,1,1e-05,-0.0005108329019413627,0.056468828654478914,0.05647113917624298,90.51829959385508,0.0564753114866873,-49.99999999999449,0.7836455000797287,finite_RF_static_Bloch,runs\combined_factor_study\cases\9c1547a388fd363a,0.0
robust,increasing_alternating_centering,1000,read,45,0.7,0,8,e5693cbecd4da986,a076772ebd436a62,1,4096,1,1e-05,0.18597701781128417,0.19143807751949807,0.2669007094002188,45.828991321573255,0.26701453447517265,-50.000000000001435,2.492256100056693,finite_RF_static_Bloch,runs\combined_factor_study\cases\a076772ebd436a62,45.0
robust,increasing_alternating_centering,1000,read,45,0.7,0,8,e5693cbecd4da986,a076772ebd436a62,2,4096,1,1e-05,-0.12436790408105075,0.12702774875884373,0.1777735203011218,134.3938153415459,0.17799351887061995,-100.00000000000287,2.492311400012113,finite_RF_static_Bloch,runs\combined_factor_study\cases\a076772ebd436a62,45.0
robust,increasing_alternating_centering,1000,read,45,0.7,0,8,e5693cbecd4da986,a076772ebd436a62,3,4096,1,1e-05,0.07202784055677829,0.08229201629656521,0.10936171981743352,48.80527195449966,0.1093617198174335,0.0,2.4923396999947727,finite_RF_static_Bloch,runs\combined_factor_study\cases\a076772ebd436a62,45.0
robust,increasing_alternating_centering,1000,read,45,0.7,0,8,e5693cbecd4da986,a076772ebd436a62,4,4096,1,1e-05,-0.06137962511912673,0.05817059362861264,0.08456521946326233,136.53759501570417,0.08456521946326234,0.0,2.49236540007405,finite_RF_static_Bloch,runs\combined_factor_study\cases\a076772ebd436a62,45.0
robust,increasing_alternating_centering,1000,read,45,0.7,0,8,e5693cbecd4da986,a076772ebd436a62,5,4096,1,1e-05,0.03923864513056537,0.03937800907585466,0.055590456649145574,45.10156826944372,0.055778043631501115,-100.00000000000287,2.4923906000331044,finite_RF_static_Bloch,runs\combined_factor_study\cases\a076772ebd436a62,45.0
robust,increasing_alternating_centering,1000,read,45,0.7,0,8,e5693cbecd4da986,a076772ebd436a62,6,4096,1,1e-05,-0.03057512493973883,0.0314157095343895,0.04383816910672446,134.2231271202306,0.04383816910672446,0.0,2.4924147999845445,finite_RF_static_Bloch,runs\combined_factor_study\cases\a076772ebd436a62,45.0
robust,increasing_alternating_centering,1000,read,45,0.7,0,8,e5693cbecd4da986,a076772ebd436a62,7,4096,1,1e-05,0.020478497428082984,0.02171710482167894,0.029849648218158154,46.68137435846926,0.02986345517328368,-49.99999999999449,2.4924396000569686,finite_RF_static_Bloch,runs\combined_factor_study\cases\a076772ebd436a62,45.0
robust,increasing_alternating_centering,1000,read,45,0.7,0,8,e5693cbecd4da986,a076772ebd436a62,8,4096,1,1e-05,-0.01622245557661733,0.01690454571783161,0.023429292154514225,133.82043760748581,0.023484393864316666,-49.99999999999449,2.4924633000046015,finite_RF_static_Bloch,runs\combined_factor_study\cases\a076772ebd436a62,45.0
robust,high_low_permutation_alternating,1000,oblique,45,0.8,100,8,83eb012ddefbaa44,a3478d66ae70fdf0,1,4096,1,1e-05,0.17984165147521633,0.20145984019205326,0.2700538591013667,48.24495549598803,0.2702504654831579,50.000000000001435,1.8056120000546798,finite_RF_static_Bloch,runs\combined_factor_study\cases\a3478d66ae70fdf0,45.0
robust,high_low_permutation_alternating,1000,oblique,45,0.8,100,8,83eb012ddefbaa44,a3478d66ae70fdf0,2,4096,1,1e-05,-0.14019031828790945,0.1404129326928511,0.19841652403233076,134.9545448488517,0.19860601625408886,-49.99999999999449,1.8057135000126436,finite_RF_static_Bloch,runs\combined_factor_study\cases\a3478d66ae70fdf0,45.0
robust,high_low_permutation_alternating,1000,oblique,45,0.8,100,8,83eb012ddefbaa44,a3478d66ae70fdf0,3,4096,1,1e-05,0.0886798769124277,0.10106358142827064,0.13445433447945074,48.73414259412133,0.13474036843787826,100.00000000000287,1.805752000072971,finite_RF_static_Bloch,runs\combined_factor_study\cases\a3478d66ae70fdf0,45.0
robust,high_low_permutation_alternating,1000,oblique,45,0.8,100,8,83eb012ddefbaa44,a3478d66ae70fdf0,4,4096,1,1e-05,-0.0703531327612446,0.08255217597147277,0.10846393431434392,130.43850792552578,0.10892065192791892,-100.00000000000287,1.8057867999887094,finite_RF_static_Bloch,runs\combined_factor_study\cases\a3478d66ae70fdf0,45.0
robust,high_low_permutation_alternating,1000,oblique,45,0.8,100,8,83eb012ddefbaa44,a3478d66ae70fdf0,5,4096,1,1e-05,0.061152712731671506,0.06573486653088016,0.08978155129131468,47.06816176795422,0.09006735818124464,100.00000000000287,1.8058193000033498,finite_RF_static_Bloch,runs\combined_factor_study\cases\a3478d66ae70fdf0,45.0
robust,high_low_permutation_alternating,1000,oblique,45,0.8,100,8,83eb012ddefbaa44,a3478d66ae70fdf0,6,4096,1,1e-05,-0.059587527250954744,0.05402575564037828,0.08043292656864563,137.80259351385698,0.08049115999625532,-49.99999999999449,1.805852000019513,finite_RF_static_Bloch,runs\combined_factor_study\cases\a3478d66ae70fdf0,45.0
robust,high_low_permutation_alternating,1000,oblique,45,0.8,100,8,83eb012ddefbaa44,a3478d66ae70fdf0,7,4096,1,1e-05,0.04235031104815706,0.04596826299762391,0.06250304031720676,47.34579806177117,0.0626915553234662,99.99999999998899,1.8058860000455752,finite_RF_static_Bloch,runs\combined_factor_study\cases\a3478d66ae70fdf0,45.0
robust,high_low_permutation_alternating,1000,oblique,45,0.8,100,8,83eb012ddefbaa44,a3478d66ae70fdf0,8,4096,1,1e-05,-0.038447419501460495,0.038274249217153875,0.05425055040695982,135.1293234329255,0.05425055040695982,0.0,1.8059183000586927,finite_RF_static_Bloch,runs\combined_factor_study\cases\a3478d66ae70fdf0,45.0
robust,original,1000,read,0,1.2,0,8,e6d32fbe35ea3179,a3e9d8979e6123ce,1,4096,1,1e-05,-0.004513024463985846,0.15521313524426908,0.15527873242066442,91.66548031758904,0.15609574253620798,100.00000000000287,0.8459720999235287,finite_RF_static_Bloch,runs\combined_factor_study\cases\a3e9d8979e6123ce,0.0
robust,original,1000,read,0,1.2,0,8,e6d32fbe35ea3179,a3e9d8979e6123ce,2,4096,1,1e-05,-0.008888155251398463,0.08638136054316695,0.08683742714441488,95.87473862504524,0.08687850523987858,-49.99999999999449,0.8460305999033153,finite_RF_static_Bloch,runs\combined_factor_study\cases\a3e9d8979e6123ce,0.0
robust,original,1000,read,0,1.2,0,8,e6d32fbe35ea3179,a3e9d8979e6123ce,3,4096,1,1e-05,-0.02064702901815376,0.09065509282681919,0.09297658663725877,102.83046524392913,0.09312401563806438,49.99999999999449,0.8460567999863997,finite_RF_static_Bloch,runs\combined_factor_study\cases\a3e9d8979e6123ce,0.0
robust,original,1000,read,0,1.2,0,8,e6d32fbe35ea3179,a3e9d8979e6123ce,4,4096,1,1e-05,-0.0027610263066447016,0.0720754368559565,0.07212830140966137,92.19378262168657,0.07212830140966137,0.0,0.8460806999355555,finite_RF_static_Bloch,runs\combined_factor_study\cases\a3e9d8979e6123ce,0.0
robust,original,1000,read,0,1.2,0,8,e6d32fbe35ea3179,a3e9d8979e6123ce,5,4096,1,1e-05,0.0054757348506804596,0.0663753735904066,0.06660085503520959,85.28397893702264,0.06674868766892476,-149.99999999999736,0.8461042999988422,finite_RF_static_Bloch,runs\combined_factor_study\cases\a3e9d8979e6123ce,0.0
robust,original,1000,read,0,1.2,0,8,e6d32fbe35ea3179,a3e9d8979e6123ce,6,4096,1,1e-05,-0.0022514327098482508,0.050741041496867076,0.05079096613999148,92.54060681139669,0.05103097921719628,99.99999999998899,0.846129099954851,finite_RF_static_Bloch,runs\combined_factor_study\cases\a3e9d8979e6123ce,0.0
robust,original,1000,read,0,1.2,0,8,e6d32fbe35ea3179,a3e9d8979e6123ce,7,4096,1,1e-05,0.006590308779495966,0.04566795127457621,0.04614102234916526,81.78837744786077,0.04617789646714287,-49.99999999999449,0.8461524999001995,finite_RF_static_Bloch,runs\combined_factor_study\cases\a3e9d8979e6123ce,0.0
robust,original,1000,read,0,1.2,0,8,e6d32fbe35ea3179,a3e9d8979e6123ce,8,4096,1,1e-05,0.0012933844754030141,0.036175310190287024,0.036198424147532965,87.95236255499101,0.03637337940426048,99.99999999998899,0.8461754999589175,finite_RF_static_Bloch,runs\combined_factor_study\cases\a3e9d8979e6123ce,0.0
robust,high_low_permutation_alternating,1000,read,90,0.7,100,8,0829a82ef8bc951b,ad252c63551b7a6c,1,4096,1,1e-05,0.24811958441503407,0.009433898558933137,0.24829886550749572,2.1774271935680654,0.24852660089815512,50.000000000001435,0.9010207999963313,finite_RF_static_Bloch,runs\combined_factor_study\cases\ad252c63551b7a6c,90.0
robust,high_low_permutation_alternating,1000,read,90,0.7,100,8,0829a82ef8bc951b,ad252c63551b7a6c,2,4096,1,1e-05,-0.1755193132979782,-0.0022302841221899005,0.17553348258340778,-179.27199469928703,0.17570699123323977,-100.00000000000287,0.9010888999328017,finite_RF_static_Bloch,runs\combined_factor_study\cases\ad252c63551b7a6c,90.0
robust,high_low_permutation_alternating,1000,read,90,0.7,100,8,0829a82ef8bc951b,ad252c63551b7a6c,3,4096,1,1e-05,0.10880674160948939,0.0015976131977397021,0.10881846988266183,0.8412154877344549,0.10894449204161445,49.99999999999449,0.9011161000235006,finite_RF_static_Bloch,runs\combined_factor_study\cases\ad252c63551b7a6c,90.0
robust,high_low_permutation_alternating,1000,read,90,0.7,100,8,0829a82ef8bc951b,ad252c63551b7a6c,4,4096,1,1e-05,-0.07583649074784318,0.0007123873068982977,0.07583983666004783,179.4617949071934,0.0760331810313736,-100.00000000000287,0.9011431999970227,finite_RF_static_Bloch,runs\combined_factor_study\cases\ad252c63551b7a6c,90.0
robust,high_low_permutation_alternating,1000,read,90,0.7,100,8,0829a82ef8bc951b,ad252c63551b7a6c,5,4096,1,1e-05,0.0726785689349441,-0.0024342579640945225,0.07271932338977845,-1.9183177463407015,0.07294805142490138,100.00000000000287,0.9011686999583617,finite_RF_static_Bloch,runs\combined_factor_study\cases\ad252c63551b7a6c,90.0
robust,high_low_permutation_alternating,1000,read,90,0.7,100,8,0829a82ef8bc951b,ad252c63551b7a6c,6,4096,1,1e-05,-0.06623055704830078,-0.0011019976196814777,0.06623972437806491,-179.0467544035468,0.06626518576484923,-49.99999999999449,0.9011921000201255,finite_RF_static_Bloch,runs\combined_factor_study\cases\ad252c63551b7a6c,90.0
robust,high_low_permutation_alternating,1000,read,90,0.7,100,8,0829a82ef8bc951b,ad252c63551b7a6c,7,4096,1,1e-05,0.054656481464075896,0.0012010341399495907,0.054669675772206626,1.2588280951460387,0.05466967577220663,0.0,0.9012148999609053,finite_RF_static_Bloch,runs\combined_factor_study\cases\ad252c63551b7a6c,90.0
robust,high_low_permutation_alternating,1000,read,90,0.7,100,8,0829a82ef8bc951b,ad252c63551b7a6c,8,4096,1,1e-05,-0.053394379432764885,0.0028303080604041627,0.053469340735853986,176.96572785256993,0.0537898627094266,200.00000000000574,0.9012373000150546,finite_RF_static_Bloch,runs\combined_factor_study\cases\ad252c63551b7a6c,90.0
robust,increasing_alternating_centering,1000,read,45,0.8,100,8,e5693cbecd4da986,af7c188f07f9a81c,1,4096,1,1e-05,0.2100934330296364,0.19962506304596528,0.28980927590103794,43.53640253446312,0.29008616821409405,-50.000000000001435,0.9314244999550283,finite_RF_static_Bloch,runs\combined_factor_study\cases\af7c188f07f9a81c,45.0
robust,increasing_alternating_centering,1000,read,45,0.8,100,8,e5693cbecd4da986,af7c188f07f9a81c,2,4096,1,1e-05,-0.14138969523126332,0.14626508902305713,0.20343186128163984,134.02900017701376,0.20380191936712827,-100.00000000000287,0.9315128000453115,finite_RF_static_Bloch,runs\combined_factor_study\cases\af7c188f07f9a81c,45.0
robust,increasing_alternating_centering,1000,read,45,0.8,100,8,e5693cbecd4da986,af7c188f07f9a81c,3,4096,1,1e-05,0.10343635135271871,0.0992533648538893,0.14335379037884677,43.81773254024678,0.1434651017605256,-49.99999999999449,0.9315624999580905,finite_RF_static_Bloch,runs\combined_factor_study\cases\af7c188f07f9a81c,45.0
robust,increasing_alternating_centering,1000,read,45,0.8,100,8,e5693cbecd4da986,af7c188f07f9a81c,4,4096,1,1e-05,-0.08223618683263066,0.08242853979190397,0.11643562426077696,134.93307001471325,0.11645383074723872,-50.00000000000837,0.9316061000572518,finite_RF_static_Bloch,runs\combined_factor_study\cases\af7c188f07f9a81c,45.0
robust,increasing_alternating_centering,1000,read,45,0.8,100,8,e5693cbecd4da986,af7c188f07f9a81c,5,4096,1,1e-05,0.06740151566543581,0.055150682273067894,0.08708939125509418,39.29143730208907,0.08768668520595305,-200.00000000000574,0.9316499000415206,finite_RF_static_Bloch,runs\combined_factor_study\cases\af7c188f07f9a81c,45.0
robust,increasing_alternating_centering,1000,read,45,0.8,100,8,e5693cbecd4da986,af7c188f07f9a81c,6,4096,1,1e-05,-0.0532036155245386,0.047548358327275976,0.07135454494635896,138.21266876709902,0.07142312561694034,-49.99999999999449,0.9316986000631005,finite_RF_static_Bloch,runs\combined_factor_study\cases\af7c188f07f9a81c,45.0
robust,increasing_alternating_centering,1000,read,45,0.8,100,8,e5693cbecd4da986,af7c188f07f9a81c,7,4096,1,1e-05,0.043205040795647784,0.03365584713120924,0.05476670152814495,37.91786476668934,0.05534340533200203,-500.00000000000045,0.9317479999735951,finite_RF_static_Bloch,runs\combined_factor_study\cases\af7c188f07f9a81c,45.0
robust,increasing_alternating_centering,1000,read,45,0.8,100,8,e5693cbecd4da986,af7c188f07f9a81c,8,4096,1,1e-05,-0.03153539935388301,0.027662386014312486,0.04194864732519651,138.74323985805472,0.04205254421838029,400.0000000000115,0.931795799988322,finite_RF_static_Bloch,runs\combined_factor_study\cases\af7c188f07f9a81c,45.0
robust,high_low_permutation_alternating,0,read,45,0.8,100,8,49c554e65c5a8f35,b1dba3248485f318,1,4096,1,1e-05,0.19675985643070476,0.23459272398776354,0.30618325762626303,50.01244439092663,0.3063107756840213,-50.000000000001435,1.9549668999388814,finite_RF_static_Bloch,runs\combined_factor_study\cases\b1dba3248485f318,45.0
robust,high_low_permutation_alternating,0,read,45,0.8,100,8,49c554e65c5a8f35,b1dba3248485f318,2,4096,1,1e-05,-0.14726643754703378,0.14732099254726155,0.20830477304398162,134.98938932585258,0.20830477304398162,0.0,1.955024000024423,finite_RF_static_Bloch,runs\combined_factor_study\cases\b1dba3248485f318,45.0
robust,high_low_permutation_alternating,0,read,45,0.8,100,8,49c554e65c5a8f35,b1dba3248485f318,3,4096,1,1e-05,0.09483547964088189,0.10731935506939602,0.14321735988080223,48.53375769561747,0.14321735988080223,0.0,1.95505420002155,finite_RF_static_Bloch,runs\combined_factor_study\cases\b1dba3248485f318,45.0
robust,high_low_permutation_alternating,0,read,45,0.8,100,8,49c554e65c5a8f35,b1dba3248485f318,4,4096,1,1e-05,-0.07211948301966285,0.0888349768090193,0.1144240924616946,129.0709550266794,0.11452630444959293,-49.99999999999449,1.9550809999927878,finite_RF_static_Bloch,runs\combined_factor_study\cases\b1dba3248485f318,45.0
robust,high_low_permutation_alternating,0,read,45,0.8,100,8,49c554e65c5a8f35,b1dba3248485f318,5,4096,1,1e-05,0.06597872327333555,0.06980121729965967,0.09604895554504328,46.61257209673147,0.09618754888468814,49.99999999999449,1.9551070999586955,finite_RF_static_Bloch,runs\combined_factor_study\cases\b1dba3248485f318,45.0
robust,high_low_permutation_alternating,0,read,45,0.8,100,8,49c554e65c5a8f35,b1dba3248485f318,6,4096,1,1e-05,-0.0547259263466562,0.05625136947392738,0.07848021140511746,134.21248802724983,0.07848021140511746,0.0,1.9551327999215573,finite_RF_static_Bloch,runs\combined_factor_study\cases\b1dba3248485f318,45.0
robust,high_low_permutation_alternating,0,read,45,0.8,100,8,49c554e65c5a8f35,b1dba3248485f318,7,4096,1,1e-05,0.045253015302074484,0.04699853266591328,0.06524337105544674,46.08398013547189,0.06524407526019829,49.99999999999449,1.955158600001596,finite_RF_static_Bloch,runs\combined_factor_study\cases\b1dba3248485f318,45.0
robust,high_low_permutation_alternating,0,read,45,0.8,100,8,49c554e65c5a8f35,b1dba3248485f318,8,4096,1,1e-05,-0.03938593642242079,0.04066571366071921,0.056612297740036815,134.08409647444148,0.05662567407038328,49.99999999999449,1.9551837999606505,finite_RF_static_Bloch,runs\combined_factor_study\cases\b1dba3248485f318,45.0
robust,original,1000,read,45,1.2,0,8,817d04f3f17dfe0b,b41303d82021f079,1,4096,1,1e-05,0.10672732234730495,0.10724106501312762,0.15129893377210363,45.137568125398765,0.1516594743408851,100.00000000000287,0.7705798000097275,finite_RF_static_Bloch,runs\combined_factor_study\cases\b41303d82021f079,45.0
robust,original,1000,read,45,1.2,0,8,817d04f3f17dfe0b,b41303d82021f079,2,4096,1,1e-05,-0.07471577454845792,0.05529979623271971,0.09295436745928785,143.4935431330047,0.09295436745928785,0.0,0.7706328000640497,finite_RF_static_Bloch,runs\combined_factor_study\cases\b41303d82021f079,45.0
robust,original,1000,read,45,1.2,0,8,817d04f3f17dfe0b,b41303d82021f079,3,4096,1,1e-05,-0.006786694989277686,0.06255848010031348,0.06292553266630967,96.19155373206355,0.0630789774780651,100.00000000000287,0.770659500034526,finite_RF_static_Bloch,runs\combined_factor_study\cases\b41303d82021f079,45.0
robust,original,1000,read,45,1.2,0,8,817d04f3f17dfe0b,b41303d82021f079,4,4096,1,1e-05,0.0048808523428903895,0.051390578104906715,0.051621838765677615,84.5745715223585,0.051658575519491275,49.99999999999449,0.7706829000962898,finite_RF_static_Bloch,runs\combined_factor_study\cases\b41303d82021f079,45.0
robust,original,1000,read,45,1.2,0,8,817d04f3f17dfe0b,b41303d82021f079,5,4096,1,1e-05,-0.008348496211618588,0.04842431284651448,0.04913869619406397,99.78180579871815,0.049348970043338665,-100.00000000000287,0.7707065000431612,finite_RF_static_Bloch,runs\combined_factor_study\cases\b41303d82021f079,45.0
robust,original,1000,read,45,1.2,0,8,817d04f3f17dfe0b,b41303d82021f079,6,4096,1,1e-05,0.011405014370192588,0.03526025496481899,0.037058871177740184,72.07607427514777,0.037500956872937724,99.99999999998899,0.7707301001064479,finite_RF_static_Bloch,runs\combined_factor_study\cases\b41303d82021f079,45.0
robust,original,1000,read,45,1.2,0,8,817d04f3f17dfe0b,b41303d82021f079,7,4096,1,1e-05,-0.002660823263003838,0.031085445516006976,0.031199117028620868,94.89242578262976,0.031254930476779935,-49.99999999999449,0.7707537000533193,finite_RF_static_Bloch,runs\combined_factor_study\cases\b41303d82021f079,45.0
robust,original,1000,read,45,1.2,0,8,817d04f3f17dfe0b,b41303d82021f079,8,4096,1,1e-05,0.006112902689780564,0.024252829177015416,0.025011343474196198,75.85331369274789,0.025326750774408654,150.00000000001123,0.7707765999948606,finite_RF_static_Bloch,runs\combined_factor_study\cases\b41303d82021f079,45.0
robust,original,1000,read,0,0.7,0,8,e6d32fbe35ea3179,b6d4b8123b9c4eb8,1,4096,1,1e-05,-0.006423543729670411,0.25028251945684116,0.2503649365620335,91.4701832476405,0.25053846529026824,50.000000000001435,0.9240463000023738,finite_RF_static_Bloch,runs\combined_factor_study\cases\b6d4b8123b9c4eb8,0.0
robust,original,1000,read,0,0.7,0,8,e6d32fbe35ea3179,b6d4b8123b9c4eb8,2,4096,1,1e-05,0.005371821359726475,0.1743602484458473,0.17444297837063666,88.23534681743615,0.1745598615711576,-49.99999999999449,0.9241547000128776,finite_RF_static_Bloch,runs\combined_factor_study\cases\b6d4b8123b9c4eb8,0.0
robust,original,1000,read,0,0.7,0,8,e6d32fbe35ea3179,b6d4b8123b9c4eb8,3,4096,1,1e-05,-0.004147434737861189,0.1756016996559054,0.1756506707557578,91.35298425780243,0.17566747612699612,49.99999999999449,0.9241905000526458,finite_RF_static_Bloch,runs\combined_factor_study\cases\b6d4b8123b9c4eb8,0.0
robust,original,1000,read,0,0.7,0,8,e6d32fbe35ea3179,b6d4b8123b9c4eb8,4,4096,1,1e-05,-0.005106680617227721,0.12842229730976246,0.12852379014502874,92.27715264730989,0.12852379014502877,0.0,0.924217400024645,finite_RF_static_Bloch,runs\combined_factor_study\cases\b6d4b8123b9c4eb8,0.0
robust,original,1000,read,0,0.7,0,8,e6d32fbe35ea3179,b6d4b8123b9c4eb8,5,4096,1,1e-05,-0.007976656398306978,0.11976244647487479,0.12002779108583103,93.8104994154898,0.12007889909872417,49.99999999999449,0.9242475000210106,finite_RF_static_Bloch,runs\combined_factor_study\cases\b6d4b8123b9c4eb8,0.0
robust,original,1000,read,0,0.7,0,8,e6d32fbe35ea3179,b6d4b8123b9c4eb8,6,4096,1,1e-05,-0.010422965579477254,0.09201358547924836,0.09260204168493215,96.46271009403874,0.09270994877567341,49.99999999999449,0.9242739999899641,finite_RF_static_Bloch,runs\combined_factor_study\cases\b6d4b8123b9c4eb8,0.0
robust,original,1000,read,0,0.7,0,8,e6d32fbe35ea3179,b6d4b8123b9c4eb8,7,4096,1,1e-05,-0.003465753359485289,0.08379831042085893,0.08386994858552983,92.36830474527733,0.08387906040005144,-49.99999999999449,0.9242999999551103,finite_RF_static_Bloch,runs\combined_factor_study\cases\b6d4b8123b9c4eb8,0.0
robust,original,1000,read,0,0.7,0,8,e6d32fbe35ea3179,b6d4b8123b9c4eb8,8,4096,1,1e-05,-0.0058581194565597,0.06618592472657267,0.0664446701811279,95.05807138754486,0.06662429350290094,99.99999999998899,0.9243370000040159,finite_RF_static_Bloch,runs\combined_factor_study\cases\b6d4b8123b9c4eb8,0.0
robust,increasing_alternating_centering,1000,read,90,0.7,100,8,1b6331729c140095,b79bd8d4ebef5c0f,1,4096,1,1e-05,0.271395990578976,-0.008470494404771094,0.2715281439884361,-1.787668578441071,0.2716339469530909,-50.000000000001435,0.8579405000200495,finite_RF_static_Bloch,runs\combined_factor_study\cases\b79bd8d4ebef5c0f,90.0
robust,increasing_alternating_centering,1000,read,90,0.7,100,8,1b6331729c140095,b79bd8d4ebef5c0f,2,4096,1,1e-05,-0.17525324700216627,0.0011958283867504749,0.17525732678074507,179.60905228613169,0.17539752681111953,-100.00000000000287,0.8579936000751331,finite_RF_static_Bloch,runs\combined_factor_study\cases\b79bd8d4ebef5c0f,90.0
robust,increasing_alternating_centering,1000,read,90,0.7,100,8,1b6331729c140095,b79bd8d4ebef5c0f,3,4096,1,1e-05,0.11780656654799115,-0.011746489772886223,0.1183907392654121,-5.694139968230205,0.11905352431852753,-149.99999999999736,0.8580224000615999,finite_RF_static_Bloch,runs\combined_factor_study\cases\b79bd8d4ebef5c0f,90.0
robust,increasing_alternating_centering,1000,read,90,0.7,100,8,1b6331729c140095,b79bd8d4ebef5c0f,4,4096,1,1e-05,-0.08733122085865966,-0.0006915104929026651,0.08733395859243863,-179.54632714028304,0.08736234608938004,-50.00000000000837,0.8580492000328377,finite_RF_static_Bloch,runs\combined_factor_study\cases\b79bd8d4ebef5c0f,90.0
robust,increasing_alternating_centering,1000,read,90,0.7,100,8,1b6331729c140095,b79bd8d4ebef5c0f,5,4096,1,1e-05,0.059549816489318286,-0.006916569032981443,0.05995014237764146,-6.625083057803829,0.060644686465477354,-250.00000000000023,0.8580750999972224,finite_RF_static_Bloch,runs\combined_factor_study\cases\b79bd8d4ebef5c0f,90.0
robust,increasing_alternating_centering,1000,read,90,0.7,100,8,1b6331729c140095,b79bd8d4ebef5c0f,6,4096,1,1e-05,-0.04689525430896109,-0.0017008347259187722,0.04692608779204831,-177.92286113244592,0.046998171336074764,-49.99999999999449,0.8580994000658393,finite_RF_static_Bloch,runs\combined_factor_study\cases\b79bd8d4ebef5c0f,90.0
robust,increasing_alternating_centering,1000,read,90,0.7,100,8,1b6331729c140095,b79bd8d4ebef5c0f,7,4096,1,1e-05,0.030154844735929845,-0.004109410567782856,0.030433565618616584,-7.7602904287878225,0.03043356561861658,0.0,0.8581240000203252,finite_RF_static_Bloch,runs\combined_factor_study\cases\b79bd8d4ebef5c0f,90.0
robust,increasing_alternating_centering,1000,read,90,0.7,100,8,1b6331729c140095,b79bd8d4ebef5c0f,8,4096,1,1e-05,-0.02367218958950257,0.0004463369768565404,0.023676397037097164,178.91982129189023,0.023676397037097164,0.0,0.858148500090465,finite_RF_static_Bloch,runs\combined_factor_study\cases\b79bd8d4ebef5c0f,90.0
robust,high_low_permutation_alternating,1000,read,90,1.2,0,8,0829a82ef8bc951b,b89099eabda476a0,1,4096,1,1e-05,0.15418149597870615,-0.004223311572006039,0.15423932722514716,-1.5690432545992201,0.15423932722514713,0.0,0.858103199978359,finite_RF_static_Bloch,runs\combined_factor_study\cases\b89099eabda476a0,90.0
robust,high_low_permutation_alternating,1000,read,90,1.2,0,8,0829a82ef8bc951b,b89099eabda476a0,2,4096,1,1e-05,-0.08947703306474472,0.001169123408107606,0.08948467072975574,179.2514053824261,0.0894986840650265,-49.99999999999449,0.8581593999406323,finite_RF_static_Bloch,runs\combined_factor_study\cases\b89099eabda476a0,90.0
robust,high_low_permutation_alternating,1000,read,90,1.2,0,8,0829a82ef8bc951b,b89099eabda476a0,3,4096,1,1e-05,0.0530924914854187,0.0050403403407117955,0.053331207401290506,5.423126546491194,0.053947922478329344,-399.99999999999756,0.8582024000352249,finite_RF_static_Bloch,runs\combined_factor_study\cases\b89099eabda476a0,90.0
robust,high_low_permutation_alternating,1000,read,90,1.2,0,8,0829a82ef8bc951b,b89099eabda476a0,4,4096,1,1e-05,-0.044241656827669146,0.004962356721260695,0.04451908785101381,173.60017932015825,0.0446258400762892,100.00000000000287,0.8582289000041783,finite_RF_static_Bloch,runs\combined_factor_study\cases\b89099eabda476a0,90.0
robust,high_low_permutation_alternating,1000,read,90,1.2,0,8,0829a82ef8bc951b,b89099eabda476a0,5,4096,1,1e-05,0.03166369616539275,0.0013593272893100742,0.03169286079756403,2.458207108129473,0.03230787962774271,-250.00000000000023,0.8582534999586642,finite_RF_static_Bloch,runs\combined_factor_study\cases\b89099eabda476a0,90.0
robust,high_low_permutation_alternating,1000,read,90,1.2,0,8,0829a82ef8bc951b,b89099eabda476a0,6,4096,1,1e-05,-0.031042871985750196,0.0019335568472470558,0.03110303109353187,176.4358416426233,0.031110893404462294,-49.99999999999449,0.858277800027281,finite_RF_static_Bloch,runs\combined_factor_study\cases\b89099eabda476a0,90.0
robust,high_low_permutation_alternating,1000,read,90,1.2,0,8,0829a82ef8bc951b,b89099eabda476a0,7,4096,1,1e-05,0.027905880087602183,0.0006712198468145584,0.027913951342409225,1.3778691161205687,0.030686174073347578,-1500.0000000000014,0.8583017999771982,finite_RF_static_Bloch,runs\combined_factor_study\cases\b89099eabda476a0,90.0
robust,high_low_permutation_alternating,1000,read,90,1.2,0,8,0829a82ef8bc951b,b89099eabda476a0,8,4096,1,1e-05,-0.021365896801394193,0.00027849039421108245,0.02136771169375641,179.25322953511267,0.02136771169375641,0.0,0.858325699926354,finite_RF_static_Bloch,runs\combined_factor_study\cases\b89099eabda476a0,90.0
robust,original,1000,slice,90,0.7,100,8,57df3010b632b06a,b8f86b53395cbf58,1,4096,1,1e-05,0.25249315980229087,0.010275859182366955,0.25270217456302396,2.330513152660842,0.25270217456302396,0.0,2.09068759996444,finite_RF_static_Bloch,runs\combined_factor_study\cases\b8f86b53395cbf58,90.0
robust,original,1000,slice,90,0.7,100,8,57df3010b632b06a,b8f86b53395cbf58,2,4096,1,1e-05,-0.17376625298914247,-0.004187861053454546,0.17381671052603,-178.61940785958026,0.17381671052603,0.0,2.090740400017239,finite_RF_static_Bloch,runs\combined_factor_study\cases\b8f86b53395cbf58,90.0
robust,original,1000,slice,90,0.7,100,8,57df3010b632b06a,b8f86b53395cbf58,3,4096,1,1e-05,0.05679602788082633,0.003184348848531869,0.056885225328100336,3.2090084944130814,0.05710950837535605,-450.00000000000597,2.09076880000066,finite_RF_static_Bloch,runs\combined_factor_study\cases\b8f86b53395cbf58,90.0
robust,original,1000,slice,90,0.7,100,8,57df3010b632b06a,b8f86b53395cbf58,4,4096,1,1e-05,-0.005358798639573112,-0.0020910726365758756,0.005752330626009515,-158.68362669904153,0.00844987600331075,-1899.9999999999989,2.0907950999680907,finite_RF_static_Bloch,runs\combined_factor_study\cases\b8f86b53395cbf58,90.0
robust,original,1000,slice,90,0.7,100,8,57df3010b632b06a,b8f86b53395cbf58,5,4096,1,1e-05,-0.04923695342439313,-0.001351935321365016,0.04925551046968261,-178.42718273465022,0.04952095735028499,299.9999999999947,2.0908199000405148,finite_RF_static_Bloch,runs\combined_factor_study\cases\b8f86b53395cbf58,90.0
robust,original,1000,slice,90,0.7,100,8,57df3010b632b06a,b8f86b53395cbf58,6,4096,1,1e-05,0.03992775934998969,-0.000852220398403511,0.039936853235052756,-1.2227387644757202,0.04055545267646972,-500.00000000000045,2.090844399994239,finite_RF_static_Bloch,runs\combined_factor_study\cases\b8f86b53395cbf58,90.0
robust,original,1000,slice,90,0.7,100,8,57df3010b632b06a,b8f86b53395cbf58,7,4096,1,1e-05,-0.039523804095417434,-0.001719331190286879,0.03956118286799359,-177.509137727313,0.03956118286799358,0.0,2.090875699999742,finite_RF_static_Bloch,runs\combined_factor_study\cases\b8f86b53395cbf58,90.0
robust,original,1000,slice,90,0.7,100,8,57df3010b632b06a,b8f86b53395cbf58,8,4096,1,1e-05,0.008520185690339903,-0.00038103091137722757,0.008528701469350291,-2.5606163137406104,0.00861577642869391,49.99999999999449,2.0909016999648884,finite_RF_static_Bloch,runs\combined_factor_study\cases\b8f86b53395cbf58,90.0
robust,high_low_permutation_alternating,1000,slice,90,0.7,100,8,0fb1c729b66058aa,b91103c83f401be0,1,4096,1,1e-05,0.25249315980229087,0.010275859182366955,0.25270217456302396,2.330513152660842,0.25270217456302396,0.0,1.8391109999502078,finite_RF_static_Bloch,runs\combined_factor_study\cases\b91103c83f401be0,90.0
robust,high_low_permutation_alternating,1000,slice,90,0.7,100,8,0fb1c729b66058aa,b91103c83f401be0,2,4096,1,1e-05,-0.17587391618153125,-0.0016202391526240337,0.1758813792530067,-179.47217733506167,0.1758813792530067,0.0,1.8391838999232277,finite_RF_static_Bloch,runs\combined_factor_study\cases\b91103c83f401be0,90.0
robust,high_low_permutation_alternating,1000,slice,90,0.7,100,8,0fb1c729b66058aa,b91103c83f401be0,3,4096,1,1e-05,0.11042047697041948,0.0017363666987417392,0.11043412834666391,0.9009043180417464,0.11043412834666393,0.0,1.8392141999211162,finite_RF_static_Bloch,runs\combined_factor_study\cases\b91103c83f401be0,90.0
robust,high_low_permutation_alternating,1000,slice,90,0.7,100,8,0fb1c729b66058aa,b91103c83f401be0,4,4096,1,1e-05,-0.08016539956947707,0.005124118764912394,0.08032899776077654,176.3426675477105,0.08037710259153445,-49.99999999999449,1.8392412000102922,finite_RF_static_Bloch,runs\combined_factor_study\cases\b91103c83f401be0,90.0
robust,high_low_permutation_alternating,1000,slice,90,0.7,100,8,0fb1c729b66058aa,b91103c83f401be0,5,4096,1,1e-05,0.07423857767972791,-0.0015033881047738752,0.0742537985001614,-1.1601248853482868,0.07428967172252601,49.99999999999449,1.8392675999784842,finite_RF_static_Bloch,runs\combined_factor_study\cases\b91103c83f401be0,90.0
robust,high_low_permutation_alternating,1000,slice,90,0.7,100,8,0fb1c729b66058aa,b91103c83f401be0,6,4096,1,1e-05,-0.0639140963796865,-0.007304211645949042,0.06433011133054778,-173.48042523363225,0.06435097124007498,-49.99999999999449,1.8392922999337316,finite_RF_static_Bloch,runs\combined_factor_study\cases\b91103c83f401be0,90.0
robust,high_low_permutation_alternating,1000,slice,90,0.7,100,8,0fb1c729b66058aa,b91103c83f401be0,7,4096,1,1e-05,0.05784949383417144,-0.0007957032794326158,0.057854965911136265,-0.7880374026274396,0.05787670672587453,-49.99999999999449,1.8393172000069171,finite_RF_static_Bloch,runs\combined_factor_study\cases\b91103c83f401be0,90.0
robust,high_low_permutation_alternating,1000,slice,90,0.7,100,8,0fb1c729b66058aa,b91103c83f401be0,8,4096,1,1e-05,-0.056228576692508164,0.00017243134593148616,0.05622884108208467,179.8242965056324,0.056405301687899215,200.00000000000574,1.8393413999583572,finite_RF_static_Bloch,runs\combined_factor_study\cases\b91103c83f401be0,90.0
robust,original,1000,read,90,1,0,8,3c645498b9004a58,b9297ec752b63994,1,4096,1,1e-05,0.2441691149836675,-0.0033245236253082477,0.2441917467263025,-0.7800716445389309,0.2442087075211705,50.000000000001435,0.8023739000782371,finite_RF_static_Bloch,runs\combined_factor_study\cases\b9297ec752b63994,90.0
robust,original,1000,read,90,1,0,8,3c645498b9004a58,b9297ec752b63994,2,4096,1,1e-05,-0.1809909593379285,-0.002291309472639517,0.1810054625174696,-179.27468559794627,0.1810054625174696,0.0,0.8024501000763848,finite_RF_static_Bloch,runs\combined_factor_study\cases\b9297ec752b63994,90.0
robust,original,1000,read,90,1,0,8,3c645498b9004a58,b9297ec752b63994,3,4096,1,1e-05,0.09806726087512398,0.0018106193031298635,0.09808397421500868,1.0577338247811503,0.09809882295843886,49.99999999999449,0.802490400034003,finite_RF_static_Bloch,runs\combined_factor_study\cases\b9297ec752b63994,90.0
robust,original,1000,read,90,1,0,8,3c645498b9004a58,b9297ec752b63994,4,4096,1,1e-05,-0.05427295960162368,0.003113870980185276,0.054362214233792165,176.7162969065239,0.054362214233792165,0.0,0.8025263000745326,finite_RF_static_Bloch,runs\combined_factor_study\cases\b9297ec752b63994,90.0
robust,original,1000,read,90,1,0,8,3c645498b9004a58,b9297ec752b63994,5,4096,1,1e-05,0.03911595587572645,-0.003366671809106231,0.03926057160997544,-4.919268124602481,0.03927965149736295,49.99999999999449,0.8025696000549942,finite_RF_static_Bloch,runs\combined_factor_study\cases\b9297ec752b63994,90.0
robust,original,1000,read,90,1,0,8,3c645498b9004a58,b9297ec752b63994,6,4096,1,1e-05,-0.017802192437405818,0.0023715988956512545,0.017959469282255617,172.4117658568651,0.018045055641071207,599.9999999999894,0.8026060999836773,finite_RF_static_Bloch,runs\combined_factor_study\cases\b9297ec752b63994,90.0
robust,original,1000,read,90,1,0,8,3c645498b9004a58,b9297ec752b63994,7,4096,1,1e-05,0.009654510853550183,0.0027544521017295017,0.01003975030576161,15.923558745634116,0.011045241755518869,799.9999999999951,0.8026412000181153,finite_RF_static_Bloch,runs\combined_factor_study\cases\b9297ec752b63994,90.0
robust,original,1000,read,90,1,0,8,3c645498b9004a58,b9297ec752b63994,8,4096,1,1e-05,-0.0008278170500010721,0.000743426439482657,0.0011126382786846487,138.07437038097245,0.0036188206073341066,-1450.0000000000068,0.8026748000411317,finite_RF_static_Bloch,runs\combined_factor_study\cases\b9297ec752b63994,90.0
robust,increasing_alternating_centering,1000,read,45,1,0,8,e5693cbecd4da986,bc7fe43f4aecf85c,1,4096,1,1e-05,0.17290324386316275,0.17319577529625765,0.24472905082739174,45.048427795434456,0.2448440719222892,-50.000000000001435,0.9306738999439403,finite_RF_static_Bloch,runs\combined_factor_study\cases\bc7fe43f4aecf85c,45.0
robust,increasing_alternating_centering,1000,read,45,1,0,8,e5693cbecd4da986,bc7fe43f4aecf85c,2,4096,1,1e-05,-0.12182726412823203,0.11863669885898845,0.170048665390612,135.76017709850885,0.17021734373621722,-50.00000000000837,0.9307804999407381,finite_RF_static_Bloch,runs\combined_factor_study\cases\bc7fe43f4aecf85c,45.0
robust,increasing_alternating_centering,1000,read,45,1,0,8,e5693cbecd4da986,bc7fe43f4aecf85c,3,4096,1,1e-05,0.08946538003833085,0.0903438541268784,0.12714584619208624,45.279921425949375,0.12714584619208624,0.0,0.9308243999257684,finite_RF_static_Bloch,runs\combined_factor_study\cases\bc7fe43f4aecf85c,45.0
robust,increasing_alternating_centering,1000,read,45,1,0,8,e5693cbecd4da986,bc7fe43f4aecf85c,4,4096,1,1e-05,-0.07334227422330854,0.07128344301675295,0.10227618704551734,135.81558365731212,0.10241623078530954,-50.00000000000837,0.9308609999716282,finite_RF_static_Bloch,runs\combined_factor_study\cases\bc7fe43f4aecf85c,45.0
robust,increasing_alternating_centering,1000,read,45,1,0,8,e5693cbecd4da986,bc7fe43f4aecf85c,5,4096,1,1e-05,0.04559376452891836,0.05612350297380474,0.0723093282361904,50.91018862226563,0.0723093282361904,0.0,0.9308971000136808,finite_RF_static_Bloch,runs\combined_factor_study\cases\bc7fe43f4aecf85c,45.0
robust,increasing_alternating_centering,1000,read,45,1,0,8,e5693cbecd4da986,bc7fe43f4aecf85c,6,4096,1,1e-05,-0.036838909916876814,0.03772211792649635,0.0527263071409734,134.32133815454623,0.05275505755307582,-49.99999999999449,0.9309324999339879,finite_RF_static_Bloch,runs\combined_factor_study\cases\bc7fe43f4aecf85c,45.0
robust,increasing_alternating_centering,1000,read,45,1,0,8,e5693cbecd4da986,bc7fe43f4aecf85c,7,4096,1,1e-05,0.031251034427588795,0.027242715696489714,0.04145832499407215,41.079901190185055,0.04145832499407214,0.0,0.9309681999729946,finite_RF_static_Bloch,runs\combined_factor_study\cases\bc7fe43f4aecf85c,45.0
robust,increasing_alternating_centering,1000,read,45,1,0,8,e5693cbecd4da986,bc7fe43f4aecf85c,8,4096,1,1e-05,-0.02317970384411963,0.02186877453990789,0.03186756925431273,136.66686040745944,0.03186756925431273,0.0,0.9310025000013411,finite_RF_static_Bloch,runs\combined_factor_study\cases\bc7fe43f4aecf85c,45.0
robust,increasing_centering,1000,read,0,1,0,8,43eed8aa5517d4ab,bd9b875040998a50,1,4096,1,1e-05,-0.004910058550749369,0.2484525511242275,0.24850106405226652,91.13216392705218,0.24850106405226652,0.0,0.751912200008519,finite_RF_static_Bloch,runs\combined_factor_study\cases\bd9b875040998a50,0.0
robust,increasing_centering,1000,read,0,1,0,8,43eed8aa5517d4ab,bd9b875040998a50,2,4096,1,1e-05,-0.0056344292284990945,0.17823142437486358,0.17832046272770738,91.81068819494797,0.17846958335117855,-50.00000000000837,0.751960700028576,finite_RF_static_Bloch,runs\combined_factor_study\cases\bd9b875040998a50,0.0
robust,increasing_centering,1000,read,0,1,0,8,43eed8aa5517d4ab,bd9b875040998a50,3,4096,1,1e-05,-0.0018234463915474343,0.1257929339592873,0.1258061492568168,90.83047960208509,0.1258061492568168,0.0,0.7519878000020981,finite_RF_static_Bloch,runs\combined_factor_study\cases\bd9b875040998a50,0.0
robust,increasing_centering,1000,read,0,1,0,8,43eed8aa5517d4ab,bd9b875040998a50,4,4096,1,1e-05,0.004007572926499163,0.08803286723265272,0.0881240395917202,87.39348950397593,0.0881240395917202,0.0,0.7520252000540495,finite_RF_static_Bloch,runs\combined_factor_study\cases\bd9b875040998a50,0.0
robust,increasing_centering,1000,read,0,1,0,8,43eed8aa5517d4ab,bd9b875040998a50,5,4096,1,1e-05,0.000676278588464995,0.06834810025264476,0.0683514459311198,89.43309844302833,0.06853425905075357,-49.99999999999449,0.7520499000092968,finite_RF_static_Bloch,runs\combined_factor_study\cases\bd9b875040998a50,0.0
robust,increasing_centering,1000,read,0,1,0,8,43eed8aa5517d4ab,bd9b875040998a50,6,4096,1,1e-05,-0.0002625310829990589,0.05414035334253345,0.05414098985633633,90.27782982975214,0.05434605573583761,-99.99999999998899,0.7520735000725836,finite_RF_static_Bloch,runs\combined_factor_study\cases\bd9b875040998a50,0.0
robust,increasing_centering,1000,read,0,1,0,8,43eed8aa5517d4ab,bd9b875040998a50,7,4096,1,1e-05,-0.002134657041522715,0.040754225063729006,0.040810092149246614,92.99834364689562,0.040810092149246614,0.0,0.7520963000133634,finite_RF_static_Bloch,runs\combined_factor_study\cases\bd9b875040998a50,0.0
robust,increasing_centering,1000,read,0,1,0,8,43eed8aa5517d4ab,bd9b875040998a50,8,4096,1,1e-05,0.00027916783461031465,0.041951758074665696,0.04195268692509646,89.61873105350834,0.042006257970954,-49.99999999999449,0.752119000069797,finite_RF_static_Bloch,runs\combined_factor_study\cases\bd9b875040998a50,0.0
robust,original,1000,read,45,1,0,8,817d04f3f17dfe0b,be2426cefb021d13,1,4096,1,1e-05,0.17087792488143486,0.17135177595600934,0.24199317414973445,45.0793316572897,0.24221038460324862,50.000000000001435,0.8255204000743106,finite_RF_static_Bloch,runs\combined_factor_study\cases\be2426cefb021d13,45.0
robust,original,1000,read,45,1,0,8,817d04f3f17dfe0b,be2426cefb021d13,2,4096,1,1e-05,-0.12757194047487655,0.12147469598313893,0.1761553341818563,136.4024546102559,0.1761553341818563,0.0,0.8255750000244007,finite_RF_static_Bloch,runs\combined_factor_study\cases\be2426cefb021d13,45.0
robust,original,1000,read,45,1,0,8,817d04f3f17dfe0b,be2426cefb021d13,3,4096,1,1e-05,0.06804857418054364,0.11499745420240201,0.13362268864619697,59.38550663753959,0.13371126383271073,49.99999999999449,0.8256024000002071,finite_RF_static_Bloch,runs\combined_factor_study\cases\be2426cefb021d13,45.0
robust,original,1000,read,45,1,0,8,817d04f3f17dfe0b,be2426cefb021d13,4,4096,1,1e-05,-0.035120865706716936,0.09274285509841408,0.09917011838146951,110.74121568829462,0.0991701183814695,0.0,0.825626700068824,finite_RF_static_Bloch,runs\combined_factor_study\cases\be2426cefb021d13,45.0
robust,original,1000,read,45,1,0,8,817d04f3f17dfe0b,be2426cefb021d13,5,4096,1,1e-05,0.02811750667379309,0.07633409573825142,0.08134794621702095,69.77882922024129,0.08134794621702095,0.0,0.8256509000202641,finite_RF_static_Bloch,runs\combined_factor_study\cases\be2426cefb021d13,45.0
robust,original,1000,read,45,1,0,8,817d04f3f17dfe0b,be2426cefb021d13,6,4096,1,1e-05,-0.010598577215323148,0.06490401582412517,0.06576367621329769,99.2743242373307,0.06589124989134551,-99.99999999998899,0.8256807000143453,finite_RF_static_Bloch,runs\combined_factor_study\cases\be2426cefb021d13,45.0
robust,original,1000,read,45,1,0,8,817d04f3f17dfe0b,be2426cefb021d13,7,4096,1,1e-05,0.005605965827103071,0.05616257962542741,0.05644167080302567,84.29980289381982,0.05671352257791933,150.00000000001123,0.8257046999642625,finite_RF_static_Bloch,runs\combined_factor_study\cases\be2426cefb021d13,45.0
robust,original,1000,read,45,1,0,8,817d04f3f17dfe0b,be2426cefb021d13,8,4096,1,1e-05,0.0015658541420677091,0.04383762308603127,0.043865579866532854,87.95429814212775,0.043950690228303654,-299.9999999999947,0.8257284000283107,finite_RF_static_Bloch,runs\combined_factor_study\cases\be2426cefb021d13,45.0
robust,high_low_permutation_alternating,1000,read,90,0.7,0,8,0829a82ef8bc951b,c2c21fa8f73e30f1,1,4096,1,1e-05,0.2435631566365535,-0.0017083429918479404,0.24356914769021976,-0.4018638930774097,0.24360876143379204,50.000000000001435,0.7806828999891877,finite_RF_static_Bloch,runs\combined_factor_study\cases\c2c21fa8f73e30f1,90.0
robust,high_low_permutation_alternating,1000,read,90,0.7,0,8,0829a82ef8bc951b,c2c21fa8f73e30f1,2,4096,1,1e-05,-0.17675069852239178,0.000993523340430505,0.17675349081922373,179.6779413308783,0.1768962692525571,-49.99999999999449,0.7807368999347091,finite_RF_static_Bloch,runs\combined_factor_study\cases\c2c21fa8f73e30f1,90.0
robust,high_low_permutation_alternating,1000,read,90,0.7,0,8,0829a82ef8bc951b,c2c21fa8f73e30f1,3,4096,1,1e-05,0.10600362749421369,0.0012604659294343924,0.1060111211915584,0.6812594649532893,0.10619795437061758,100.00000000000287,0.7807635999051854,finite_RF_static_Bloch,runs\combined_factor_study\cases\c2c21fa8f73e30f1,90.0
robust,high_low_permutation_alternating,1000,read,90,0.7,0,8,0829a82ef8bc951b,c2c21fa8f73e30f1,4,4096,1,1e-05,-0.08903299461660985,0.0036809725901621117,0.08910905503713303,177.63251645773482,0.08910905503713304,0.0,0.7807880999753252,finite_RF_static_Bloch,runs\combined_factor_study\cases\c2c21fa8f73e30f1,90.0
robust,high_low_permutation_alternating,1000,read,90,0.7,0,8,0829a82ef8bc951b,c2c21fa8f73e30f1,5,4096,1,1e-05,0.0675539894996595,0.004164213205642345,0.06768221456883745,3.527405678530931,0.06797356184869953,149.99999999999736,0.7808418999193236,finite_RF_static_Bloch,runs\combined_factor_study\cases\c2c21fa8f73e30f1,90.0
robust,high_low_permutation_alternating,1000,read,90,0.7,0,8,0829a82ef8bc951b,c2c21fa8f73e30f1,6,4096,1,1e-05,-0.07402912951092688,-0.003634488506369307,0.07411829411723206,-177.18929854431224,0.07448121996874235,-150.00000000001123,0.7808674999978393,finite_RF_static_Bloch,runs\combined_factor_study\cases\c2c21fa8f73e30f1,90.0
robust,high_low_permutation_alternating,1000,read,90,0.7,0,8,0829a82ef8bc951b,c2c21fa8f73e30f1,7,4096,1,1e-05,0.05939325306768958,-0.003115205753661259,0.05947489400453155,-3.002440943057279,0.05972913251515016,150.00000000001123,0.7808911999454722,finite_RF_static_Bloch,runs\combined_factor_study\cases\c2c21fa8f73e30f1,90.0
robust,high_low_permutation_alternating,1000,read,90,0.7,0,8,0829a82ef8bc951b,c2c21fa8f73e30f1,8,4096,1,1e-05,-0.058262856014515696,-0.0012634882719210817,0.05827655440725258,-178.75767847167063,0.05866116796063441,-250.00000000000023,0.7809142000041902,finite_RF_static_Bloch,runs\combined_factor_study\cases\c2c21fa8f73e30f1,90.0
robust,high_low_permutation_alternating,1000,read,45,0.8,0,8,8cff258929ec712e,c3f20747f74e7adb,1,4096,1,1e-05,0.188663112601564,0.19198553509203609,0.26916949258986583,45.50008309163421,0.26930169765650885,50.000000000001435,0.8866463000886142,finite_RF_static_Bloch,runs\combined_factor_study\cases\c3f20747f74e7adb,45.0
robust,high_low_permutation_alternating,1000,read,45,0.8,0,8,8cff258929ec712e,c3f20747f74e7adb,2,4096,1,1e-05,-0.14560297712389622,0.14483341559100055,0.20537026371677408,135.15181473750854,0.20553433671647253,-49.99999999999449,0.8866997000295669,finite_RF_static_Bloch,runs\combined_factor_study\cases\c3f20747f74e7adb,45.0
robust,high_low_permutation_alternating,1000,read,45,0.8,0,8,8cff258929ec712e,c3f20747f74e7adb,3,4096,1,1e-05,0.09317503926060078,0.09944727421777594,0.1362767342232709,46.86502617676298,0.13637488621424465,49.99999999999449,0.8867283000145108,finite_RF_static_Bloch,runs\combined_factor_study\cases\c3f20747f74e7adb,45.0
robust,high_low_permutation_alternating,1000,read,45,0.8,0,8,8cff258929ec712e,c3f20747f74e7adb,4,4096,1,1e-05,-0.0813129586133565,0.07690042063414765,0.11191725484556109,136.59755315116345,0.1119172548455611,0.0,0.8867543999804184,finite_RF_static_Bloch,runs\combined_factor_study\cases\c3f20747f74e7adb,45.0
robust,high_low_permutation_alternating,1000,read,45,0.8,0,8,8cff258929ec712e,c3f20747f74e7adb,5,4096,1,1e-05,0.061850783493689124,0.06137653165507821,0.08713551547325593,44.77949292663107,0.0871931846886883,49.99999999999449,0.8867792000528425,finite_RF_static_Bloch,runs\combined_factor_study\cases\c3f20747f74e7adb,45.0
robust,high_low_permutation_alternating,1000,read,45,0.8,0,8,8cff258929ec712e,c3f20747f74e7adb,6,4096,1,1e-05,-0.0579985402472014,0.052747233604920424,0.07839707471441959,137.71479894381972,0.07854367109976484,-49.99999999999449,0.886803500005044,finite_RF_static_Bloch,runs\combined_factor_study\cases\c3f20747f74e7adb,45.0
robust,high_low_permutation_alternating,1000,read,45,0.8,0,8,8cff258929ec712e,c3f20747f74e7adb,7,4096,1,1e-05,0.041836617937362645,0.043685952440844375,0.060487726367425734,46.2387671561672,0.06061935444687462,49.99999999999449,0.8868274000706151,finite_RF_static_Bloch,runs\combined_factor_study\cases\c3f20747f74e7adb,45.0
robust,high_low_permutation_alternating,1000,read,45,0.8,0,8,8cff258929ec712e,c3f20747f74e7adb,8,4096,1,1e-05,-0.040406765340644114,0.042572695777563785,0.05869532443954012,133.50480469287942,0.05869532443954012,0.0,0.8868514000205323,finite_RF_static_Bloch,runs\combined_factor_study\cases\c3f20747f74e7adb,45.0
robust,original,1000,read,90,0.7,100,8,3c645498b9004a58,c44c3f71b1263d34,1,4096,1,1e-05,0.24811958441503407,0.009433898558933137,0.24829886550749572,2.1774271935680654,0.24852660089815512,50.000000000001435,0.8867509999545291,finite_RF_static_Bloch,runs\combined_factor_study\cases\c44c3f71b1263d34,90.0
robust,original,1000,read,90,0.7,100,8,3c645498b9004a58,c44c3f71b1263d34,2,4096,1,1e-05,-0.16822663120666786,-0.005486019498047976,0.16831605941524772,-178.13219579428565,0.1683160594152477,0.0,0.8868158999830484,finite_RF_static_Bloch,runs\combined_factor_study\cases\c44c3f71b1263d34,90.0
robust,original,1000,read,90,0.7,100,8,3c645498b9004a58,c44c3f71b1263d34,3,4096,1,1e-05,0.055997978533452716,0.003219054259729742,0.05609042618985984,3.290037751764607,0.056294749720536004,-850.0000000000035,0.8868437999626622,finite_RF_static_Bloch,runs\combined_factor_study\cases\c44c3f71b1263d34,90.0
robust,original,1000,read,90,0.7,100,8,3c645498b9004a58,c44c3f71b1263d34,4,4096,1,1e-05,-0.005826216956432538,-0.0010922174312804262,0.0059277097550921665,-169.38222811997278,0.007337890445855912,2299.9999999999964,0.8868688000366092,finite_RF_static_Bloch,runs\combined_factor_study\cases\c44c3f71b1263d34,90.0
robust,original,1000,read,90,0.7,100,8,3c645498b9004a58,c44c3f71b1263d34,5,4096,1,1e-05,-0.05131296358290628,-0.0010675538575024162,0.05132406748202382,-178.8081470369067,0.051422983657101115,-100.00000000000287,0.886893599992618,finite_RF_static_Bloch,runs\combined_factor_study\cases\c44c3f71b1263d34,90.0
robust,original,1000,read,90,0.7,100,8,3c645498b9004a58,c44c3f71b1263d34,6,4096,1,1e-05,0.03670722384726352,-0.0024822812451334667,0.0367910587337882,-3.8686672795518127,0.037498305340928025,-450.00000000000597,0.8869177999440581,finite_RF_static_Bloch,runs\combined_factor_study\cases\c44c3f71b1263d34,90.0
robust,original,1000,read,90,0.7,100,8,3c645498b9004a58,c44c3f71b1263d34,7,4096,1,1e-05,-0.04131826965848499,-0.0024845629904482417,0.04139290350802643,-176.55881609863366,0.04158026906186806,-150.00000000001123,0.8869411000050604,finite_RF_static_Bloch,runs\combined_factor_study\cases\c44c3f71b1263d34,90.0
robust,original,1000,read,90,0.7,100,8,3c645498b9004a58,c44c3f71b1263d34,8,4096,1,1e-05,0.008909988669493333,-0.0010002407410207852,0.008965956704696793,-6.405241617205023,0.00967659139261266,1349.99999999999,0.8869646999519318,finite_RF_static_Bloch,runs\combined_factor_study\cases\c44c3f71b1263d34,90.0
robust,weak_increasing_centering,1000,read,90,0.7,100,8,2d2f4765ae50fff9,c978f723c1fbc4c6,1,4096,1,1e-05,0.271395990578976,-0.008470494404771094,0.2715281439884361,-1.787668578441071,0.2716339469530909,-50.000000000001435,1.0079091999214143,finite_RF_static_Bloch,runs\combined_factor_study\cases\c978f723c1fbc4c6,90.0
robust,weak_increasing_centering,1000,read,90,0.7,100,8,2d2f4765ae50fff9,c978f723c1fbc4c6,2,4096,1,1e-05,-0.16994268606851845,-0.00871237646486828,0.17016586629476724,-177.06521196158718,0.17019833296866813,-50.00000000000837,1.0079749999567866,finite_RF_static_Bloch,runs\combined_factor_study\cases\c978f723c1fbc4c6,90.0
robust,weak_increasing_centering,1000,read,90,0.7,100,8,2d2f4765ae50fff9,c978f723c1fbc4c6,3,4096,1,1e-05,0.12507399681400636,-0.013137309160633881,0.1257620513947357,-5.996149784942835,0.12608833126480706,-100.00000000000287,1.0080108999973163,finite_RF_static_Bloch,runs\combined_factor_study\cases\c978f723c1fbc4c6,90.0
robust,weak_increasing_centering,1000,read,90,0.7,100,8,2d2f4765ae50fff9,c978f723c1fbc4c6,4,4096,1,1e-05,-0.08454197475474529,0.0002433899607454321,0.08454232510467748,179.83505023344594,0.08454232510467749,0.0,1.008036799961701,finite_RF_static_Bloch,runs\combined_factor_study\cases\c978f723c1fbc4c6,90.0
robust,weak_increasing_centering,1000,read,90,0.7,100,8,2d2f4765ae50fff9,c978f723c1fbc4c6,5,4096,1,1e-05,0.07042240828078036,-0.0007907821055869603,0.07042684803683492,-0.6433544953941964,0.07102326379163681,-649.9999999999978,1.0080617000348866,finite_RF_static_Bloch,runs\combined_factor_study\cases\c978f723c1fbc4c6,90.0
robust,weak_increasing_centering,1000,read,90,0.7,100,8,2d2f4765ae50fff9,c978f723c1fbc4c6,6,4096,1,1e-05,-0.06297494210822675,0.0015687157890237767,0.0629944775576498,178.5730481513239,0.0629944775576498,0.0,1.0080856999848038,finite_RF_static_Bloch,runs\combined_factor_study\cases\c978f723c1fbc4c6,90.0
robust,weak_increasing_centering,1000,read,90,0.7,100,8,2d2f4765ae50fff9,c978f723c1fbc4c6,7,4096,1,1e-05,0.06163917464037831,-0.004446903083450803,0.061799375380182126,-4.126403642316582,0.061882788189829355,-450.00000000000597,1.0081097999354824,finite_RF_static_Bloch,runs\combined_factor_study\cases\c978f723c1fbc4c6,90.0
robust,weak_increasing_centering,1000,read,90,0.7,100,8,2d2f4765ae50fff9,c978f723c1fbc4c6,8,4096,1,1e-05,-0.05108134188690516,0.0023508278652609434,0.051135407308625,177.36503506452652,0.05113540730862501,0.0,1.008132699993439,finite_RF_static_Bloch,runs\combined_factor_study\cases\c978f723c1fbc4c6,90.0
robust,weak_increasing_centering,1000,oblique,45,0.8,100,8,b349c96b74efbfe2,cb0511a347233c93,1,4096,1,1e-05,0.2098748967805026,0.20047442827640166,0.29023691820886044,43.6876718258068,0.29040596741245217,-50.000000000001435,2.995530700078234,finite_RF_static_Bloch,runs\combined_factor_study\cases\cb0511a347233c93,45.0
robust,weak_increasing_centering,1000,oblique,45,0.8,100,8,b349c96b74efbfe2,cb0511a347233c93,2,4096,1,1e-05,-0.1393323139337161,0.14311399729978314,0.19973760269224708,134.23291067494367,0.19973760269224708,0.0,2.9955936000915244,finite_RF_static_Bloch,runs\combined_factor_study\cases\cb0511a347233c93,45.0
robust,weak_increasing_centering,1000,oblique,45,0.8,100,8,b349c96b74efbfe2,cb0511a347233c93,3,4096,1,1e-05,0.10970221890618546,0.08288600833875245,0.1374942442841604,37.07303587559556,0.1377195712954657,-100.00000000000287,2.995621500071138,finite_RF_static_Bloch,runs\combined_factor_study\cases\cb0511a347233c93,45.0
robust,weak_increasing_centering,1000,oblique,45,0.8,100,8,b349c96b74efbfe2,cb0511a347233c93,4,4096,1,1e-05,-0.0846283202104629,0.06917255965717647,0.10930139793785934,140.73850312951052,0.10930139793785933,0.0,2.9956473000347614,finite_RF_static_Bloch,runs\combined_factor_study\cases\cb0511a347233c93,45.0
robust,weak_increasing_centering,1000,oblique,45,0.8,100,8,b349c96b74efbfe2,cb0511a347233c93,5,4096,1,1e-05,0.0698708491737432,0.05850688093437145,0.09113172159532974,39.94137549790548,0.09135275704845187,-100.00000000000287,2.995673600002192,finite_RF_static_Bloch,runs\combined_factor_study\cases\cb0511a347233c93,45.0
robust,weak_increasing_centering,1000,oblique,45,0.8,100,8,b349c96b74efbfe2,cb0511a347233c93,6,4096,1,1e-05,-0.05058535754969003,0.05533073566123678,0.07496911835711849,132.4346822605817,0.07502964496386214,-49.99999999999449,2.9956978000700474,finite_RF_static_Bloch,runs\combined_factor_study\cases\cb0511a347233c93,45.0
robust,weak_increasing_centering,1000,oblique,45,0.8,100,8,b349c96b74efbfe2,cb0511a347233c93,7,4096,1,1e-05,0.0493356455881189,0.04650026323595301,0.06779587307948323,43.30535267204601,0.06779587307948323,0.0,2.9957225000252947,finite_RF_static_Bloch,runs\combined_factor_study\cases\cb0511a347233c93,45.0
robust,weak_increasing_centering,1000,oblique,45,0.8,100,8,b349c96b74efbfe2,cb0511a347233c93,8,4096,1,1e-05,-0.0332465461525025,0.040201044621302834,0.05216758399345766,129.59098714698652,0.052183998418875256,-49.99999999999449,2.995745600084774,finite_RF_static_Bloch,runs\combined_factor_study\cases\cb0511a347233c93,45.0
robust,weak_increasing_centering,1000,read,45,1,0,8,42110b7ebaad7151,cb5afc26acde2db9,1,4096,1,1e-05,0.17290324386316275,0.17319577529625765,0.24472905082739174,45.048427795434456,0.2448440719222892,-50.000000000001435,1.1912114000879228,finite_RF_static_Bloch,runs\combined_factor_study\cases\cb5afc26acde2db9,45.0
robust,weak_increasing_centering,1000,read,45,1,0,8,42110b7ebaad7151,cb5afc26acde2db9,2,4096,1,1e-05,-0.12937876251040079,0.12535685564194488,0.1801477322786998,135.90454230911308,0.1801477322786998,0.0,1.191276099998504,finite_RF_static_Bloch,runs\combined_factor_study\cases\cb5afc26acde2db9,45.0
robust,weak_increasing_centering,1000,read,45,1,0,8,42110b7ebaad7151,cb5afc26acde2db9,3,4096,1,1e-05,0.09382007841465079,0.07988941325341434,0.1232255065467618,40.41496664209505,0.12335902628297135,-49.99999999999449,1.1913064999971539,finite_RF_static_Bloch,runs\combined_factor_study\cases\cb5afc26acde2db9,45.0
robust,weak_increasing_centering,1000,read,45,1,0,8,42110b7ebaad7151,cb5afc26acde2db9,4,4096,1,1e-05,-0.08735320498156442,0.07517662562014195,0.11524802584071535,139.2845407499675,0.11524802584071535,0.0,1.1913319000741467,finite_RF_static_Bloch,runs\combined_factor_study\cases\cb5afc26acde2db9,45.0
robust,weak_increasing_centering,1000,read,45,1,0,8,42110b7ebaad7151,cb5afc26acde2db9,5,4096,1,1e-05,0.08039599784945689,0.06310229241726069,0.10220281688154859,38.12813637471014,0.10224785975323217,-100.00000000000287,1.1913570000324398,finite_RF_static_Bloch,runs\combined_factor_study\cases\cb5afc26acde2db9,45.0
robust,weak_increasing_centering,1000,read,45,1,0,8,42110b7ebaad7151,cb5afc26acde2db9,6,4096,1,1e-05,-0.05714198003199488,0.04959269725290005,0.07566136069880519,139.04576023545778,0.07571848140572848,-49.99999999999449,1.1913994000060484,finite_RF_static_Bloch,runs\combined_factor_study\cases\cb5afc26acde2db9,45.0
robust,weak_increasing_centering,1000,read,45,1,0,8,42110b7ebaad7151,cb5afc26acde2db9,7,4096,1,1e-05,0.0558801402356769,0.04206673224306479,0.06994426377029515,36.972540226358845,0.06995103286035956,49.99999999999449,1.1914253000868484,finite_RF_static_Bloch,runs\combined_factor_study\cases\cb5afc26acde2db9,45.0
robust,weak_increasing_centering,1000,read,45,1,0,8,42110b7ebaad7151,cb5afc26acde2db9,8,4096,1,1e-05,-0.04185736053292212,0.037712885264766245,0.0563409295785617,137.98159883484917,0.05636526719509402,-49.99999999999449,1.1914503000443801,finite_RF_static_Bloch,runs\combined_factor_study\cases\cb5afc26acde2db9,45.0
robust,high_low_permutation_alternating,1000,read,45,0.8,100,8,8cff258929ec712e,cfc8a03494ec45b0,1,4096,1,1e-05,0.1818036340961189,0.20134350787113592,0.2712780299478925,47.919461218919174,0.27136285199114146,50.000000000001435,0.9270338000496849,finite_RF_static_Bloch,runs\combined_factor_study\cases\cfc8a03494ec45b0,45.0
robust,high_low_permutation_alternating,1000,read,45,0.8,100,8,8cff258929ec712e,cfc8a03494ec45b0,2,4096,1,1e-05,-0.14183865032831933,0.14326006123965715,0.2015977377684322,134.71434395145508,0.20185657406509755,-49.99999999999449,0.9270898000104353,finite_RF_static_Bloch,runs\combined_factor_study\cases\cfc8a03494ec45b0,45.0
robust,high_low_permutation_alternating,1000,read,45,0.8,100,8,8cff258929ec712e,cfc8a03494ec45b0,3,4096,1,1e-05,0.08794516775358943,0.10224761381563446,0.13486633035045517,49.30053290644972,0.13504004894562216,49.99999999999449,0.927119700005278,finite_RF_static_Bloch,runs\combined_factor_study\cases\cfc8a03494ec45b0,45.0
robust,high_low_permutation_alternating,1000,read,45,0.8,100,8,8cff258929ec712e,cfc8a03494ec45b0,4,4096,1,1e-05,-0.06904878441608915,0.08141752778473701,0.10675461797935479,130.30069569576057,0.10686484253244154,-49.99999999999449,0.9271474999841303,finite_RF_static_Bloch,runs\combined_factor_study\cases\cfc8a03494ec45b0,45.0
robust,high_low_permutation_alternating,1000,read,45,0.8,100,8,8cff258929ec712e,cfc8a03494ec45b0,5,4096,1,1e-05,0.06274242112290447,0.06221984280928251,0.08836243685851876,44.76039680817113,0.08854858885041424,100.00000000000287,0.9271747999591753,finite_RF_static_Bloch,runs\combined_factor_study\cases\cfc8a03494ec45b0,45.0
robust,high_low_permutation_alternating,1000,read,45,0.8,100,8,8cff258929ec712e,cfc8a03494ec45b0,6,4096,1,1e-05,-0.05489021949459566,0.050294908887540415,0.07444806281006162,137.50153791007747,0.07451094976221737,-49.99999999999449,0.9272007000399753,finite_RF_static_Bloch,runs\combined_factor_study\cases\cfc8a03494ec45b0,45.0
robust,high_low_permutation_alternating,1000,read,45,0.8,100,8,8cff258929ec712e,cfc8a03494ec45b0,7,4096,1,1e-05,0.044089345475953244,0.04693342090440656,0.06439422631174432,46.78966785804036,0.06446585455669568,49.99999999999449,0.9272266000043601,finite_RF_static_Bloch,runs\combined_factor_study\cases\cfc8a03494ec45b0,45.0
robust,high_low_permutation_alternating,1000,read,45,0.8,100,8,8cff258929ec712e,cfc8a03494ec45b0,8,4096,1,1e-05,-0.04105987767681449,0.03919912653440009,0.05676693646740925,136.32812626315643,0.05676693646740925,0.0,0.9272521999664605,finite_RF_static_Bloch,runs\combined_factor_study\cases\cfc8a03494ec45b0,45.0
robust,weak_increasing_centering,1000,read,45,0.7,0,8,42110b7ebaad7151,d034cfd7e99de3be,1,4096,1,1e-05,0.18597701781128417,0.19143807751949807,0.2669007094002188,45.828991321573255,0.26701453447517265,-50.000000000001435,1.9636826999485493,finite_RF_static_Bloch,runs\combined_factor_study\cases\d034cfd7e99de3be,45.0
robust,weak_increasing_centering,1000,read,45,0.7,0,8,42110b7ebaad7151,d034cfd7e99de3be,2,4096,1,1e-05,-0.11984322247129131,0.12504865890058414,0.17320382520353894,133.7823008666153,0.1732127301412142,-50.00000000000837,1.9637460999656469,finite_RF_static_Bloch,runs\combined_factor_study\cases\d034cfd7e99de3be,45.0
robust,weak_increasing_centering,1000,read,45,0.7,0,8,42110b7ebaad7151,d034cfd7e99de3be,3,4096,1,1e-05,0.08090440509569077,0.07758874477145183,0.11209610197994009,43.80155302062523,0.11215405865945768,-49.99999999999449,1.9637743999483064,finite_RF_static_Bloch,runs\combined_factor_study\cases\d034cfd7e99de3be,45.0
robust,weak_increasing_centering,1000,read,45,0.7,0,8,42110b7ebaad7151,d034cfd7e99de3be,4,4096,1,1e-05,-0.06025644541506929,0.05071211690891909,0.07875632047933107,139.91587189652333,0.07919533240177933,-399.99999999999756,1.9637994000222534,finite_RF_static_Bloch,runs\combined_factor_study\cases\d034cfd7e99de3be,45.0
robust,weak_increasing_centering,1000,read,45,0.7,0,8,42110b7ebaad7151,d034cfd7e99de3be,5,4096,1,1e-05,0.045136464980393545,0.056085374826021106,0.07199215054644204,51.17353670214376,0.0720075454519215,-49.99999999999449,1.9638241999782622,finite_RF_static_Bloch,runs\combined_factor_study\cases\d034cfd7e99de3be,45.0
robust,weak_increasing_centering,1000,read,45,0.7,0,8,42110b7ebaad7151,d034cfd7e99de3be,6,4096,1,1e-05,-0.04404980315259862,0.050576075962248584,0.0670695505987764,131.05460278237229,0.06730819651545708,-349.9999999999892,1.963847600040026,finite_RF_static_Bloch,runs\combined_factor_study\cases\d034cfd7e99de3be,45.0
robust,weak_increasing_centering,1000,read,45,0.7,0,8,42110b7ebaad7151,d034cfd7e99de3be,7,4096,1,1e-05,0.04201486855795464,0.043766339289917806,0.0606691159881402,46.169696040141176,0.06089506782869974,150.00000000001123,1.9638777000363916,finite_RF_static_Bloch,runs\combined_factor_study\cases\d034cfd7e99de3be,45.0
robust,weak_increasing_centering,1000,read,45,0.7,0,8,42110b7ebaad7151,d034cfd7e99de3be,8,4096,1,1e-05,-0.03465190211044272,0.031690141867026775,0.04695763421877201,137.55620338994,0.04707816212878193,-49.99999999999449,1.9639013999840245,finite_RF_static_Bloch,runs\combined_factor_study\cases\d034cfd7e99de3be,45.0
robust,increasing_centering,1000,read,45,1,0,8,2fce845511804024,d06bb6aa8874a00a,1,4096,1,1e-05,0.17290324386316275,0.17319577529625765,0.24472905082739174,45.048427795434456,0.2448440719222892,-50.000000000001435,0.798903499962762,finite_RF_static_Bloch,runs\combined_factor_study\cases\d06bb6aa8874a00a,45.0
robust,increasing_centering,1000,read,45,1,0,8,2fce845511804024,d06bb6aa8874a00a,2,4096,1,1e-05,-0.12937876251040079,0.12535685564194488,0.1801477322786998,135.90454230911308,0.1801477322786998,0.0,0.7989597999257967,finite_RF_static_Bloch,runs\combined_factor_study\cases\d06bb6aa8874a00a,45.0
robust,increasing_centering,1000,read,45,1,0,8,2fce845511804024,d06bb6aa8874a00a,3,4096,1,1e-05,0.09512687427130566,0.08986343334938776,0.13086083777039123,43.370230230642875,0.13088896286238277,-49.99999999999449,0.7989878999069333,finite_RF_static_Bloch,runs\combined_factor_study\cases\d06bb6aa8874a00a,45.0
robust,increasing_centering,1000,read,45,1,0,8,2fce845511804024,d06bb6aa8874a00a,4,4096,1,1e-05,-0.0764381227154038,0.06321062860104165,0.09918855867686532,140.41089827252551,0.09918855867686532,0.0,0.7990144999930635,finite_RF_static_Bloch,runs\combined_factor_study\cases\d06bb6aa8874a00a,45.0
robust,increasing_centering,1000,read,45,1,0,8,2fce845511804024,d06bb6aa8874a00a,5,4096,1,1e-05,0.06968883719503458,0.04804260816526007,0.08464411514639839,34.58189132434013,0.0850162524772517,-100.00000000000287,0.7990388999460265,finite_RF_static_Bloch,runs\combined_factor_study\cases\d06bb6aa8874a00a,45.0
robust,increasing_centering,1000,read,45,1,0,8,2fce845511804024,d06bb6aa8874a00a,6,4096,1,1e-05,-0.05399076437549273,0.037551938543824145,0.06576587813029733,145.180412729524,0.06576587813029733,0.0,0.799062000005506,finite_RF_static_Bloch,runs\combined_factor_study\cases\d06bb6aa8874a00a,45.0
robust,increasing_centering,1000,read,45,1,0,8,2fce845511804024,d06bb6aa8874a00a,7,4096,1,1e-05,0.04622634559996271,0.028167796229172638,0.054132243366919346,31.355835096009052,0.0548943472647452,-250.00000000000023,0.7990847999462858,finite_RF_static_Bloch,runs\combined_factor_study\cases\d06bb6aa8874a00a,45.0
robust,increasing_centering,1000,read,45,1,0,8,2fce845511804024,d06bb6aa8874a00a,8,4096,1,1e-05,-0.03655789725170294,0.030707315368194252,0.04774326202290548,139.97095214564916,0.04778336782377211,-49.99999999999449,0.799107400001958,finite_RF_static_Bloch,runs\combined_factor_study\cases\d06bb6aa8874a00a,45.0
robust,original,0,oblique,45,0.8,100,8,ec5e83df8f9b03d4,d1b09e7b5fd50c44,1,4096,1,1e-05,0.19678177602577623,0.23462369913410336,0.3062210763014672,50.013026447971285,0.3063485044809882,-50.000000000001435,2.2735447000013664,finite_RF_static_Bloch,runs\combined_factor_study\cases\d1b09e7b5fd50c44,45.0
robust,original,0,oblique,45,0.8,100,8,ec5e83df8f9b03d4,d1b09e7b5fd50c44,2,4096,1,1e-05,-0.12567388869632296,0.1483405388621995,0.19441924228322538,130.27122243310316,0.1944192422832254,0.0,2.273618399980478,finite_RF_static_Bloch,runs\combined_factor_study\cases\d1b09e7b5fd50c44,45.0
robust,original,0,oblique,45,0.8,100,8,ec5e83df8f9b03d4,d1b09e7b5fd50c44,3,4096,1,1e-05,0.04456352516953083,0.13419581801409572,0.14140164549257447,71.62979049829674,0.14146195972528364,49.99999999999449,2.2736645999830216,finite_RF_static_Bloch,runs\combined_factor_study\cases\d1b09e7b5fd50c44,45.0
robust,original,0,oblique,45,0.8,100,8,ec5e83df8f9b03d4,d1b09e7b5fd50c44,4,4096,1,1e-05,-0.006279175592955033,0.10989522324010623,0.11007446632675512,93.27020135117642,0.11036324565325199,-100.00000000000287,2.273689200053923,finite_RF_static_Bloch,runs\combined_factor_study\cases\d1b09e7b5fd50c44,45.0
robust,original,0,oblique,45,0.8,100,8,ec5e83df8f9b03d4,d1b09e7b5fd50c44,5,4096,1,1e-05,0.006714644574869437,0.09037105746377949,0.09062016596149314,85.75068415969416,0.09097505626044579,100.00000000000287,2.2737123999977484,finite_RF_static_Bloch,runs\combined_factor_study\cases\d1b09e7b5fd50c44,45.0
robust,original,0,oblique,45,0.8,100,8,ec5e83df8f9b03d4,d1b09e7b5fd50c44,6,4096,1,1e-05,0.018593835987182034,0.0692329659672705,0.07168636072045687,74.96686582797352,0.07185532312007263,-150.00000000001123,2.273735300055705,finite_RF_static_Bloch,runs\combined_factor_study\cases\d1b09e7b5fd50c44,45.0
robust,original,0,oblique,45,0.8,100,8,ec5e83df8f9b03d4,d1b09e7b5fd50c44,7,4096,1,1e-05,-0.02275679322207707,0.06328236338740328,0.06724975207127333,109.77894995832006,0.06728030169219704,49.99999999999449,2.2737584999995306,finite_RF_static_Bloch,runs\combined_factor_study\cases\d1b09e7b5fd50c44,45.0
robust,original,0,oblique,45,0.8,100,8,ec5e83df8f9b03d4,d1b09e7b5fd50c44,8,4096,1,1e-05,0.024576174154856825,0.04973960146274761,0.05547987283477511,63.70617346983969,0.05604766429263206,-299.9999999999947,2.2737808000529185,finite_RF_static_Bloch,runs\combined_factor_study\cases\d1b09e7b5fd50c44,45.0
robust,weak_increasing_centering,1000,read,0,0.8,0,8,345b2b1c4709d8a0,d81d1c151b45b52a,1,4096,1,1e-05,-0.005448413794415983,0.2909624802876619,0.2910134879142601,91.07276593143351,0.2910796142930561,-50.000000000001435,0.8510076999664307,finite_RF_static_Bloch,runs\combined_factor_study\cases\d81d1c151b45b52a,0.0
robust,weak_increasing_centering,1000,read,0,0.8,0,8,345b2b1c4709d8a0,d81d1c151b45b52a,2,4096,1,1e-05,0.004008816485619926,0.2052550804792745,0.20529422464397,88.88110410574144,0.2055753846012798,-100.00000000000287,0.8510744000086561,finite_RF_static_Bloch,runs\combined_factor_study\cases\d81d1c151b45b52a,0.0
robust,weak_increasing_centering,1000,read,0,0.8,0,8,345b2b1c4709d8a0,d81d1c151b45b52a,3,4096,1,1e-05,-0.010438672050581733,0.1350718218558261,0.13547458408731736,94.4191703230461,0.1355658982368005,-49.99999999999449,0.8511017999844626,finite_RF_static_Bloch,runs\combined_factor_study\cases\d81d1c151b45b52a,0.0
robust,weak_increasing_centering,1000,read,0,0.8,0,8,345b2b1c4709d8a0,d81d1c151b45b52a,4,4096,1,1e-05,2.3434415224574145e-05,0.10069647191174,0.10069647463860719,89.98666593736608,0.10076951846738595,-50.00000000000837,0.8511261000530794,finite_RF_static_Bloch,runs\combined_factor_study\cases\d81d1c151b45b52a,0.0
robust,weak_increasing_centering,1000,read,0,0.8,0,8,345b2b1c4709d8a0,d81d1c151b45b52a,5,4096,1,1e-05,-0.0048587346477448725,0.09315654325986127,0.09328316490398254,92.9856514497062,0.09328316490398254,0.0,0.8511509000090882,finite_RF_static_Bloch,runs\combined_factor_study\cases\d81d1c151b45b52a,0.0
robust,weak_increasing_centering,1000,read,0,0.8,0,8,345b2b1c4709d8a0,d81d1c151b45b52a,6,4096,1,1e-05,0.006739772037318193,0.08343069196440511,0.08370247839087244,85.38151073988202,0.08370247839087243,0.0,0.8511744000716135,finite_RF_static_Bloch,runs\combined_factor_study\cases\d81d1c151b45b52a,0.0
robust,weak_increasing_centering,1000,read,0,0.8,0,8,345b2b1c4709d8a0,d81d1c151b45b52a,7,4096,1,1e-05,-0.003968039350621599,0.07215276240919549,0.07226179114556942,93.14780904521258,0.07233893784957852,-49.99999999999449,0.8511980000184849,finite_RF_static_Bloch,runs\combined_factor_study\cases\d81d1c151b45b52a,0.0
robust,weak_increasing_centering,1000,read,0,0.8,0,8,345b2b1c4709d8a0,d81d1c151b45b52a,8,4096,1,1e-05,0.002978595928277459,0.05214299577292494,0.05222800055410143,86.73061151693885,0.052238000309772215,-49.99999999999449,0.8512204999569803,finite_RF_static_Bloch,runs\combined_factor_study\cases\d81d1c151b45b52a,0.0
robust,increasing_alternating_centering,1000,oblique,90,0.7,100,8,6375ab99156984d6,dc418042f6b73c7e,1,4096,1,1e-05,0.27293198798816865,-0.00883327742739521,0.27307489239635924,-1.8536959401035198,0.2732438189786267,-50.000000000001435,1.8948533000657335,finite_RF_static_Bloch,runs\combined_factor_study\cases\dc418042f6b73c7e,90.0
robust,increasing_alternating_centering,1000,oblique,90,0.7,100,8,6375ab99156984d6,dc418042f6b73c7e,2,4096,1,1e-05,-0.1794767543143593,-0.0005037840169324825,0.17947746136368378,-179.83917347815617,0.17947746136368378,0.0,1.8949161000782624,finite_RF_static_Bloch,runs\combined_factor_study\cases\dc418042f6b73c7e,90.0
robust,increasing_alternating_centering,1000,oblique,90,0.7,100,8,6375ab99156984d6,dc418042f6b73c7e,3,4096,1,1e-05,0.11970368045524932,-0.012543324586012278,0.12035907155757931,-5.981990999460451,0.12154089365928614,-149.99999999999736,1.8949490999802947,finite_RF_static_Bloch,runs\combined_factor_study\cases\dc418042f6b73c7e,90.0
robust,increasing_alternating_centering,1000,oblique,90,0.7,100,8,6375ab99156984d6,dc418042f6b73c7e,4,4096,1,1e-05,-0.08823033407111805,-0.0023135968214212216,0.08826066270175624,-178.4979206479015,0.08826066270175625,0.0,1.8949736000504345,finite_RF_static_Bloch,runs\combined_factor_study\cases\dc418042f6b73c7e,90.0
robust,increasing_alternating_centering,1000,oblique,90,0.7,100,8,6375ab99156984d6,dc418042f6b73c7e,5,4096,1,1e-05,0.06378074674149092,-0.0055925103864509365,0.06402546233589233,-5.011070548225408,0.0642944031750924,-149.99999999999736,1.8949970999965444,finite_RF_static_Bloch,runs\combined_factor_study\cases\dc418042f6b73c7e,90.0
robust,increasing_alternating_centering,1000,oblique,90,0.7,100,8,6375ab99156984d6,dc418042f6b73c7e,6,4096,1,1e-05,-0.048480705910829314,-0.00022106002216750473,0.04848120989770904,-179.73874723412757,0.04858100597781421,-49.99999999999449,1.895020200056024,finite_RF_static_Bloch,runs\combined_factor_study\cases\dc418042f6b73c7e,90.0
robust,increasing_alternating_centering,1000,oblique,90,0.7,100,8,6375ab99156984d6,dc418042f6b73c7e,7,4096,1,1e-05,0.029571277020751435,-0.0051433182291534,0.03001523191721769,-9.866723657993756,0.030070726849488017,-349.9999999999892,1.8950438000028953,finite_RF_static_Bloch,runs\combined_factor_study\cases\dc418042f6b73c7e,90.0
robust,increasing_alternating_centering,1000,oblique,90,0.7,100,8,6375ab99156984d6,dc418042f6b73c7e,8,4096,1,1e-05,-0.022996371816929966,-0.0024374923406803146,0.023125191580900817,-173.94954520086182,0.02336053361924792,450.00000000000597,1.8950673000654206,finite_RF_static_Bloch,runs\combined_factor_study\cases\dc418042f6b73c7e,90.0
robust,high_low_permutation_alternating,1000,oblique,90,1.2,100,8,076e94361f50c758,dd9f9c4d53837e3b,1,4096,1,1e-05,0.15198250012259257,0.00858521132257282,0.15222478837878894,3.233097065115418,0.1527816850608459,100.00000000000287,1.1783500999445096,finite_RF_static_Bloch,runs\combined_factor_study\cases\dd9f9c4d53837e3b,90.0
robust,high_low_permutation_alternating,1000,oblique,90,1.2,100,8,076e94361f50c758,dd9f9c4d53837e3b,2,4096,1,1e-05,-0.10091230953664221,-0.003989804772305073,0.1009911518804504,-177.73585629196563,0.1011756059189735,-100.00000000000287,1.1784377000294626,finite_RF_static_Bloch,runs\combined_factor_study\cases\dd9f9c4d53837e3b,90.0
robust,high_low_permutation_alternating,1000,oblique,90,1.2,100,8,076e94361f50c758,dd9f9c4d53837e3b,3,4096,1,1e-05,0.052029458209253726,-0.0019044584550425626,0.05206430143155157,-2.096288185234704,0.05239734838205089,100.00000000000287,1.1784850000403821,finite_RF_static_Bloch,runs\combined_factor_study\cases\dd9f9c4d53837e3b,90.0
robust,high_low_permutation_alternating,1000,oblique,90,1.2,100,8,076e94361f50c758,dd9f9c4d53837e3b,4,4096,1,1e-05,-0.038172006225849646,-0.0006945718978177216,0.0381783248640841,-178.95756992851946,0.03825034790900328,49.99999999999449,1.1785250999964774,finite_RF_static_Bloch,runs\combined_factor_study\cases\dd9f9c4d53837e3b,90.0
robust,high_low_permutation_alternating,1000,oblique,90,1.2,100,8,076e94361f50c758,dd9f9c4d53837e3b,5,4096,1,1e-05,0.04072436794907194,0.0028898976045724765,0.04082677617711582,4.059040031264119,0.04101759943887441,100.00000000000287,1.1785687999799848,finite_RF_static_Bloch,runs\combined_factor_study\cases\dd9f9c4d53837e3b,90.0
robust,high_low_permutation_alternating,1000,oblique,90,1.2,100,8,076e94361f50c758,dd9f9c4d53837e3b,6,4096,1,1e-05,-0.021791679261611376,0.0007981810457740612,0.021806292165858374,177.90231997942382,0.021852780719511807,-49.99999999999449,1.1786091000540182,finite_RF_static_Bloch,runs\combined_factor_study\cases\dd9f9c4d53837e3b,90.0
robust,high_low_permutation_alternating,1000,oblique,90,1.2,100,8,076e94361f50c758,dd9f9c4d53837e3b,7,4096,1,1e-05,0.017016601115698762,0.003931668004394562,0.017464899851633284,13.00983283835321,0.018298835787663944,-349.9999999999892,1.1786475999979302,finite_RF_static_Bloch,runs\combined_factor_study\cases\dd9f9c4d53837e3b,90.0
robust,high_low_permutation_alternating,1000,oblique,90,1.2,100,8,076e94361f50c758,dd9f9c4d53837e3b,8,4096,1,1e-05,-0.014728978472542849,-0.008884010696199998,0.017200827099149232,-148.90307231456916,0.01900812240269505,-2299.9999999999964,1.178686699946411,finite_RF_static_Bloch,runs\combined_factor_study\cases\dd9f9c4d53837e3b,90.0
robust,weak_increasing_centering,1000,slice,90,1.2,100,8,74311545513df6dd,e7c0070390aa6324,1,4096,1,1e-05,0.15998313617700183,0.00016428734099324107,0.1599832205306529,0.058837251116062014,0.15998322053065292,0.0,1.3772072999272496,finite_RF_static_Bloch,runs\combined_factor_study\cases\e7c0070390aa6324,90.0
robust,weak_increasing_centering,1000,slice,90,1.2,100,8,74311545513df6dd,e7c0070390aa6324,2,4096,1,1e-05,-0.10858733240254048,-0.004127685236360475,0.10866575607665134,-177.82308740451023,0.1087082111213595,-50.00000000000837,1.3772974000312388,finite_RF_static_Bloch,runs\combined_factor_study\cases\e7c0070390aa6324,90.0
robust,weak_increasing_centering,1000,slice,90,1.2,100,8,74311545513df6dd,e7c0070390aa6324,3,4096,1,1e-05,0.05239214636923155,0.0013947091616450125,0.05241070706278021,1.524886566688223,0.0524107070627802,0.0,1.3773302999325097,finite_RF_static_Bloch,runs\combined_factor_study\cases\e7c0070390aa6324,90.0
robust,weak_increasing_centering,1000,slice,90,1.2,100,8,74311545513df6dd,e7c0070390aa6324,4,4096,1,1e-05,-0.03226512842245312,0.0025370299920736256,0.03236471895904664,175.50404273656468,0.03236471895904664,0.0,1.3773579000262544,finite_RF_static_Bloch,runs\combined_factor_study\cases\e7c0070390aa6324,90.0
robust,weak_increasing_centering,1000,slice,90,1.2,100,8,74311545513df6dd,e7c0070390aa6324,5,4096,1,1e-05,0.031160211502141467,-0.003607678974340561,0.031368361902402365,-6.604208585328876,0.03205995385105101,850.0000000000035,1.377384899999015,finite_RF_static_Bloch,runs\combined_factor_study\cases\e7c0070390aa6324,90.0
robust,weak_increasing_centering,1000,slice,90,1.2,100,8,74311545513df6dd,e7c0070390aa6324,6,4096,1,1e-05,-0.015028550106793718,-0.017058262983253056,0.022734151717586276,-131.38046825974556,0.02407483140034819,1600.000000000018,1.3774125999771059,finite_RF_static_Bloch,runs\combined_factor_study\cases\e7c0070390aa6324,90.0
robust,weak_increasing_centering,1000,slice,90,1.2,100,8,74311545513df6dd,e7c0070390aa6324,7,4096,1,1e-05,0.014132793397726223,-0.006112294226022823,0.015397921610668299,-23.388007985010603,0.01557025051073593,-99.99999999998899,1.3774391999468207,finite_RF_static_Bloch,runs\combined_factor_study\cases\e7c0070390aa6324,90.0
robust,weak_increasing_centering,1000,slice,90,1.2,100,8,74311545513df6dd,e7c0070390aa6324,8,4096,1,1e-05,-0.015428735387381855,-0.006463405476224365,0.016727865554335863,-157.2702163389555,0.016767364832870252,49.99999999999449,1.3774690999416634,finite_RF_static_Bloch,runs\combined_factor_study\cases\e7c0070390aa6324,90.0
robust,increasing_centering,1000,read,0,0.7,0,8,43eed8aa5517d4ab,e8da4c2583ba0230,1,4096,1,1e-05,-0.00590206667592787,0.27226254016453016,0.27232650471059455,91.24185484603007,0.2723863964300917,-50.000000000001435,0.8700631000101566,finite_RF_static_Bloch,runs\combined_factor_study\cases\e8da4c2583ba0230,0.0
robust,increasing_centering,1000,read,0,0.7,0,8,43eed8aa5517d4ab,e8da4c2583ba0230,2,4096,1,1e-05,0.00314322197348751,0.17643179139195989,0.17645978821859293,88.97935455994234,0.1768321826905125,-100.00000000000287,0.8701123000355437,finite_RF_static_Bloch,runs\combined_factor_study\cases\e8da4c2583ba0230,0.0
robust,increasing_centering,1000,read,0,0.7,0,8,43eed8aa5517d4ab,e8da4c2583ba0230,3,4096,1,1e-05,-0.00514948708634582,0.1330953023914896,0.13319488254409212,92.21568141882598,0.13320869732701068,-49.99999999999449,0.8701385000022128,finite_RF_static_Bloch,runs\combined_factor_study\cases\e8da4c2583ba0230,0.0
robust,increasing_centering,1000,read,0,0.7,0,8,43eed8aa5517d4ab,e8da4c2583ba0230,4,4096,1,1e-05,-0.0008007285374813432,0.09746650187088422,0.09746979097719362,90.47069847317479,0.09748619170788499,-50.00000000000837,0.8701623000670224,finite_RF_static_Bloch,runs\combined_factor_study\cases\e8da4c2583ba0230,0.0
robust,increasing_centering,1000,read,0,0.7,0,8,43eed8aa5517d4ab,e8da4c2583ba0230,5,4096,1,1e-05,-0.003712563125392037,0.08339596945082633,0.08347856518653864,92.54897027087699,0.08348515594305214,-49.99999999999449,0.8701849000062793,finite_RF_static_Bloch,runs\combined_factor_study\cases\e8da4c2583ba0230,0.0
robust,increasing_centering,1000,read,0,0.7,0,8,43eed8aa5517d4ab,e8da4c2583ba0230,6,4096,1,1e-05,0.006761264241325806,0.058565697346750614,0.05895469107587812,83.41449882032015,0.05899622573949693,-49.99999999999449,0.8702086000703275,finite_RF_static_Bloch,runs\combined_factor_study\cases\e8da4c2583ba0230,0.0
robust,increasing_centering,1000,read,0,0.7,0,8,43eed8aa5517d4ab,e8da4c2583ba0230,7,4096,1,1e-05,-0.0019316105496329952,0.0567884787977008,0.05682132032496576,91.94811487486793,0.05686897420389358,-49.99999999999449,0.8702303000027314,finite_RF_static_Bloch,runs\combined_factor_study\cases\e8da4c2583ba0230,0.0
robust,increasing_centering,1000,read,0,0.7,0,8,43eed8aa5517d4ab,e8da4c2583ba0230,8,4096,1,1e-05,-0.00099134044840167,0.04260876303070589,0.0426202937917078,91.33280983220303,0.04269329812948818,-49.99999999999449,0.8702518000500277,finite_RF_static_Bloch,runs\combined_factor_study\cases\e8da4c2583ba0230,0.0
robust,increasing_alternating_centering,1000,slice,90,1.2,100,8,33417967bdd0d740,e92d08ae64d4ef28,1,4096,1,1e-05,0.15998313617700183,0.00016428734099324107,0.1599832205306529,0.058837251116062014,0.15998322053065292,0.0,0.9298929000506178,finite_RF_static_Bloch,runs\combined_factor_study\cases\e92d08ae64d4ef28,90.0
robust,increasing_alternating_centering,1000,slice,90,1.2,100,8,33417967bdd0d740,e92d08ae64d4ef28,2,4096,1,1e-05,-0.08228622618381479,-0.005199101630498436,0.08245031035319501,-176.38467890971694,0.08298602044639346,-149.99999999999736,0.9299673000350595,finite_RF_static_Bloch,runs\combined_factor_study\cases\e92d08ae64d4ef28,90.0
robust,increasing_alternating_centering,1000,slice,90,1.2,100,8,33417967bdd0d740,e92d08ae64d4ef28,3,4096,1,1e-05,0.0534222007057142,-0.004236824467453389,0.05358994504391307,-4.534540221842181,0.05414701400195557,-649.9999999999978,0.9299979000352323,finite_RF_static_Bloch,runs\combined_factor_study\cases\e92d08ae64d4ef28,90.0
robust,increasing_alternating_centering,1000,slice,90,1.2,100,8,33417967bdd0d740,e92d08ae64d4ef28,4,4096,1,1e-05,-0.03943267386122832,-0.00022602872550353363,0.03943332165606585,-179.6715832602523,0.03947142330483915,49.99999999999449,0.9300246000057086,finite_RF_static_Bloch,runs\combined_factor_study\cases\e92d08ae64d4ef28,90.0
robust,increasing_alternating_centering,1000,slice,90,1.2,100,8,33417967bdd0d740,e92d08ae64d4ef28,5,4096,1,1e-05,0.02706813572652175,-0.005157109358857379,0.027555031276494998,-10.78690010151753,0.027796082665093706,-149.99999999999736,0.9300503999693319,finite_RF_static_Bloch,runs\combined_factor_study\cases\e92d08ae64d4ef28,90.0
robust,increasing_alternating_centering,1000,slice,90,1.2,100,8,33417967bdd0d740,e92d08ae64d4ef28,6,4096,1,1e-05,-0.01958120442761726,-0.0039024339909858505,0.019966285530617345,-168.7289187518023,0.020533314375755996,650.0000000000117,0.9300759000470862,finite_RF_static_Bloch,runs\combined_factor_study\cases\e92d08ae64d4ef28,90.0
robust,increasing_alternating_centering,1000,slice,90,1.2,100,8,33417967bdd0d740,e92d08ae64d4ef28,7,4096,1,1e-05,0.017294351197180365,-0.0016342375520928326,0.017371393602934805,-5.398161295667042,0.018299762031645773,-1000.0000000000009,0.930101600009948,finite_RF_static_Bloch,runs\combined_factor_study\cases\e92d08ae64d4ef28,90.0
robust,increasing_alternating_centering,1000,slice,90,1.2,100,8,33417967bdd0d740,e92d08ae64d4ef28,8,4096,1,1e-05,-0.012298478528951997,0.0012060551888033177,0.012357473173975847,174.39917482628593,0.012386458367189247,-49.99999999999449,0.9301261999644339,finite_RF_static_Bloch,runs\combined_factor_study\cases\e92d08ae64d4ef28,90.0
robust,weak_increasing_centering,1000,read,90,1.2,100,8,2d2f4765ae50fff9,ea893ee7f24b7068,1,4096,1,1e-05,0.15935648264056107,-0.004128878966581316,0.1594099626782847,-1.484184511453376,0.15940996267828467,0.0,0.9699171000393108,finite_RF_static_Bloch,runs\combined_factor_study\cases\ea893ee7f24b7068,90.0
robust,weak_increasing_centering,1000,read,90,1.2,100,8,2d2f4765ae50fff9,ea893ee7f24b7068,2,4096,1,1e-05,-0.1026302355273073,-0.008532101180318124,0.10298428032928984,-175.24767896668837,0.1031093373003282,-50.00000000000837,0.969984200084582,finite_RF_static_Bloch,runs\combined_factor_study\cases\ea893ee7f24b7068,90.0
robust,weak_increasing_centering,1000,read,90,1.2,100,8,2d2f4765ae50fff9,ea893ee7f24b7068,3,4096,1,1e-05,0.046113474452547404,-0.009404090967562853,0.047062612050458266,-11.526482808948147,0.04706261205045826,0.0,0.9700226000277326,finite_RF_static_Bloch,runs\combined_factor_study\cases\ea893ee7f24b7068,90.0
robust,weak_increasing_centering,1000,read,90,1.2,100,8,2d2f4765ae50fff9,ea893ee7f24b7068,4,4096,1,1e-05,-0.02622910024551129,-0.009326382316025065,0.027837871807912067,-160.4259433112365,0.02787442571339504,-50.00000000000837,0.9700582000659779,finite_RF_static_Bloch,runs\combined_factor_study\cases\ea893ee7f24b7068,90.0
robust,weak_increasing_centering,1000,read,90,1.2,100,8,2d2f4765ae50fff9,ea893ee7f24b7068,5,4096,1,1e-05,0.022813416494757557,-0.010156164436541893,0.02497197725902686,-23.99785575628444,0.02690263077403075,1399.9999999999984,0.9700930000981316,finite_RF_static_Bloch,runs\combined_factor_study\cases\ea893ee7f24b7068,90.0
robust,weak_increasing_centering,1000,read,90,1.2,100,8,2d2f4765ae50fff9,ea893ee7f24b7068,6,4096,1,1e-05,-0.009236561140107586,-0.01817428923999131,0.020386732231375618,-116.94064784882342,0.023812809512339047,1650.0000000000125,0.9701273000100628,finite_RF_static_Bloch,runs\combined_factor_study\cases\ea893ee7f24b7068,90.0
robust,weak_increasing_centering,1000,read,90,1.2,100,8,2d2f4765ae50fff9,ea893ee7f24b7068,7,4096,1,1e-05,0.0169442957783663,-0.011281983214076006,0.02035662802792876,-33.65677997574688,0.02035662802792876,0.0,0.9701616000384092,finite_RF_static_Bloch,runs\combined_factor_study\cases\ea893ee7f24b7068,90.0
robust,weak_increasing_centering,1000,read,90,1.2,100,8,2d2f4765ae50fff9,ea893ee7f24b7068,8,4096,1,1e-05,-0.012950616194484586,-0.00477838531033231,0.013804036583218911,-159.74746588761357,0.013809266159223019,-2000.0000000000018,0.9701955000637099,finite_RF_static_Bloch,runs\combined_factor_study\cases\ea893ee7f24b7068,90.0
robust,increasing_alternating_centering,1000,read,45,1.2,0,8,e5693cbecd4da986,ec502e0012f55b9c,1,4096,1,1e-05,0.10393212598622521,0.10272264549287394,0.146129492947424,44.664671006845104,0.146129492947424,0.0,1.2259459999622777,finite_RF_static_Bloch,runs\combined_factor_study\cases\ec502e0012f55b9c,45.0
robust,increasing_alternating_centering,1000,read,45,1.2,0,8,e5693cbecd4da986,ec502e0012f55b9c,2,4096,1,1e-05,-0.060241638178230195,0.05952791374762159,0.08469136606255137,135.3414299619635,0.08480431495071576,-50.00000000000837,1.2260739000048488,finite_RF_static_Bloch,runs\combined_factor_study\cases\ec502e0012f55b9c,45.0
robust,increasing_alternating_centering,1000,read,45,1.2,0,8,e5693cbecd4da986,ec502e0012f55b9c,3,4096,1,1e-05,0.03614393935443609,0.037725567639904714,0.05224560082734411,46.22657893764126,0.05229905032423528,49.99999999999449,1.2261338999960572,finite_RF_static_Bloch,runs\combined_factor_study\cases\ec502e0012f55b9c,45.0
robust,increasing_alternating_centering,1000,read,45,1.2,0,8,e5693cbecd4da986,ec502e0012f55b9c,4,4096,1,1e-05,-0.032857478029435935,0.03025225439373426,0.044663326772174945,137.36387653776336,0.04489741475721006,-100.00000000000287,1.2261775999795645,finite_RF_static_Bloch,runs\combined_factor_study\cases\ec502e0012f55b9c,45.0
robust,increasing_alternating_centering,1000,read,45,1.2,0,8,e5693cbecd4da986,ec502e0012f55b9c,5,4096,1,1e-05,0.021099902310311808,0.024725938214833758,0.032505044194839634,49.52418516136174,0.032505044194839634,0.0,1.226213299902156,finite_RF_static_Bloch,runs\combined_factor_study\cases\ec502e0012f55b9c,45.0
robust,increasing_alternating_centering,1000,read,45,1.2,0,8,e5693cbecd4da986,ec502e0012f55b9c,6,4096,1,1e-05,-0.011770067052748322,0.016090041655398145,0.019935493946693146,126.18593777368255,0.019935493946693146,0.0,1.2262457999167964,finite_RF_static_Bloch,runs\combined_factor_study\cases\ec502e0012f55b9c,45.0
robust,increasing_alternating_centering,1000,read,45,1.2,0,8,e5693cbecd4da986,ec502e0012f55b9c,7,4096,1,1e-05,0.006735262300958431,0.00973532536638653,0.01183808760958124,55.323065371789674,0.011849384216106353,-49.99999999999449,1.2262839999748394,finite_RF_static_Bloch,runs\combined_factor_study\cases\ec502e0012f55b9c,45.0
robust,increasing_alternating_centering,1000,read,45,1.2,0,8,e5693cbecd4da986,ec502e0012f55b9c,8,4096,1,1e-05,-0.005987122143316932,0.00385671790710004,0.007121790826326062,147.21162481357402,0.007250228493709635,-2849.9999999999914,1.2263186000054702,finite_RF_static_Bloch,runs\combined_factor_study\cases\ec502e0012f55b9c,45.0
robust,high_low_permutation_alternating,1000,read,45,1,0,8,8cff258929ec712e,ec65a61c54650880,1,4096,1,1e-05,0.17087792488143486,0.17135177595600934,0.24199317414973445,45.0793316572897,0.24221038460324862,50.000000000001435,0.7525916000595316,finite_RF_static_Bloch,runs\combined_factor_study\cases\ec65a61c54650880,45.0
robust,high_low_permutation_alternating,1000,read,45,1,0,8,8cff258929ec712e,ec65a61c54650880,2,4096,1,1e-05,-0.12291241467747374,0.12105164146577252,0.17251365622293557,135.4370003761735,0.17265004322828623,-49.99999999999449,0.7526392999570817,finite_RF_static_Bloch,runs\combined_factor_study\cases\ec65a61c54650880,45.0
robust,high_low_permutation_alternating,1000,read,45,1,0,8,8cff258929ec712e,ec65a61c54650880,3,4096,1,1e-05,0.0848348411102614,0.08975701659121019,0.12350413877096621,46.61488171613705,0.12354872917155292,49.99999999999449,0.7526658000424504,finite_RF_static_Bloch,runs\combined_factor_study\cases\ec65a61c54650880,45.0
robust,high_low_permutation_alternating,1000,read,45,1,0,8,8cff258929ec712e,ec65a61c54650880,4,4096,1,1e-05,-0.07783490098045726,0.07263926758879176,0.10646471249420475,136.97754638142194,0.10651262779699354,-49.99999999999449,0.7526901999954134,finite_RF_static_Bloch,runs\combined_factor_study\cases\ec65a61c54650880,45.0
robust,high_low_permutation_alternating,1000,read,45,1,0,8,8cff258929ec712e,ec65a61c54650880,5,4096,1,1e-05,0.0593700655128227,0.058819763927367714,0.08357373575153935,44.73322805683739,0.08357373575153935,0.0,0.7527134000556543,finite_RF_static_Bloch,runs\combined_factor_study\cases\ec65a61c54650880,45.0
robust,high_low_permutation_alternating,1000,read,45,1,0,8,8cff258929ec712e,ec65a61c54650880,6,4096,1,1e-05,-0.05669841051451134,0.05375055672515,0.07812702543381271,136.5288462839321,0.0783086535348568,-49.99999999999449,0.7527359999949113,finite_RF_static_Bloch,runs\combined_factor_study\cases\ec65a61c54650880,45.0
robust,high_low_permutation_alternating,1000,read,45,1,0,8,8cff258929ec712e,ec65a61c54650880,7,4096,1,1e-05,0.04567469191701447,0.04444202339630099,0.06372810153512774,44.216324083828376,0.06381091576192212,49.99999999999449,0.752758500049822,finite_RF_static_Bloch,runs\combined_factor_study\cases\ec65a61c54650880,45.0
robust,high_low_permutation_alternating,1000,read,45,1,0,8,8cff258929ec712e,ec65a61c54650880,8,4096,1,1e-05,-0.038838682134634706,0.03745310475648677,0.05395533602764017,136.04046598523522,0.05395533602764017,0.0,0.7527809999883175,finite_RF_static_Bloch,runs\combined_factor_study\cases\ec65a61c54650880,45.0
robust,increasing_centering,1000,read,45,0.7,0,8,2fce845511804024,ee323da8bd4bb9b7,1,4096,1,1e-05,0.18597701781128417,0.19143807751949807,0.2669007094002188,45.828991321573255,0.26701453447517265,-50.000000000001435,1.7473147999262437,finite_RF_static_Bloch,runs\combined_factor_study\cases\ee323da8bd4bb9b7,45.0
robust,increasing_centering,1000,read,45,0.7,0,8,2fce845511804024,ee323da8bd4bb9b7,2,4096,1,1e-05,-0.11984322247129131,0.12504865890058414,0.17320382520353894,133.7823008666153,0.1732127301412142,-50.00000000000837,1.7473831999814138,finite_RF_static_Bloch,runs\combined_factor_study\cases\ee323da8bd4bb9b7,45.0
robust,increasing_centering,1000,read,45,0.7,0,8,2fce845511804024,ee323da8bd4bb9b7,3,4096,1,1e-05,0.07116599389886996,0.0931959728180218,0.11726076938648942,52.63404508666714,0.11733382372129249,-49.99999999999449,1.7474099999526516,finite_RF_static_Bloch,runs\combined_factor_study\cases\ee323da8bd4bb9b7,45.0
robust,increasing_centering,1000,read,45,0.7,0,8,2fce845511804024,ee323da8bd4bb9b7,4,4096,1,1e-05,-0.054342769074657835,0.06809907267629013,0.08712416570660653,128.58971761056236,0.08712416570660653,0.0,1.747434000018984,finite_RF_static_Bloch,runs\combined_factor_study\cases\ee323da8bd4bb9b7,45.0
robust,increasing_centering,1000,read,45,0.7,0,8,2fce845511804024,ee323da8bd4bb9b7,5,4096,1,1e-05,0.04966549143900778,0.0596535970349366,0.07762224345562779,50.220422238668085,0.07762224345562779,0.0,1.7474575999658555,finite_RF_static_Bloch,runs\combined_factor_study\cases\ee323da8bd4bb9b7,45.0
robust,increasing_centering,1000,read,45,0.7,0,8,2fce845511804024,ee323da8bd4bb9b7,6,4096,1,1e-05,-0.04165091843020702,0.04241106209147889,0.059443226643639026,134.4819080362211,0.05971246604131845,-99.99999999998899,1.7474808000260964,finite_RF_static_Bloch,runs\combined_factor_study\cases\ee323da8bd4bb9b7,45.0
robust,increasing_centering,1000,read,45,0.7,0,8,2fce845511804024,ee323da8bd4bb9b7,7,4096,1,1e-05,0.04219935749282176,0.03906109765339251,0.05750265317961283,42.78834946030464,0.05750265317961283,0.0,1.7475036999676377,finite_RF_static_Bloch,runs\combined_factor_study\cases\ee323da8bd4bb9b7,45.0
robust,increasing_centering,1000,read,45,0.7,0,8,2fce845511804024,ee323da8bd4bb9b7,8,4096,1,1e-05,-0.03457036169442157,0.026874907305457454,0.04378778996889499,142.13860027517876,0.04378778996889499,0.0,1.747526100021787,finite_RF_static_Bloch,runs\combined_factor_study\cases\ee323da8bd4bb9b7,45.0
robust,weak_increasing_centering,1000,oblique,90,1.2,100,8,dba72456bfa6b314,f6cc601054e3b8d0,1,4096,1,1e-05,0.15532820196875002,-0.0010604193365490106,0.15533182164648082,-0.3911498867427487,0.1553318216464808,0.0,0.9835280999541283,finite_RF_static_Bloch,runs\combined_factor_study\cases\f6cc601054e3b8d0,90.0
robust,weak_increasing_centering,1000,oblique,90,1.2,100,8,dba72456bfa6b314,f6cc601054e3b8d0,2,4096,1,1e-05,-0.10508472343991818,-0.006928805245111992,0.10531290254555127,-176.22763921501317,0.1057407718457361,-100.00000000000287,0.9836138000246137,finite_RF_static_Bloch,runs\combined_factor_study\cases\f6cc601054e3b8d0,90.0
robust,weak_increasing_centering,1000,oblique,90,1.2,100,8,dba72456bfa6b314,f6cc601054e3b8d0,3,4096,1,1e-05,0.03881112318625565,0.005438464828967888,0.039190307254149355,7.976715927890836,0.03925728578273134,49.99999999999449,0.9836435000179335,finite_RF_static_Bloch,runs\combined_factor_study\cases\f6cc601054e3b8d0,90.0
robust,weak_increasing_centering,1000,oblique,90,1.2,100,8,dba72456bfa6b314,f6cc601054e3b8d0,4,4096,1,1e-05,-0.023969516034693855,0.0014466827819459033,0.02401313369822907,176.54609673651422,0.024049985760096943,1049.9999999999955,0.9836696999846026,finite_RF_static_Bloch,runs\combined_factor_study\cases\f6cc601054e3b8d0,90.0
robust,weak_increasing_centering,1000,oblique,90,1.2,100,8,dba72456bfa6b314,f6cc601054e3b8d0,5,4096,1,1e-05,0.031996140509828935,-0.0024612212535523236,0.03209066246719836,-4.398669174481087,0.0324399322322775,-100.00000000000287,0.9836949000600725,finite_RF_static_Bloch,runs\combined_factor_study\cases\f6cc601054e3b8d0,90.0
robust,weak_increasing_centering,1000,oblique,90,1.2,100,8,dba72456bfa6b314,f6cc601054e3b8d0,6,4096,1,1e-05,-0.013288683605185614,-0.011817375711924143,0.017783123479172706,-138.35390846553645,0.019699388970126415,1650.0000000000125,0.9837199000176042,finite_RF_static_Bloch,runs\combined_factor_study\cases\f6cc601054e3b8d0,90.0
robust,weak_increasing_centering,1000,oblique,90,1.2,100,8,dba72456bfa6b314,f6cc601054e3b8d0,7,4096,1,1e-05,0.013164159477241713,-0.010172421237495904,0.016636503496086866,-37.694557095678874,0.016878267782657847,-99.99999999998899,0.9837448999751359,finite_RF_static_Bloch,runs\combined_factor_study\cases\f6cc601054e3b8d0,90.0
robust,weak_increasing_centering,1000,oblique,90,1.2,100,8,dba72456bfa6b314,f6cc601054e3b8d0,8,4096,1,1e-05,-0.016471346997792714,-0.008250390630564923,0.018422112188308064,-153.394008485713,0.018422112188308064,0.0,0.9837704000528902,finite_RF_static_Bloch,runs\combined_factor_study\cases\f6cc601054e3b8d0,90.0
robust,increasing_alternating_centering,1000,oblique,45,0.8,100,8,9e5d80a2512975f3,f740f75e78044cfd,1,4096,1,1e-05,0.2098748967805026,0.20047442827640166,0.29023691820886044,43.6876718258068,0.29040596741245217,-50.000000000001435,2.249915499938652,finite_RF_static_Bloch,runs\combined_factor_study\cases\f740f75e78044cfd,45.0
robust,increasing_alternating_centering,1000,oblique,45,0.8,100,8,9e5d80a2512975f3,f740f75e78044cfd,2,4096,1,1e-05,-0.13887187434585263,0.1421043541657142,0.19869334401832645,134.3408720667472,0.19886984898682938,-50.00000000000837,2.2499947999604046,finite_RF_static_Bloch,runs\combined_factor_study\cases\f740f75e78044cfd,45.0
robust,increasing_alternating_centering,1000,oblique,45,0.8,100,8,9e5d80a2512975f3,f740f75e78044cfd,3,4096,1,1e-05,0.10480176262585422,0.09692533935704624,0.14275129021821298,42.764025326698516,0.14303687139010612,-100.00000000000287,2.25005010003224,finite_RF_static_Bloch,runs\combined_factor_study\cases\f740f75e78044cfd,45.0
robust,increasing_alternating_centering,1000,oblique,45,0.8,100,8,9e5d80a2512975f3,f740f75e78044cfd,4,4096,1,1e-05,-0.08489835469414503,0.07963141879320232,0.11639971429858079,136.8335294103133,0.11639971429858079,0.0,2.2500986999366432,finite_RF_static_Bloch,runs\combined_factor_study\cases\f740f75e78044cfd,45.0
robust,increasing_alternating_centering,1000,oblique,45,0.8,100,8,9e5d80a2512975f3,f740f75e78044cfd,5,4096,1,1e-05,0.07064692641571649,0.056022402843970184,0.09016372791982227,38.41411304344243,0.09034075340347114,-100.00000000000287,2.2501432999270037,finite_RF_static_Bloch,runs\combined_factor_study\cases\f740f75e78044cfd,45.0
robust,increasing_alternating_centering,1000,oblique,45,0.8,100,8,9e5d80a2512975f3,f740f75e78044cfd,6,4096,1,1e-05,-0.05590519994655216,0.048087470885046515,0.07374141466763552,139.29916772142627,0.07386254314824561,-49.99999999999449,2.250189199927263,finite_RF_static_Bloch,runs\combined_factor_study\cases\f740f75e78044cfd,45.0
robust,increasing_alternating_centering,1000,oblique,45,0.8,100,8,9e5d80a2512975f3,f740f75e78044cfd,7,4096,1,1e-05,0.042652125487054215,0.03226731827814375,0.053482554514780324,37.108347233023494,0.05377767949668072,-400.0000000000115,2.2502373999450356,finite_RF_static_Bloch,runs\combined_factor_study\cases\f740f75e78044cfd,45.0
robust,increasing_alternating_centering,1000,oblique,45,0.8,100,8,9e5d80a2512975f3,f740f75e78044cfd,8,4096,1,1e-05,-0.030270059768985683,0.025992953662583956,0.03989874883405747,139.34725541078464,0.03989874883405747,0.0,2.250283799949102,finite_RF_static_Bloch,runs\combined_factor_study\cases\f740f75e78044cfd,45.0
robust,high_low_permutation_alternating,1000,read,0,1,0,8,823de6099de30e8c,f9f3ddf368d50070,1,4096,1,1e-05,-0.0032448769234316712,0.2454870004702392,0.2455084451217991,90.75729845474417,0.24605053744096478,100.00000000000287,0.9610361999366432,finite_RF_static_Bloch,runs\combined_factor_study\cases\f9f3ddf368d50070,0.0
robust,high_low_permutation_alternating,1000,read,0,1,0,8,823de6099de30e8c,f9f3ddf368d50070,2,4096,1,1e-05,-0.0022731496269615546,0.1707957251000068,0.17081085129951096,90.76251434558446,0.17111110912298916,-100.00000000000287,0.9611882999306545,finite_RF_static_Bloch,runs\combined_factor_study\cases\f9f3ddf368d50070,0.0
robust,high_low_permutation_alternating,1000,read,0,1,0,8,823de6099de30e8c,f9f3ddf368d50070,3,4096,1,1e-05,-0.0012218517552362194,0.1248757836500551,0.12488176113399083,90.56059479875745,0.12488298657778087,49.99999999999449,0.9612362999469042,finite_RF_static_Bloch,runs\combined_factor_study\cases\f9f3ddf368d50070,0.0
robust,high_low_permutation_alternating,1000,read,0,1,0,8,823de6099de30e8c,f9f3ddf368d50070,4,4096,1,1e-05,-0.003322509318141365,0.1031875993905393,0.103241075818453,91.84421399080261,0.10338318572832902,-49.99999999999449,0.9612641999265179,finite_RF_static_Bloch,runs\combined_factor_study\cases\f9f3ddf368d50070,0.0
robust,high_low_permutation_alternating,1000,read,0,1,0,8,823de6099de30e8c,f9f3ddf368d50070,5,4096,1,1e-05,-0.005338095489124011,0.08831642944877754,0.08847760718979637,93.45891132948448,0.08852265152259513,49.99999999999449,0.9612904000096023,finite_RF_static_Bloch,runs\combined_factor_study\cases\f9f3ddf368d50070,0.0
robust,high_low_permutation_alternating,1000,read,0,1,0,8,823de6099de30e8c,f9f3ddf368d50070,6,4096,1,1e-05,0.00036613710347964054,0.07586154757397706,0.07586243112830837,89.723470604837,0.07597357640454093,-49.99999999999449,0.9613161999732256,finite_RF_static_Bloch,runs\combined_factor_study\cases\f9f3ddf368d50070,0.0
robust,high_low_permutation_alternating,1000,read,0,1,0,8,823de6099de30e8c,f9f3ddf368d50070,7,4096,1,1e-05,-0.0011042545394866793,0.06169984143356941,0.061709722175809424,91.02532468816159,0.06173149857106961,49.99999999999449,0.9613435999490321,finite_RF_static_Bloch,runs\combined_factor_study\cases\f9f3ddf368d50070,0.0
robust,high_low_permutation_alternating,1000,read,0,1,0,8,823de6099de30e8c,f9f3ddf368d50070,8,4096,1,1e-05,-0.0015348460963330172,0.05253427716351576,0.05255669348077866,91.67348252888483,0.052584034183714316,-49.99999999999449,0.9613696999149397,finite_RF_static_Bloch,runs\combined_factor_study\cases\f9f3ddf368d50070,0.0
robust,original,1000,read,0,1,0,8,e6d32fbe35ea3179,fd2a13e4712949fe,1,4096,1,1e-05,-0.0032448769234316712,0.2454870004702392,0.2455084451217991,90.75729845474417,0.24605053744096478,100.00000000000287,0.8409551000222564,finite_RF_static_Bloch,runs\combined_factor_study\cases\fd2a13e4712949fe,0.0
robust,original,1000,read,0,1,0,8,e6d32fbe35ea3179,fd2a13e4712949fe,2,4096,1,1e-05,-0.0031780999121127037,0.17405165242871729,0.17408066530266472,91.046077278026,0.1741598770116041,-49.99999999999449,0.8410127999959514,finite_RF_static_Bloch,runs\combined_factor_study\cases\fd2a13e4712949fe,0.0
robust,original,1000,read,0,1,0,8,e6d32fbe35ea3179,fd2a13e4712949fe,3,4096,1,1e-05,0.0012929808305973509,0.16069308973961655,0.16069829149525128,89.53899233621785,0.16079498151500415,49.99999999999449,0.8410412999801338,finite_RF_static_Bloch,runs\combined_factor_study\cases\fd2a13e4712949fe,0.0
robust,original,1000,read,0,1,0,8,e6d32fbe35ea3179,fd2a13e4712949fe,4,4096,1,1e-05,0.004887420181354245,0.12923494069036945,0.12932732414796347,87.83421447576997,0.12932732414796347,0.0,0.8410669999429956,finite_RF_static_Bloch,runs\combined_factor_study\cases\fd2a13e4712949fe,0.0
robust,original,1000,read,0,1,0,8,e6d32fbe35ea3179,fd2a13e4712949fe,5,4096,1,1e-05,0.005770167366950598,0.11154442692401048,0.11169357192447797,87.03874212672415,0.11169357192447799,0.0,0.8410918000154197,finite_RF_static_Bloch,runs\combined_factor_study\cases\fd2a13e4712949fe,0.0
robust,original,1000,read,0,1,0,8,e6d32fbe35ea3179,fd2a13e4712949fe,6,4096,1,1e-05,0.007266492132741192,0.09019847592776303,0.09049070100074613,85.39413361809036,0.09054285919525176,-49.99999999999449,0.8411157999653369,finite_RF_static_Bloch,runs\combined_factor_study\cases\fd2a13e4712949fe,0.0
robust,original,1000,read,0,1,0,8,e6d32fbe35ea3179,fd2a13e4712949fe,7,4096,1,1e-05,-0.0031371731978516474,0.07878570465202546,0.07884813956707859,92.28025979145978,0.07892691888720929,49.99999999999449,0.8411396000301465,finite_RF_static_Bloch,runs\combined_factor_study\cases\fd2a13e4712949fe,0.0
robust,original,1000,read,0,1,0,8,e6d32fbe35ea3179,fd2a13e4712949fe,8,4096,1,1e-05,0.005649352500825831,0.062453919533980815,0.06270890884743201,84.83130066404178,0.06270890884743202,0.0,0.8411627999739721,finite_RF_static_Bloch,runs\combined_factor_study\cases\fd2a13e4712949fe,0.0
robust,original,1000,read,90,1.2,0,8,3c645498b9004a58,fef348a7eb8ead39,1,4096,1,1e-05,0.15418149597870615,-0.004223311572006039,0.15423932722514716,-1.5690432545992201,0.15423932722514713,0.0,0.9383713999995962,finite_RF_static_Bloch,runs\combined_factor_study\cases\fef348a7eb8ead39,90.0
robust,original,1000,read,90,1.2,0,8,3c645498b9004a58,fef348a7eb8ead39,2,4096,1,1e-05,-0.1031162601798001,-0.011653729111055083,0.10377269638812553,-173.55205172712763,0.10377269638812553,0.0,0.9384519000304863,finite_RF_static_Bloch,runs\combined_factor_study\cases\fef348a7eb8ead39,90.0
robust,original,1000,read,90,1.2,0,8,3c645498b9004a58,fef348a7eb8ead39,3,4096,1,1e-05,0.00035288771027477224,-0.005385191842891616,0.005396741694838597,-86.25080949881105,0.016372415957867,-3199.9999999999945,0.9385045999661088,finite_RF_static_Bloch,runs\combined_factor_study\cases\fef348a7eb8ead39,90.0
robust,original,1000,read,90,1.2,0,8,3c645498b9004a58,fef348a7eb8ead39,4,4096,1,1e-05,0.007324670500005121,0.00044226219226886827,0.0073380102057952834,3.4553131562837445,0.013737605775558846,2949.999999999994,0.9385512999724597,finite_RF_static_Bloch,runs\combined_factor_study\cases\fef348a7eb8ead39,90.0
robust,original,1000,read,90,1.2,0,8,3c645498b9004a58,fef348a7eb8ead39,5,4096,1,1e-05,-0.015561307862495183,0.0017483752620660246,0.015659218321754084,173.58947375346852,0.015659218321754088,0.0,0.9385961999651045,finite_RF_static_Bloch,runs\combined_factor_study\cases\fef348a7eb8ead39,90.0
robust,original,1000,read,90,1.2,0,8,3c645498b9004a58,fef348a7eb8ead39,6,4096,1,1e-05,0.015327304486400916,-0.0018122659603563695,0.015434071748242977,-6.7432164602003315,0.01726836798189911,2000.0000000000018,0.9386420999653637,finite_RF_static_Bloch,runs\combined_factor_study\cases\fef348a7eb8ead39,90.0
robust,original,1000,read,90,1.2,0,8,3c645498b9004a58,fef348a7eb8ead39,7,4096,1,1e-05,-0.005914038810793051,-0.0033585221194120506,0.00680114151316869,-150.40820047882198,0.010992590951666948,-2950.000000000008,0.9387113000266254,finite_RF_static_Bloch,runs\combined_factor_study\cases\fef348a7eb8ead39,90.0
robust,original,1000,read,90,1.2,0,8,3c645498b9004a58,fef348a7eb8ead39,8,4096,1,1e-05,0.008342814932806968,-0.002630450058516711,0.008747675606320659,-17.49981643723076,0.009263772633929145,-700.0000000000061,0.9387563000200316,finite_RF_static_Bloch,runs\combined_factor_study\cases\fef348a7eb8ead39,90.0
robust,increasing_centering,0,read,45,0.8,100,8,815887437e9e0e8b,ff6c094bf417d2f3,1,4096,1,1e-05,0.21286700509222947,0.21471561909896605,0.30234939877894174,45.247711470524074,0.3027801391430363,-50.000000000001435,2.0333534000674263,finite_RF_static_Bloch,runs\combined_factor_study\cases\ff6c094bf417d2f3,45.0
robust,increasing_centering,0,read,45,0.8,100,8,815887437e9e0e8b,ff6c094bf417d2f3,2,4096,1,1e-05,-0.14859651574994212,0.1473227011390285,0.2092484235637686,135.24663403435008,0.20924842356376858,0.0,2.033404599991627,finite_RF_static_Bloch,runs\combined_factor_study\cases\ff6c094bf417d2f3,45.0
robust,increasing_centering,0,read,45,0.8,100,8,815887437e9e0e8b,ff6c094bf417d2f3,3,4096,1,1e-05,0.09565764728090673,0.12525514555843298,0.15760468575579406,52.6309430368218,0.15762076986764104,-49.99999999999449,2.0334312000777572,finite_RF_static_Bloch,runs\combined_factor_study\cases\ff6c094bf417d2f3,45.0
robust,increasing_centering,0,read,45,0.8,100,8,815887437e9e0e8b,ff6c094bf417d2f3,4,4096,1,1e-05,-0.055058100280077585,0.08476641032977292,0.10107788445870101,123.00482518343738,0.1012702201017939,-100.00000000000287,2.033468500012532,finite_RF_static_Bloch,runs\combined_factor_study\cases\ff6c094bf417d2f3,45.0
robust,increasing_centering,0,read,45,0.8,100,8,815887437e9e0e8b,ff6c094bf417d2f3,5,4096,1,1e-05,0.07275810041623013,0.07746357002911458,0.10627485995207787,46.7941181561115,0.10627485995207786,0.0,2.0334930000826716,finite_RF_static_Bloch,runs\combined_factor_study\cases\ff6c094bf417d2f3,45.0
robust,increasing_centering,0,read,45,0.8,100,8,815887437e9e0e8b,ff6c094bf417d2f3,6,4096,1,1e-05,-0.05405595643455785,0.056903408287203215,0.07848594970282875,133.52999181350708,0.07878318141058226,-149.9999999999835,2.0335162000264972,finite_RF_static_Bloch,runs\combined_factor_study\cases\ff6c094bf417d2f3,45.0
robust,increasing_centering,0,read,45,0.8,100,8,815887437e9e0e8b,ff6c094bf417d2f3,7,4096,1,1e-05,0.0523470378411568,0.04977619158003875,0.07223490582091335,43.55794281648589,0.07241477299561244,-150.00000000001123,2.0335397000890225,finite_RF_static_Bloch,runs\combined_factor_study\cases\ff6c094bf417d2f3,45.0
robust,increasing_centering,0,read,45,0.8,100,8,815887437e9e0e8b,ff6c094bf417d2f3,8,4096,1,1e-05,-0.03334819532981658,0.03796907474429648,0.05053466897777775,131.29280088432012,0.05058247388186708,-49.99999999999449,2.0335632000351325,finite_RF_static_Bloch,runs\combined_factor_study\cases\ff6c094bf417d2f3,45.0
