stage,variant,b,direction,phase,b1,b0,etl,seqid,case_id,echo,n,seed,rf_dt_s,total_real,total_imag,total_abs,total_phase_deg,peak,peak_offset_us,elapsed_s,model,cache,actual_excitation_phase_deg
screen,inc_alt_center_rf180,1000,read,0,0.8,0,8,a744ede2833c996a,036d4840fda05d1f,1,4096,1,1e-05,-0.005448413794415983,0.2909624802876619,0.2910134879142601,91.07276593143351,0.2910796142930561,-50.000000000001435,1.8205692999763414,finite_RF_static_Bloch,runs\combined_factor_study\cases\036d4840fda05d1f,0.0
screen,inc_alt_center_rf180,1000,read,0,0.8,0,8,a744ede2833c996a,036d4840fda05d1f,2,4096,1,1e-05,0.0004740744087857033,0.20128563870011323,0.20128619697698497,89.86505538721146,0.20138797842156866,-50.00000000000837,1.820628899964504,finite_RF_static_Bloch,runs\combined_factor_study\cases\036d4840fda05d1f,0.0
screen,inc_alt_center_rf180,1000,read,0,0.8,0,8,a744ede2833c996a,036d4840fda05d1f,3,4096,1,1e-05,-0.005285220795298317,0.14548610016132002,0.14558206929084602,92.08052684795841,0.14562598086769193,-49.99999999999449,1.8206549999304116,finite_RF_static_Bloch,runs\combined_factor_study\cases\036d4840fda05d1f,0.0
screen,inc_alt_center_rf180,1000,read,0,0.8,0,8,a744ede2833c996a,036d4840fda05d1f,4,4096,1,1e-05,-0.0019707457123128796,0.11024991893398214,0.1102675313209298,91.02406776149688,0.1102675313209298,0.0,1.82068010000512,finite_RF_static_Bloch,runs\combined_factor_study\cases\036d4840fda05d1f,0.0
screen,inc_alt_center_rf180,1000,read,0,0.8,0,8,a744ede2833c996a,036d4840fda05d1f,5,4096,1,1e-05,-0.0009884960723140993,0.08450412747704143,0.08450990879856071,90.67019294368639,0.08450990879856073,0.0,1.82070359995123,finite_RF_static_Bloch,runs\combined_factor_study\cases\036d4840fda05d1f,0.0
screen,inc_alt_center_rf180,1000,read,0,0.8,0,8,a744ede2833c996a,036d4840fda05d1f,6,4096,1,1e-05,0.0019038396477086628,0.06647271445003737,0.06649997271999737,88.3594446905522,0.06650628562761161,-49.99999999999449,1.8207263000076637,finite_RF_static_Bloch,runs\combined_factor_study\cases\036d4840fda05d1f,0.0
screen,inc_alt_center_rf180,1000,read,0,0.8,0,8,a744ede2833c996a,036d4840fda05d1f,7,4096,1,1e-05,-0.002924553397936108,0.0509242050714193,0.05100811381273911,93.28685960527557,0.052072268214000524,-549.9999999999949,1.820748999947682,finite_RF_static_Bloch,runs\combined_factor_study\cases\036d4840fda05d1f,0.0
screen,inc_alt_center_rf180,1000,read,0,0.8,0,8,a744ede2833c996a,036d4840fda05d1f,8,4096,1,1e-05,0.0016270355862717059,0.0395264666807045,0.03955993949767666,87.64285347777991,0.0397200582590638,-99.99999999998899,1.8207712000003085,finite_RF_static_Bloch,runs\combined_factor_study\cases\036d4840fda05d1f,0.0
screen,increasing_centering_taper,1000,read,90,1,0,8,434f15e1c7fe25d7,04ba1e3829b32460,1,4096,1,1e-05,0.24801095795424974,-0.004883178596691768,0.24805902664203094,-1.127971844426363,0.24833080151775808,-50.000000000001435,1.023807100020349,finite_RF_static_Bloch,runs\combined_factor_study\cases\04ba1e3829b32460,90.0
screen,increasing_centering_taper,1000,read,90,1,0,8,434f15e1c7fe25d7,04ba1e3829b32460,2,4096,1,1e-05,-0.1825489530569612,0.0009211290963546121,0.18255127701827992,179.71089200564003,0.18255127701827992,0.0,1.0238687000237405,finite_RF_static_Bloch,runs\combined_factor_study\cases\04ba1e3829b32460,90.0
screen,increasing_centering_taper,1000,read,90,1,0,8,434f15e1c7fe25d7,04ba1e3829b32460,3,4096,1,1e-05,0.136230753931856,0.0019604838633360717,0.13624485977026912,0.8244812175307219,0.13639903182378976,-100.00000000000287,1.0238967000041157,finite_RF_static_Bloch,runs\combined_factor_study\cases\04ba1e3829b32460,90.0
screen,increasing_centering_taper,1000,read,90,1,0,8,434f15e1c7fe25d7,04ba1e3829b32460,4,4096,1,1e-05,-0.11353475657122489,0.001634156341431871,0.11354651653236894,179.17537325814516,0.11364177305892086,-450.00000000000597,1.0239216000773013,finite_RF_static_Bloch,runs\combined_factor_study\cases\04ba1e3829b32460,90.0
screen,increasing_centering_taper,1000,read,90,1,0,8,434f15e1c7fe25d7,04ba1e3829b32460,5,4096,1,1e-05,0.09924708849638886,-0.0011740686757348482,0.09925403272545344,-0.6777633813587497,0.09948172556148345,-100.00000000000287,1.0239449000218883,finite_RF_static_Bloch,runs\combined_factor_study\cases\04ba1e3829b32460,90.0
screen,increasing_centering_taper,1000,read,90,1,0,8,434f15e1c7fe25d7,04ba1e3829b32460,6,4096,1,1e-05,-0.07389161180448539,-0.003094598992635351,0.07395638470064626,-177.60184000482602,0.07395638470064626,0.0,1.0239682000828907,finite_RF_static_Bloch,runs\combined_factor_study\cases\04ba1e3829b32460,90.0
screen,increasing_centering_taper,1000,read,90,1,0,8,434f15e1c7fe25d7,04ba1e3829b32460,7,4096,1,1e-05,0.06330558382854624,-0.0001635589003393833,0.06330579511693203,-0.14803139427775397,0.06375237857124585,-150.00000000001123,1.0239915000274777,finite_RF_static_Bloch,runs\combined_factor_study\cases\04ba1e3829b32460,90.0
screen,increasing_centering_taper,1000,read,90,1,0,8,434f15e1c7fe25d7,04ba1e3829b32460,8,4096,1,1e-05,-0.05230386476113517,0.0006851719644128479,0.05230835238823657,179.24947770855707,0.05230835238823658,0.0,1.0240142000839114,finite_RF_static_Bloch,runs\combined_factor_study\cases\04ba1e3829b32460,90.0
screen,weak_increasing_centering,1000,read,90,0.8,0,8,2d2f4765ae50fff9,052aa14fae9e0aeb,1,4096,1,1e-05,0.28710010648972295,-0.0027558501448304547,0.28711333277371676,-0.5499605518006698,0.2873763453224863,-50.000000000001435,1.5584854000480846,finite_RF_static_Bloch,runs\combined_factor_study\cases\052aa14fae9e0aeb,90.0
screen,weak_increasing_centering,1000,read,90,0.8,0,8,2d2f4765ae50fff9,052aa14fae9e0aeb,2,4096,1,1e-05,-0.20141609595172827,0.003933533323640517,0.20145450204163717,178.8811906462879,0.20145450204163717,0.0,1.5585375000955537,finite_RF_static_Bloch,runs\combined_factor_study\cases\052aa14fae9e0aeb,90.0
screen,weak_increasing_centering,1000,read,90,0.8,0,8,2d2f4765ae50fff9,052aa14fae9e0aeb,3,4096,1,1e-05,0.1502052207478243,-0.0006979490560573732,0.15020684229683906,-0.26623074234107824,0.15039735108913438,-49.99999999999449,1.558563300059177,finite_RF_static_Bloch,runs\combined_factor_study\cases\052aa14fae9e0aeb,90.0
screen,weak_increasing_centering,1000,read,90,0.8,0,8,2d2f4765ae50fff9,052aa14fae9e0aeb,4,4096,1,1e-05,-0.1223954025028465,-0.005622863382936402,0.12252449202692893,-177.36967257882176,0.12263450799691265,-50.00000000000837,1.5585864000022411,finite_RF_static_Bloch,runs\combined_factor_study\cases\052aa14fae9e0aeb,90.0
screen,weak_increasing_centering,1000,read,90,0.8,0,8,2d2f4765ae50fff9,052aa14fae9e0aeb,5,4096,1,1e-05,0.08962246342833166,0.000591919988708861,0.08962441810263361,0.37840986236564667,0.08965424293745876,-49.99999999999449,1.5586095000617206,finite_RF_static_Bloch,runs\combined_factor_study\cases\052aa14fae9e0aeb,90.0
screen,weak_increasing_centering,1000,read,90,0.8,0,8,2d2f4765ae50fff9,052aa14fae9e0aeb,6,4096,1,1e-05,-0.06851700538260116,0.0034419105598049718,0.06860340206506593,177.1241983711918,0.06860340206506593,0.0,1.5586309001082554,finite_RF_static_Bloch,runs\combined_factor_study\cases\052aa14fae9e0aeb,90.0
screen,weak_increasing_centering,1000,read,90,0.8,0,8,2d2f4765ae50fff9,052aa14fae9e0aeb,7,4096,1,1e-05,0.06157918710140318,-0.0024026228683076117,0.0616260406055503,-2.2343646690549623,0.06201915514456238,250.00000000000023,1.5586526000406593,finite_RF_static_Bloch,runs\combined_factor_study\cases\052aa14fae9e0aeb,90.0
screen,weak_increasing_centering,1000,read,90,0.8,0,8,2d2f4765ae50fff9,052aa14fae9e0aeb,8,4096,1,1e-05,-0.0505089673380313,-0.009459379164548644,0.05138711546421933,-169.392456689258,0.051877184501871475,-150.00000000001123,1.5586748000932857,finite_RF_static_Bloch,runs\combined_factor_study\cases\052aa14fae9e0aeb,90.0
screen,weak_increasing_centering,1000,read,0,1,0,8,345b2b1c4709d8a0,05e756070b2230da,1,4096,1,1e-05,-0.004910058550749369,0.2484525511242275,0.24850106405226652,91.13216392705218,0.24850106405226652,0.0,0.8633068000199273,finite_RF_static_Bloch,runs\combined_factor_study\cases\05e756070b2230da,0.0
screen,weak_increasing_centering,1000,read,0,1,0,8,345b2b1c4709d8a0,05e756070b2230da,2,4096,1,1e-05,-0.0056344292284990945,0.17823142437486358,0.17832046272770738,91.81068819494797,0.17846958335117855,-50.00000000000837,0.8633553000399843,finite_RF_static_Bloch,runs\combined_factor_study\cases\05e756070b2230da,0.0
screen,weak_increasing_centering,1000,read,0,1,0,8,345b2b1c4709d8a0,05e756070b2230da,3,4096,1,1e-05,-0.009150794746244972,0.1152953420476436,0.11565791344465384,94.53795561000297,0.11565791344465383,0.0,0.8633814000058919,finite_RF_static_Bloch,runs\combined_factor_study\cases\05e756070b2230da,0.0
screen,weak_increasing_centering,1000,read,0,1,0,8,345b2b1c4709d8a0,05e756070b2230da,4,4096,1,1e-05,0.0019815031443524505,0.09955560005315992,0.09957531750718053,88.85976500621184,0.09957531750718052,0.0,0.8634058000752702,finite_RF_static_Bloch,runs\combined_factor_study\cases\05e756070b2230da,0.0
screen,weak_increasing_centering,1000,read,0,1,0,8,345b2b1c4709d8a0,05e756070b2230da,5,4096,1,1e-05,0.00624935474913306,0.08937586338257568,0.08959408122282042,86.00026439166984,0.08967537742192444,-100.00000000000287,0.8634289000183344,finite_RF_static_Bloch,runs\combined_factor_study\cases\05e756070b2230da,0.0
screen,weak_increasing_centering,1000,read,0,1,0,8,345b2b1c4709d8a0,05e756070b2230da,6,4096,1,1e-05,0.0027764878747194824,0.0737265247326154,0.07377878647732974,87.8433013416531,0.07380172370424708,50.00000000002225,0.8634513000724837,finite_RF_static_Bloch,runs\combined_factor_study\cases\05e756070b2230da,0.0
screen,weak_increasing_centering,1000,read,0,1,0,8,345b2b1c4709d8a0,05e756070b2230da,7,4096,1,1e-05,0.005537948700603762,0.06017077763029793,0.060425088799647454,84.74147267920871,0.060555203703046276,-400.0000000000115,0.8634737000102177,finite_RF_static_Bloch,runs\combined_factor_study\cases\05e756070b2230da,0.0
screen,weak_increasing_centering,1000,read,0,1,0,8,345b2b1c4709d8a0,05e756070b2230da,8,4096,1,1e-05,-0.0001373916003234181,0.05287661323908951,0.05287679173406888,90.14887377691925,0.05296802781771935,-49.99999999999449,0.8634960000636056,finite_RF_static_Bloch,runs\combined_factor_study\cases\05e756070b2230da,0.0
screen,irregular_energy_matched,1000,read,90,0.8,0,8,f2bef2f4a2f32c36,0912ca8532113ebf,1,4096,1,1e-05,0.2697744019263688,-0.002610747172157214,0.2697870344096004,-0.5544637436942854,0.26982065473564965,50.000000000001435,7.316504599992186,finite_RF_static_Bloch,runs\combined_factor_study\cases\0912ca8532113ebf,90.0
screen,irregular_energy_matched,1000,read,90,0.8,0,8,f2bef2f4a2f32c36,0912ca8532113ebf,2,4096,1,1e-05,-0.18715931718525197,-0.00014883904802395634,0.18715937636760807,-179.9544353569514,0.18726480857211772,-49.99999999999449,7.316568200010806,finite_RF_static_Bloch,runs\combined_factor_study\cases\0912ca8532113ebf,90.0
screen,irregular_energy_matched,1000,read,90,0.8,0,8,f2bef2f4a2f32c36,0912ca8532113ebf,3,4096,1,1e-05,0.13673189464273147,-0.010481246272156446,0.13713302861093898,-4.383461915703602,0.13721787348626205,49.99999999999449,7.316594299976714,finite_RF_static_Bloch,runs\combined_factor_study\cases\0912ca8532113ebf,90.0
screen,irregular_energy_matched,1000,read,90,0.8,0,8,f2bef2f4a2f32c36,0912ca8532113ebf,4,4096,1,1e-05,-0.09559363930302957,0.0028056231826085495,0.09563480222513408,178.31888150786168,0.09577996718159476,-49.99999999999449,7.316617700038478,finite_RF_static_Bloch,runs\combined_factor_study\cases\0912ca8532113ebf,90.0
screen,irregular_energy_matched,1000,read,90,0.8,0,8,f2bef2f4a2f32c36,0912ca8532113ebf,5,4096,1,1e-05,0.08141066498977961,-0.006576589993058724,0.08167587103921775,-4.618490353401702,0.08169911857750456,49.99999999999449,7.316640099976212,finite_RF_static_Bloch,runs\combined_factor_study\cases\0912ca8532113ebf,90.0
screen,irregular_energy_matched,1000,read,90,0.8,0,8,f2bef2f4a2f32c36,0912ca8532113ebf,6,4096,1,1e-05,-0.058668429156647696,0.004732927128715226,0.05885902801537177,175.3877960847468,0.05886165990011955,49.99999999999449,7.3166617000242695,finite_RF_static_Bloch,runs\combined_factor_study\cases\0912ca8532113ebf,90.0
screen,irregular_energy_matched,1000,read,90,0.8,0,8,f2bef2f4a2f32c36,0912ca8532113ebf,7,4096,1,1e-05,0.044959005510690445,0.0015810368232735568,0.04498679644014275,2.01404417636042,0.045035874656935954,49.99999999999449,7.316682899952866,finite_RF_static_Bloch,runs\combined_factor_study\cases\0912ca8532113ebf,90.0
screen,irregular_energy_matched,1000,read,90,0.8,0,8,f2bef2f4a2f32c36,0912ca8532113ebf,8,4096,1,1e-05,-0.03567616010051693,0.0024852610375908626,0.035762619058769776,176.01511763850127,0.03582955748396462,-49.99999999999449,7.3167111000511795,finite_RF_static_Bloch,runs\combined_factor_study\cases\0912ca8532113ebf,90.0
screen,centering,1000,read,90,0.8,0,8,bdac07114c5e0e38,0a34b85a55c50e44,1,4096,1,1e-05,0.28710010648972295,-0.0027558501448304547,0.28711333277371676,-0.5499605518006698,0.2873763453224863,-50.000000000001435,2.6421202000929043,finite_RF_static_Bloch,runs\combined_factor_study\cases\0a34b85a55c50e44,90.0
screen,centering,1000,read,90,0.8,0,8,bdac07114c5e0e38,0a34b85a55c50e44,2,4096,1,1e-05,-0.20141609595172827,0.003933533323640517,0.20145450204163717,178.8811906462879,0.20145450204163717,0.0,2.642169600003399,finite_RF_static_Bloch,runs\combined_factor_study\cases\0a34b85a55c50e44,90.0
screen,centering,1000,read,90,0.8,0,8,bdac07114c5e0e38,0a34b85a55c50e44,3,4096,1,1e-05,0.10596818005037892,0.002872096996575491,0.10600709468873894,1.5525298183508955,0.10604708989290001,-49.99999999999449,2.642194800078869,finite_RF_static_Bloch,runs\combined_factor_study\cases\0a34b85a55c50e44,90.0
screen,centering,1000,read,90,0.8,0,8,bdac07114c5e0e38,0a34b85a55c50e44,4,4096,1,1e-05,-0.044591803686655725,0.001929479867319487,0.044633528300904404,177.52236673098776,0.04464700408690448,49.99999999999449,2.6422213000478223,finite_RF_static_Bloch,runs\combined_factor_study\cases\0a34b85a55c50e44,90.0
screen,centering,1000,read,90,0.8,0,8,bdac07114c5e0e38,0a34b85a55c50e44,5,4096,1,1e-05,-0.0035855032300633233,0.004098801285147301,0.00544573276868409,131.1784197103012,0.00943695308140303,-2900.0,2.6422555000754073,finite_RF_static_Bloch,runs\combined_factor_study\cases\0a34b85a55c50e44,90.0
screen,centering,1000,read,90,0.8,0,8,bdac07114c5e0e38,0a34b85a55c50e44,6,4096,1,1e-05,0.01962188691908978,0.0021591744193898543,0.019740326249555608,6.27951093066302,0.019986851032087548,-149.9999999999835,2.642277600010857,finite_RF_static_Bloch,runs\combined_factor_study\cases\0a34b85a55c50e44,90.0
screen,centering,1000,read,90,0.8,0,8,bdac07114c5e0e38,0a34b85a55c50e44,7,4096,1,1e-05,-0.04361115899274597,0.002625673361676047,0.043690128739714,176.55458310958946,0.043750070819626286,-950.0000000000064,2.642298600054346,finite_RF_static_Bloch,runs\combined_factor_study\cases\0a34b85a55c50e44,90.0
screen,centering,1000,read,90,0.8,0,8,bdac07114c5e0e38,0a34b85a55c50e44,8,4096,1,1e-05,0.042446014586468205,0.0027931014361975144,0.04253781341239298,3.76484192465876,0.04261912149333036,-49.99999999999449,2.6423192000947893,finite_RF_static_Bloch,runs\combined_factor_study\cases\0a34b85a55c50e44,90.0
screen,centering,1000,read,90,1,0,8,bdac07114c5e0e38,0c190f8ba5955f1f,1,4096,1,1e-05,0.24801095795424974,-0.004883178596691768,0.24805902664203094,-1.127971844426363,0.24833080151775808,-50.000000000001435,0.703499999945052,finite_RF_static_Bloch,runs\combined_factor_study\cases\0c190f8ba5955f1f,90.0
screen,centering,1000,read,90,1,0,8,bdac07114c5e0e38,0c190f8ba5955f1f,2,4096,1,1e-05,-0.1825489530569612,0.0009211290963546121,0.18255127701827992,179.71089200564003,0.18255127701827992,0.0,0.7035559999058023,finite_RF_static_Bloch,runs\combined_factor_study\cases\0c190f8ba5955f1f,90.0
screen,centering,1000,read,90,1,0,8,bdac07114c5e0e38,0c190f8ba5955f1f,3,4096,1,1e-05,0.10185349554442169,0.003078151875260122,0.10189999790767759,1.7310299108755751,0.10231466150519179,-100.00000000000287,0.7035830999957398,finite_RF_static_Bloch,runs\combined_factor_study\cases\0c190f8ba5955f1f,90.0
screen,centering,1000,read,90,1,0,8,bdac07114c5e0e38,0c190f8ba5955f1f,4,4096,1,1e-05,-0.05169312993323466,0.0016160215078652573,0.05171838365424972,178.20941261213838,0.05171838365424972,0.0,0.7036063999403268,finite_RF_static_Bloch,runs\combined_factor_study\cases\0c190f8ba5955f1f,90.0
screen,centering,1000,read,90,1,0,8,bdac07114c5e0e38,0c190f8ba5955f1f,5,4096,1,1e-05,0.043178249492154125,-0.003392623660253908,0.04331132790052532,-4.492643351502306,0.04347536102199626,-100.00000000000287,0.7036291999975219,finite_RF_static_Bloch,runs\combined_factor_study\cases\0c190f8ba5955f1f,90.0
screen,centering,1000,read,90,1,0,8,bdac07114c5e0e38,0c190f8ba5955f1f,6,4096,1,1e-05,-0.011565303894768793,0.0003383361972320012,0.011570251750100843,178.32432341803062,0.012489971087007624,1000.0000000000009,0.7036530999466777,finite_RF_static_Bloch,runs\combined_factor_study\cases\0c190f8ba5955f1f,90.0
screen,centering,1000,read,90,1,0,8,bdac07114c5e0e38,0c190f8ba5955f1f,7,4096,1,1e-05,0.012916624677700453,0.0012055279020424141,0.012972759559445442,5.332054508763407,0.014272479364906087,-1150.000000000012,0.7036763000069186,finite_RF_static_Bloch,runs\combined_factor_study\cases\0c190f8ba5955f1f,90.0
screen,centering,1000,read,90,1,0,8,bdac07114c5e0e38,0c190f8ba5955f1f,8,4096,1,1e-05,0.0029490453150104335,0.0005011433650164348,0.0029913229418244,9.644375606712996,0.005652244109548849,-3200.000000000008,0.703702799975872,finite_RF_static_Bloch,runs\combined_factor_study\cases\0c190f8ba5955f1f,90.0
screen,quadratic,1000,read,0,0.8,0,8,63df1e5ea8c19f01,0c90f69cb127a138,1,4096,1,1e-05,-0.004991579147107938,0.2738999308650644,0.2739454106026763,91.04404832138634,0.27420228076127723,50.000000000001435,1.4893465000204742,finite_RF_static_Bloch,runs\combined_factor_study\cases\0c90f69cb127a138,0.0
screen,quadratic,1000,read,0,0.8,0,8,63df1e5ea8c19f01,0c90f69cb127a138,2,4096,1,1e-05,0.006792072383082392,0.20300274302849206,0.20311633593669665,88.08371078789177,0.20324231206180873,-49.99999999999449,1.4894226000178605,finite_RF_static_Bloch,runs\combined_factor_study\cases\0c90f69cb127a138,0.0
screen,quadratic,1000,read,0,0.8,0,8,63df1e5ea8c19f01,0c90f69cb127a138,3,4096,1,1e-05,-0.009007523857669147,0.17614310972024486,0.1763732706165101,92.92741474250461,0.17651996826612892,49.99999999999449,1.4894721999298781,finite_RF_static_Bloch,runs\combined_factor_study\cases\0c90f69cb127a138,0.0
screen,quadratic,1000,read,0,0.8,0,8,63df1e5ea8c19f01,0c90f69cb127a138,4,4096,1,1e-05,0.007539304280420591,0.12793259444195437,0.1281545544632821,86.62735454712507,0.12826047905234758,-49.99999999999449,1.489514600019902,finite_RF_static_Bloch,runs\combined_factor_study\cases\0c90f69cb127a138,0.0
screen,quadratic,1000,read,0,0.8,0,8,63df1e5ea8c19f01,0c90f69cb127a138,5,4096,1,1e-05,-0.00499556385700451,0.08043437781777449,0.08058935905677563,93.55392261839494,0.08066912911335386,49.99999999999449,1.4895595000125468,finite_RF_static_Bloch,runs\combined_factor_study\cases\0c90f69cb127a138,0.0
screen,quadratic,1000,read,0,0.8,0,8,63df1e5ea8c19f01,0c90f69cb127a138,6,4096,1,1e-05,0.009248092221091743,0.07273071106172159,0.07331632520300953,82.75342877731096,0.07402797658842174,-450.00000000000597,1.4896070000249892,finite_RF_static_Bloch,runs\combined_factor_study\cases\0c90f69cb127a138,0.0
screen,quadratic,1000,read,0,0.8,0,8,63df1e5ea8c19f01,0c90f69cb127a138,7,4096,1,1e-05,-0.004384269710745424,0.056537242234995094,0.0567069799974842,94.43421754261834,0.05694932688263721,99.99999999998899,1.489651900017634,finite_RF_static_Bloch,runs\combined_factor_study\cases\0c90f69cb127a138,0.0
screen,quadratic,1000,read,0,0.8,0,8,63df1e5ea8c19f01,0c90f69cb127a138,8,4096,1,1e-05,0.006412736661368112,0.041949444065070646,0.04243676529681009,81.30858196712978,0.04264696353181988,-99.99999999998899,1.4896962000057101,finite_RF_static_Bloch,runs\combined_factor_study\cases\0c90f69cb127a138,0.0
screen,high_low_alternating,1000,read,0,1,0,8,5ef6cf54a543e4db,12de29f69db36755,1,4096,1,1e-05,-0.0032448769234316712,0.2454870004702392,0.2455084451217991,90.75729845474417,0.24605053744096478,100.00000000000287,0.75227779999841,finite_RF_static_Bloch,runs\combined_factor_study\cases\12de29f69db36755,0.0
screen,high_low_alternating,1000,read,0,1,0,8,5ef6cf54a543e4db,12de29f69db36755,2,4096,1,1e-05,0.0023357412918315295,0.17462334244747005,0.17463896304922555,89.23366409217745,0.17463896304922555,0.0,0.7523309000534937,finite_RF_static_Bloch,runs\combined_factor_study\cases\12de29f69db36755,0.0
screen,high_low_alternating,1000,read,0,1,0,8,5ef6cf54a543e4db,12de29f69db36755,3,4096,1,1e-05,-0.0007177782831918676,0.12636547323572522,0.12636751177321096,90.32544668183523,0.12652100962206525,49.99999999999449,0.7523575000232086,finite_RF_static_Bloch,runs\combined_factor_study\cases\12de29f69db36755,0.0
screen,high_low_alternating,1000,read,0,1,0,8,5ef6cf54a543e4db,12de29f69db36755,4,4096,1,1e-05,-0.002096433698414146,0.09319261550460273,0.09321619290037846,91.288691668036,0.09321619290037847,0.0,0.7523808000842109,finite_RF_static_Bloch,runs\combined_factor_study\cases\12de29f69db36755,0.0
screen,high_low_alternating,1000,read,0,1,0,8,5ef6cf54a543e4db,12de29f69db36755,5,4096,1,1e-05,0.002484674587471084,0.07107184502022826,0.0711152639198152,87.99775267480904,0.07150403394892565,-399.99999999999756,0.7524034000234678,finite_RF_static_Bloch,runs\combined_factor_study\cases\12de29f69db36755,0.0
screen,high_low_alternating,1000,read,0,1,0,8,5ef6cf54a543e4db,12de29f69db36755,6,4096,1,1e-05,0.0033156756552930144,0.0571622921048162,0.05725837356865313,86.68030120590288,0.05727815733385315,-49.99999999999449,0.7524253000738099,finite_RF_static_Bloch,runs\combined_factor_study\cases\12de29f69db36755,0.0
screen,high_low_alternating,1000,read,0,1,0,8,5ef6cf54a543e4db,12de29f69db36755,7,4096,1,1e-05,-0.0005282279611579169,0.04850549095903382,0.04850836709224359,90.62393011310124,0.04860169929985358,49.99999999999449,0.7524474000092596,finite_RF_static_Bloch,runs\combined_factor_study\cases\12de29f69db36755,0.0
screen,high_low_alternating,1000,read,0,1,0,8,5ef6cf54a543e4db,12de29f69db36755,8,4096,1,1e-05,0.0022415566764693155,0.03922935360954774,0.039293342450811695,86.72968774964896,0.039336659728031693,-49.99999999999449,0.7524691000580788,finite_RF_static_Bloch,runs\combined_factor_study\cases\12de29f69db36755,0.0
screen,original,1000,read,90,0.8,0,8,3c645498b9004a58,15a1611ba38028bc,1,4096,1,1e-05,0.2697744019263688,-0.002610747172157214,0.2697870344096004,-0.5544637436942854,0.26982065473564965,50.000000000001435,1.560722399968654,finite_RF_static_Bloch,runs\combined_factor_study\cases\15a1611ba38028bc,90.0
screen,original,1000,read,90,0.8,0,8,3c645498b9004a58,15a1611ba38028bc,2,4096,1,1e-05,-0.19942779818713444,0.002761026444804865,0.19944691012095758,179.20680538240137,0.1994469101209576,0.0,1.5607709999894723,finite_RF_static_Bloch,runs\combined_factor_study\cases\15a1611ba38028bc,90.0
screen,original,1000,read,90,0.8,0,8,3c645498b9004a58,15a1611ba38028bc,3,4096,1,1e-05,0.1025895450168853,0.0023483882638571,0.1026164201003395,1.3113348103688571,0.10277408661536803,100.00000000000287,1.5607972000725567,finite_RF_static_Bloch,runs\combined_factor_study\cases\15a1611ba38028bc,90.0
screen,original,1000,read,90,0.8,0,8,3c645498b9004a58,15a1611ba38028bc,4,4096,1,1e-05,-0.04499167112355308,-0.0005978509928417442,0.04499564308129846,-179.23869636518216,0.04500283878360813,49.99999999999449,1.5608217000262812,finite_RF_static_Bloch,runs\combined_factor_study\cases\15a1611ba38028bc,90.0
screen,original,1000,read,90,0.8,0,8,3c645498b9004a58,15a1611ba38028bc,5,4096,1,1e-05,-0.003069001308399183,0.004592357151757061,0.005523451207374798,123.7541948654772,0.007004327214271348,1799.9999999999961,1.5608526000287384,finite_RF_static_Bloch,runs\combined_factor_study\cases\15a1611ba38028bc,90.0
screen,original,1000,read,90,0.8,0,8,3c645498b9004a58,15a1611ba38028bc,6,4096,1,1e-05,0.019860460756066595,0.0017136901820153717,0.019934257836277655,4.931638745221336,0.02108332285154109,-849.9999999999897,1.5608774999855086,finite_RF_static_Bloch,runs\combined_factor_study\cases\15a1611ba38028bc,90.0
screen,original,1000,read,90,0.8,0,8,3c645498b9004a58,15a1611ba38028bc,7,4096,1,1e-05,-0.04132097828873353,0.001974572303048442,0.04136813003409695,177.26413394152078,0.04136813003409695,0.0,1.5608994000358507,finite_RF_static_Bloch,runs\combined_factor_study\cases\15a1611ba38028bc,90.0
screen,original,1000,read,90,0.8,0,8,3c645498b9004a58,15a1611ba38028bc,8,4096,1,1e-05,0.04176078400911361,0.001655912470265133,0.041793601509860556,2.2707216766397593,0.041793601509860556,0.0,1.560921199969016,finite_RF_static_Bloch,runs\combined_factor_study\cases\15a1611ba38028bc,90.0
screen,increasing_rf180,1000,read,90,0.8,0,8,b088da44b1632a36,164e0755158b5673,1,4096,1,1e-05,0.2697744019263688,-0.002610747172157214,0.2697870344096004,-0.5544637436942854,0.26982065473564965,50.000000000001435,1.7355481000849977,finite_RF_static_Bloch,runs\combined_factor_study\cases\164e0755158b5673,90.0
screen,increasing_rf180,1000,read,90,0.8,0,8,b088da44b1632a36,164e0755158b5673,2,4096,1,1e-05,-0.20083789138006375,0.001980994128975894,0.20084766105615798,179.4348729648681,0.20095250060967998,-49.99999999999449,1.7356276999926195,finite_RF_static_Bloch,runs\combined_factor_study\cases\164e0755158b5673,90.0
screen,increasing_rf180,1000,read,90,0.8,0,8,b088da44b1632a36,164e0755158b5673,3,4096,1,1e-05,0.15234801398489345,-0.0037626967886684923,0.15239447251217725,-1.4148056185876905,0.15258500796638647,49.99999999999449,1.735679000033997,finite_RF_static_Bloch,runs\combined_factor_study\cases\164e0755158b5673,90.0
screen,increasing_rf180,1000,read,90,0.8,0,8,b088da44b1632a36,164e0755158b5673,4,4096,1,1e-05,-0.12326622208953524,0.0070463269375297,0.12346745413888302,176.72833398933543,0.1237515865401511,-100.00000000000287,1.7357283000601456,finite_RF_static_Bloch,runs\combined_factor_study\cases\164e0755158b5673,90.0
screen,increasing_rf180,1000,read,90,0.8,0,8,b088da44b1632a36,164e0755158b5673,5,4096,1,1e-05,0.10287584793467155,-0.0017828143809925662,0.10289129465311796,-0.992823076378833,0.10299851023972455,49.99999999999449,1.7357770000817254,finite_RF_static_Bloch,runs\combined_factor_study\cases\164e0755158b5673,90.0
screen,increasing_rf180,1000,read,90,0.8,0,8,b088da44b1632a36,164e0755158b5673,6,4096,1,1e-05,-0.08278154332134238,0.001824734094767511,0.08280165197132176,178.73724709475056,0.08283903160699074,-49.99999999999449,1.735821400070563,finite_RF_static_Bloch,runs\combined_factor_study\cases\164e0755158b5673,90.0
screen,increasing_rf180,1000,read,90,0.8,0,8,b088da44b1632a36,164e0755158b5673,7,4096,1,1e-05,0.06315187324069006,-0.00046058930597228003,0.06315355284001813,-0.41787130077157614,0.06320753481902167,49.99999999999449,1.7358718999894336,finite_RF_static_Bloch,runs\combined_factor_study\cases\164e0755158b5673,90.0
screen,increasing_rf180,1000,read,90,0.8,0,8,b088da44b1632a36,164e0755158b5673,8,4096,1,1e-05,-0.05531303899103352,-0.0035382679615724912,0.05542609153270222,-176.33988682035627,0.055435292834690876,49.99999999999449,1.7359174999874085,finite_RF_static_Bloch,runs\combined_factor_study\cases\164e0755158b5673,90.0
screen,inc_alt_center_flip160,1000,read,90,1,0,8,e195e48eac6f6195,16968c301fe79a5d,1,4096,1,1e-05,0.27618006544494417,-0.003671032963349595,0.2762044623683543,-0.7615405144727777,0.2764881092592899,-50.000000000001435,0.8123610999900848,finite_RF_static_Bloch,runs\combined_factor_study\cases\16968c301fe79a5d,90.0
screen,inc_alt_center_flip160,1000,read,90,1,0,8,e195e48eac6f6195,16968c301fe79a5d,2,4096,1,1e-05,-0.1975528967412322,-0.00112951031327582,0.19755612570710063,-179.67241447855164,0.19761299220067824,-50.00000000000837,0.8124187999637797,finite_RF_static_Bloch,runs\combined_factor_study\cases\16968c301fe79a5d,90.0
screen,inc_alt_center_flip160,1000,read,90,1,0,8,e195e48eac6f6195,16968c301fe79a5d,3,4096,1,1e-05,0.14254603619309777,0.0024926080567581168,0.14256782781991367,1.001791223009553,0.14261216191593484,49.99999999999449,0.8124471999472007,finite_RF_static_Bloch,runs\combined_factor_study\cases\16968c301fe79a5d,90.0
screen,inc_alt_center_flip160,1000,read,90,1,0,8,e195e48eac6f6195,16968c301fe79a5d,4,4096,1,1e-05,-0.11953688898901585,-0.0012730262408834946,0.11954366743990365,-179.38984296684947,0.11968698245074005,-50.00000000000837,0.8124723000219092,finite_RF_static_Bloch,runs\combined_factor_study\cases\16968c301fe79a5d,90.0
screen,inc_alt_center_flip160,1000,read,90,1,0,8,e195e48eac6f6195,16968c301fe79a5d,5,4096,1,1e-05,0.0891184258492923,0.0012322056838857626,0.08912694405567383,0.7921558984234642,0.0891457460872407,-49.99999999999449,0.8125028000213206,finite_RF_static_Bloch,runs\combined_factor_study\cases\16968c301fe79a5d,90.0
screen,inc_alt_center_flip160,1000,read,90,1,0,8,e195e48eac6f6195,16968c301fe79a5d,6,4096,1,1e-05,-0.0689051723387449,-0.0004850875646066719,0.06890687980874965,-179.5966484073287,0.0695821144308968,-699.9999999999784,0.8125398999545723,finite_RF_static_Bloch,runs\combined_factor_study\cases\16968c301fe79a5d,90.0
screen,inc_alt_center_flip160,1000,read,90,1,0,8,e195e48eac6f6195,16968c301fe79a5d,7,4096,1,1e-05,0.05513917804678867,-0.003342543876043837,0.05524039785554354,-3.4690321504094395,0.055240397855543535,0.0,0.8125713999615982,finite_RF_static_Bloch,runs\combined_factor_study\cases\16968c301fe79a5d,90.0
screen,inc_alt_center_flip160,1000,read,90,1,0,8,e195e48eac6f6195,16968c301fe79a5d,8,4096,1,1e-05,-0.04450323867942349,-0.0008272128930256938,0.04451092600843217,-178.93512581088441,0.04483368406101767,-400.0000000000115,0.8126015999587253,finite_RF_static_Bloch,runs\combined_factor_study\cases\16968c301fe79a5d,90.0
screen,high_low_energy_matched,1000,read,0,0.8,0,8,3bf36ee0c40a6366,18713abca84c9910,1,4096,1,1e-05,-0.004991579147107938,0.2738999308650644,0.2739454106026763,91.04404832138634,0.27420228076127723,50.000000000001435,7.291887600091286,finite_RF_static_Bloch,runs\combined_factor_study\cases\18713abca84c9910,0.0
screen,high_low_energy_matched,1000,read,0,0.8,0,8,3bf36ee0c40a6366,18713abca84c9910,2,4096,1,1e-05,0.0005639908244657885,0.201664475063151,0.20166526371228718,89.83976250815398,0.20184176337194218,-49.99999999999449,7.2919340000953525,finite_RF_static_Bloch,runs\combined_factor_study\cases\18713abca84c9910,0.0
screen,high_low_energy_matched,1000,read,0,0.8,0,8,3bf36ee0c40a6366,18713abca84c9910,3,4096,1,1e-05,-0.01310323158526839,0.1354311089422714,0.13606351438688682,95.52628074164868,0.1364317754005155,100.00000000000287,7.291959300055169,finite_RF_static_Bloch,runs\combined_factor_study\cases\18713abca84c9910,0.0
screen,high_low_energy_matched,1000,read,0,0.8,0,8,3bf36ee0c40a6366,18713abca84c9910,4,4096,1,1e-05,-0.0004297316712576719,0.08854588546124988,0.08854692824387565,90.27806619866733,0.08860818748537573,-49.99999999999449,7.291982099995948,finite_RF_static_Bloch,runs\combined_factor_study\cases\18713abca84c9910,0.0
screen,high_low_energy_matched,1000,read,0,0.8,0,8,3bf36ee0c40a6366,18713abca84c9910,5,4096,1,1e-05,-0.007452261599614552,0.06032434674834705,0.060782917119564926,97.04244194333097,0.06078841922370019,49.99999999999449,7.292003800044768,finite_RF_static_Bloch,runs\combined_factor_study\cases\18713abca84c9910,0.0
screen,high_low_energy_matched,1000,read,0,0.8,0,8,3bf36ee0c40a6366,18713abca84c9910,6,4096,1,1e-05,-0.00040465831343125384,0.03863713996300251,0.03863925895861973,90.60005388219415,0.038715729008648204,-150.00000000001123,7.292025600094348,finite_RF_static_Bloch,runs\combined_factor_study\cases\18713abca84c9910,0.0
screen,high_low_energy_matched,1000,read,0,0.8,0,8,3bf36ee0c40a6366,18713abca84c9910,7,4096,1,1e-05,-0.007681788221812439,0.02738006679707869,0.028437263020502996,105.6720662885835,0.028437263020502992,0.0,7.292047000024468,finite_RF_static_Bloch,runs\combined_factor_study\cases\18713abca84c9910,0.0
screen,high_low_energy_matched,1000,read,0,0.8,0,8,3bf36ee0c40a6366,18713abca84c9910,8,4096,1,1e-05,-0.0018873867571431422,0.015502415509445385,0.015616885585754034,96.94147936497453,0.01587063252124613,-250.00000000000023,7.292068500071764,finite_RF_static_Bloch,runs\combined_factor_study\cases\18713abca84c9910,0.0
screen,original_duration500,1000,read,0,1,0,8,754ddbb95367babc,19253ead19fdf8ab,1,4096,1,1e-05,-0.0032448769234316712,0.2454870004702392,0.2455084451217991,90.75729845474417,0.24605053744096478,100.00000000000287,0.8761086999438703,finite_RF_static_Bloch,runs\combined_factor_study\cases\19253ead19fdf8ab,0.0
screen,original_duration500,1000,read,0,1,0,8,754ddbb95367babc,19253ead19fdf8ab,2,4096,1,1e-05,-0.003180891475143328,0.17405552623827217,0.17408458945196295,91.0469726246183,0.17416383013924483,-49.99999999999449,0.8761759999906644,finite_RF_static_Bloch,runs\combined_factor_study\cases\19253ead19fdf8ab,0.0
screen,original_duration500,1000,read,0,1,0,8,754ddbb95367babc,19253ead19fdf8ab,3,4096,1,1e-05,0.0012928336983222379,0.16070493098899047,0.16071013117768185,89.53907875661476,0.16080665836239308,49.99999999999449,0.8762115000281483,finite_RF_static_Bloch,runs\combined_factor_study\cases\19253ead19fdf8ab,0.0
screen,original_duration500,1000,read,0,1,0,8,754ddbb95367babc,19253ead19fdf8ab,4,4096,1,1e-05,0.00489552555105059,0.1292291214377469,0.12932181563059236,87.83052853938116,0.12932181563059236,0.0,0.876238500000909,finite_RF_static_Bloch,runs\combined_factor_study\cases\19253ead19fdf8ab,0.0
screen,original_duration500,1000,read,0,1,0,8,754ddbb95367babc,19253ead19fdf8ab,5,4096,1,1e-05,0.005766853024670433,0.11154795181827497,0.11169692094529887,87.04053338225533,0.11169692094529886,0.0,0.8762624999508262,finite_RF_static_Bloch,runs\combined_factor_study\cases\19253ead19fdf8ab,0.0
screen,original_duration500,1000,read,0,1,0,8,754ddbb95367babc,19253ead19fdf8ab,6,4096,1,1e-05,0.00728940352450401,0.09020820602219709,0.09050224216828115,85.38017021195006,0.09055432462927696,-49.99999999999449,0.8762865000171587,finite_RF_static_Bloch,runs\combined_factor_study\cases\19253ead19fdf8ab,0.0
screen,original_duration500,1000,read,0,1,0,8,754ddbb95367babc,19253ead19fdf8ab,7,4096,1,1e-05,-0.0031280812430030574,0.07879118094333695,0.07885325032431124,92.27350037168077,0.07893215438532837,49.99999999999449,0.8763095999602228,finite_RF_static_Bloch,runs\combined_factor_study\cases\19253ead19fdf8ab,0.0
screen,original_duration500,1000,read,0,1,0,8,754ddbb95367babc,19253ead19fdf8ab,8,4096,1,1e-05,0.005643905364635043,0.06245469070555217,0.06270918639953113,84.83632081209868,0.06270918639953114,0.0,0.8763323000166565,finite_RF_static_Bloch,runs\combined_factor_study\cases\19253ead19fdf8ab,0.0
screen,increasing_alternating,1000,read,90,1,0,8,50d3353c9290bdcb,1967d73eb162590c,1,4096,1,1e-05,0.2441691149836675,-0.0033245236253082477,0.2441917467263025,-0.7800716445389309,0.2442087075211705,50.000000000001435,0.8768152999691665,finite_RF_static_Bloch,runs\combined_factor_study\cases\1967d73eb162590c,90.0
screen,increasing_alternating,1000,read,90,1,0,8,50d3353c9290bdcb,1967d73eb162590c,2,4096,1,1e-05,-0.17173573565104486,-0.0005166693388223777,0.17173651285271643,-179.82762537399165,0.17176569821706344,-49.99999999999449,0.8768618999747559,finite_RF_static_Bloch,runs\combined_factor_study\cases\1967d73eb162590c,90.0
screen,increasing_alternating,1000,read,90,1,0,8,50d3353c9290bdcb,1967d73eb162590c,3,4096,1,1e-05,0.12829960973260063,-0.0032673229324221994,0.12834120638626692,-1.4587991425133842,0.12901389273086353,149.99999999999736,0.8768870999338105,finite_RF_static_Bloch,runs\combined_factor_study\cases\1967d73eb162590c,90.0
screen,increasing_alternating,1000,read,90,1,0,8,50d3353c9290bdcb,1967d73eb162590c,4,4096,1,1e-05,-0.1036484618257006,0.005230468748116236,0.10378035190805018,177.11110248676866,0.10436664572984064,-549.9999999999949,0.87691019999329,finite_RF_static_Bloch,runs\combined_factor_study\cases\1967d73eb162590c,90.0
screen,increasing_alternating,1000,read,90,1,0,8,50d3353c9290bdcb,1967d73eb162590c,5,4096,1,1e-05,0.06574526579063898,0.0025372970254770133,0.06579420833232405,2.2101104724318983,0.06591748314047641,100.00000000000287,0.8769322000443935,finite_RF_static_Bloch,runs\combined_factor_study\cases\1967d73eb162590c,90.0
screen,increasing_alternating,1000,read,90,1,0,8,50d3353c9290bdcb,1967d73eb162590c,6,4096,1,1e-05,-0.05517717957413581,0.0015401129887308096,0.05519866931162822,178.4011674836408,0.055332744583519784,-250.00000000000023,0.8769536999752745,finite_RF_static_Bloch,runs\combined_factor_study\cases\1967d73eb162590c,90.0
screen,increasing_alternating,1000,read,90,1,0,8,50d3353c9290bdcb,1967d73eb162590c,7,4096,1,1e-05,0.04014164572185297,0.0011594143134388856,0.04015838595871308,1.6544185560185747,0.04015838595871308,0.0,0.8769750000210479,finite_RF_static_Bloch,runs\combined_factor_study\cases\1967d73eb162590c,90.0
screen,increasing_alternating,1000,read,90,1,0,8,50d3353c9290bdcb,1967d73eb162590c,8,4096,1,1e-05,-0.030908557875344272,-2.7565080311712912e-05,0.030908570166980533,-179.94890210175927,0.030910711275730873,-49.99999999999449,0.876996299950406,finite_RF_static_Bloch,runs\combined_factor_study\cases\1967d73eb162590c,90.0
screen,increasing,1000,read,90,1,0,8,f2f3723dff211305,1e661de1f40790c7,1,4096,1,1e-05,0.2441691149836675,-0.0033245236253082477,0.2441917467263025,-0.7800716445389309,0.2442087075211705,50.000000000001435,0.9562623000238091,finite_RF_static_Bloch,runs\combined_factor_study\cases\1e661de1f40790c7,90.0
screen,increasing,1000,read,90,1,0,8,f2f3723dff211305,1e661de1f40790c7,2,4096,1,1e-05,-0.1809909593379285,-0.002291309472639517,0.1810054625174696,-179.27468559794627,0.1810054625174696,0.0,0.9563879000488669,finite_RF_static_Bloch,runs\combined_factor_study\cases\1e661de1f40790c7,90.0
screen,increasing,1000,read,90,1,0,8,f2f3723dff211305,1e661de1f40790c7,3,4096,1,1e-05,0.13348768112670123,0.00238877570674995,0.13350905310862266,1.025204408548733,0.13375215845809338,100.00000000000287,0.9564341000514105,finite_RF_static_Bloch,runs\combined_factor_study\cases\1e661de1f40790c7,90.0
screen,increasing,1000,read,90,1,0,8,f2f3723dff211305,1e661de1f40790c7,4,4096,1,1e-05,-0.11261478499902836,-0.002250541845053614,0.1126372706477466,-178.855129125852,0.11263727064774659,0.0,0.956486799987033,finite_RF_static_Bloch,runs\combined_factor_study\cases\1e661de1f40790c7,90.0
screen,increasing,1000,read,90,1,0,8,f2f3723dff211305,1e661de1f40790c7,5,4096,1,1e-05,0.09136697986195867,0.00031092620696730223,0.09136750890881146,0.19497952824199224,0.09156077975884742,-350.00000000000307,0.9565324999857694,finite_RF_static_Bloch,runs\combined_factor_study\cases\1e661de1f40790c7,90.0
screen,increasing,1000,read,90,1,0,8,f2f3723dff211305,1e661de1f40790c7,6,4096,1,1e-05,-0.08328231903580435,-0.0018797850537102933,0.08330353087252457,-178.70698286832325,0.08330353087252457,0.0,0.9565736000658944,finite_RF_static_Bloch,runs\combined_factor_study\cases\1e661de1f40790c7,90.0
screen,increasing,1000,read,90,1,0,8,f2f3723dff211305,1e661de1f40790c7,7,4096,1,1e-05,0.060860387624963555,-0.0010682891817026625,0.06086976280253242,-1.0056159451654783,0.061728311543379905,-349.9999999999892,0.9566165000433102,finite_RF_static_Bloch,runs\combined_factor_study\cases\1e661de1f40790c7,90.0
screen,increasing,1000,read,90,1,0,8,f2f3723dff211305,1e661de1f40790c7,8,4096,1,1e-05,-0.05455292606833652,0.0022752433071496713,0.054600352331501664,177.61174441501643,0.05487348558375695,-450.00000000000597,0.9566517000785097,finite_RF_static_Bloch,runs\combined_factor_study\cases\1e661de1f40790c7,90.0
screen,high_low_permutation_alternating_centering,1000,read,0,0.8,0,8,1a71dc69e9c7763f,1f2d04fa744f39bb,1,4096,1,1e-05,-0.005448413794415983,0.2909624802876619,0.2910134879142601,91.07276593143351,0.2910796142930561,-50.000000000001435,2.0795592999784276,finite_RF_static_Bloch,runs\combined_factor_study\cases\1f2d04fa744f39bb,0.0
screen,high_low_permutation_alternating_centering,1000,read,0,0.8,0,8,1a71dc69e9c7763f,1f2d04fa744f39bb,2,4096,1,1e-05,0.00021784565898888943,0.20295730822437952,0.2029574251374335,89.93850119435872,0.20330043546147633,-100.00000000000287,2.0796310000587255,finite_RF_static_Bloch,runs\combined_factor_study\cases\1f2d04fa744f39bb,0.0
screen,high_low_permutation_alternating_centering,1000,read,0,0.8,0,8,1a71dc69e9c7763f,1f2d04fa744f39bb,3,4096,1,1e-05,-0.004464533787436299,0.14787006157093502,0.14793744343786422,91.72936466491846,0.14797408667854112,-49.99999999999449,2.079661500058137,finite_RF_static_Bloch,runs\combined_factor_study\cases\1f2d04fa744f39bb,0.0
screen,high_low_permutation_alternating_centering,1000,read,0,0.8,0,8,1a71dc69e9c7763f,1f2d04fa744f39bb,4,4096,1,1e-05,-0.00014055664962749417,0.10596304481665925,0.10596313803860799,90.07600100673571,0.10600967635042903,-50.00000000000837,2.07968730002176,finite_RF_static_Bloch,runs\combined_factor_study\cases\1f2d04fa744f39bb,0.0
screen,high_low_permutation_alternating_centering,1000,read,0,0.8,0,8,1a71dc69e9c7763f,1f2d04fa744f39bb,5,4096,1,1e-05,0.002604779633141759,0.09275729797036703,0.09279386404122142,88.3914616815091,0.09289132998680948,-49.99999999999449,2.079711400088854,finite_RF_static_Bloch,runs\combined_factor_study\cases\1f2d04fa744f39bb,0.0
screen,high_low_permutation_alternating_centering,1000,read,0,0.8,0,8,1a71dc69e9c7763f,1f2d04fa744f39bb,6,4096,1,1e-05,-0.0015342088003068692,0.07630880564840539,0.07632422692781791,91.15179168487056,0.07642631639543195,-49.99999999999449,2.079734700033441,finite_RF_static_Bloch,runs\combined_factor_study\cases\1f2d04fa744f39bb,0.0
screen,high_low_permutation_alternating_centering,1000,read,0,0.8,0,8,1a71dc69e9c7763f,1f2d04fa744f39bb,7,4096,1,1e-05,-0.0023424784686839834,0.06857770512664774,0.06861770067419701,91.95634961983004,0.068617700674197,0.0,2.0797641000244766,finite_RF_static_Bloch,runs\combined_factor_study\cases\1f2d04fa744f39bb,0.0
screen,high_low_permutation_alternating_centering,1000,read,0,0.8,0,8,1a71dc69e9c7763f,1f2d04fa744f39bb,8,4096,1,1e-05,-0.001474826731191421,0.05841146482678523,0.058430080755530404,91.44634957465577,0.058430080755530404,0.0,2.0797871000831947,finite_RF_static_Bloch,runs\combined_factor_study\cases\1f2d04fa744f39bb,0.0
screen,increasing_centering_taper,1000,read,0,1,0,8,67b97bd9255aa42d,1f687b1df339bc90,1,4096,1,1e-05,-0.004910058550749369,0.2484525511242275,0.24850106405226652,91.13216392705218,0.24850106405226652,0.0,0.8569055999396369,finite_RF_static_Bloch,runs\combined_factor_study\cases\1f687b1df339bc90,0.0
screen,increasing_centering_taper,1000,read,0,1,0,8,67b97bd9255aa42d,1f687b1df339bc90,2,4096,1,1e-05,-0.0056344292284990945,0.17823142437486358,0.17832046272770738,91.81068819494797,0.17846958335117855,-50.00000000000837,0.8569550999673083,finite_RF_static_Bloch,runs\combined_factor_study\cases\1f687b1df339bc90,0.0
screen,increasing_centering_taper,1000,read,0,1,0,8,67b97bd9255aa42d,1f687b1df339bc90,3,4096,1,1e-05,-0.0011852479354430851,0.1300080753228195,0.13001347800059954,90.52233542317644,0.13001347800059954,0.0,0.8569816999370232,finite_RF_static_Bloch,runs\combined_factor_study\cases\1f687b1df339bc90,0.0
screen,increasing_centering_taper,1000,read,0,1,0,8,67b97bd9255aa42d,1f687b1df339bc90,4,4096,1,1e-05,0.002418718070829132,0.09829232821519238,0.0983220828861414,88.59038463807227,0.09832208288614139,0.0,0.8570058000041172,finite_RF_static_Bloch,runs\combined_factor_study\cases\1f687b1df339bc90,0.0
screen,increasing_centering_taper,1000,read,0,1,0,8,67b97bd9255aa42d,1f687b1df339bc90,5,4096,1,1e-05,0.001892790343422689,0.08168495951146121,0.08170688628061414,88.67258923653682,0.08185452805888604,-49.99999999999449,0.8570292999502271,finite_RF_static_Bloch,runs\combined_factor_study\cases\1f687b1df339bc90,0.0
screen,increasing_centering_taper,1000,read,0,1,0,8,67b97bd9255aa42d,1f687b1df339bc90,6,4096,1,1e-05,0.001220331644031318,0.06416131358239507,0.06417291772967673,88.91038042158783,0.06436066020560925,-99.99999999998899,0.8570515000028536,finite_RF_static_Bloch,runs\combined_factor_study\cases\1f687b1df339bc90,0.0
screen,increasing_centering_taper,1000,read,0,1,0,8,67b97bd9255aa42d,1f687b1df339bc90,7,4096,1,1e-05,0.0007903257717172136,0.051570476552346145,0.05157653213101404,89.1220017793928,0.0517749863415887,-150.00000000001123,0.8570740999421105,finite_RF_static_Bloch,runs\combined_factor_study\cases\1f687b1df339bc90,0.0
screen,increasing_centering_taper,1000,read,0,1,0,8,67b97bd9255aa42d,1f687b1df339bc90,8,4096,1,1e-05,-0.0016743422537999907,0.04416495468121137,0.04419668136835971,92.17110659453492,0.04419668136835971,0.0,0.8570961999939755,finite_RF_static_Bloch,runs\combined_factor_study\cases\1f687b1df339bc90,0.0
screen,geometric,1000,read,0,1,0,8,2e76c6c8d156e9d1,211094a693823f7e,1,4096,1,1e-05,-0.0032448769234316712,0.2454870004702392,0.2455084451217991,90.75729845474417,0.24605053744096478,100.00000000000287,0.8346019999589771,finite_RF_static_Bloch,runs\combined_factor_study\cases\211094a693823f7e,0.0
screen,geometric,1000,read,0,1,0,8,2e76c6c8d156e9d1,211094a693823f7e,2,4096,1,1e-05,-0.0031780999121127037,0.17405165242871729,0.17408066530266472,91.046077278026,0.1741598770116041,-49.99999999999449,0.8346551000140607,finite_RF_static_Bloch,runs\combined_factor_study\cases\211094a693823f7e,0.0
screen,geometric,1000,read,0,1,0,8,2e76c6c8d156e9d1,211094a693823f7e,3,4096,1,1e-05,-0.010276485531364184,0.10925789499202478,0.1097401192498197,95.37326926031886,0.10997653718964442,100.00000000000287,0.8346811999799684,finite_RF_static_Bloch,runs\combined_factor_study\cases\211094a693823f7e,0.0
screen,geometric,1000,read,0,1,0,8,2e76c6c8d156e9d1,211094a693823f7e,4,4096,1,1e-05,0.004118929452070526,0.08270113276861081,0.0828036408682766,87.14874001878957,0.08281680394895226,-49.99999999999449,0.8347051000455394,finite_RF_static_Bloch,runs\combined_factor_study\cases\211094a693823f7e,0.0
screen,geometric,1000,read,0,1,0,8,2e76c6c8d156e9d1,211094a693823f7e,5,4096,1,1e-05,-0.005596334811060084,0.05365453463078157,0.05394560269163022,95.95459663873238,0.054198159966601725,100.00000000000287,0.8347283999901265,finite_RF_static_Bloch,runs\combined_factor_study\cases\211094a693823f7e,0.0
screen,geometric,1000,read,0,1,0,8,2e76c6c8d156e9d1,211094a693823f7e,6,4096,1,1e-05,-0.003621483229486247,0.0407728859260313,0.04093340161186963,95.07574123343396,0.04100381552675222,-49.99999999999449,0.8347507000435144,finite_RF_static_Bloch,runs\combined_factor_study\cases\211094a693823f7e,0.0
screen,geometric,1000,read,0,1,0,8,2e76c6c8d156e9d1,211094a693823f7e,7,4096,1,1e-05,0.007368851391164973,0.027158753259681877,0.028140679619464683,74.81968466134637,0.028413827019357938,99.99999999998899,0.8347726999782026,finite_RF_static_Bloch,runs\combined_factor_study\cases\211094a693823f7e,0.0
screen,geometric,1000,read,0,1,0,8,2e76c6c8d156e9d1,211094a693823f7e,8,4096,1,1e-05,-0.004583216418401063,0.02838938859891986,0.028756968855537992,99.17077123005609,0.02882685314960348,-49.99999999999449,0.8347947000293061,finite_RF_static_Bloch,runs\combined_factor_study\cases\211094a693823f7e,0.0
screen,original_duration500,1000,read,90,1,0,8,812ca3ee83497824,22953ba244f6024c,1,4096,1,1e-05,0.2441691149836675,-0.0033245236253082477,0.2441917467263025,-0.7800716445389309,0.2442087075211705,50.000000000001435,0.8988965000025928,finite_RF_static_Bloch,runs\combined_factor_study\cases\22953ba244f6024c,90.0
screen,original_duration500,1000,read,90,1,0,8,812ca3ee83497824,22953ba244f6024c,2,4096,1,1e-05,-0.18099390365496876,-0.002281324970681621,0.18100828048430814,-179.2778576046773,0.18100828048430812,0.0,0.8989960999460891,finite_RF_static_Bloch,runs\combined_factor_study\cases\22953ba244f6024c,90.0
screen,original_duration500,1000,read,90,1,0,8,812ca3ee83497824,22953ba244f6024c,3,4096,1,1e-05,0.09806982535884706,0.0018211427150286977,0.09808673308201912,1.063852205340041,0.098101816376666,49.99999999999449,0.899050899897702,finite_RF_static_Bloch,runs\combined_factor_study\cases\22953ba244f6024c,90.0
screen,original_duration500,1000,read,90,1,0,8,812ca3ee83497824,22953ba244f6024c,4,4096,1,1e-05,-0.05425964317460561,0.003114902761374743,0.05434897880041855,176.7144068451497,0.05434897880041856,0.0,0.8991021999390796,finite_RF_static_Bloch,runs\combined_factor_study\cases\22953ba244f6024c,90.0
screen,original_duration500,1000,read,90,1,0,8,812ca3ee83497824,22953ba244f6024c,5,4096,1,1e-05,0.03911285948907664,-0.0033683859599852014,0.039257633670251674,-4.922148203742058,0.03927689007333838,49.99999999999449,0.8991538999835029,finite_RF_static_Bloch,runs\combined_factor_study\cases\22953ba244f6024c,90.0
screen,original_duration500,1000,read,90,1,0,8,812ca3ee83497824,22953ba244f6024c,6,4096,1,1e-05,-0.017786000349742863,0.0023834164831544316,0.017944984886402816,172.3675374063098,0.01803342778068568,599.9999999999894,0.89920310000889,finite_RF_static_Bloch,runs\combined_factor_study\cases\22953ba244f6024c,90.0
screen,original_duration500,1000,read,90,1,0,8,812ca3ee83497824,22953ba244f6024c,7,4096,1,1e-05,0.009636696545802828,0.002766271933205242,0.010025875558988713,16.016445425985356,0.011032673812893712,799.9999999999951,0.8992527999216691,finite_RF_static_Bloch,runs\combined_factor_study\cases\22953ba244f6024c,90.0
screen,original_duration500,1000,read,90,1,0,8,812ca3ee83497824,22953ba244f6024c,8,4096,1,1e-05,-0.0008168289141527621,0.0007367818285390537,0.0011000258805416044,137.9494570978478,0.0036043456418236954,-1400.0000000000123,0.8993024999508634,finite_RF_static_Bloch,runs\combined_factor_study\cases\22953ba244f6024c,90.0
screen,inc_alt_center_flip_train,1000,read,0,0.8,0,8,3157c766f8db77d3,237c83a78de6e165,1,4096,1,1e-05,-0.005448413794415983,0.2909624802876619,0.2910134879142601,91.07276593143351,0.2910796142930561,-50.000000000001435,1.957789900014177,finite_RF_static_Bloch,runs\combined_factor_study\cases\237c83a78de6e165,0.0
screen,inc_alt_center_flip_train,1000,read,0,0.8,0,8,3157c766f8db77d3,237c83a78de6e165,2,4096,1,1e-05,0.00032031683940515624,0.20003259151454364,0.20003284797978027,89.90825101460229,0.20035782356928258,-100.00000000000287,1.957851400016807,finite_RF_static_Bloch,runs\combined_factor_study\cases\237c83a78de6e165,0.0
screen,inc_alt_center_flip_train,1000,read,0,0.8,0,8,3157c766f8db77d3,237c83a78de6e165,3,4096,1,1e-05,-0.009456991934277436,0.1326294483371112,0.1329661808981947,94.07850768650556,0.13296618089819473,0.0,1.9578790999948978,finite_RF_static_Bloch,runs\combined_factor_study\cases\237c83a78de6e165,0.0
screen,inc_alt_center_flip_train,1000,read,0,0.8,0,8,3157c766f8db77d3,237c83a78de6e165,4,4096,1,1e-05,-0.003861117958886106,0.08892791115619177,0.08901169369524417,92.4861362594063,0.08902183495994956,-50.00000000000837,1.957903299946338,finite_RF_static_Bloch,runs\combined_factor_study\cases\237c83a78de6e165,0.0
screen,inc_alt_center_flip_train,1000,read,0,0.8,0,8,3157c766f8db77d3,237c83a78de6e165,5,4096,1,1e-05,-0.0013441657072324133,0.05899892438692145,0.059014234386817,91.30513736994347,0.059449276623789155,-149.99999999999736,1.9579271000111476,finite_RF_static_Bloch,runs\combined_factor_study\cases\237c83a78de6e165,0.0
screen,inc_alt_center_flip_train,1000,read,0,0.8,0,8,3157c766f8db77d3,237c83a78de6e165,6,4096,1,1e-05,-0.0001091870467172921,0.04158520230603434,0.04158534564777567,90.15043674748655,0.04163506593930877,-49.99999999999449,1.9579498999519274,finite_RF_static_Bloch,runs\combined_factor_study\cases\237c83a78de6e165,0.0
screen,inc_alt_center_flip_train,1000,read,0,0.8,0,8,3157c766f8db77d3,237c83a78de6e165,7,4096,1,1e-05,0.0007335806888484832,0.028835529950609062,0.02884485964880959,88.54270015286052,0.028861335311706992,-49.99999999999449,1.957972600008361,finite_RF_static_Bloch,runs\combined_factor_study\cases\237c83a78de6e165,0.0
screen,inc_alt_center_flip_train,1000,read,0,0.8,0,8,3157c766f8db77d3,237c83a78de6e165,8,4096,1,1e-05,-0.001039458799563386,0.025384265320488875,0.025405538775175856,92.3448914675307,0.02546748053359797,1000.0000000000009,1.957995199947618,finite_RF_static_Bloch,runs\combined_factor_study\cases\237c83a78de6e165,0.0
screen,increasing_rf90_exploratory,1000,read,90,1,0,8,7bc4cedd2f6a7810,281aba876b481dda,1,4096,1,1e-05,0.2441691149836675,-0.0033245236253082477,0.2441917467263025,-0.7800716445389309,0.2442087075211705,50.000000000001435,0.7501601999392733,finite_RF_static_Bloch,runs\combined_factor_study\cases\281aba876b481dda,90.0
screen,increasing_rf90_exploratory,1000,read,90,1,0,8,7bc4cedd2f6a7810,281aba876b481dda,2,4096,1,1e-05,0.177659372856685,-0.010462830301417907,0.17796719804994093,-3.3704069995043793,0.17817848555659155,-49.99999999999449,0.75021420000121,finite_RF_static_Bloch,runs\combined_factor_study\cases\281aba876b481dda,90.0
screen,increasing_rf90_exploratory,1000,read,90,1,0,8,7bc4cedd2f6a7810,281aba876b481dda,3,4096,1,1e-05,-0.1350822889823344,0.005872482379718229,0.1352098770282963,177.51072675420318,0.1352098770282963,0.0,0.7502400999655947,finite_RF_static_Bloch,runs\combined_factor_study\cases\281aba876b481dda,90.0
screen,increasing_rf90_exploratory,1000,read,90,1,0,8,7bc4cedd2f6a7810,281aba876b481dda,4,4096,1,1e-05,-0.0916279564463455,0.009105990056024537,0.09207932155176757,174.32457836539876,0.09211471399725633,-399.99999999999756,0.7502631999086589,finite_RF_static_Bloch,runs\combined_factor_study\cases\281aba876b481dda,90.0
screen,increasing_rf90_exploratory,1000,read,90,1,0,8,7bc4cedd2f6a7810,281aba876b481dda,5,4096,1,1e-05,0.0836641937045073,-0.0027561438740149016,0.08370957912496986,-1.886808641607028,0.08379399289055398,49.99999999999449,0.7502861999673769,finite_RF_static_Bloch,runs\combined_factor_study\cases\281aba876b481dda,90.0
screen,increasing_rf90_exploratory,1000,read,90,1,0,8,7bc4cedd2f6a7810,281aba876b481dda,6,4096,1,1e-05,0.06875859127945441,-0.00873913704766266,0.06931173343001093,-7.243390086136159,0.0693335324674567,-49.99999999999449,0.7503084999043494,finite_RF_static_Bloch,runs\combined_factor_study\cases\281aba876b481dda,90.0
screen,increasing_rf90_exploratory,1000,read,90,1,0,8,7bc4cedd2f6a7810,281aba876b481dda,7,4096,1,1e-05,-0.06335302980170807,-0.0012642575222122621,0.06336564315256794,-178.85677121940714,0.06360042715723833,99.99999999998899,0.7503327999729663,finite_RF_static_Bloch,runs\combined_factor_study\cases\281aba876b481dda,90.0
screen,increasing_rf90_exploratory,1000,read,90,1,0,8,7bc4cedd2f6a7810,281aba876b481dda,8,4096,1,1e-05,-0.05003604077186655,-0.0016766182348884457,0.05006412313053582,-178.08083896743173,0.050173939863959925,-49.99999999999449,0.7503538999008015,finite_RF_static_Bloch,runs\combined_factor_study\cases\281aba876b481dda,90.0
screen,increasing_taper,1000,read,90,0.8,0,8,64beec5f2629990b,2c32a9606c49c7c2,1,4096,1,1e-05,0.2697744019263688,-0.002610747172157214,0.2697870344096004,-0.5544637436942854,0.26982065473564965,50.000000000001435,1.8509853000286967,finite_RF_static_Bloch,runs\combined_factor_study\cases\2c32a9606c49c7c2,90.0
screen,increasing_taper,1000,read,90,0.8,0,8,64beec5f2629990b,2c32a9606c49c7c2,2,4096,1,1e-05,-0.19942779818713444,0.002761026444804865,0.19944691012095758,179.20680538240137,0.1994469101209576,0.0,1.8510955999372527,finite_RF_static_Bloch,runs\combined_factor_study\cases\2c32a9606c49c7c2,90.0
screen,increasing_taper,1000,read,90,0.8,0,8,64beec5f2629990b,2c32a9606c49c7c2,3,4096,1,1e-05,0.1196817785109506,-0.001767443200937456,0.11969482847229775,-0.8460742846984078,0.1198429497030516,100.00000000000287,1.8511362000135705,finite_RF_static_Bloch,runs\combined_factor_study\cases\2c32a9606c49c7c2,90.0
screen,increasing_taper,1000,read,90,0.8,0,8,64beec5f2629990b,2c32a9606c49c7c2,4,4096,1,1e-05,-0.10514924788105282,-0.0009349771186201817,0.10515340466272803,-179.49054480061832,0.10587995862081152,-350.00000000000307,1.851176799973473,finite_RF_static_Bloch,runs\combined_factor_study\cases\2c32a9606c49c7c2,90.0
screen,increasing_taper,1000,read,90,0.8,0,8,64beec5f2629990b,2c32a9606c49c7c2,5,4096,1,1e-05,0.07575874283580028,0.001880442656383396,0.07578207690902161,1.4218729785707078,0.07585746811691628,100.00000000000287,1.8512062999652699,finite_RF_static_Bloch,runs\combined_factor_study\cases\2c32a9606c49c7c2,90.0
screen,increasing_taper,1000,read,90,0.8,0,8,64beec5f2629990b,2c32a9606c49c7c2,6,4096,1,1e-05,-0.07215359756288797,-0.0008474096077221429,0.07215857360224393,-179.32711931907536,0.07292161218681967,-150.00000000001123,1.8512307999189943,finite_RF_static_Bloch,runs\combined_factor_study\cases\2c32a9606c49c7c2,90.0
screen,increasing_taper,1000,read,90,0.8,0,8,64beec5f2629990b,2c32a9606c49c7c2,7,4096,1,1e-05,0.056545406820035865,0.00031419623637605424,0.0565462797336687,0.3183624281284135,0.056709436620483236,99.99999999998899,1.8512568000005558,finite_RF_static_Bloch,runs\combined_factor_study\cases\2c32a9606c49c7c2,90.0
screen,increasing_taper,1000,read,90,0.8,0,8,64beec5f2629990b,2c32a9606c49c7c2,8,4096,1,1e-05,-0.05483934485513782,-0.005334957978351467,0.05509823518744957,-174.4435565216377,0.055207993366392843,-99.99999999998899,1.8512815999565646,finite_RF_static_Bloch,runs\combined_factor_study\cases\2c32a9606c49c7c2,90.0
screen,high_low_permutation,1000,read,90,1,0,8,8aaa48b0a564fa01,2c69b9275ca254f9,1,4096,1,1e-05,0.2441691149836675,-0.0033245236253082477,0.2441917467263025,-0.7800716445389309,0.2442087075211705,50.000000000001435,0.7246546000242233,finite_RF_static_Bloch,runs\combined_factor_study\cases\2c69b9275ca254f9,90.0
screen,high_low_permutation,1000,read,90,1,0,8,8aaa48b0a564fa01,2c69b9275ca254f9,2,4096,1,1e-05,-0.1809909593379285,-0.002291309472639517,0.1810054625174696,-179.27468559794627,0.1810054625174696,0.0,0.7247025000397116,finite_RF_static_Bloch,runs\combined_factor_study\cases\2c69b9275ca254f9,90.0
screen,high_low_permutation,1000,read,90,1,0,8,8aaa48b0a564fa01,2c69b9275ca254f9,3,4096,1,1e-05,0.13059711256165363,-0.00041619965413213856,0.13059777575285625,-0.182595177018089,0.13071280767104596,49.99999999999449,0.724728100001812,finite_RF_static_Bloch,runs\combined_factor_study\cases\2c69b9275ca254f9,90.0
screen,high_low_permutation,1000,read,90,1,0,8,8aaa48b0a564fa01,2c69b9275ca254f9,4,4096,1,1e-05,-0.11561699690616041,0.0021053362663353407,0.11563616395571695,178.956783556364,0.11583013504822214,-100.00000000000287,0.7247508000582457,finite_RF_static_Bloch,runs\combined_factor_study\cases\2c69b9275ca254f9,90.0
screen,high_low_permutation,1000,read,90,1,0,8,8aaa48b0a564fa01,2c69b9275ca254f9,5,4096,1,1e-05,0.08423403700073345,-0.0055303199974644866,0.0844153862084116,-3.756318728923109,0.0844153862084116,0.0,0.724772599991411,finite_RF_static_Bloch,runs\combined_factor_study\cases\2c69b9275ca254f9,90.0
screen,high_low_permutation,1000,read,90,1,0,8,8aaa48b0a564fa01,2c69b9275ca254f9,6,4096,1,1e-05,-0.07424399450656324,-0.0020202624144333766,0.0742714762241452,-178.44130217065657,0.07490666555012776,-599.9999999999894,0.7247940000379458,finite_RF_static_Bloch,runs\combined_factor_study\cases\2c69b9275ca254f9,90.0
screen,high_low_permutation,1000,read,90,1,0,8,8aaa48b0a564fa01,2c69b9275ca254f9,7,4096,1,1e-05,0.05354860294545391,0.0024865810645777445,0.05360630525227971,2.658674957047336,0.05388981974580552,99.99999999998899,0.7248155999695882,finite_RF_static_Bloch,runs\combined_factor_study\cases\2c69b9275ca254f9,90.0
screen,high_low_permutation,1000,read,90,1,0,8,8aaa48b0a564fa01,2c69b9275ca254f9,8,4096,1,1e-05,-0.044688872188664984,0.0015460076778148837,0.044715606193304565,178.0186476316808,0.04531644192113478,-450.00000000000597,0.7248367000138387,finite_RF_static_Bloch,runs\combined_factor_study\cases\2c69b9275ca254f9,90.0
screen,original_rf180,1000,read,90,0.8,0,8,caef90a4f03162a7,2d09c95dc345095d,1,4096,1,1e-05,0.2697744019263688,-0.002610747172157214,0.2697870344096004,-0.5544637436942854,0.26982065473564965,50.000000000001435,1.6948609999381006,finite_RF_static_Bloch,runs\combined_factor_study\cases\2d09c95dc345095d,90.0
screen,original_rf180,1000,read,90,0.8,0,8,caef90a4f03162a7,2d09c95dc345095d,2,4096,1,1e-05,-0.20083789138006375,0.001980994128975894,0.20084766105615798,179.4348729648681,0.20095250060967998,-49.99999999999449,1.694912699982524,finite_RF_static_Bloch,runs\combined_factor_study\cases\2d09c95dc345095d,90.0
screen,original_rf180,1000,read,90,0.8,0,8,caef90a4f03162a7,2d09c95dc345095d,3,4096,1,1e-05,0.1940212945588064,0.004898912080645766,0.19408313188386317,1.4463740235197533,0.1942467098107342,49.99999999999449,1.6949387999484316,finite_RF_static_Bloch,runs\combined_factor_study\cases\2d09c95dc345095d,90.0
screen,original_rf180,1000,read,90,0.8,0,8,caef90a4f03162a7,2d09c95dc345095d,4,4096,1,1e-05,-0.14596477258746363,-0.00013377498406783023,0.14596483388904444,-179.94748911186142,0.14612712246677906,-100.00000000000287,1.6949626000132412,finite_RF_static_Bloch,runs\combined_factor_study\cases\2d09c95dc345095d,90.0
screen,original_rf180,1000,read,90,0.8,0,8,caef90a4f03162a7,2d09c95dc345095d,5,4096,1,1e-05,0.1292403023944299,0.0070354835656585,0.129431656838682,3.1159477885460096,0.129431656838682,0.0,1.6949856999563053,finite_RF_static_Bloch,runs\combined_factor_study\cases\2d09c95dc345095d,90.0
screen,original_rf180,1000,read,90,0.8,0,8,caef90a4f03162a7,2d09c95dc345095d,6,4096,1,1e-05,-0.10399192388034491,0.003358650108816132,0.10404614727556663,178.15014858913457,0.10433209128371648,-349.9999999999892,1.6950083000119776,finite_RF_static_Bloch,runs\combined_factor_study\cases\2d09c95dc345095d,90.0
screen,original_rf180,1000,read,90,0.8,0,8,caef90a4f03162a7,2d09c95dc345095d,7,4096,1,1e-05,0.09045990139075502,0.00500307226261198,0.09059814838996458,3.1656366615881635,0.09059814838996456,0.0,1.695030999951996,finite_RF_static_Bloch,runs\combined_factor_study\cases\2d09c95dc345095d,90.0
screen,original_rf180,1000,read,90,0.8,0,8,caef90a4f03162a7,2d09c95dc345095d,8,4096,1,1e-05,-0.07087166431208711,-0.0004382193436201021,0.07087301911558647,-179.64572866807006,0.07149972622416392,-500.00000000000045,1.6950534000061452,finite_RF_static_Bloch,runs\combined_factor_study\cases\2d09c95dc345095d,90.0
screen,weak_increasing_alternating_centering,1000,read,90,1,0,8,a1d965c47ba6af4d,2e8fc77973fca728,1,4096,1,1e-05,0.24801095795424974,-0.004883178596691768,0.24805902664203094,-1.127971844426363,0.24833080151775808,-50.000000000001435,0.8578917999984697,finite_RF_static_Bloch,runs\combined_factor_study\cases\2e8fc77973fca728,90.0
screen,weak_increasing_alternating_centering,1000,read,90,1,0,8,a1d965c47ba6af4d,2e8fc77973fca728,2,4096,1,1e-05,-0.1707952953030239,-0.0009845364990666411,0.17079813292236287,-179.6697264917063,0.17079813292236287,0.0,0.8579761000582948,finite_RF_static_Bloch,runs\combined_factor_study\cases\2e8fc77973fca728,90.0
screen,weak_increasing_alternating_centering,1000,read,90,1,0,8,a1d965c47ba6af4d,2e8fc77973fca728,3,4096,1,1e-05,0.12344827462624217,0.004801927375957861,0.12354163271836777,2.227585071032453,0.12408561570718304,-100.00000000000287,0.8580069000599906,finite_RF_static_Bloch,runs\combined_factor_study\cases\2e8fc77973fca728,90.0
screen,weak_increasing_alternating_centering,1000,read,90,1,0,8,a1d965c47ba6af4d,2e8fc77973fca728,4,4096,1,1e-05,-0.10100258937659903,0.0021333500243527694,0.10102511689230695,178.78999359108823,0.10117546628569425,49.99999999999449,0.8580355000449345,finite_RF_static_Bloch,runs\combined_factor_study\cases\2e8fc77973fca728,90.0
screen,weak_increasing_alternating_centering,1000,read,90,1,0,8,a1d965c47ba6af4d,2e8fc77973fca728,5,4096,1,1e-05,0.0858395378230338,0.0023460222260456628,0.0858715906103826,1.5655224051312553,0.08635831641117045,-250.00000000000023,0.8580680000595748,finite_RF_static_Bloch,runs\combined_factor_study\cases\2e8fc77973fca728,90.0
screen,weak_increasing_alternating_centering,1000,read,90,1,0,8,a1d965c47ba6af4d,2e8fc77973fca728,6,4096,1,1e-05,-0.07421681553963606,8.970315861801673e-05,0.07421686975008465,179.93074871432205,0.07421686975008465,0.0,0.8580990000627935,finite_RF_static_Bloch,runs\combined_factor_study\cases\2e8fc77973fca728,90.0
screen,weak_increasing_alternating_centering,1000,read,90,1,0,8,a1d965c47ba6af4d,2e8fc77973fca728,7,4096,1,1e-05,0.0538960403831925,-0.002266686026939555,0.053943683916946567,-2.408248407705528,0.054606749766497514,-549.9999999999949,0.8581239000195637,finite_RF_static_Bloch,runs\combined_factor_study\cases\2e8fc77973fca728,90.0
screen,weak_increasing_alternating_centering,1000,read,90,1,0,8,a1d965c47ba6af4d,2e8fc77973fca728,8,4096,1,1e-05,-0.040695660465814236,-0.0005105074249660681,0.04069886237451584,-179.2812897894542,0.04107883826256646,450.00000000000597,0.858147699967958,finite_RF_static_Bloch,runs\combined_factor_study\cases\2e8fc77973fca728,90.0
screen,ramp_modulated,1000,read,90,0.8,0,8,8ded98f95c7a945d,2f6eb6a6a52c51b8,1,4096,1,1e-05,0.2697744019263688,-0.002610747172157214,0.2697870344096004,-0.5544637436942854,0.26982065473564965,50.000000000001435,1.5027762000681832,finite_RF_static_Bloch,runs\combined_factor_study\cases\2f6eb6a6a52c51b8,90.0
screen,ramp_modulated,1000,read,90,0.8,0,8,8ded98f95c7a945d,2f6eb6a6a52c51b8,2,4096,1,1e-05,-0.19942779818713444,0.002761026444804865,0.19944691012095758,179.20680538240137,0.1994469101209576,0.0,1.5028301000129431,finite_RF_static_Bloch,runs\combined_factor_study\cases\2f6eb6a6a52c51b8,90.0
screen,ramp_modulated,1000,read,90,0.8,0,8,8ded98f95c7a945d,2f6eb6a6a52c51b8,3,4096,1,1e-05,0.12644871999988394,0.0035149116655204373,0.1264975627971759,1.5922482876030175,0.12654635414611148,-49.99999999999449,1.5028560000937432,finite_RF_static_Bloch,runs\combined_factor_study\cases\2f6eb6a6a52c51b8,90.0
screen,ramp_modulated,1000,read,90,0.8,0,8,8ded98f95c7a945d,2f6eb6a6a52c51b8,4,4096,1,1e-05,-0.07005285737248657,1.9179259820052436e-05,0.0700528599979612,179.98431340768053,0.0700996688556596,-49.99999999999449,1.502879000036046,finite_RF_static_Bloch,runs\combined_factor_study\cases\2f6eb6a6a52c51b8,90.0
screen,ramp_modulated,1000,read,90,0.8,0,8,8ded98f95c7a945d,2f6eb6a6a52c51b8,5,4096,1,1e-05,0.039243452904169605,0.005302809443943294,0.039600105856431145,7.695535734533802,0.04023518540810618,-399.99999999999756,1.5029021000955254,finite_RF_static_Bloch,runs\combined_factor_study\cases\2f6eb6a6a52c51b8,90.0
screen,ramp_modulated,1000,read,90,0.8,0,8,8ded98f95c7a945d,2f6eb6a6a52c51b8,6,4096,1,1e-05,-0.028418704350818558,-0.0003066125371161513,0.028420358340934947,-179.38185349685378,0.028420358340934947,0.0,1.5029316000873223,finite_RF_static_Bloch,runs\combined_factor_study\cases\2f6eb6a6a52c51b8,90.0
screen,ramp_modulated,1000,read,90,0.8,0,8,8ded98f95c7a945d,2f6eb6a6a52c51b8,7,4096,1,1e-05,0.023743235705386778,2.4052571343449e-05,0.023743247888352213,0.058042230220821465,0.023788428239000493,49.99999999999449,1.502953700022772,finite_RF_static_Bloch,runs\combined_factor_study\cases\2f6eb6a6a52c51b8,90.0
screen,ramp_modulated,1000,read,90,0.8,0,8,8ded98f95c7a945d,2f6eb6a6a52c51b8,8,4096,1,1e-05,-0.016103960438716994,-0.0012232335203730483,0.01615035114346206,-175.65623679612622,0.016332959165455126,-849.9999999999897,1.5029757000738755,finite_RF_static_Bloch,runs\combined_factor_study\cases\2f6eb6a6a52c51b8,90.0
screen,inc_alt_center_duration500,1000,read,90,1,0,8,d468bdc847b5ebbb,32be4dd45ec7bb24,1,4096,1,1e-05,0.24801095795424974,-0.004883178596691768,0.24805902664203094,-1.127971844426363,0.24833080151775808,-50.000000000001435,1.1094320999691263,finite_RF_static_Bloch,runs\combined_factor_study\cases\32be4dd45ec7bb24,90.0
screen,inc_alt_center_duration500,1000,read,90,1,0,8,d468bdc847b5ebbb,32be4dd45ec7bb24,2,4096,1,1e-05,-0.17079418556422177,-0.0009814393317637317,0.1707970053768735,-179.67076330819506,0.17079700537687348,0.0,1.109522599959746,finite_RF_static_Bloch,runs\combined_factor_study\cases\32be4dd45ec7bb24,90.0
screen,inc_alt_center_duration500,1000,read,90,1,0,8,d468bdc847b5ebbb,32be4dd45ec7bb24,3,4096,1,1e-05,0.12601688354820995,0.0025417986784216032,0.12604251536574765,1.1555165256709545,0.12612709913789857,49.99999999999449,1.109575800015591,finite_RF_static_Bloch,runs\combined_factor_study\cases\32be4dd45ec7bb24,90.0
screen,inc_alt_center_duration500,1000,read,90,1,0,8,d468bdc847b5ebbb,32be4dd45ec7bb24,4,4096,1,1e-05,-0.10246521007064885,0.001094651307249464,0.10247105706640612,179.38792382278862,0.10286032824004922,-100.00000000000287,1.109626799938269,finite_RF_static_Bloch,runs\combined_factor_study\cases\32be4dd45ec7bb24,90.0
screen,inc_alt_center_duration500,1000,read,90,1,0,8,d468bdc847b5ebbb,32be4dd45ec7bb24,5,4096,1,1e-05,0.06709103472162445,0.003007485597310932,0.06715840907612575,2.5666760218579405,0.06715840907612575,0.0,1.1096749999560416,finite_RF_static_Bloch,runs\combined_factor_study\cases\32be4dd45ec7bb24,90.0
screen,inc_alt_center_duration500,1000,read,90,1,0,8,d468bdc847b5ebbb,32be4dd45ec7bb24,6,4096,1,1e-05,-0.05267065473524146,0.0005830072629953147,0.052673881266788375,179.36582350003422,0.05294220130481298,-349.9999999999892,1.1097207999555394,finite_RF_static_Bloch,runs\combined_factor_study\cases\32be4dd45ec7bb24,90.0
screen,inc_alt_center_duration500,1000,read,90,1,0,8,d468bdc847b5ebbb,32be4dd45ec7bb24,7,4096,1,1e-05,0.04165415812960664,0.000333272066301796,0.0416554913517588,0.4584098261761872,0.0416554913517588,0.0,1.1097842999733984,finite_RF_static_Bloch,runs\combined_factor_study\cases\32be4dd45ec7bb24,90.0
screen,inc_alt_center_duration500,1000,read,90,1,0,8,d468bdc847b5ebbb,32be4dd45ec7bb24,8,4096,1,1e-05,-0.031151707176832293,-0.0010574801472941365,0.031169650692508984,-178.05577614134646,0.031169650692508984,0.0,1.1098327999934554,finite_RF_static_Bloch,runs\combined_factor_study\cases\32be4dd45ec7bb24,90.0
screen,high_low,1000,read,90,1,0,8,0b4f6847da427f5d,32da8f98a745f3be,1,4096,1,1e-05,0.2441691149836675,-0.0033245236253082477,0.2441917467263025,-0.7800716445389309,0.2442087075211705,50.000000000001435,0.760092300013639,finite_RF_static_Bloch,runs\combined_factor_study\cases\32da8f98a745f3be,90.0
screen,high_low,1000,read,90,1,0,8,0b4f6847da427f5d,32da8f98a745f3be,2,4096,1,1e-05,-0.1795435341204825,-0.001621182437673783,0.1795508531780595,-179.48266370225042,0.1797805656848216,-49.99999999999449,0.760145099950023,finite_RF_static_Bloch,runs\combined_factor_study\cases\32da8f98a745f3be,90.0
screen,high_low,1000,read,90,1,0,8,0b4f6847da427f5d,32da8f98a745f3be,3,4096,1,1e-05,0.12828238328474384,0.0032048343136967024,0.12832240967263736,1.4311029152213743,0.12846692186403003,49.99999999999449,0.7601702999090776,finite_RF_static_Bloch,runs\combined_factor_study\cases\32da8f98a745f3be,90.0
screen,high_low,1000,read,90,1,0,8,0b4f6847da427f5d,32da8f98a745f3be,4,4096,1,1e-05,-0.08579936029282417,4.731018289772047e-05,0.08579937333635519,179.9684068328242,0.08579937333635519,0.0,0.7601940999738872,finite_RF_static_Bloch,runs\combined_factor_study\cases\32da8f98a745f3be,90.0
screen,high_low,1000,read,90,1,0,8,0b4f6847da427f5d,32da8f98a745f3be,5,4096,1,1e-05,0.07060298365960514,-0.00115357845841747,0.07061240715977748,-0.9360694535075921,0.07091638960813633,-399.99999999999756,0.7602160999085754,finite_RF_static_Bloch,runs\combined_factor_study\cases\32da8f98a745f3be,90.0
screen,high_low,1000,read,90,1,0,8,0b4f6847da427f5d,32da8f98a745f3be,6,4096,1,1e-05,-0.051877875468495496,0.002244180595081177,0.05192639318947606,177.52299108857926,0.051969408926428796,-49.99999999999449,0.7602376999566332,finite_RF_static_Bloch,runs\combined_factor_study\cases\32da8f98a745f3be,90.0
screen,high_low,1000,read,90,1,0,8,0b4f6847da427f5d,32da8f98a745f3be,7,4096,1,1e-05,0.039365225088456905,-0.0003074349494265867,0.03936642557450455,-0.4474600850035821,0.039466727134893895,-349.9999999999892,0.7602595000062138,finite_RF_static_Bloch,runs\combined_factor_study\cases\32da8f98a745f3be,90.0
screen,high_low,1000,read,90,1,0,8,0b4f6847da427f5d,32da8f98a745f3be,8,4096,1,1e-05,-0.0313295027638255,0.003852311353701947,0.031565456533913946,172.99003327777973,0.031831456885008505,-150.00000000001123,0.7602809999370947,finite_RF_static_Bloch,runs\combined_factor_study\cases\32da8f98a745f3be,90.0
screen,alternating,1000,read,90,0.8,0,8,3f914b953c79abcd,3425e473412f3517,1,4096,1,1e-05,0.2697744019263688,-0.002610747172157214,0.2697870344096004,-0.5544637436942854,0.26982065473564965,50.000000000001435,1.5219467000570148,finite_RF_static_Bloch,runs\combined_factor_study\cases\3425e473412f3517,90.0
screen,alternating,1000,read,90,0.8,0,8,3f914b953c79abcd,3425e473412f3517,2,4096,1,1e-05,-0.20316522902668932,-0.0006816671465289187,0.20316637260030457,-179.80775989988297,0.20329151834545742,-49.99999999999449,1.5220278999768198,finite_RF_static_Bloch,runs\combined_factor_study\cases\3425e473412f3517,90.0
screen,alternating,1000,read,90,0.8,0,8,3f914b953c79abcd,3425e473412f3517,3,4096,1,1e-05,0.14305681251945862,0.0015646675286555285,0.14306536894966146,0.6266410499520149,0.14313512987970348,49.99999999999449,1.5220562000758946,finite_RF_static_Bloch,runs\combined_factor_study\cases\3425e473412f3517,90.0
screen,alternating,1000,read,90,0.8,0,8,3f914b953c79abcd,3425e473412f3517,4,4096,1,1e-05,-0.10049481383753364,-0.0018358346835233201,0.10051158091098643,-178.95343971697275,0.10056911088285107,-49.99999999999449,1.5220850000623614,finite_RF_static_Bloch,runs\combined_factor_study\cases\3425e473412f3517,90.0
screen,alternating,1000,read,90,0.8,0,8,3f914b953c79abcd,3425e473412f3517,5,4096,1,1e-05,0.06187956056427499,0.0013361549654292903,0.06189398456812598,1.236985926032957,0.062003279538211296,-149.99999999999736,1.5221125000389293,finite_RF_static_Bloch,runs\combined_factor_study\cases\3425e473412f3517,90.0
screen,alternating,1000,read,90,0.8,0,8,3f914b953c79abcd,3425e473412f3517,6,4096,1,1e-05,-0.04275968899701908,-0.0011520969569083093,0.04277520696057369,-178.4566228555851,0.043193463685226786,-349.9999999999892,1.5221356999827549,finite_RF_static_Bloch,runs\combined_factor_study\cases\3425e473412f3517,90.0
screen,alternating,1000,read,90,0.8,0,8,3f914b953c79abcd,3425e473412f3517,7,4096,1,1e-05,0.02713111573130946,0.002953588551526705,0.027291411215937835,6.2129531042473864,0.027457115956414643,-150.00000000001123,1.5221620000666007,finite_RF_static_Bloch,runs\combined_factor_study\cases\3425e473412f3517,90.0
screen,alternating,1000,read,90,0.8,0,8,3f914b953c79abcd,3425e473412f3517,8,4096,1,1e-05,-0.019422856266167837,-0.0001291335231040575,0.019423285535743032,-179.61907266611405,0.020304631079891285,-400.0000000000115,1.522185100009665,finite_RF_static_Bloch,runs\combined_factor_study\cases\3425e473412f3517,90.0
screen,original_flip160,1000,read,0,1,0,8,cab713f718364f6e,34549c80e9bd47d5,1,4096,1,1e-05,-0.0025767981642694383,0.2736507791545916,0.27366291093367845,90.53950256058101,0.274022078458155,100.00000000000287,1.0788231999613345,finite_RF_static_Bloch,runs\combined_factor_study\cases\34549c80e9bd47d5,0.0
screen,original_flip160,1000,read,0,1,0,8,cab713f718364f6e,34549c80e9bd47d5,2,4096,1,1e-05,0.003459999750824213,0.1992383538268451,0.19926839496996715,89.00509388016967,0.19937835103034549,-49.99999999999449,1.0788860999746248,finite_RF_static_Bloch,runs\combined_factor_study\cases\34549c80e9bd47d5,0.0
screen,original_flip160,1000,read,0,1,0,8,cab713f718364f6e,34549c80e9bd47d5,3,4096,1,1e-05,0.003812430338483444,0.18225807931606183,0.182297948702298,88.80167552428796,0.1824107667655066,49.99999999999449,1.0789150999626145,finite_RF_static_Bloch,runs\combined_factor_study\cases\34549c80e9bd47d5,0.0
screen,original_flip160,1000,read,0,1,0,8,cab713f718364f6e,34549c80e9bd47d5,4,4096,1,1e-05,0.003975246926099826,0.1451945545609311,0.14524896303337476,88.43170436333835,0.14524896303337478,0.0,1.0789407000411302,finite_RF_static_Bloch,runs\combined_factor_study\cases\34549c80e9bd47d5,0.0
screen,original_flip160,1000,read,0,1,0,8,cab713f718364f6e,34549c80e9bd47d5,5,4096,1,1e-05,0.015088129278109406,0.12617164049266127,0.1270705886888162,83.18071556012272,0.1272155242273278,49.99999999999449,1.0789649999933317,finite_RF_static_Bloch,runs\combined_factor_study\cases\34549c80e9bd47d5,0.0
screen,original_flip160,1000,read,0,1,0,8,cab713f718364f6e,34549c80e9bd47d5,6,4096,1,1e-05,-8.29833986877934e-05,0.10268932516664228,0.10268935869614168,90.04630079584012,0.10268935869614168,0.0,1.0789886999409646,finite_RF_static_Bloch,runs\combined_factor_study\cases\34549c80e9bd47d5,0.0
screen,original_flip160,1000,read,0,1,0,8,cab713f718364f6e,34549c80e9bd47d5,7,4096,1,1e-05,0.015845673244705143,0.08976546371079383,0.09115329854586618,79.98910528756495,0.09118329253990448,49.99999999999449,1.0790124000050128,finite_RF_static_Bloch,runs\combined_factor_study\cases\34549c80e9bd47d5,0.0
screen,original_flip160,1000,read,0,1,0,8,cab713f718364f6e,34549c80e9bd47d5,8,4096,1,1e-05,-0.002140224104204439,0.07041079708890413,0.07044331697124326,91.74104069839494,0.07045906435993587,49.99999999999449,1.0790360999526456,finite_RF_static_Bloch,runs\combined_factor_study\cases\34549c80e9bd47d5,0.0
screen,increasing_centering_rf90_exploratory,1000,read,90,1,0,8,3d8263d5c044b494,348b0e0da4f7606b,1,4096,1,1e-05,0.24801095795424974,-0.004883178596691768,0.24805902664203094,-1.127971844426363,0.24833080151775808,-50.000000000001435,0.7829984999261796,finite_RF_static_Bloch,runs\combined_factor_study\cases\348b0e0da4f7606b,90.0
screen,increasing_centering_rf90_exploratory,1000,read,90,1,0,8,3d8263d5c044b494,348b0e0da4f7606b,2,4096,1,1e-05,0.17567964211314985,-0.008616371560399658,0.17589081417706634,-2.8078748256580086,0.17608657796642613,-50.00000000000837,0.78304929996375,finite_RF_static_Bloch,runs\combined_factor_study\cases\348b0e0da4f7606b,90.0
screen,increasing_centering_rf90_exploratory,1000,read,90,1,0,8,3d8263d5c044b494,348b0e0da4f7606b,3,4096,1,1e-05,-0.13845060377709723,0.008325337448070467,0.13870068828187918,176.55882316898737,0.13886230614262385,-49.99999999999449,0.7830748999258503,finite_RF_static_Bloch,runs\combined_factor_study\cases\348b0e0da4f7606b,90.0
screen,increasing_centering_rf90_exploratory,1000,read,90,1,0,8,3d8263d5c044b494,348b0e0da4f7606b,4,4096,1,1e-05,-0.08850051828051844,0.0006775537695159523,0.08850311189461625,179.5613560949388,0.08897681994072959,-450.00000000000597,0.7830980999860913,finite_RF_static_Bloch,runs\combined_factor_study\cases\348b0e0da4f7606b,90.0
screen,increasing_centering_rf90_exploratory,1000,read,90,1,0,8,3d8263d5c044b494,348b0e0da4f7606b,5,4096,1,1e-05,0.08673791054843069,-0.008870219569831118,0.08719028570617589,-5.839032677605485,0.08722594929154577,-49.99999999999449,0.7831206999253482,finite_RF_static_Bloch,runs\combined_factor_study\cases\348b0e0da4f7606b,90.0
screen,increasing_centering_rf90_exploratory,1000,read,90,1,0,8,3d8263d5c044b494,348b0e0da4f7606b,6,4096,1,1e-05,0.06936288761607601,-0.0031483762170919625,0.06943430313069139,-2.5988673054621456,0.06945940168779272,-49.99999999999449,0.783142999978736,finite_RF_static_Bloch,runs\combined_factor_study\cases\348b0e0da4f7606b,90.0
screen,increasing_centering_rf90_exploratory,1000,read,90,1,0,8,3d8263d5c044b494,348b0e0da4f7606b,7,4096,1,1e-05,-0.06485630061336378,0.0013251526324933199,0.06486983704889673,178.82948781589096,0.06488006980043193,49.99999999999449,0.7831654999172315,finite_RF_static_Bloch,runs\combined_factor_study\cases\348b0e0da4f7606b,90.0
screen,increasing_centering_rf90_exploratory,1000,read,90,1,0,8,3d8263d5c044b494,348b0e0da4f7606b,8,4096,1,1e-05,-0.04807035927747558,-0.0036846198270676944,0.0482113665470665,-175.61681734534955,0.048337046052119935,-49.99999999999449,0.7831872999668121,finite_RF_static_Bloch,runs\combined_factor_study\cases\348b0e0da4f7606b,90.0
screen,increasing_alternating_centering,1000,read,90,0.8,0,8,1b6331729c140095,34ff6268931f0388,1,4096,1,1e-05,0.28710010648972295,-0.0027558501448304547,0.28711333277371676,-0.5499605518006698,0.2873763453224863,-50.000000000001435,1.5760671999305487,finite_RF_static_Bloch,runs\combined_factor_study\cases\34ff6268931f0388,90.0
screen,increasing_alternating_centering,1000,read,90,0.8,0,8,1b6331729c140095,34ff6268931f0388,2,4096,1,1e-05,-0.20176795633885053,-0.0006624247989117974,0.20176904374004082,-179.8118927824526,0.2018696855962758,-50.00000000000837,1.5761323999613523,finite_RF_static_Bloch,runs\combined_factor_study\cases\34ff6268931f0388,90.0
screen,increasing_alternating_centering,1000,read,90,0.8,0,8,1b6331729c140095,34ff6268931f0388,3,4096,1,1e-05,0.13768488288634428,0.0012078160087281744,0.13769018045938236,0.50260408568813,0.13769018045938236,0.0,1.576157599920407,finite_RF_static_Bloch,runs\combined_factor_study\cases\34ff6268931f0388,90.0
screen,increasing_alternating_centering,1000,read,90,0.8,0,8,1b6331729c140095,34ff6268931f0388,4,4096,1,1e-05,-0.11505826985102727,-0.0019460178964053778,0.11507472549072165,-179.03103025532502,0.11515909499221663,-50.00000000000837,1.576186400023289,finite_RF_static_Bloch,runs\combined_factor_study\cases\34ff6268931f0388,90.0
screen,increasing_alternating_centering,1000,read,90,0.8,0,8,1b6331729c140095,34ff6268931f0388,5,4096,1,1e-05,0.08583154857069515,-0.0018850519600407919,0.08585224604479288,-1.2581406625939615,0.08587605181691305,49.99999999999449,1.5762101999716833,finite_RF_static_Bloch,runs\combined_factor_study\cases\34ff6268931f0388,90.0
screen,increasing_alternating_centering,1000,read,90,0.8,0,8,1b6331729c140095,34ff6268931f0388,6,4096,1,1e-05,-0.0683924302395139,-0.0001242033534609758,0.06839254301851765,-179.89594871674302,0.06883560101273054,-799.9999999999951,1.5762314000166953,finite_RF_static_Bloch,runs\combined_factor_study\cases\34ff6268931f0388,90.0
screen,increasing_alternating_centering,1000,read,90,0.8,0,8,1b6331729c140095,34ff6268931f0388,7,4096,1,1e-05,0.052460481201891125,-0.002758111057704252,0.05253293504593668,-3.009556085485554,0.05253293504593668,0.0,1.576252399943769,finite_RF_static_Bloch,runs\combined_factor_study\cases\34ff6268931f0388,90.0
screen,increasing_alternating_centering,1000,read,90,0.8,0,8,1b6331729c140095,34ff6268931f0388,8,4096,1,1e-05,-0.04287894916407023,-0.00027899818457547397,0.04287985682580943,-179.62720185086852,0.04321407894338545,-750.0000000000007,1.576273599988781,finite_RF_static_Bloch,runs\combined_factor_study\cases\34ff6268931f0388,90.0
screen,original_taper,1000,read,90,1,0,8,26060cd426fd168a,37fbdbac837887c0,1,4096,1,1e-05,0.2441691149836675,-0.0033245236253082477,0.2441917467263025,-0.7800716445389309,0.2442087075211705,50.000000000001435,0.7731177000096068,finite_RF_static_Bloch,runs\combined_factor_study\cases\37fbdbac837887c0,90.0
screen,original_taper,1000,read,90,1,0,8,26060cd426fd168a,37fbdbac837887c0,2,4096,1,1e-05,-0.1809909593379285,-0.002291309472639517,0.1810054625174696,-179.27468559794627,0.1810054625174696,0.0,0.7731676999246702,finite_RF_static_Bloch,runs\combined_factor_study\cases\37fbdbac837887c0,90.0
screen,original_taper,1000,read,90,1,0,8,26060cd426fd168a,37fbdbac837887c0,3,4096,1,1e-05,0.10271148835746667,0.001859568693602576,0.102728320517432,1.037214050639334,0.10272832051743198,0.0,0.773194000008516,finite_RF_static_Bloch,runs\combined_factor_study\cases\37fbdbac837887c0,90.0
screen,original_taper,1000,read,90,1,0,8,26060cd426fd168a,37fbdbac837887c0,4,4096,1,1e-05,-0.06125458852146301,0.0022863063709075023,0.06129724146937936,177.86244706981955,0.06129724146937936,0.0,0.7732169999508187,finite_RF_static_Bloch,runs\combined_factor_study\cases\37fbdbac837887c0,90.0
screen,original_taper,1000,read,90,1,0,8,26060cd426fd168a,37fbdbac837887c0,5,4096,1,1e-05,0.05675824154000402,-0.00250561761768685,0.05681352041864243,-2.527706306306988,0.05681352041864244,0.0,0.7732400000095367,finite_RF_static_Bloch,runs\combined_factor_study\cases\37fbdbac837887c0,90.0
screen,original_taper,1000,read,90,1,0,8,26060cd426fd168a,37fbdbac837887c0,6,4096,1,1e-05,-0.027791877640579877,0.004343658313653495,0.028129269992922583,171.1169713186949,0.028502458587206896,1000.0000000000009,0.7732625999487936,finite_RF_static_Bloch,runs\combined_factor_study\cases\37fbdbac837887c0,90.0
screen,original_taper,1000,read,90,1,0,8,26060cd426fd168a,37fbdbac837887c0,7,4096,1,1e-05,0.03269833246549396,0.0028661518104563704,0.03282370747226094,5.009422162106696,0.03377774208596784,-1200.0000000000066,0.7732842999976128,finite_RF_static_Bloch,runs\combined_factor_study\cases\37fbdbac837887c0,90.0
screen,original_taper,1000,read,90,1,0,8,26060cd426fd168a,37fbdbac837887c0,8,4096,1,1e-05,-0.009553296697830355,0.00042306972804555845,0.0095626599746914,177.46430129406087,0.011558812334550767,2399.9999999999854,0.7733063999330625,finite_RF_static_Bloch,runs\combined_factor_study\cases\37fbdbac837887c0,90.0
screen,increasing_centering_rf180,1000,read,0,1,0,8,8b05f505518b606a,38af166ad1dc3db3,1,4096,1,1e-05,-0.004910058550749369,0.2484525511242275,0.24850106405226652,91.13216392705218,0.24850106405226652,0.0,0.7965110000222921,finite_RF_static_Bloch,runs\combined_factor_study\cases\38af166ad1dc3db3,0.0
screen,increasing_centering_rf180,1000,read,0,1,0,8,8b05f505518b606a,38af166ad1dc3db3,2,4096,1,1e-05,0.003924736788419205,0.1635045634990866,0.16355166108568023,88.62494553802388,0.16378904945874553,-50.00000000000837,0.7965613000560552,finite_RF_static_Bloch,runs\combined_factor_study\cases\38af166ad1dc3db3,0.0
screen,increasing_centering_rf180,1000,read,0,1,0,8,8b05f505518b606a,38af166ad1dc3db3,3,4096,1,1e-05,-0.010352353870433042,0.13828272060517094,0.1386696868411638,94.28138659442183,0.13868399057649736,-49.99999999999449,0.7965867000166327,finite_RF_static_Bloch,runs\combined_factor_study\cases\38af166ad1dc3db3,0.0
screen,increasing_centering_rf180,1000,read,0,1,0,8,8b05f505518b606a,38af166ad1dc3db3,4,4096,1,1e-05,0.011981172285639571,0.11597576691831114,0.11659299722379818,84.10183665255867,0.11672842378989966,-50.00000000000837,0.7966101000783965,finite_RF_static_Bloch,runs\combined_factor_study\cases\38af166ad1dc3db3,0.0
screen,increasing_centering_rf180,1000,read,0,1,0,8,8b05f505518b606a,38af166ad1dc3db3,5,4096,1,1e-05,-0.0021152118444502255,0.09577047283665163,0.09579382855123147,91.26524394819324,0.09579382855123147,0.0,0.7966327000176534,finite_RF_static_Bloch,runs\combined_factor_study\cases\38af166ad1dc3db3,0.0
screen,increasing_centering_rf180,1000,read,0,1,0,8,8b05f505518b606a,38af166ad1dc3db3,6,4096,1,1e-05,0.005731800974619098,0.07547100961346508,0.0756883533609259,85.65689171876811,0.0756883533609259,0.0,0.7966554000740871,finite_RF_static_Bloch,runs\combined_factor_study\cases\38af166ad1dc3db3,0.0
screen,increasing_centering_rf180,1000,read,0,1,0,8,8b05f505518b606a,38af166ad1dc3db3,7,4096,1,1e-05,-0.00040847931772938393,0.060641541304832416,0.060642917040481394,90.38593654541953,0.06069331272666817,-450.00000000000597,0.7966779000125825,finite_RF_static_Bloch,runs\combined_factor_study\cases\38af166ad1dc3db3,0.0
screen,increasing_centering_rf180,1000,read,0,1,0,8,8b05f505518b606a,38af166ad1dc3db3,8,4096,1,1e-05,0.004839401784215706,0.04393671481519569,0.04420242887422485,83.71450295645566,0.04436972279071213,-250.00000000000023,0.7967000000644475,finite_RF_static_Bloch,runs\combined_factor_study\cases\38af166ad1dc3db3,0.0
screen,increasing_alternating_centering,1000,read,90,1,0,8,1b6331729c140095,3a91cb7d502c00e8,1,4096,1,1e-05,0.24801095795424974,-0.004883178596691768,0.24805902664203094,-1.127971844426363,0.24833080151775808,-50.000000000001435,0.7831872999668121,finite_RF_static_Bloch,runs\combined_factor_study\cases\3a91cb7d502c00e8,90.0
screen,increasing_alternating_centering,1000,read,90,1,0,8,1b6331729c140095,3a91cb7d502c00e8,2,4096,1,1e-05,-0.1707952953030239,-0.0009845364990666411,0.17079813292236287,-179.6697264917063,0.17079813292236287,0.0,0.7832460999488831,finite_RF_static_Bloch,runs\combined_factor_study\cases\3a91cb7d502c00e8,90.0
screen,increasing_alternating_centering,1000,read,90,1,0,8,1b6331729c140095,3a91cb7d502c00e8,3,4096,1,1e-05,0.1260085135099864,0.002548781121597586,0.12603428804179534,1.1587668652143024,0.12611902103269063,49.99999999999449,0.7832730000372976,finite_RF_static_Bloch,runs\combined_factor_study\cases\3a91cb7d502c00e8,90.0
screen,increasing_alternating_centering,1000,read,90,1,0,8,1b6331729c140095,3a91cb7d502c00e8,4,4096,1,1e-05,-0.10247388038104,0.0011108741448973944,0.102479901452497,179.37890605156798,0.10286982256468705,-100.00000000000287,0.7832971999887377,finite_RF_static_Bloch,runs\combined_factor_study\cases\3a91cb7d502c00e8,90.0
screen,increasing_alternating_centering,1000,read,90,1,0,8,1b6331729c140095,3a91cb7d502c00e8,5,4096,1,1e-05,0.06713067391258548,0.003022963322781366,0.06719870301731103,2.5783460648839878,0.06719870301731104,0.0,0.7833208000520244,finite_RF_static_Bloch,runs\combined_factor_study\cases\3a91cb7d502c00e8,90.0
screen,increasing_alternating_centering,1000,read,90,1,0,8,1b6331729c140095,3a91cb7d502c00e8,6,4096,1,1e-05,-0.05265122857183834,0.0005903785184510047,0.05265453842660682,179.3575690297437,0.052923242016887494,-349.9999999999892,0.783343099988997,finite_RF_static_Bloch,runs\combined_factor_study\cases\3a91cb7d502c00e8,90.0
screen,increasing_alternating_centering,1000,read,90,1,0,8,1b6331729c140095,3a91cb7d502c00e8,7,4096,1,1e-05,0.04162569764519586,0.00035594308655045284,0.04162721945950903,0.48992667291774783,0.041627219459509035,0.0,0.7833659000461921,finite_RF_static_Bloch,runs\combined_factor_study\cases\3a91cb7d502c00e8,90.0
screen,increasing_alternating_centering,1000,read,90,1,0,8,1b6331729c140095,3a91cb7d502c00e8,8,4096,1,1e-05,-0.031152284158000407,-0.001064269265408158,0.031170458407442383,-178.04333993275463,0.03117045840744238,0.0,0.7833883999846876,finite_RF_static_Bloch,runs\combined_factor_study\cases\3a91cb7d502c00e8,90.0
screen,increasing_rf180,1000,read,0,0.8,0,8,7335cc78a92eb995,3e15790858d7e7e3,1,4096,1,1e-05,-0.004991579147107938,0.2738999308650644,0.2739454106026763,91.04404832138634,0.27420228076127723,50.000000000001435,1.739944399916567,finite_RF_static_Bloch,runs\combined_factor_study\cases\3e15790858d7e7e3,0.0
screen,increasing_rf180,1000,read,0,0.8,0,8,7335cc78a92eb995,3e15790858d7e7e3,2,4096,1,1e-05,-0.003671357155083128,0.19471971322832032,0.19475432108962173,91.08015950409819,0.1950065664301099,-49.99999999999449,1.7400150999892503,finite_RF_static_Bloch,runs\combined_factor_study\cases\3e15790858d7e7e3,0.0
screen,increasing_rf180,1000,read,0,0.8,0,8,7335cc78a92eb995,3e15790858d7e7e3,3,4096,1,1e-05,0.001039039975147123,0.12190728031127529,0.12191170820295236,89.51166851026653,0.12203725648051068,49.99999999999449,1.7400461999932304,finite_RF_static_Bloch,runs\combined_factor_study\cases\3e15790858d7e7e3,0.0
screen,increasing_rf180,1000,read,0,0.8,0,8,7335cc78a92eb995,3e15790858d7e7e3,4,4096,1,1e-05,0.002424862938184875,0.10968776607112787,0.10971456596980847,88.73357083808506,0.11000711715727328,-100.00000000000287,1.7400787000078708,finite_RF_static_Bloch,runs\combined_factor_study\cases\3e15790858d7e7e3,0.0
screen,increasing_rf180,1000,read,0,0.8,0,8,7335cc78a92eb995,3e15790858d7e7e3,5,4096,1,1e-05,0.004113900332071209,0.08490892644348202,0.08500852878227488,87.22614623442995,0.08516226449433577,100.00000000000287,1.7401118000270799,finite_RF_static_Bloch,runs\combined_factor_study\cases\3e15790858d7e7e3,0.0
screen,increasing_rf180,1000,read,0,0.8,0,8,7335cc78a92eb995,3e15790858d7e7e3,6,4096,1,1e-05,0.003840432043553324,0.07904804635676835,0.07914128221796099,87.2185565908426,0.07930399689314627,-99.99999999998899,1.740145199932158,finite_RF_static_Bloch,runs\combined_factor_study\cases\3e15790858d7e7e3,0.0
screen,increasing_rf180,1000,read,0,0.8,0,8,7335cc78a92eb995,3e15790858d7e7e3,7,4096,1,1e-05,-0.0025547055950014314,0.05942679259227102,0.05948167951968009,92.4615795758511,0.05949260335721735,49.99999999999449,1.7401706000091508,finite_RF_static_Bloch,runs\combined_factor_study\cases\3e15790858d7e7e3,0.0
screen,increasing_rf180,1000,read,0,0.8,0,8,7335cc78a92eb995,3e15790858d7e7e3,8,4096,1,1e-05,0.00042616032001317446,0.05076061546263591,0.050762404343804926,89.51898506630648,0.05093823307235453,-299.9999999999947,1.740192799945362,finite_RF_static_Bloch,runs\combined_factor_study\cases\3e15790858d7e7e3,0.0
screen,weak_increasing_centering,1000,read,90,1,0,8,2d2f4765ae50fff9,4252140040a8b81f,1,4096,1,1e-05,0.24801095795424974,-0.004883178596691768,0.24805902664203094,-1.127971844426363,0.24833080151775808,-50.000000000001435,0.8173341000219807,finite_RF_static_Bloch,runs\combined_factor_study\cases\4252140040a8b81f,90.0
screen,weak_increasing_centering,1000,read,90,1,0,8,2d2f4765ae50fff9,4252140040a8b81f,2,4096,1,1e-05,-0.1825489530569612,0.0009211290963546121,0.18255127701827992,179.71089200564003,0.18255127701827992,0.0,0.8173881999682635,finite_RF_static_Bloch,runs\combined_factor_study\cases\4252140040a8b81f,90.0
screen,weak_increasing_centering,1000,read,90,1,0,8,2d2f4765ae50fff9,4252140040a8b81f,3,4096,1,1e-05,0.13738225352233174,-0.0028743451893882485,0.13741231910983087,-1.1985814770946261,0.13790428175615785,-100.00000000000287,0.8174139000475407,finite_RF_static_Bloch,runs\combined_factor_study\cases\4252140040a8b81f,90.0
screen,weak_increasing_centering,1000,read,90,1,0,8,2d2f4765ae50fff9,4252140040a8b81f,4,4096,1,1e-05,-0.12508573110357707,0.009139811326339287,0.12541920218530123,175.8209171942742,0.12546146422619675,-50.00000000000837,0.8174372999928892,finite_RF_static_Bloch,runs\combined_factor_study\cases\4252140040a8b81f,90.0
screen,weak_increasing_centering,1000,read,90,1,0,8,2d2f4765ae50fff9,4252140040a8b81f,5,4096,1,1e-05,0.11160008733389265,-0.0014118289336272289,0.11160901735016886,-0.7247980379138583,0.11160901735016886,0.0,0.8174595000455156,finite_RF_static_Bloch,runs\combined_factor_study\cases\4252140040a8b81f,90.0
screen,weak_increasing_centering,1000,read,90,1,0,8,2d2f4765ae50fff9,4252140040a8b81f,6,4096,1,1e-05,-0.08237480253862586,-0.0041096027276740065,0.08247725097174922,-177.14393447622487,0.08265150271406359,-549.9999999999949,0.8174809999763966,finite_RF_static_Bloch,runs\combined_factor_study\cases\4252140040a8b81f,90.0
screen,weak_increasing_centering,1000,read,90,1,0,8,2d2f4765ae50fff9,4252140040a8b81f,7,4096,1,1e-05,0.07679856895031739,-0.0017891112932190835,0.07681940582975229,-1.3345299197160951,0.0768269017834027,49.99999999999449,0.8175027000252157,finite_RF_static_Bloch,runs\combined_factor_study\cases\4252140040a8b81f,90.0
screen,weak_increasing_centering,1000,read,90,1,0,8,2d2f4765ae50fff9,4252140040a8b81f,8,4096,1,1e-05,-0.0594890066341129,0.002123657251005091,0.05952690005731254,177.95550544555476,0.05952690005731253,0.0,0.8175241999560967,finite_RF_static_Bloch,runs\combined_factor_study\cases\4252140040a8b81f,90.0
screen,increasing_centering_rf90_exploratory,1000,read,0,1,0,8,467256441bd3be5f,46a474a976810f3b,1,4096,1,1e-05,-0.004910058550749369,0.2484525511242275,0.24850106405226652,91.13216392705218,0.24850106405226652,0.0,0.7832364999921992,finite_RF_static_Bloch,runs\combined_factor_study\cases\46a474a976810f3b,0.0
screen,increasing_centering_rf90_exploratory,1000,read,0,1,0,8,467256441bd3be5f,46a474a976810f3b,2,4096,1,1e-05,-0.008172846707249683,-0.17912787518847628,0.17931422445762227,-92.61235217433362,0.17939640177572364,-50.00000000000837,0.7832903999369591,finite_RF_static_Bloch,runs\combined_factor_study\cases\46a474a976810f3b,0.0
screen,increasing_centering_rf90_exploratory,1000,read,0,1,0,8,467256441bd3be5f,46a474a976810f3b,3,4096,1,1e-05,0.004086479335688128,-0.12384781171052958,0.12391521205585614,-88.11015552182494,0.1239222112680728,-49.99999999999449,0.7833163999021053,finite_RF_static_Bloch,runs\combined_factor_study\cases\46a474a976810f3b,0.0
screen,increasing_centering_rf90_exploratory,1000,read,0,1,0,8,467256441bd3be5f,46a474a976810f3b,4,4096,1,1e-05,0.016601336209316003,0.10076171627824802,0.10212016368608552,80.64409283927647,0.10217524126873574,-50.00000000000837,0.783339999965392,finite_RF_static_Bloch,runs\combined_factor_study\cases\46a474a976810f3b,0.0
screen,increasing_centering_rf90_exploratory,1000,read,0,1,0,8,467256441bd3be5f,46a474a976810f3b,5,4096,1,1e-05,-0.008312318015378477,0.0845986903011342,0.08500607643842882,95.61163434422485,0.08510066155922208,-49.99999999999449,0.7833626999054104,finite_RF_static_Bloch,runs\combined_factor_study\cases\46a474a976810f3b,0.0
screen,increasing_centering_rf90_exploratory,1000,read,0,1,0,8,467256441bd3be5f,46a474a976810f3b,6,4096,1,1e-05,-0.006889356988526586,-0.07778096520974706,0.07808547745051728,-95.06169659791297,0.0781032936491319,-49.99999999999449,0.7833847999572754,finite_RF_static_Bloch,runs\combined_factor_study\cases\46a474a976810f3b,0.0
screen,increasing_centering_rf90_exploratory,1000,read,0,1,0,8,467256441bd3be5f,46a474a976810f3b,7,4096,1,1e-05,0.0031691080171269204,-0.06478432244021214,0.06486178905689846,-87.19944764025158,0.06488161553582933,-49.99999999999449,0.7834073998965323,finite_RF_static_Bloch,runs\combined_factor_study\cases\46a474a976810f3b,0.0
screen,increasing_centering_rf90_exploratory,1000,read,0,1,0,8,467256441bd3be5f,46a474a976810f3b,8,4096,1,1e-05,0.0025280777389845494,0.04806230497205239,0.04812874750376246,86.98901624964775,0.048128747503762455,0.0,0.7834295999491587,finite_RF_static_Bloch,runs\combined_factor_study\cases\46a474a976810f3b,0.0
screen,alternating_centering,1000,read,90,1,0,8,2a23a8c41b42d5d4,47d33b04b613fe77,1,4096,1,1e-05,0.24801095795424974,-0.004883178596691768,0.24805902664203094,-1.127971844426363,0.24833080151775808,-50.000000000001435,1.002121900091879,finite_RF_static_Bloch,runs\combined_factor_study\cases\47d33b04b613fe77,90.0
screen,alternating_centering,1000,read,90,1,0,8,2a23a8c41b42d5d4,47d33b04b613fe77,2,4096,1,1e-05,-0.1707952953030239,-0.0009845364990666411,0.17079813292236287,-179.6697264917063,0.17079813292236287,0.0,1.00219210004434,finite_RF_static_Bloch,runs\combined_factor_study\cases\47d33b04b613fe77,90.0
screen,alternating_centering,1000,read,90,1,0,8,2a23a8c41b42d5d4,47d33b04b613fe77,3,4096,1,1e-05,0.11914923836652647,0.003937760221514785,0.11921429007835213,1.8928778400103907,0.11950669927320721,-100.00000000000287,1.0022323000011966,finite_RF_static_Bloch,runs\combined_factor_study\cases\47d33b04b613fe77,90.0
screen,alternating_centering,1000,read,90,1,0,8,2a23a8c41b42d5d4,47d33b04b613fe77,4,4096,1,1e-05,-0.08809799533991113,-0.00011205215898524637,0.08809806659965551,-179.92712533005556,0.08811378757763737,-50.00000000000837,1.002269700053148,finite_RF_static_Bloch,runs\combined_factor_study\cases\47d33b04b613fe77,90.0
screen,alternating_centering,1000,read,90,1,0,8,2a23a8c41b42d5d4,47d33b04b613fe77,5,4096,1,1e-05,0.07737077006160048,-0.0010995696641737736,0.07737858304060255,-0.8142152396507392,0.07850641161888536,-549.9999999999949,1.0023060000967234,finite_RF_static_Bloch,runs\combined_factor_study\cases\47d33b04b613fe77,90.0
screen,alternating_centering,1000,read,90,1,0,8,2a23a8c41b42d5d4,47d33b04b613fe77,6,4096,1,1e-05,-0.047020597113514556,0.0021302294130561674,0.04706882652312147,177.4060356201502,0.04715139468401478,-99.99999999998899,1.0023418000200763,finite_RF_static_Bloch,runs\combined_factor_study\cases\47d33b04b613fe77,90.0
screen,alternating_centering,1000,read,90,1,0,8,2a23a8c41b42d5d4,47d33b04b613fe77,7,4096,1,1e-05,0.04316110512607722,-0.0023391433400891583,0.04322444432574898,-3.102146143771619,0.04355319725610504,-650.0000000000117,1.0023783000651747,finite_RF_static_Bloch,runs\combined_factor_study\cases\47d33b04b613fe77,90.0
screen,alternating_centering,1000,read,90,1,0,8,2a23a8c41b42d5d4,47d33b04b613fe77,8,4096,1,1e-05,-0.03192729407014191,-0.000467225881596718,0.03193071259251432,-179.16159007105176,0.03196792147490687,-349.9999999999892,1.002416200004518,finite_RF_static_Bloch,runs\combined_factor_study\cases\47d33b04b613fe77,90.0
screen,high_low_alternating,1000,read,90,1,0,8,ec6d793f2c25abac,48508a08958548a4,1,4096,1,1e-05,0.2441691149836675,-0.0033245236253082477,0.2441917467263025,-0.7800716445389309,0.2442087075211705,50.000000000001435,0.7167567999567837,finite_RF_static_Bloch,runs\combined_factor_study\cases\48508a08958548a4,90.0
screen,high_low_alternating,1000,read,90,1,0,8,ec6d793f2c25abac,48508a08958548a4,2,4096,1,1e-05,-0.16837981157992393,-0.002586111517475751,0.16839967019110075,-179.12007487974225,0.16855786496837438,-49.99999999999449,0.7168024000711739,finite_RF_static_Bloch,runs\combined_factor_study\cases\48508a08958548a4,90.0
screen,high_low_alternating,1000,read,90,1,0,8,ec6d793f2c25abac,48508a08958548a4,3,4096,1,1e-05,0.12947836149538056,-0.0004271734898256841,0.1294790661563438,-0.189028877129624,0.12964216260182904,49.99999999999449,0.71682770003099,finite_RF_static_Bloch,runs\combined_factor_study\cases\48508a08958548a4,90.0
screen,high_low_alternating,1000,read,90,1,0,8,ec6d793f2c25abac,48508a08958548a4,4,4096,1,1e-05,-0.09028991206006236,0.004319378494087066,0.09039317037469687,177.26111569220487,0.09063634789354919,-100.00000000000287,0.7168508999748155,finite_RF_static_Bloch,runs\combined_factor_study\cases\48508a08958548a4,90.0
screen,high_low_alternating,1000,read,90,1,0,8,ec6d793f2c25abac,48508a08958548a4,5,4096,1,1e-05,0.07078363518176228,-0.0020320336278374486,0.07081279665575621,-1.6443770165047562,0.07084747878396519,49.99999999999449,0.7168737000320107,finite_RF_static_Bloch,runs\combined_factor_study\cases\48508a08958548a4,90.0
screen,high_low_alternating,1000,read,90,1,0,8,ec6d793f2c25abac,48508a08958548a4,6,4096,1,1e-05,-0.0511703002511409,0.0026529823060612735,0.05123902753671448,177.03209263084676,0.05141387845232879,-99.99999999998899,0.7168953999644145,finite_RF_static_Bloch,runs\combined_factor_study\cases\48508a08958548a4,90.0
screen,high_low_alternating,1000,read,90,1,0,8,ec6d793f2c25abac,48508a08958548a4,7,4096,1,1e-05,0.04229629855231275,0.0008867147442785958,0.04230559223393634,1.2009933060983384,0.04232821165019277,49.99999999999449,0.7169179000193253,finite_RF_static_Bloch,runs\combined_factor_study\cases\48508a08958548a4,90.0
screen,high_low_alternating,1000,read,90,1,0,8,ec6d793f2c25abac,48508a08958548a4,8,4096,1,1e-05,-0.03269253249192463,0.0016981228417356612,0.03273660492355877,177.026601942908,0.032817189531495684,-99.99999999998899,0.7169555999571458,finite_RF_static_Bloch,runs\combined_factor_study\cases\48508a08958548a4,90.0
screen,weak_increasing_alternating_centering,1000,read,0,0.8,0,8,fb0d4365888f0054,4b96caaf7079f39a,1,4096,1,1e-05,-0.005448413794415983,0.2909624802876619,0.2910134879142601,91.07276593143351,0.2910796142930561,-50.000000000001435,1.5299456999637187,finite_RF_static_Bloch,runs\combined_factor_study\cases\4b96caaf7079f39a,0.0
screen,weak_increasing_alternating_centering,1000,read,0,0.8,0,8,fb0d4365888f0054,4b96caaf7079f39a,2,4096,1,1e-05,0.00021784565898888943,0.20295730822437952,0.2029574251374335,89.93850119435872,0.20330043546147633,-100.00000000000287,1.5300203999504447,finite_RF_static_Bloch,runs\combined_factor_study\cases\4b96caaf7079f39a,0.0
screen,weak_increasing_alternating_centering,1000,read,0,0.8,0,8,fb0d4365888f0054,4b96caaf7079f39a,3,4096,1,1e-05,-0.010902848906021622,0.1524689852639244,0.1528583121118323,94.09018073178186,0.15319144765711382,-100.00000000000287,1.5300696999765933,finite_RF_static_Bloch,runs\combined_factor_study\cases\4b96caaf7079f39a,0.0
screen,weak_increasing_alternating_centering,1000,read,0,0.8,0,8,fb0d4365888f0054,4b96caaf7079f39a,4,4096,1,1e-05,0.0026848665302279815,0.10668227078278644,0.10671605037508139,88.5583447533713,0.10677494039679634,-50.00000000000837,1.5301160999806598,finite_RF_static_Bloch,runs\combined_factor_study\cases\4b96caaf7079f39a,0.0
screen,weak_increasing_alternating_centering,1000,read,0,0.8,0,8,fb0d4365888f0054,4b96caaf7079f39a,5,4096,1,1e-05,0.0010020448821392595,0.08493588909083655,0.08494179977841715,89.32407513718674,0.08505427833551786,-100.00000000000287,1.5301617999793962,finite_RF_static_Bloch,runs\combined_factor_study\cases\4b96caaf7079f39a,0.0
screen,weak_increasing_alternating_centering,1000,read,0,0.8,0,8,fb0d4365888f0054,4b96caaf7079f39a,6,4096,1,1e-05,-0.005020975384061657,0.06164477610888102,0.061848917656830676,94.65646997388478,0.06185564070858075,-49.99999999999449,1.5302076999796554,finite_RF_static_Bloch,runs\combined_factor_study\cases\4b96caaf7079f39a,0.0
screen,weak_increasing_alternating_centering,1000,read,0,0.8,0,8,fb0d4365888f0054,4b96caaf7079f39a,7,4096,1,1e-05,-0.001414903054723447,0.04321101493293637,0.0432341735458042,91.87542503388173,0.04337132942319763,-99.99999999998899,1.5302537999814376,finite_RF_static_Bloch,runs\combined_factor_study\cases\4b96caaf7079f39a,0.0
screen,weak_increasing_alternating_centering,1000,read,0,0.8,0,8,fb0d4365888f0054,4b96caaf7079f39a,8,4096,1,1e-05,0.0014828142714315095,0.03755472512145444,0.03758398750946422,87.73890261870997,0.03773907478083507,-99.99999999998899,1.5302977999672294,finite_RF_static_Bloch,runs\combined_factor_study\cases\4b96caaf7079f39a,0.0
screen,increasing_alternating,1000,read,0,1,0,8,b3b27f80e4d15f02,4bf87be470a0a229,1,4096,1,1e-05,-0.0032448769234316712,0.2454870004702392,0.2455084451217991,90.75729845474417,0.24605053744096478,100.00000000000287,0.7023782000178471,finite_RF_static_Bloch,runs\combined_factor_study\cases\4bf87be470a0a229,0.0
screen,increasing_alternating,1000,read,0,1,0,8,b3b27f80e4d15f02,4bf87be470a0a229,2,4096,1,1e-05,-0.0022731496269615546,0.1707957251000068,0.17081085129951096,90.76251434558446,0.17111110912298916,-100.00000000000287,0.7024299000622705,finite_RF_static_Bloch,runs\combined_factor_study\cases\4bf87be470a0a229,0.0
screen,increasing_alternating,1000,read,0,1,0,8,b3b27f80e4d15f02,4bf87be470a0a229,3,4096,1,1e-05,0.0026742248174921115,0.11952346369394985,0.11955337658039375,88.71827479790953,0.11967531117397057,49.99999999999449,0.702455300022848,finite_RF_static_Bloch,runs\combined_factor_study\cases\4bf87be470a0a229,0.0
screen,increasing_alternating,1000,read,0,1,0,8,b3b27f80e4d15f02,4bf87be470a0a229,4,4096,1,1e-05,-0.0033738731543085762,0.10430570234280948,0.10436025374292712,91.85264384379468,0.10439701844416324,-49.99999999999449,0.7024782999651507,finite_RF_static_Bloch,runs\combined_factor_study\cases\4bf87be470a0a229,0.0
screen,increasing_alternating,1000,read,0,1,0,8,b3b27f80e4d15f02,4bf87be470a0a229,5,4096,1,1e-05,-0.004908414779214901,0.07549692524936395,0.07565631670754838,93.71983632934734,0.07581979792229525,49.99999999999449,0.7025006000185385,finite_RF_static_Bloch,runs\combined_factor_study\cases\4bf87be470a0a229,0.0
screen,increasing_alternating,1000,read,0,1,0,8,b3b27f80e4d15f02,4bf87be470a0a229,6,4096,1,1e-05,0.0009632969130449777,0.05480706595242167,0.054815530821618254,88.99306477691553,0.05484043781697198,-49.99999999999449,0.7025224000681192,finite_RF_static_Bloch,runs\combined_factor_study\cases\4bf87be470a0a229,0.0
screen,increasing_alternating,1000,read,0,1,0,8,b3b27f80e4d15f02,4bf87be470a0a229,7,4096,1,1e-05,0.000540198965541628,0.03685562828014218,0.03685958695979091,89.16026652867357,0.03692476564054355,49.99999999999449,0.7025443000020459,finite_RF_static_Bloch,runs\combined_factor_study\cases\4bf87be470a0a229,0.0
screen,increasing_alternating,1000,read,0,1,0,8,b3b27f80e4d15f02,4bf87be470a0a229,8,4096,1,1e-05,0.00021400189769599947,0.03463190704095738,0.034632568228558085,89.6459551167277,0.034632568228558085,0.0,0.7025657000485808,finite_RF_static_Bloch,runs\combined_factor_study\cases\4bf87be470a0a229,0.0
screen,irregular_energy_matched,1000,read,0,0.8,0,8,5223a098a378cbc1,4db29dbce7f63956,1,4096,1,1e-05,-0.004991579147107938,0.2738999308650644,0.2739454106026763,91.04404832138634,0.27420228076127723,50.000000000001435,7.397404800052755,finite_RF_static_Bloch,runs\combined_factor_study\cases\4db29dbce7f63956,0.0
screen,irregular_energy_matched,1000,read,0,0.8,0,8,5223a098a378cbc1,4db29dbce7f63956,2,4096,1,1e-05,0.009939548409474908,0.19904782084554334,0.19929583439185028,87.14128231003444,0.19953898367210793,-100.00000000000287,7.397449200041592,finite_RF_static_Bloch,runs\combined_factor_study\cases\4db29dbce7f63956,0.0
screen,irregular_energy_matched,1000,read,0,0.8,0,8,5223a098a378cbc1,4db29dbce7f63956,3,4096,1,1e-05,-0.0021402797533013073,0.1356831702265296,0.1357000496689069,90.90371434582563,0.13571632811538617,49.99999999999449,7.397474299999885,finite_RF_static_Bloch,runs\combined_factor_study\cases\4db29dbce7f63956,0.0
screen,irregular_energy_matched,1000,read,0,0.8,0,8,5223a098a378cbc1,4db29dbce7f63956,4,4096,1,1e-05,0.005657252747123963,0.1242533113485397,0.12438203202119665,87.39312373777632,0.12441654976460442,-49.99999999999449,7.397496800054796,finite_RF_static_Bloch,runs\combined_factor_study\cases\4db29dbce7f63956,0.0
screen,irregular_energy_matched,1000,read,0,0.8,0,8,5223a098a378cbc1,4db29dbce7f63956,5,4096,1,1e-05,-0.007358128640758659,0.08743781426858344,0.08774687128987134,94.81026132131595,0.08782792987863153,49.99999999999449,7.397518699988723,finite_RF_static_Bloch,runs\combined_factor_study\cases\4db29dbce7f63956,0.0
screen,irregular_energy_matched,1000,read,0,0.8,0,8,5223a098a378cbc1,4db29dbce7f63956,6,4096,1,1e-05,0.004850979271459313,0.06386643072247478,0.06405039401222133,85.65643512038552,0.06405039401222133,0.0,7.3975403000367805,finite_RF_static_Bloch,runs\combined_factor_study\cases\4db29dbce7f63956,0.0
screen,irregular_energy_matched,1000,read,0,0.8,0,8,5223a098a378cbc1,4db29dbce7f63956,7,4096,1,1e-05,-0.0006810161999957079,0.04373636262307098,0.0437416643323207,90.89207695132379,0.043795294951709786,49.99999999999449,7.3975616999669,finite_RF_static_Bloch,runs\combined_factor_study\cases\4db29dbce7f63956,0.0
screen,irregular_energy_matched,1000,read,0,0.8,0,8,5223a098a378cbc1,4db29dbce7f63956,8,4096,1,1e-05,0.005944106022938957,0.031254421754523774,0.031814639328799375,79.23183148017891,0.03191304540858866,99.99999999998899,7.397582700010389,finite_RF_static_Bloch,runs\combined_factor_study\cases\4db29dbce7f63956,0.0
screen,quadratic,1000,read,90,1,0,8,961e602e1784b9c5,4de0a59ff3d72511,1,4096,1,1e-05,0.2441691149836675,-0.0033245236253082477,0.2441917467263025,-0.7800716445389309,0.2442087075211705,50.000000000001435,0.8973875999217853,finite_RF_static_Bloch,runs\combined_factor_study\cases\4de0a59ff3d72511,90.0
screen,quadratic,1000,read,90,1,0,8,961e602e1784b9c5,4de0a59ff3d72511,2,4096,1,1e-05,-0.1809909593379285,-0.002291309472639517,0.1810054625174696,-179.27468559794627,0.1810054625174696,0.0,0.8974433999974281,finite_RF_static_Bloch,runs\combined_factor_study\cases\4de0a59ff3d72511,90.0
screen,quadratic,1000,read,90,1,0,8,961e602e1784b9c5,4de0a59ff3d72511,3,4096,1,1e-05,0.10373503620630634,-0.004354067992838266,0.10382637258813363,-2.4034635163332325,0.10382637258813364,0.0,0.8974700999679044,finite_RF_static_Bloch,runs\combined_factor_study\cases\4de0a59ff3d72511,90.0
screen,quadratic,1000,read,90,1,0,8,961e602e1784b9c5,4de0a59ff3d72511,4,4096,1,1e-05,-0.10005149463881538,-0.0024276877782969898,0.10008094347781597,-178.61002601015815,0.10011877940685979,-49.99999999999449,0.8974937999155372,finite_RF_static_Bloch,runs\combined_factor_study\cases\4de0a59ff3d72511,90.0
screen,quadratic,1000,read,90,1,0,8,961e602e1784b9c5,4de0a59ff3d72511,5,4096,1,1e-05,0.0711811426734591,-0.001612288002813383,0.07119939989145523,-1.2975558050071225,0.07150789295572334,100.00000000000287,0.8975170999765396,finite_RF_static_Bloch,runs\combined_factor_study\cases\4de0a59ff3d72511,90.0
screen,quadratic,1000,read,90,1,0,8,961e602e1784b9c5,4de0a59ff3d72511,6,4096,1,1e-05,-0.06079789505864097,-0.004234396904881633,0.060945173399618705,-176.01594880172905,0.0609451733996187,0.0,0.8975394999142736,finite_RF_static_Bloch,runs\combined_factor_study\cases\4de0a59ff3d72511,90.0
screen,quadratic,1000,read,90,1,0,8,961e602e1784b9c5,4de0a59ff3d72511,7,4096,1,1e-05,0.051679999909060276,-0.0024094317847434305,0.05173613584455068,-2.669318492390804,0.05173613584455068,0.0,0.8975619999691844,finite_RF_static_Bloch,runs\combined_factor_study\cases\4de0a59ff3d72511,90.0
screen,quadratic,1000,read,90,1,0,8,961e602e1784b9c5,4de0a59ff3d72511,8,4096,1,1e-05,-0.03661368590262009,0.0002467567577325131,0.03661451739779193,179.61386278413264,0.03673102296338857,-500.00000000000045,0.8975844999076799,finite_RF_static_Bloch,runs\combined_factor_study\cases\4de0a59ff3d72511,90.0
screen,original_rf90_exploratory,1000,read,90,1,0,8,371c128c6dde3d6f,4ed0039038cbbd8c,1,4096,1,1e-05,0.2441691149836675,-0.0033245236253082477,0.2441917467263025,-0.7800716445389309,0.2442087075211705,50.000000000001435,0.8008189999964088,finite_RF_static_Bloch,runs\combined_factor_study\cases\4ed0039038cbbd8c,90.0
screen,original_rf90_exploratory,1000,read,90,1,0,8,371c128c6dde3d6f,4ed0039038cbbd8c,2,4096,1,1e-05,0.177659372856685,-0.010462830301417907,0.17796719804994093,-3.3704069995043793,0.17817848555659155,-49.99999999999449,0.8008778999792412,finite_RF_static_Bloch,runs\combined_factor_study\cases\4ed0039038cbbd8c,90.0
screen,original_rf90_exploratory,1000,read,90,1,0,8,371c128c6dde3d6f,4ed0039038cbbd8c,3,4096,1,1e-05,-0.12071732764556788,-0.03839181690517275,0.12667519409563854,-162.35773826799516,0.12687478476236308,49.99999999999449,0.8009105999954045,finite_RF_static_Bloch,runs\combined_factor_study\cases\4ed0039038cbbd8c,90.0
screen,original_rf90_exploratory,1000,read,90,1,0,8,371c128c6dde3d6f,4ed0039038cbbd8c,4,4096,1,1e-05,-0.10989452536843444,0.005282927921035869,0.11002143442698946,177.24775529294314,0.11002143442698946,0.0,0.8009406999917701,finite_RF_static_Bloch,runs\combined_factor_study\cases\4ed0039038cbbd8c,90.0
screen,original_rf90_exploratory,1000,read,90,1,0,8,371c128c6dde3d6f,4ed0039038cbbd8c,5,4096,1,1e-05,0.10770647971800246,-0.009530591934353128,0.10812732289233666,-5.056744485793878,0.10812732289233667,0.0,0.8009700999828056,finite_RF_static_Bloch,runs\combined_factor_study\cases\4ed0039038cbbd8c,90.0
screen,original_rf90_exploratory,1000,read,90,1,0,8,371c128c6dde3d6f,4ed0039038cbbd8c,6,4096,1,1e-05,0.07049755096309417,-0.00361015869709421,0.07058992801818305,-2.9315390932711614,0.0709071026973424,-599.9999999999894,0.8010013999883085,finite_RF_static_Bloch,runs\combined_factor_study\cases\4ed0039038cbbd8c,90.0
screen,original_rf90_exploratory,1000,read,90,1,0,8,371c128c6dde3d6f,4ed0039038cbbd8c,7,4096,1,1e-05,-0.03775384264380499,-0.01468866325156438,0.04051060925845285,-158.74077698315023,0.040562213526611574,49.99999999999449,0.8010328999953344,finite_RF_static_Bloch,runs\combined_factor_study\cases\4ed0039038cbbd8c,90.0
screen,original_rf90_exploratory,1000,read,90,1,0,8,371c128c6dde3d6f,4ed0039038cbbd8c,8,4096,1,1e-05,-0.04100999634407125,-0.0009482838967588231,0.04102095857594736,-178.67537211879636,0.04102095857594736,0.0,0.8010606999741867,finite_RF_static_Bloch,runs\combined_factor_study\cases\4ed0039038cbbd8c,90.0
screen,geometric,1000,read,90,0.8,0,8,b8ed903f2aa319ac,4f076f4417e9b1c0,1,4096,1,1e-05,0.2697744019263688,-0.002610747172157214,0.2697870344096004,-0.5544637436942854,0.26982065473564965,50.000000000001435,1.54162290005479,finite_RF_static_Bloch,runs\combined_factor_study\cases\4f076f4417e9b1c0,90.0
screen,geometric,1000,read,90,0.8,0,8,b8ed903f2aa319ac,4f076f4417e9b1c0,2,4096,1,1e-05,-0.19942779818713444,0.002761026444804865,0.19944691012095758,179.20680538240137,0.1994469101209576,0.0,1.5416715000756085,finite_RF_static_Bloch,runs\combined_factor_study\cases\4f076f4417e9b1c0,90.0
screen,geometric,1000,read,90,0.8,0,8,b8ed903f2aa319ac,4f076f4417e9b1c0,3,4096,1,1e-05,0.1444410735740796,0.0020086454141908694,0.14445503934315557,0.7967227330195025,0.14450299669083447,49.99999999999449,1.5416965000331402,finite_RF_static_Bloch,runs\combined_factor_study\cases\4f076f4417e9b1c0,90.0
screen,geometric,1000,read,90,0.8,0,8,b8ed903f2aa319ac,4f076f4417e9b1c0,4,4096,1,1e-05,-0.11624516092257921,-0.0019620453066228134,0.11626171794576913,-179.03302433452583,0.11626171794576914,0.0,1.5417194000910968,finite_RF_static_Bloch,runs\combined_factor_study\cases\4f076f4417e9b1c0,90.0
screen,geometric,1000,read,90,0.8,0,8,b8ed903f2aa319ac,4f076f4417e9b1c0,5,4096,1,1e-05,0.08313188745459757,0.0008769770656611763,0.08313651304052613,0.6044037050027133,0.08334289945569595,-250.00000000000023,1.541741400025785,finite_RF_static_Bloch,runs\combined_factor_study\cases\4f076f4417e9b1c0,90.0
screen,geometric,1000,read,90,0.8,0,8,b8ed903f2aa319ac,4f076f4417e9b1c0,6,4096,1,1e-05,-0.06274389317707998,-0.00482266372602233,0.06292896166655793,-175.60473484578853,0.06317439146387469,-150.00000000001123,1.5417627000715584,finite_RF_static_Bloch,runs\combined_factor_study\cases\4f076f4417e9b1c0,90.0
screen,geometric,1000,read,90,0.8,0,8,b8ed903f2aa319ac,4f076f4417e9b1c0,7,4096,1,1e-05,0.04641094856090218,-0.005737303936280222,0.046764225672836335,-7.047130120221543,0.046863025658905516,49.99999999999449,1.5417862000176683,finite_RF_static_Bloch,runs\combined_factor_study\cases\4f076f4417e9b1c0,90.0
screen,geometric,1000,read,90,0.8,0,8,b8ed903f2aa319ac,4f076f4417e9b1c0,8,4096,1,1e-05,-0.03593690602638039,-0.0007595583768484663,0.03594493210004347,-178.78918317100536,0.035953298168292507,-49.99999999999449,1.5418093000771478,finite_RF_static_Bloch,runs\combined_factor_study\cases\4f076f4417e9b1c0,90.0
screen,high_low_permutation_alternating,1000,read,90,0.8,0,8,0829a82ef8bc951b,539980063af6d34b,1,4096,1,1e-05,0.2697744019263688,-0.002610747172157214,0.2697870344096004,-0.5544637436942854,0.26982065473564965,50.000000000001435,1.6032003000145778,finite_RF_static_Bloch,runs\combined_factor_study\cases\539980063af6d34b,90.0
screen,high_low_permutation_alternating,1000,read,90,0.8,0,8,0829a82ef8bc951b,539980063af6d34b,2,4096,1,1e-05,-0.20316522902668932,-0.0006816671465289187,0.20316637260030457,-179.80775989988297,0.20329151834545742,-49.99999999999449,1.603262700024061,finite_RF_static_Bloch,runs\combined_factor_study\cases\539980063af6d34b,90.0
screen,high_low_permutation_alternating,1000,read,90,0.8,0,8,0829a82ef8bc951b,539980063af6d34b,3,4096,1,1e-05,0.1339096872607476,-0.00023605076617910954,0.13390989531112119,-0.10099865753564956,0.13402188884317895,49.99999999999449,1.6032900999998674,finite_RF_static_Bloch,runs\combined_factor_study\cases\539980063af6d34b,90.0
screen,high_low_permutation_alternating,1000,read,90,0.8,0,8,0829a82ef8bc951b,539980063af6d34b,4,4096,1,1e-05,-0.11312728705021619,0.0029405312952854607,0.11316549739050574,178.51103912742346,0.11318193412321798,-49.99999999999449,1.6033147000707686,finite_RF_static_Bloch,runs\combined_factor_study\cases\539980063af6d34b,90.0
screen,high_low_permutation_alternating,1000,read,90,0.8,0,8,0829a82ef8bc951b,539980063af6d34b,5,4096,1,1e-05,0.08513593041600681,0.0010643613019490207,0.08514258342791954,0.7162690686677882,0.08523120774112634,49.99999999999449,1.6033377000130713,finite_RF_static_Bloch,runs\combined_factor_study\cases\539980063af6d34b,90.0
screen,high_low_permutation_alternating,1000,read,90,0.8,0,8,0829a82ef8bc951b,539980063af6d34b,6,4096,1,1e-05,-0.07922217108403387,-0.0027141129952732565,0.07926864954456486,-178.03784193126816,0.07938869872801992,-99.99999999998899,1.6033666000002995,finite_RF_static_Bloch,runs\combined_factor_study\cases\539980063af6d34b,90.0
screen,high_low_permutation_alternating,1000,read,90,0.8,0,8,0829a82ef8bc951b,539980063af6d34b,7,4096,1,1e-05,0.059782221761115674,-0.0025502828110077454,0.05983659399657816,-2.4427312252907254,0.05997630323441483,-299.9999999999947,1.603389700059779,finite_RF_static_Bloch,runs\combined_factor_study\cases\539980063af6d34b,90.0
screen,high_low_permutation_alternating,1000,read,90,0.8,0,8,0829a82ef8bc951b,539980063af6d34b,8,4096,1,1e-05,-0.05669086699617813,0.0009857580849409876,0.056699436679568394,179.0038239026286,0.05683288361321958,-400.0000000000115,1.603412099997513,finite_RF_static_Bloch,runs\combined_factor_study\cases\539980063af6d34b,90.0
screen,original_rf90_exploratory,1000,read,90,0.8,0,8,371c128c6dde3d6f,541347d7835f06ac,1,4096,1,1e-05,0.2697744019263688,-0.002610747172157214,0.2697870344096004,-0.5544637436942854,0.26982065473564965,50.000000000001435,1.7919153000693768,finite_RF_static_Bloch,runs\combined_factor_study\cases\541347d7835f06ac,90.0
screen,original_rf90_exploratory,1000,read,90,0.8,0,8,371c128c6dde3d6f,541347d7835f06ac,2,4096,1,1e-05,0.20190004187070001,0.0031176036409150767,0.20192411039757552,0.8846522980817296,0.20223629068988241,-49.99999999999449,1.7919741000514477,finite_RF_static_Bloch,runs\combined_factor_study\cases\541347d7835f06ac,90.0
screen,original_rf90_exploratory,1000,read,90,0.8,0,8,371c128c6dde3d6f,541347d7835f06ac,3,4096,1,1e-05,-0.1330037978697285,-0.03474100308973076,0.13746616872326178,-165.36123546527818,0.13757208955620234,49.99999999999449,1.7920106000965461,finite_RF_static_Bloch,runs\combined_factor_study\cases\541347d7835f06ac,90.0
screen,original_rf90_exploratory,1000,read,90,0.8,0,8,371c128c6dde3d6f,541347d7835f06ac,4,4096,1,1e-05,-0.13652558715764615,0.0035906993546204607,0.136572797696303,178.49343623987062,0.136572797696303,0.0,1.792042300105095,finite_RF_static_Bloch,runs\combined_factor_study\cases\541347d7835f06ac,90.0
screen,original_rf90_exploratory,1000,read,90,0.8,0,8,371c128c6dde3d6f,541347d7835f06ac,5,4096,1,1e-05,0.12180396300024265,-0.007917873008682155,0.12206104257930168,-3.7192822416519973,0.12206104257930168,0.0,1.7920715000946075,finite_RF_static_Bloch,runs\combined_factor_study\cases\541347d7835f06ac,90.0
screen,original_rf90_exploratory,1000,read,90,0.8,0,8,371c128c6dde3d6f,541347d7835f06ac,6,4096,1,1e-05,0.0770847875127101,0.0040800613079247545,0.07719268984920846,3.0298112202607115,0.07754399331585393,-99.99999999998899,1.79210000007879,finite_RF_static_Bloch,runs\combined_factor_study\cases\541347d7835f06ac,90.0
screen,original_rf90_exploratory,1000,read,90,0.8,0,8,371c128c6dde3d6f,541347d7835f06ac,7,4096,1,1e-05,-0.04214223520677515,-0.018031767004556828,0.04583789490726841,-156.83494694375386,0.04596804946905367,99.99999999998899,1.7921287000644952,finite_RF_static_Bloch,runs\combined_factor_study\cases\541347d7835f06ac,90.0
screen,original_rf90_exploratory,1000,read,90,0.8,0,8,371c128c6dde3d6f,541347d7835f06ac,8,4096,1,1e-05,-0.06059370948398622,-0.0015396025572998247,0.060613265916498564,-178.54450646045828,0.06064512503657743,49.99999999999449,1.7921569000463933,finite_RF_static_Bloch,runs\combined_factor_study\cases\541347d7835f06ac,90.0
screen,centering,1000,read,0,0.8,0,8,b5359e85491e4c02,555284495d88267a,1,4096,1,1e-05,-0.005448413794415983,0.2909624802876619,0.2910134879142601,91.07276593143351,0.2910796142930561,-50.000000000001435,1.4338045000331476,finite_RF_static_Bloch,runs\combined_factor_study\cases\555284495d88267a,0.0
screen,centering,1000,read,0,0.8,0,8,b5359e85491e4c02,555284495d88267a,2,4096,1,1e-05,0.004008816485619926,0.2052550804792745,0.20529422464397,88.88110410574144,0.2055753846012798,-100.00000000000287,1.4338713000761345,finite_RF_static_Bloch,runs\combined_factor_study\cases\555284495d88267a,0.0
screen,centering,1000,read,0,0.8,0,8,b5359e85491e4c02,555284495d88267a,3,4096,1,1e-05,-0.005975419869199699,0.19737875605414512,0.19746918489753015,91.7340356676104,0.19756369100507348,-49.99999999999449,1.4339033000869676,finite_RF_static_Bloch,runs\combined_factor_study\cases\555284495d88267a,0.0
screen,centering,1000,read,0,0.8,0,8,b5359e85491e4c02,555284495d88267a,4,4096,1,1e-05,0.0020646431022612903,0.14973335663746926,0.14974759043491576,89.21001009882059,0.15003057884274618,-100.00000000000287,1.4339341000886634,finite_RF_static_Bloch,runs\combined_factor_study\cases\555284495d88267a,0.0
screen,centering,1000,read,0,0.8,0,8,b5359e85491e4c02,555284495d88267a,5,4096,1,1e-05,-0.008072162398148576,0.135586755719821,0.13582683141562457,93.40708471972161,0.1359345531480667,49.99999999999449,1.4339614000637084,finite_RF_static_Bloch,runs\combined_factor_study\cases\555284495d88267a,0.0
screen,centering,1000,read,0,0.8,0,8,b5359e85491e4c02,555284495d88267a,6,4096,1,1e-05,-0.0009891077132734697,0.10630673232497133,0.10631133369345698,90.5330806520938,0.1064287482845085,-99.99999999998899,1.4339856000151485,finite_RF_static_Bloch,runs\combined_factor_study\cases\555284495d88267a,0.0
screen,centering,1000,read,0,0.8,0,8,b5359e85491e4c02,555284495d88267a,7,4096,1,1e-05,-0.008264683962685105,0.09344934634065985,0.09381409985977407,95.05410349709643,0.09381409985977407,0.0,1.434011800098233,finite_RF_static_Bloch,runs\combined_factor_study\cases\555284495d88267a,0.0
screen,centering,1000,read,0,0.8,0,8,b5359e85491e4c02,555284495d88267a,8,4096,1,1e-05,0.005737543564902514,0.0740245978804499,0.07424661943497134,85.56794500686327,0.07426941971212005,-49.99999999999449,1.434036200051196,finite_RF_static_Bloch,runs\combined_factor_study\cases\555284495d88267a,0.0
screen,increasing,1000,read,90,0.8,0,8,f2f3723dff211305,561448e7e9189f7d,1,4096,1,1e-05,0.2697744019263688,-0.002610747172157214,0.2697870344096004,-0.5544637436942854,0.26982065473564965,50.000000000001435,2.472727800020948,finite_RF_static_Bloch,runs\combined_factor_study\cases\561448e7e9189f7d,90.0
screen,increasing,1000,read,90,0.8,0,8,f2f3723dff211305,561448e7e9189f7d,2,4096,1,1e-05,-0.19942779818713444,0.002761026444804865,0.19944691012095758,179.20680538240137,0.1994469101209576,0.0,2.472788200015202,finite_RF_static_Bloch,runs\combined_factor_study\cases\561448e7e9189f7d,90.0
screen,increasing,1000,read,90,0.8,0,8,f2f3723dff211305,561448e7e9189f7d,3,4096,1,1e-05,0.1223023562563979,-0.0018268804385968922,0.12231599992643562,-0.85578690378382,0.12248174524631361,100.00000000000287,2.47281429998111,finite_RF_static_Bloch,runs\combined_factor_study\cases\561448e7e9189f7d,90.0
screen,increasing,1000,read,90,0.8,0,8,f2f3723dff211305,561448e7e9189f7d,4,4096,1,1e-05,-0.1112990608916684,-0.0016713607116812129,0.11131160946637983,-179.13966284399433,0.11186631424338694,-350.00000000000307,2.4728379000443965,finite_RF_static_Bloch,runs\combined_factor_study\cases\561448e7e9189f7d,90.0
screen,increasing,1000,read,90,0.8,0,8,f2f3723dff211305,561448e7e9189f7d,5,4096,1,1e-05,0.08100576572460903,0.0010035479262131045,0.08101198176239395,0.7097781110511953,0.08102170937386065,49.99999999999449,2.4728613999905065,finite_RF_static_Bloch,runs\combined_factor_study\cases\561448e7e9189f7d,90.0
screen,increasing,1000,read,90,0.8,0,8,f2f3723dff211305,561448e7e9189f7d,6,4096,1,1e-05,-0.0765690257545519,-0.0018850877432561354,0.07659222715655295,-178.58969398127647,0.07735071381303733,-150.00000000001123,2.4728837000438944,finite_RF_static_Bloch,runs\combined_factor_study\cases\561448e7e9189f7d,90.0
screen,increasing,1000,read,90,0.8,0,8,f2f3723dff211305,561448e7e9189f7d,7,4096,1,1e-05,0.051394039933915434,-0.0004931164522803374,0.05139640556074329,-0.5497256996701831,0.051396405560743284,0.0,2.4729060999816284,finite_RF_static_Bloch,runs\combined_factor_study\cases\561448e7e9189f7d,90.0
screen,increasing,1000,read,90,0.8,0,8,f2f3723dff211305,561448e7e9189f7d,8,4096,1,1e-05,-0.05415425069252393,-0.0015838170874424024,0.05417740621915378,-178.32478201674405,0.05438796136985287,-99.99999999998899,2.4729282000334933,finite_RF_static_Bloch,runs\combined_factor_study\cases\561448e7e9189f7d,90.0
screen,increasing_centering,1000,read,90,1,0,8,bc062153b6b100ae,577ac6e7757ab072,1,4096,1,1e-05,0.24801095795424974,-0.004883178596691768,0.24805902664203094,-1.127971844426363,0.24833080151775808,-50.000000000001435,0.7983081999700516,finite_RF_static_Bloch,runs\combined_factor_study\cases\577ac6e7757ab072,90.0
screen,increasing_centering,1000,read,90,1,0,8,bc062153b6b100ae,577ac6e7757ab072,2,4096,1,1e-05,-0.1825489530569612,0.0009211290963546121,0.18255127701827992,179.71089200564003,0.18255127701827992,0.0,0.798360800021328,finite_RF_static_Bloch,runs\combined_factor_study\cases\577ac6e7757ab072,90.0
screen,increasing_centering,1000,read,90,1,0,8,bc062153b6b100ae,577ac6e7757ab072,3,4096,1,1e-05,0.13608719595428814,0.0027704943663890832,0.13611539421290675,1.1662795217158892,0.13624672145493003,-100.00000000000287,0.7983859999803826,finite_RF_static_Bloch,runs\combined_factor_study\cases\577ac6e7757ab072,90.0
screen,increasing_centering,1000,read,90,1,0,8,bc062153b6b100ae,577ac6e7757ab072,4,4096,1,1e-05,-0.11069870078382793,-0.00010713038399146274,0.11069875262236084,-179.94455113835477,0.1109508944303472,-450.00000000000597,0.798408400034532,finite_RF_static_Bloch,runs\combined_factor_study\cases\577ac6e7757ab072,90.0
screen,increasing_centering,1000,read,90,1,0,8,bc062153b6b100ae,577ac6e7757ab072,5,4096,1,1e-05,0.09879688623042124,-0.0012906939433898965,0.09880531675816996,-0.7484761082426392,0.09908018601650416,-100.00000000000287,0.7984297999646515,finite_RF_static_Bloch,runs\combined_factor_study\cases\577ac6e7757ab072,90.0
screen,increasing_centering,1000,read,90,1,0,8,bc062153b6b100ae,577ac6e7757ab072,6,4096,1,1e-05,-0.0765653847251378,-0.0013149041261109596,0.07657667471867154,-179.01612129457058,0.07658061472488857,50.00000000002225,0.798450700007379,finite_RF_static_Bloch,runs\combined_factor_study\cases\577ac6e7757ab072,90.0
screen,increasing_centering,1000,read,90,1,0,8,bc062153b6b100ae,577ac6e7757ab072,7,4096,1,1e-05,0.06650494859168872,-0.002914522843184866,0.06656878120099996,-2.509333219539751,0.06721491708517345,-200.00000000000574,0.7984717999352142,finite_RF_static_Bloch,runs\combined_factor_study\cases\577ac6e7757ab072,90.0
screen,increasing_centering,1000,read,90,1,0,8,bc062153b6b100ae,577ac6e7757ab072,8,4096,1,1e-05,-0.052500001237319766,0.002726326337802778,0.05257074267326622,177.02729904912155,0.05264217106384074,-49.99999999999449,0.7984924999764189,finite_RF_static_Bloch,runs\combined_factor_study\cases\577ac6e7757ab072,90.0
screen,alternating,1000,read,0,0.8,0,8,19a93b617ae19dae,58a80e8288b52304,1,4096,1,1e-05,-0.004991579147107938,0.2738999308650644,0.2739454106026763,91.04404832138634,0.27420228076127723,50.000000000001435,1.5143571998924017,finite_RF_static_Bloch,runs\combined_factor_study\cases\58a80e8288b52304,0.0
screen,alternating,1000,read,0,0.8,0,8,19a93b617ae19dae,58a80e8288b52304,2,4096,1,1e-05,-0.0017762883624088122,0.20541177991583265,0.20541945995581068,90.4954501133835,0.2056803807399028,-100.00000000000287,1.5144071999238804,finite_RF_static_Bloch,runs\combined_factor_study\cases\58a80e8288b52304,0.0
screen,alternating,1000,read,0,0.8,0,8,19a93b617ae19dae,58a80e8288b52304,3,4096,1,1e-05,-0.0037400135825362154,0.14636775551582715,0.14641553044789513,91.46371292066867,0.14669032136704221,100.00000000000287,1.5144322999985889,finite_RF_static_Bloch,runs\combined_factor_study\cases\58a80e8288b52304,0.0
screen,alternating,1000,read,0,0.8,0,8,19a93b617ae19dae,58a80e8288b52304,4,4096,1,1e-05,-0.0027573186651725858,0.09520650865157715,0.09524642825767349,91.65890522169948,0.09533237546735779,-49.99999999999449,1.514455399941653,finite_RF_static_Bloch,runs\combined_factor_study\cases\58a80e8288b52304,0.0
screen,alternating,1000,read,0,0.8,0,8,19a93b617ae19dae,58a80e8288b52304,5,4096,1,1e-05,-0.0034370442801355725,0.06803966666640307,0.06812642301969812,92.89185544411475,0.06856929749993547,149.99999999999736,1.514477299991995,finite_RF_static_Bloch,runs\combined_factor_study\cases\58a80e8288b52304,0.0
screen,alternating,1000,read,0,0.8,0,8,19a93b617ae19dae,58a80e8288b52304,6,4096,1,1e-05,-5.4292474561743636e-05,0.04005896489600038,0.040059001687657976,90.07765372258402,0.040420616473157756,-150.00000000001123,1.5144988999236375,finite_RF_static_Bloch,runs\combined_factor_study\cases\58a80e8288b52304,0.0
screen,alternating,1000,read,0,0.8,0,8,19a93b617ae19dae,58a80e8288b52304,7,4096,1,1e-05,-0.0020670822920205232,0.025906669185423406,0.025989004164933896,94.56194163527452,0.02625679216441479,200.00000000000574,1.5145207999739796,finite_RF_static_Bloch,runs\combined_factor_study\cases\58a80e8288b52304,0.0
screen,alternating,1000,read,0,0.8,0,8,19a93b617ae19dae,58a80e8288b52304,8,4096,1,1e-05,-0.0004350423089082352,0.016559128112458972,0.016564841854221527,91.504931635264,0.01699757817670569,-250.00000000000023,1.514542399905622,finite_RF_static_Bloch,runs\combined_factor_study\cases\58a80e8288b52304,0.0
screen,inc_alt_center_flip160,1000,read,0,0.8,0,8,fccd18240ff0acbc,58d5ca0b7a7c1f73,1,4096,1,1e-05,-0.004611224961799332,0.2850830946355497,0.2851203855262372,90.92667961013011,0.2851694017631437,-50.000000000001435,1.8348303000675514,finite_RF_static_Bloch,runs\combined_factor_study\cases\58d5ca0b7a7c1f73,0.0
screen,inc_alt_center_flip160,1000,read,0,0.8,0,8,fccd18240ff0acbc,58d5ca0b7a7c1f73,2,4096,1,1e-05,1.9701328031254944e-05,0.1885597522942445,0.18855975332347347,89.99401355310903,0.18890174279127303,-100.00000000000287,1.834882800001651,finite_RF_static_Bloch,runs\combined_factor_study\cases\58d5ca0b7a7c1f73,0.0
screen,inc_alt_center_flip160,1000,read,0,0.8,0,8,fccd18240ff0acbc,58d5ca0b7a7c1f73,3,4096,1,1e-05,-0.009281361679411243,0.12226925298182975,0.1226210173639035,94.34095197257629,0.12262101736390352,0.0,1.8349097000900656,finite_RF_static_Bloch,runs\combined_factor_study\cases\58d5ca0b7a7c1f73,0.0
screen,inc_alt_center_flip160,1000,read,0,0.8,0,8,fccd18240ff0acbc,58d5ca0b7a7c1f73,4,4096,1,1e-05,-0.004087329140687621,0.08632061050620037,0.0864173249856038,92.71096232428287,0.08641732498560381,0.0,1.8349343000445515,finite_RF_static_Bloch,runs\combined_factor_study\cases\58d5ca0b7a7c1f73,0.0
screen,inc_alt_center_flip160,1000,read,0,0.8,0,8,fccd18240ff0acbc,58d5ca0b7a7c1f73,5,4096,1,1e-05,-0.0011305351930852143,0.061911172703894436,0.06192149396933384,91.04613907388212,0.06221088566400264,-100.00000000000287,1.8349577999906614,finite_RF_static_Bloch,runs\combined_factor_study\cases\58d5ca0b7a7c1f73,0.0
screen,inc_alt_center_flip160,1000,read,0,0.8,0,8,fccd18240ff0acbc,58d5ca0b7a7c1f73,6,4096,1,1e-05,0.0007226262559777881,0.04668485720182722,0.0466904495658462,89.11320006267314,0.046736944479653174,-49.99999999999449,1.8349810000509024,finite_RF_static_Bloch,runs\combined_factor_study\cases\58d5ca0b7a7c1f73,0.0
screen,inc_alt_center_flip160,1000,read,0,0.8,0,8,fccd18240ff0acbc,58d5ca0b7a7c1f73,7,4096,1,1e-05,0.0007410518137818709,0.03350943860335459,0.03351763167800942,88.73312644348708,0.033543993310813945,-49.99999999999449,1.8350044999970123,finite_RF_static_Bloch,runs\combined_factor_study\cases\58d5ca0b7a7c1f73,0.0
screen,inc_alt_center_flip160,1000,read,0,0.8,0,8,fccd18240ff0acbc,58d5ca0b7a7c1f73,8,4096,1,1e-05,-0.0006130974583217815,0.027173790715363164,0.027180706214809027,91.29249313747755,0.02718599240080161,49.99999999999449,1.8350269000511616,finite_RF_static_Bloch,runs\combined_factor_study\cases\58d5ca0b7a7c1f73,0.0
screen,high_low_permutation,1000,read,0,1,0,8,e2848022c31c048c,58f00b0c0c315b9a,1,4096,1,1e-05,-0.0032448769234316712,0.2454870004702392,0.2455084451217991,90.75729845474417,0.24605053744096478,100.00000000000287,0.7177547999890521,finite_RF_static_Bloch,runs\combined_factor_study\cases\58f00b0c0c315b9a,0.0
screen,high_low_permutation,1000,read,0,1,0,8,e2848022c31c048c,58f00b0c0c315b9a,2,4096,1,1e-05,-0.0031780999121127037,0.17405165242871729,0.17408066530266472,91.046077278026,0.1741598770116041,-49.99999999999449,0.7178175000008196,finite_RF_static_Bloch,runs\combined_factor_study\cases\58f00b0c0c315b9a,0.0
screen,high_low_permutation,1000,read,0,1,0,8,e2848022c31c048c,58f00b0c0c315b9a,3,4096,1,1e-05,0.0031761339131298506,0.12643417406470275,0.1264740613646043,88.56098397054197,0.12662404905480296,49.99999999999449,0.717842899961397,finite_RF_static_Bloch,runs\combined_factor_study\cases\58f00b0c0c315b9a,0.0
screen,high_low_permutation,1000,read,0,1,0,8,e2848022c31c048c,58f00b0c0c315b9a,4,4096,1,1e-05,0.0005806028336737077,0.11176743320475913,0.11176894123516945,89.70236595972841,0.1119172602049664,-49.99999999999449,0.7178655000170693,finite_RF_static_Bloch,runs\combined_factor_study\cases\58f00b0c0c315b9a,0.0
screen,high_low_permutation,1000,read,0,1,0,8,e2848022c31c048c,58f00b0c0c315b9a,5,4096,1,1e-05,-0.003208018997076671,0.07391296999565518,0.07398255550779675,92.48522907591389,0.07429179943112829,149.99999999999736,0.7178877000696957,finite_RF_static_Bloch,runs\combined_factor_study\cases\58f00b0c0c315b9a,0.0
screen,high_low_permutation,1000,read,0,1,0,8,e2848022c31c048c,58f00b0c0c315b9a,6,4096,1,1e-05,-0.0012641553904758041,0.07104240844737553,0.07105365498589783,91.01943510552802,0.07105365498589782,0.0,0.7179093000013381,finite_RF_static_Bloch,runs\combined_factor_study\cases\58f00b0c0c315b9a,0.0
screen,high_low_permutation,1000,read,0,1,0,8,e2848022c31c048c,58f00b0c0c315b9a,7,4096,1,1e-05,0.0005469192079975276,0.05582430840278503,0.05582698746367506,89.43868252531472,0.05584728325071184,49.99999999999449,0.7179303000448272,finite_RF_static_Bloch,runs\combined_factor_study\cases\58f00b0c0c315b9a,0.0
screen,high_low_permutation,1000,read,0,1,0,8,e2848022c31c048c,58f00b0c0c315b9a,8,4096,1,1e-05,-0.00041521332367244567,0.04167875066306713,0.041680818837185454,90.57077488389908,0.04171022536162831,-49.99999999999449,0.717951099970378,finite_RF_static_Bloch,runs\combined_factor_study\cases\58f00b0c0c315b9a,0.0
screen,inc_alt_center_duration500,1000,read,0,0.8,0,8,9d4f73a8ab5bf75f,59661012cfce4dbb,1,4096,1,1e-05,-0.005448413794415983,0.2909624802876619,0.2910134879142601,91.07276593143351,0.2910796142930561,-50.000000000001435,2.13122670003213,finite_RF_static_Bloch,runs\combined_factor_study\cases\59661012cfce4dbb,0.0
screen,inc_alt_center_duration500,1000,read,0,0.8,0,8,9d4f73a8ab5bf75f,59661012cfce4dbb,2,4096,1,1e-05,0.00021636132918495532,0.20295820826190264,0.20295832358665808,89.93892049785858,0.20330114796201795,-100.00000000000287,2.1312954000895843,finite_RF_static_Bloch,runs\combined_factor_study\cases\59661012cfce4dbb,0.0
screen,inc_alt_center_duration500,1000,read,0,0.8,0,8,9d4f73a8ab5bf75f,59661012cfce4dbb,3,4096,1,1e-05,-0.009035028188170776,0.14408036790538986,0.14436337537655988,93.58821982060807,0.14436337537655988,0.0,2.1313228000653908,finite_RF_static_Bloch,runs\combined_factor_study\cases\59661012cfce4dbb,0.0
screen,inc_alt_center_duration500,1000,read,0,0.8,0,8,9d4f73a8ab5bf75f,59661012cfce4dbb,4,4096,1,1e-05,-0.0032007182777231357,0.10652110960763161,0.10656918592883413,91.72109066228424,0.10663385815404294,-50.00000000000837,2.1313474000198767,finite_RF_static_Bloch,runs\combined_factor_study\cases\59661012cfce4dbb,0.0
screen,inc_alt_center_duration500,1000,read,0,0.8,0,8,9d4f73a8ab5bf75f,59661012cfce4dbb,5,4096,1,1e-05,-0.0011561372284587083,0.08199621894677807,0.08200436924249216,90.80781035188959,0.08205357482238895,-49.99999999999449,2.1313717000884935,finite_RF_static_Bloch,runs\combined_factor_study\cases\59661012cfce4dbb,0.0
screen,inc_alt_center_duration500,1000,read,0,0.8,0,8,9d4f73a8ab5bf75f,59661012cfce4dbb,6,4096,1,1e-05,0.0031505546078512735,0.06618355338294855,0.06625849932446896,87.2745900485168,0.06630885121325192,-49.99999999999449,2.131395100033842,finite_RF_static_Bloch,runs\combined_factor_study\cases\59661012cfce4dbb,0.0
screen,inc_alt_center_duration500,1000,read,0,0.8,0,8,9d4f73a8ab5bf75f,59661012cfce4dbb,7,4096,1,1e-05,9.24340921375243e-05,0.049916263692097514,0.04991634927596771,89.89390076665828,0.04993390740005074,-49.99999999999449,2.13141740008723,finite_RF_static_Bloch,runs\combined_factor_study\cases\59661012cfce4dbb,0.0
screen,inc_alt_center_duration500,1000,read,0,0.8,0,8,9d4f73a8ab5bf75f,59661012cfce4dbb,8,4096,1,1e-05,0.0002795968272632731,0.04297113108925031,0.04297204069479771,89.6272033875702,0.042979020514779816,49.99999999999449,2.1314404000295326,finite_RF_static_Bloch,runs\combined_factor_study\cases\59661012cfce4dbb,0.0
screen,increasing_centering_rf180,1000,read,90,1,0,8,1b5c4a6ebf16969e,59b12a2e15342681,1,4096,1,1e-05,0.24801095795424974,-0.004883178596691768,0.24805902664203094,-1.127971844426363,0.24833080151775808,-50.000000000001435,0.819946900010109,finite_RF_static_Bloch,runs\combined_factor_study\cases\59b12a2e15342681,90.0
screen,increasing_centering_rf180,1000,read,90,1,0,8,1b5c4a6ebf16969e,59b12a2e15342681,2,4096,1,1e-05,-0.1640008528224949,7.516470200843832e-05,0.16400087004719843,179.97374025916463,0.16408672507567632,-50.00000000000837,0.8199955000309274,finite_RF_static_Bloch,runs\combined_factor_study\cases\59b12a2e15342681,90.0
screen,increasing_centering_rf180,1000,read,90,1,0,8,1b5c4a6ebf16969e,59b12a2e15342681,3,4096,1,1e-05,0.11011644289769337,6.06060126440162e-05,0.11011645957589507,0.03153451288123106,0.11011645957589508,0.0,0.820021599996835,finite_RF_static_Bloch,runs\combined_factor_study\cases\59b12a2e15342681,90.0
screen,increasing_centering_rf180,1000,read,90,1,0,8,1b5c4a6ebf16969e,59b12a2e15342681,4,4096,1,1e-05,-0.07686173546847613,0.008239405900213558,0.07730209692378646,173.88138643050095,0.07740897965741458,-50.00000000000837,0.8200452999444678,finite_RF_static_Bloch,runs\combined_factor_study\cases\59b12a2e15342681,90.0
screen,increasing_centering_rf180,1000,read,90,1,0,8,1b5c4a6ebf16969e,59b12a2e15342681,5,4096,1,1e-05,0.06696124860379152,-0.0025138403275510417,0.06700841893203564,-2.1499723465853857,0.06702043356634209,-49.99999999999449,0.8200675999978557,finite_RF_static_Bloch,runs\combined_factor_study\cases\59b12a2e15342681,90.0
screen,increasing_centering_rf180,1000,read,90,1,0,8,1b5c4a6ebf16969e,59b12a2e15342681,6,4096,1,1e-05,-0.04943342650859847,0.0013376095398480383,0.049451520256328804,178.4500227819206,0.049451520256328804,0.0,0.8200898999348283,finite_RF_static_Bloch,runs\combined_factor_study\cases\59b12a2e15342681,90.0
screen,increasing_centering_rf180,1000,read,90,1,0,8,1b5c4a6ebf16969e,59b12a2e15342681,7,4096,1,1e-05,0.04445580208999057,-0.0036908939534883315,0.04460875516801951,-4.746034141381762,0.04471691249841235,-49.99999999999449,0.8201122999889776,finite_RF_static_Bloch,runs\combined_factor_study\cases\59b12a2e15342681,90.0
screen,increasing_centering_rf180,1000,read,90,1,0,8,1b5c4a6ebf16969e,59b12a2e15342681,8,4096,1,1e-05,-0.03450118604564855,-0.003928769403915935,0.034724156830448744,-173.5035152692888,0.034724156830448744,0.0,0.8201342999236658,finite_RF_static_Bloch,runs\combined_factor_study\cases\59b12a2e15342681,90.0
screen,high_low_permutation_alternating_centering,1000,read,0,1,0,8,1a71dc69e9c7763f,5abb008f989ae444,1,4096,1,1e-05,-0.004910058550749369,0.2484525511242275,0.24850106405226652,91.13216392705218,0.24850106405226652,0.0,0.9298587000230327,finite_RF_static_Bloch,runs\combined_factor_study\cases\5abb008f989ae444,0.0
screen,high_low_permutation_alternating_centering,1000,read,0,1,0,8,1a71dc69e9c7763f,5abb008f989ae444,2,4096,1,1e-05,0.00029111478832184734,0.1671063258278055,0.16710657940215481,89.9001855150099,0.167530026112753,-100.00000000000287,0.9299263000721112,finite_RF_static_Bloch,runs\combined_factor_study\cases\5abb008f989ae444,0.0
screen,high_low_permutation_alternating_centering,1000,read,0,1,0,8,1a71dc69e9c7763f,5abb008f989ae444,3,4096,1,1e-05,-0.0053884484268042175,0.12809493402339917,0.12820821931103837,92.40878720607117,0.12840161140279072,-500.00000000000045,0.9299706000601873,finite_RF_static_Bloch,runs\combined_factor_study\cases\5abb008f989ae444,0.0
screen,high_low_permutation_alternating_centering,1000,read,0,1,0,8,1a71dc69e9c7763f,5abb008f989ae444,4,4096,1,1e-05,0.0013640799111811215,0.10407720382531821,0.10408614254597448,89.24910024244002,0.10419668028690232,-50.00000000000837,0.9300078999949619,finite_RF_static_Bloch,runs\combined_factor_study\cases\5abb008f989ae444,0.0
screen,high_low_permutation_alternating_centering,1000,read,0,1,0,8,1a71dc69e9c7763f,5abb008f989ae444,5,4096,1,1e-05,-0.004631909908835412,0.09278738726948277,0.0929029268952305,92.85781051592843,0.09325302427844309,-450.00000000000597,0.9300414000172168,finite_RF_static_Bloch,runs\combined_factor_study\cases\5abb008f989ae444,0.0
screen,high_low_permutation_alternating_centering,1000,read,0,1,0,8,1a71dc69e9c7763f,5abb008f989ae444,6,4096,1,1e-05,0.002489605808556862,0.07624441799396384,0.07628505366269514,88.12978778971048,0.07638260320298138,-49.99999999999449,0.9300886000273749,finite_RF_static_Bloch,runs\combined_factor_study\cases\5abb008f989ae444,0.0
screen,high_low_permutation_alternating_centering,1000,read,0,1,0,8,1a71dc69e9c7763f,5abb008f989ae444,7,4096,1,1e-05,-0.0013944752280900406,0.062232321436459806,0.06224794287791855,91.28364449889442,0.06227346473090957,-49.99999999999449,0.9301265999674797,finite_RF_static_Bloch,runs\combined_factor_study\cases\5abb008f989ae444,0.0
screen,high_low_permutation_alternating_centering,1000,read,0,1,0,8,1a71dc69e9c7763f,5abb008f989ae444,8,4096,1,1e-05,-0.0013718749165696818,0.05242403933212165,0.052441986429601906,91.49902046022272,0.05245612649655834,-49.99999999999449,0.9301597999874502,finite_RF_static_Bloch,runs\combined_factor_study\cases\5abb008f989ae444,0.0
screen,high_low_permutation_alternating,1000,read,0,0.8,0,8,823de6099de30e8c,5d11108e54bffa75,1,4096,1,1e-05,-0.004991579147107938,0.2738999308650644,0.2739454106026763,91.04404832138634,0.27420228076127723,50.000000000001435,1.5453483000164852,finite_RF_static_Bloch,runs\combined_factor_study\cases\5d11108e54bffa75,0.0
screen,high_low_permutation_alternating,1000,read,0,0.8,0,8,823de6099de30e8c,5d11108e54bffa75,2,4096,1,1e-05,-0.0017762883624088122,0.20541177991583265,0.20541945995581068,90.4954501133835,0.2056803807399028,-100.00000000000287,1.5453971000388265,finite_RF_static_Bloch,runs\combined_factor_study\cases\5d11108e54bffa75,0.0
screen,high_low_permutation_alternating,1000,read,0,0.8,0,8,823de6099de30e8c,5d11108e54bffa75,3,4096,1,1e-05,-0.00484766101445918,0.1395040001450048,0.13958820105499106,91.99018523954751,0.13964655642935597,49.99999999999449,1.5454241000115871,finite_RF_static_Bloch,runs\combined_factor_study\cases\5d11108e54bffa75,0.0
screen,high_low_permutation_alternating,1000,read,0,0.8,0,8,823de6099de30e8c,5d11108e54bffa75,4,4096,1,1e-05,-0.004403486105999532,0.10564762548515642,0.10573935625176467,92.38675703986046,0.10581758141708446,-49.99999999999449,1.5454487999668345,finite_RF_static_Bloch,runs\combined_factor_study\cases\5d11108e54bffa75,0.0
screen,high_low_permutation_alternating,1000,read,0,0.8,0,8,823de6099de30e8c,5d11108e54bffa75,5,4096,1,1e-05,0.0005086409428314244,0.08542330533390989,0.08542481963562536,89.6588444477793,0.08544301765221106,49.99999999999449,1.5454713000217453,finite_RF_static_Bloch,runs\combined_factor_study\cases\5d11108e54bffa75,0.0
screen,high_low_permutation_alternating,1000,read,0,0.8,0,8,823de6099de30e8c,5d11108e54bffa75,6,4096,1,1e-05,-0.003288128415921524,0.07675241973458019,0.07682282033089365,92.45309206062234,0.07694510491987239,-49.99999999999449,1.5454932999564335,finite_RF_static_Bloch,runs\combined_factor_study\cases\5d11108e54bffa75,0.0
screen,high_low_permutation_alternating,1000,read,0,0.8,0,8,823de6099de30e8c,5d11108e54bffa75,7,4096,1,1e-05,-0.004468373400140262,0.06233108995660761,0.062491048447131936,94.1003889595628,0.06257143422412424,49.99999999999449,1.5455156000098214,finite_RF_static_Bloch,runs\combined_factor_study\cases\5d11108e54bffa75,0.0
screen,high_low_permutation_alternating,1000,read,0,0.8,0,8,823de6099de30e8c,5d11108e54bffa75,8,4096,1,1e-05,-0.00011533648189305504,0.059258516338688914,0.05925862857986773,90.11151621235531,0.05925862857986773,0.0,1.5455375999445096,finite_RF_static_Bloch,runs\combined_factor_study\cases\5d11108e54bffa75,0.0
screen,original_rf180,1000,read,90,1,0,8,caef90a4f03162a7,5d548da1bc187c8f,1,4096,1,1e-05,0.2441691149836675,-0.0033245236253082477,0.2441917467263025,-0.7800716445389309,0.2442087075211705,50.000000000001435,0.9870861999224871,finite_RF_static_Bloch,runs\combined_factor_study\cases\5d548da1bc187c8f,90.0
screen,original_rf180,1000,read,90,1,0,8,caef90a4f03162a7,5d548da1bc187c8f,2,4096,1,1e-05,-0.16359263677534397,-0.00070709529565026,0.16359416490470177,-179.7523524000758,0.16370781174370086,-49.99999999999449,0.9871656999457628,finite_RF_static_Bloch,runs\combined_factor_study\cases\5d548da1bc187c8f,90.0
screen,original_rf180,1000,read,90,1,0,8,caef90a4f03162a7,5d548da1bc187c8f,3,4096,1,1e-05,0.16030091078747558,0.00047884987368739884,0.16030162599454734,0.17115308354329775,0.1603986442938438,49.99999999999449,0.9872163999825716,finite_RF_static_Bloch,runs\combined_factor_study\cases\5d548da1bc187c8f,90.0
screen,original_rf180,1000,read,90,1,0,8,caef90a4f03162a7,5d548da1bc187c8f,4,4096,1,1e-05,-0.12335751348680404,-0.00010381001602280501,0.12335755716682488,-179.9517834445823,0.12345339349910583,-49.99999999999449,0.9872637999942526,finite_RF_static_Bloch,runs\combined_factor_study\cases\5d548da1bc187c8f,90.0
screen,original_rf180,1000,read,90,1,0,8,caef90a4f03162a7,5d548da1bc187c8f,5,4096,1,1e-05,0.10438800512497173,-0.0037587077074662124,0.10445565325821907,-2.0621630696294093,0.10445565325821907,0.0,0.9873069999739528,finite_RF_static_Bloch,runs\combined_factor_study\cases\5d548da1bc187c8f,90.0
screen,original_rf180,1000,read,90,1,0,8,caef90a4f03162a7,5d548da1bc187c8f,6,4096,1,1e-05,-0.08456616700025882,-0.002077878058996057,0.08459169095333018,-178.59246673883288,0.08459169095333018,0.0,0.987352899974212,finite_RF_static_Bloch,runs\combined_factor_study\cases\5d548da1bc187c8f,90.0
screen,original_rf180,1000,read,90,1,0,8,caef90a4f03162a7,5d548da1bc187c8f,7,4096,1,1e-05,0.0689405500957387,0.0001331132357481297,0.06894067860586076,0.11062889862572026,0.06902226898088719,49.99999999999449,0.9873971999622881,finite_RF_static_Bloch,runs\combined_factor_study\cases\5d548da1bc187c8f,90.0
screen,original_rf180,1000,read,90,1,0,8,caef90a4f03162a7,5d548da1bc187c8f,8,4096,1,1e-05,-0.056957763661929894,0.0002905259445170538,0.0569585046037262,179.7077524637414,0.05711994785787684,-99.99999999998899,0.9874379999237135,finite_RF_static_Bloch,runs\combined_factor_study\cases\5d548da1bc187c8f,90.0
screen,high_low_permutation,1000,read,0,0.8,0,8,e2848022c31c048c,5de6b5c247b17f58,1,4096,1,1e-05,-0.004991579147107938,0.2738999308650644,0.2739454106026763,91.04404832138634,0.27420228076127723,50.000000000001435,1.57423619995825,finite_RF_static_Bloch,runs\combined_factor_study\cases\5de6b5c247b17f58,0.0
screen,high_low_permutation,1000,read,0,0.8,0,8,e2848022c31c048c,5de6b5c247b17f58,2,4096,1,1e-05,0.006792072383082392,0.20300274302849206,0.20311633593669665,88.08371078789177,0.20324231206180873,-49.99999999999449,1.5742918000323698,finite_RF_static_Bloch,runs\combined_factor_study\cases\5de6b5c247b17f58,0.0
screen,high_low_permutation,1000,read,0,0.8,0,8,e2848022c31c048c,5de6b5c247b17f58,3,4096,1,1e-05,-0.0032840012915459783,0.13777334216309267,0.13781247576062003,91.36545856961365,0.13798723257906564,49.99999999999449,1.574317599995993,finite_RF_static_Bloch,runs\combined_factor_study\cases\5de6b5c247b17f58,0.0
screen,high_low_permutation,1000,read,0,0.8,0,8,e2848022c31c048c,5de6b5c247b17f58,4,4096,1,1e-05,-0.0016316213396891026,0.10971075041390005,0.10972288250213444,90.85204161704928,0.10978712847627337,-49.99999999999449,1.5743415999459103,finite_RF_static_Bloch,runs\combined_factor_study\cases\5de6b5c247b17f58,0.0
screen,high_low_permutation,1000,read,0,0.8,0,8,e2848022c31c048c,5de6b5c247b17f58,5,4096,1,1e-05,-0.003912549663318466,0.07429905835853659,0.07440200345308694,93.01438161042813,0.07449998496323454,-100.00000000000287,1.5743644000031054,finite_RF_static_Bloch,runs\combined_factor_study\cases\5de6b5c247b17f58,0.0
screen,high_low_permutation,1000,read,0,0.8,0,8,e2848022c31c048c,5de6b5c247b17f58,6,4096,1,1e-05,-0.0003005972365765449,0.06579688056058737,0.06579756720580814,90.26175759427146,0.06579756720580814,0.0,1.574386499938555,finite_RF_static_Bloch,runs\combined_factor_study\cases\5de6b5c247b17f58,0.0
screen,high_low_permutation,1000,read,0,0.8,0,8,e2848022c31c048c,5de6b5c247b17f58,7,4096,1,1e-05,-0.0032770356730612094,0.04513359412642251,0.04525240636221632,94.15281364354188,0.04527993081563045,49.99999999999449,1.5744088999927044,finite_RF_static_Bloch,runs\combined_factor_study\cases\5de6b5c247b17f58,0.0
screen,high_low_permutation,1000,read,0,0.8,0,8,e2848022c31c048c,5de6b5c247b17f58,8,4096,1,1e-05,-0.0019775687696798024,0.03989829462918967,0.03994727390644371,92.83755721153877,0.03995743165205967,49.99999999999449,1.5744306000415236,finite_RF_static_Bloch,runs\combined_factor_study\cases\5de6b5c247b17f58,0.0
screen,original_rf90_exploratory,1000,read,0,1,0,8,d4b946cd91ebbd4f,60718de2b1e9479b,1,4096,1,1e-05,-0.0032448769234316712,0.2454870004702392,0.2455084451217991,90.75729845474417,0.24605053744096478,100.00000000000287,0.8625633999472484,finite_RF_static_Bloch,runs\combined_factor_study\cases\60718de2b1e9479b,0.0
screen,original_rf90_exploratory,1000,read,0,1,0,8,d4b946cd91ebbd4f,60718de2b1e9479b,2,4096,1,1e-05,-0.005325068310178628,-0.1782757045099388,0.17835521627085393,-91.71090755447264,0.17842571154674428,-49.99999999999449,0.8626245999475941,finite_RF_static_Bloch,runs\combined_factor_study\cases\60718de2b1e9479b,0.0
screen,original_rf90_exploratory,1000,read,0,1,0,8,d4b946cd91ebbd4f,60718de2b1e9479b,3,4096,1,1e-05,-0.027352792841535058,-0.12533740394220977,0.12828733414957452,-102.31083038142177,0.12864488854661674,100.00000000000287,0.8626511000329629,finite_RF_static_Bloch,runs\combined_factor_study\cases\60718de2b1e9479b,0.0
screen,original_rf90_exploratory,1000,read,0,1,0,8,d4b946cd91ebbd4f,60718de2b1e9479b,4,4096,1,1e-05,-0.0005828243898406717,0.11367769561862852,0.11367918967617137,90.29375230527852,0.11374983509632948,-49.99999999999449,0.862675299984403,finite_RF_static_Bloch,runs\combined_factor_study\cases\60718de2b1e9479b,0.0
screen,original_rf90_exploratory,1000,read,0,1,0,8,d4b946cd91ebbd4f,60718de2b1e9479b,5,4096,1,1e-05,-0.007100142123142581,0.09902382714061006,0.09927804570871772,94.10116622385752,0.0993677003028595,49.99999999999449,0.8626991000492126,finite_RF_static_Bloch,runs\combined_factor_study\cases\60718de2b1e9479b,0.0
screen,original_rf90_exploratory,1000,read,0,1,0,8,d4b946cd91ebbd4f,60718de2b1e9479b,6,4096,1,1e-05,-0.0023935850401149757,-0.06331501145147735,0.06336023930230196,-92.16500068830216,0.06336023930230196,0.0,0.862721599987708,finite_RF_static_Bloch,runs\combined_factor_study\cases\60718de2b1e9479b,0.0
screen,original_rf90_exploratory,1000,read,0,1,0,8,d4b946cd91ebbd4f,60718de2b1e9479b,7,4096,1,1e-05,-0.013427951040103043,-0.0338368159713861,0.036403845733889904,-111.64537596609806,0.036470258388320395,49.99999999999449,0.8627444000449032,finite_RF_static_Bloch,runs\combined_factor_study\cases\60718de2b1e9479b,0.0
screen,original_rf90_exploratory,1000,read,0,1,0,8,d4b946cd91ebbd4f,60718de2b1e9479b,8,4096,1,1e-05,0.001323022975798146,0.0446205351084628,0.04464014497243542,88.3016467671421,0.044676499669698354,-49.99999999999449,0.8627662999788299,finite_RF_static_Bloch,runs\combined_factor_study\cases\60718de2b1e9479b,0.0
screen,original_rf180,1000,read,0,0.8,0,8,ff21fe6b43186559,6194f7ad2ac5811b,1,4096,1,1e-05,-0.004991579147107938,0.2738999308650644,0.2739454106026763,91.04404832138634,0.27420228076127723,50.000000000001435,1.6137471999973059,finite_RF_static_Bloch,runs\combined_factor_study\cases\6194f7ad2ac5811b,0.0
screen,original_rf180,1000,read,0,0.8,0,8,ff21fe6b43186559,6194f7ad2ac5811b,2,4096,1,1e-05,-0.003671357155083128,0.19471971322832032,0.19475432108962173,91.08015950409819,0.1950065664301099,-49.99999999999449,1.613804499967955,finite_RF_static_Bloch,runs\combined_factor_study\cases\6194f7ad2ac5811b,0.0
screen,original_rf180,1000,read,0,0.8,0,8,ff21fe6b43186559,6194f7ad2ac5811b,3,4096,1,1e-05,0.00643973490748505,0.10147490605519417,0.10167903788190151,86.36880173924533,0.10173335309004863,49.99999999999449,1.6138362999772653,finite_RF_static_Bloch,runs\combined_factor_study\cases\6194f7ad2ac5811b,0.0
screen,original_rf180,1000,read,0,0.8,0,8,ff21fe6b43186559,6194f7ad2ac5811b,4,4096,1,1e-05,-0.006088219006869746,0.04421346843887482,0.04463067557264835,97.84035376756898,0.04586028461943426,-600.0000000000033,1.6138656999683008,finite_RF_static_Bloch,runs\combined_factor_study\cases\6194f7ad2ac5811b,0.0
screen,original_rf180,1000,read,0,0.8,0,8,ff21fe6b43186559,6194f7ad2ac5811b,5,4096,1,1e-05,0.0034959909288760933,0.00167893607987568,0.003878244310908255,25.652465752087416,0.006607818078340255,3150.0,1.6138951999600977,finite_RF_static_Bloch,runs\combined_factor_study\cases\6194f7ad2ac5811b,0.0
screen,original_rf180,1000,read,0,0.8,0,8,ff21fe6b43186559,6194f7ad2ac5811b,6,4096,1,1e-05,-0.005014377976120177,-0.019462244874825167,0.02009783476036803,-104.44783313609328,0.02038515029463698,99.99999999998899,1.61392299993895,finite_RF_static_Bloch,runs\combined_factor_study\cases\6194f7ad2ac5811b,0.0
screen,original_rf180,1000,read,0,0.8,0,8,ff21fe6b43186559,6194f7ad2ac5811b,7,4096,1,1e-05,0.003735435591022961,-0.036288807673102094,0.036480557032343604,-84.12288386846885,0.03663371990221767,-450.00000000000597,1.6139513000380248,finite_RF_static_Bloch,runs\combined_factor_study\cases\6194f7ad2ac5811b,0.0
screen,original_rf180,1000,read,0,0.8,0,8,ff21fe6b43186559,6194f7ad2ac5811b,8,4096,1,1e-05,-0.0038513751271529537,-0.04213026606110136,0.042305938220883854,-95.22322616228307,0.04245887013836611,99.99999999998899,1.613979100016877,finite_RF_static_Bloch,runs\combined_factor_study\cases\6194f7ad2ac5811b,0.0
screen,high_low_alternating,1000,read,0,0.8,0,8,5ef6cf54a543e4db,6308b46c203cf45b,1,4096,1,1e-05,-0.004991579147107938,0.2738999308650644,0.2739454106026763,91.04404832138634,0.27420228076127723,50.000000000001435,1.5933772000717,finite_RF_static_Bloch,runs\combined_factor_study\cases\6308b46c203cf45b,0.0
screen,high_low_alternating,1000,read,0,0.8,0,8,5ef6cf54a543e4db,6308b46c203cf45b,2,4096,1,1e-05,-0.0004734509884486086,0.20833339162898706,0.20833392960215424,90.13020810794333,0.20833392960215424,0.0,1.5934272999875247,finite_RF_static_Bloch,runs\combined_factor_study\cases\6308b46c203cf45b,0.0
screen,high_low_alternating,1000,read,0,0.8,0,8,5ef6cf54a543e4db,6308b46c203cf45b,3,4096,1,1e-05,0.0040064559390001545,0.1435206204355097,0.1435765307401763,88.40097252382095,0.14379058218289567,49.99999999999449,1.5934536000713706,finite_RF_static_Bloch,runs\combined_factor_study\cases\6308b46c203cf45b,0.0
screen,high_low_alternating,1000,read,0,0.8,0,8,5ef6cf54a543e4db,6308b46c203cf45b,4,4096,1,1e-05,-0.00804480728941592,0.0990607904525716,0.09938691628887648,94.6428478712856,0.09938691628887648,0.0,1.5934784000273794,finite_RF_static_Bloch,runs\combined_factor_study\cases\6308b46c203cf45b,0.0
screen,high_low_alternating,1000,read,0,0.8,0,8,5ef6cf54a543e4db,6308b46c203cf45b,5,4096,1,1e-05,-0.00017977549871769807,0.06715997767480661,0.06716021828813887,90.15337040140612,0.06742988106855974,100.00000000000287,1.5935041999910027,finite_RF_static_Bloch,runs\combined_factor_study\cases\6308b46c203cf45b,0.0
screen,high_low_alternating,1000,read,0,0.8,0,8,5ef6cf54a543e4db,6308b46c203cf45b,6,4096,1,1e-05,-0.005149002724283437,0.044121496434824284,0.04442092611262051,96.65634011503488,0.04442092611262051,0.0,1.5935273000504822,finite_RF_static_Bloch,runs\combined_factor_study\cases\6308b46c203cf45b,0.0
screen,high_low_alternating,1000,read,0,0.8,0,8,5ef6cf54a543e4db,6308b46c203cf45b,7,4096,1,1e-05,0.00022411437249354879,0.02685735140932337,0.02685828646760329,89.5218996302994,0.027029674409960267,99.99999999998899,1.5935497999889776,finite_RF_static_Bloch,runs\combined_factor_study\cases\6308b46c203cf45b,0.0
screen,high_low_alternating,1000,read,0,0.8,0,8,5ef6cf54a543e4db,6308b46c203cf45b,8,4096,1,1e-05,-0.0023002453962160975,0.017585936586798266,0.01773573495848715,97.45199803427144,0.018504158521367588,1000.0000000000009,1.5935717000393197,finite_RF_static_Bloch,runs\combined_factor_study\cases\6308b46c203cf45b,0.0
screen,increasing_rf180,1000,read,0,1,0,8,7335cc78a92eb995,63789c87d9c38c3e,1,4096,1,1e-05,-0.0032448769234316712,0.2454870004702392,0.2455084451217991,90.75729845474417,0.24605053744096478,100.00000000000287,0.8105731999967247,finite_RF_static_Bloch,runs\combined_factor_study\cases\63789c87d9c38c3e,0.0
screen,increasing_rf180,1000,read,0,1,0,8,7335cc78a92eb995,63789c87d9c38c3e,2,4096,1,1e-05,0.000966144693054164,0.1635418037300893,0.1635446575185474,89.66152159212545,0.16378100214482721,-49.99999999999449,0.8106234000297263,finite_RF_static_Bloch,runs\combined_factor_study\cases\63789c87d9c38c3e,0.0
screen,increasing_rf180,1000,read,0,1,0,8,7335cc78a92eb995,63789c87d9c38c3e,3,4096,1,1e-05,-0.0034907658664427303,0.12937730498220057,0.12942438908796,91.54553875188022,0.12976849533730545,100.00000000000287,0.8106492001097649,finite_RF_static_Bloch,runs\combined_factor_study\cases\63789c87d9c38c3e,0.0
screen,increasing_rf180,1000,read,0,1,0,8,7335cc78a92eb995,63789c87d9c38c3e,4,4096,1,1e-05,0.009711507852280756,0.11162413252373746,0.11204579575531522,85.02768072831105,0.11222279155002392,-49.99999999999449,0.8106756000779569,finite_RF_static_Bloch,runs\combined_factor_study\cases\63789c87d9c38c3e,0.0
screen,increasing_rf180,1000,read,0,1,0,8,7335cc78a92eb995,63789c87d9c38c3e,5,4096,1,1e-05,6.007041566177948e-05,0.09404130113564692,0.09404132032112407,89.96340139086395,0.09421233867246272,49.99999999999449,0.8107014000415802,finite_RF_static_Bloch,runs\combined_factor_study\cases\63789c87d9c38c3e,0.0
screen,increasing_rf180,1000,read,0,1,0,8,7335cc78a92eb995,63789c87d9c38c3e,6,4096,1,1e-05,0.001444930353918366,0.07331394216888971,0.07332817971333382,88.87091470386606,0.0733281797133338,0.0,0.8107237000949681,finite_RF_static_Bloch,runs\combined_factor_study\cases\63789c87d9c38c3e,0.0
screen,increasing_rf180,1000,read,0,1,0,8,7335cc78a92eb995,63789c87d9c38c3e,7,4096,1,1e-05,0.00346719751928264,0.060148782768446915,0.0602486309152626,86.70091093601714,0.06051844659062198,99.99999999998899,0.8107467000372708,finite_RF_static_Bloch,runs\combined_factor_study\cases\63789c87d9c38c3e,0.0
screen,increasing_rf180,1000,read,0,1,0,8,7335cc78a92eb995,63789c87d9c38c3e,8,4096,1,1e-05,0.002700870696527938,0.042434579280321016,0.042520444743878366,86.3581579862362,0.04255431108137225,99.99999999998899,0.8107685000868514,finite_RF_static_Bloch,runs\combined_factor_study\cases\63789c87d9c38c3e,0.0
screen,alternating,1000,read,0,1,0,8,19a93b617ae19dae,637e86d85d28ed80,1,4096,1,1e-05,-0.0032448769234316712,0.2454870004702392,0.2455084451217991,90.75729845474417,0.24605053744096478,100.00000000000287,0.717287499923259,finite_RF_static_Bloch,runs\combined_factor_study\cases\637e86d85d28ed80,0.0
screen,alternating,1000,read,0,1,0,8,19a93b617ae19dae,637e86d85d28ed80,2,4096,1,1e-05,-0.0022731496269615546,0.1707957251000068,0.17081085129951096,90.76251434558446,0.17111110912298916,-100.00000000000287,0.7173372999532148,finite_RF_static_Bloch,runs\combined_factor_study\cases\637e86d85d28ed80,0.0
screen,alternating,1000,read,0,1,0,8,19a93b617ae19dae,637e86d85d28ed80,3,4096,1,1e-05,-0.002946550400222372,0.1269930916649435,0.12702727065430397,91.32916376629505,0.12766580915220535,100.00000000000287,0.7173619999084622,finite_RF_static_Bloch,runs\combined_factor_study\cases\637e86d85d28ed80,0.0
screen,alternating,1000,read,0,1,0,8,19a93b617ae19dae,637e86d85d28ed80,4,4096,1,1e-05,-0.0008619111642797872,0.0922197901828395,0.09222381792260637,90.53548629926739,0.09230409949197207,-49.99999999999449,0.7173848999664187,finite_RF_static_Bloch,runs\combined_factor_study\cases\637e86d85d28ed80,0.0
screen,alternating,1000,read,0,1,0,8,19a93b617ae19dae,637e86d85d28ed80,5,4096,1,1e-05,-0.0003696532216611684,0.0734611619740079,0.07346209200720946,90.28830731993116,0.07387813916802481,100.00000000000287,0.717406699899584,finite_RF_static_Bloch,runs\combined_factor_study\cases\637e86d85d28ed80,0.0
screen,alternating,1000,read,0,1,0,8,19a93b617ae19dae,637e86d85d28ed80,6,4096,1,1e-05,0.007433122886601425,0.062263274553395184,0.06270539589189104,83.19212743593386,0.06272448068479618,-49.99999999999449,0.7174280999461189,finite_RF_static_Bloch,runs\combined_factor_study\cases\637e86d85d28ed80,0.0
screen,alternating,1000,read,0,1,0,8,19a93b617ae19dae,637e86d85d28ed80,7,4096,1,1e-05,-0.0037767843847071802,0.046929539264020714,0.04708126756812979,94.60112000611502,0.04719581556794762,49.99999999999449,0.7174501999979839,finite_RF_static_Bloch,runs\combined_factor_study\cases\637e86d85d28ed80,0.0
screen,alternating,1000,read,0,1,0,8,19a93b617ae19dae,637e86d85d28ed80,8,4096,1,1e-05,0.002604333090245859,0.038382167024458014,0.03847042105746104,86.11827735579709,0.03859483177915687,-150.00000000001123,0.717471299925819,finite_RF_static_Bloch,runs\combined_factor_study\cases\637e86d85d28ed80,0.0
screen,alternating_centering,1000,read,90,0.8,0,8,2a23a8c41b42d5d4,64503299f0b89fd4,1,4096,1,1e-05,0.28710010648972295,-0.0027558501448304547,0.28711333277371676,-0.5499605518006698,0.2873763453224863,-50.000000000001435,0.8126605999423191,finite_RF_static_Bloch,runs\combined_factor_study\cases\64503299f0b89fd4,90.0
screen,alternating_centering,1000,read,90,0.8,0,8,2a23a8c41b42d5d4,64503299f0b89fd4,2,4096,1,1e-05,-0.20176795633885053,-0.0006624247989117974,0.20176904374004082,-179.8118927824526,0.2018696855962758,-50.00000000000837,0.812737499945797,finite_RF_static_Bloch,runs\combined_factor_study\cases\64503299f0b89fd4,90.0
screen,alternating_centering,1000,read,90,0.8,0,8,2a23a8c41b42d5d4,64503299f0b89fd4,3,4096,1,1e-05,0.1465033706195895,0.003905773008351253,0.14655542523459708,1.5271410637347573,0.1465860394189398,-49.99999999999449,0.8127856999635696,finite_RF_static_Bloch,runs\combined_factor_study\cases\64503299f0b89fd4,90.0
screen,alternating_centering,1000,read,90,0.8,0,8,2a23a8c41b42d5d4,64503299f0b89fd4,4,4096,1,1e-05,-0.09809644667964323,0.0008035471911916863,0.09809973771249626,179.530677873141,0.09811862050926287,-50.00000000000837,0.8128370000049472,finite_RF_static_Bloch,runs\combined_factor_study\cases\64503299f0b89fd4,90.0
screen,alternating_centering,1000,read,90,0.8,0,8,2a23a8c41b42d5d4,64503299f0b89fd4,5,4096,1,1e-05,0.06188760488267621,0.0003009627670307515,0.06188833667744987,0.27863027565425474,0.06194451777222384,-49.99999999999449,0.8128805999876931,finite_RF_static_Bloch,runs\combined_factor_study\cases\64503299f0b89fd4,90.0
screen,alternating_centering,1000,read,90,0.8,0,8,2a23a8c41b42d5d4,64503299f0b89fd4,6,4096,1,1e-05,-0.039964917185149294,-0.0020894208779671138,0.04001949881271786,-177.00722256247664,0.04008652458729902,150.00000000001123,0.8129227999597788,finite_RF_static_Bloch,runs\combined_factor_study\cases\64503299f0b89fd4,90.0
screen,alternating_centering,1000,read,90,0.8,0,8,2a23a8c41b42d5d4,64503299f0b89fd4,7,4096,1,1e-05,0.025960459356664106,0.002795558686124782,0.026110545731113637,6.1462262034367345,0.026463753231091562,349.9999999999892,0.8129716999828815,finite_RF_static_Bloch,runs\combined_factor_study\cases\64503299f0b89fd4,90.0
screen,alternating_centering,1000,read,90,0.8,0,8,2a23a8c41b42d5d4,64503299f0b89fd4,8,4096,1,1e-05,-0.014727016008113956,0.0007563412371085453,0.01474642507763138,177.06002078788993,0.015034114728506994,650.0000000000117,0.8130165999755263,finite_RF_static_Bloch,runs\combined_factor_study\cases\64503299f0b89fd4,90.0
screen,irregular_seeded,1000,read,90,1,0,8,6be912d1732fa68c,6461ed27785172a4,1,4096,1,1e-05,0.2441691149836675,-0.0033245236253082477,0.2441917467263025,-0.7800716445389309,0.2442087075211705,50.000000000001435,0.7649037999799475,finite_RF_static_Bloch,runs\combined_factor_study\cases\6461ed27785172a4,90.0
screen,irregular_seeded,1000,read,90,1,0,8,6be912d1732fa68c,6461ed27785172a4,2,4096,1,1e-05,-0.1675170463803251,0.0012559764871664138,0.1675217547213624,179.5704269800937,0.1675217547213624,0.0,0.7649616999551654,finite_RF_static_Bloch,runs\combined_factor_study\cases\6461ed27785172a4,90.0
screen,irregular_seeded,1000,read,90,1,0,8,6be912d1732fa68c,6461ed27785172a4,3,4096,1,1e-05,0.12370474502437624,0.004374093204004007,0.1237820529515618,2.025085713493017,0.12407407406943798,100.00000000000287,0.7649874000344425,finite_RF_static_Bloch,runs\combined_factor_study\cases\6461ed27785172a4,90.0
screen,irregular_seeded,1000,read,90,1,0,8,6be912d1732fa68c,6461ed27785172a4,4,4096,1,1e-05,-0.08994748502752209,-0.002655407151800757,0.08998667262388439,-178.30901946500526,0.09023519388861113,-100.00000000000287,0.7650102999759838,finite_RF_static_Bloch,runs\combined_factor_study\cases\6461ed27785172a4,90.0
screen,irregular_seeded,1000,read,90,1,0,8,6be912d1732fa68c,6461ed27785172a4,5,4096,1,1e-05,0.07854855801931651,0.0009669718809935213,0.07855450974662476,0.7053039619683201,0.07855450974662476,0.0,0.7650344000430778,finite_RF_static_Bloch,runs\combined_factor_study\cases\6461ed27785172a4,90.0
screen,irregular_seeded,1000,read,90,1,0,8,6be912d1732fa68c,6461ed27785172a4,6,4096,1,1e-05,-0.06599789856226126,0.0030848171143129555,0.06606995316528752,177.32387760140196,0.06686075629967504,-549.9999999999949,0.7650577999884263,finite_RF_static_Bloch,runs\combined_factor_study\cases\6461ed27785172a4,90.0
screen,irregular_seeded,1000,read,90,1,0,8,6be912d1732fa68c,6461ed27785172a4,7,4096,1,1e-05,0.050610884549015925,-0.004907248443384639,0.050848232241828425,-5.538106265621214,0.05085468496593906,49.99999999999449,0.765080300043337,finite_RF_static_Bloch,runs\combined_factor_study\cases\6461ed27785172a4,90.0
screen,irregular_seeded,1000,read,90,1,0,8,6be912d1732fa68c,6461ed27785172a4,8,4096,1,1e-05,-0.03936038681937342,-0.0022251624165869877,0.03942323424518714,-176.76433937589627,0.040052096864025055,400.0000000000115,0.7651024999795482,finite_RF_static_Bloch,runs\combined_factor_study\cases\6461ed27785172a4,90.0
screen,high_low_permutation_alternating_centering,1000,read,90,1,0,8,5dd811482568c653,64a1c824d5fa3f81,1,4096,1,1e-05,0.24801095795424974,-0.004883178596691768,0.24805902664203094,-1.127971844426363,0.24833080151775808,-50.000000000001435,0.826503699994646,finite_RF_static_Bloch,runs\combined_factor_study\cases\64a1c824d5fa3f81,90.0
screen,high_low_permutation_alternating_centering,1000,read,90,1,0,8,5dd811482568c653,64a1c824d5fa3f81,2,4096,1,1e-05,-0.1707952953030239,-0.0009845364990666411,0.17079813292236287,-179.6697264917063,0.17079813292236287,0.0,0.8265755999600515,finite_RF_static_Bloch,runs\combined_factor_study\cases\64a1c824d5fa3f81,90.0
screen,high_low_permutation_alternating_centering,1000,read,90,1,0,8,5dd811482568c653,64a1c824d5fa3f81,3,4096,1,1e-05,0.12173298583615078,0.005843990356516776,0.1218731802484515,2.7484671527048947,0.12216052942648022,-100.00000000000287,0.8266246999846771,finite_RF_static_Bloch,runs\combined_factor_study\cases\64a1c824d5fa3f81,90.0
screen,high_low_permutation_alternating_centering,1000,read,90,1,0,8,5dd811482568c653,64a1c824d5fa3f81,4,4096,1,1e-05,-0.10314977487912436,2.0695140920821715e-05,0.10314977695517762,179.98850463593672,0.10314977695517763,0.0,0.8266718999948353,finite_RF_static_Bloch,runs\combined_factor_study\cases\64a1c824d5fa3f81,90.0
screen,high_low_permutation_alternating_centering,1000,read,90,1,0,8,5dd811482568c653,64a1c824d5fa3f81,5,4096,1,1e-05,0.08945407553413373,-0.005785068462083204,0.08964094291548641,-3.7002123285074737,0.08978387726387878,-49.99999999999449,0.8267258999403566,finite_RF_static_Bloch,runs\combined_factor_study\cases\64a1c824d5fa3f81,90.0
screen,high_low_permutation_alternating_centering,1000,read,90,1,0,8,5dd811482568c653,64a1c824d5fa3f81,6,4096,1,1e-05,-0.07748510616616164,-0.0012550036642447501,0.07749526896384455,-179.0720781068171,0.07761613531086697,-49.99999999999449,0.8267708999337628,finite_RF_static_Bloch,runs\combined_factor_study\cases\64a1c824d5fa3f81,90.0
screen,high_low_permutation_alternating_centering,1000,read,90,1,0,8,5dd811482568c653,64a1c824d5fa3f81,7,4096,1,1e-05,0.06466902279849261,0.00031720127892688867,0.0646698007292686,0.28103329851939785,0.0655359154855061,-900.0000000000119,0.8268170999363065,finite_RF_static_Bloch,runs\combined_factor_study\cases\64a1c824d5fa3f81,90.0
screen,high_low_permutation_alternating_centering,1000,read,90,1,0,8,5dd811482568c653,64a1c824d5fa3f81,8,4096,1,1e-05,-0.053983956976024615,-0.00041654121596121666,0.05398556397199043,-179.55791347310736,0.053985563971990426,0.0,0.8268620999297127,finite_RF_static_Bloch,runs\combined_factor_study\cases\64a1c824d5fa3f81,90.0
screen,geometric,1000,read,90,1,0,8,b8ed903f2aa319ac,65bce12b3acca5fd,1,4096,1,1e-05,0.2441691149836675,-0.0033245236253082477,0.2441917467263025,-0.7800716445389309,0.2442087075211705,50.000000000001435,0.7359470999799669,finite_RF_static_Bloch,runs\combined_factor_study\cases\65bce12b3acca5fd,90.0
screen,geometric,1000,read,90,1,0,8,b8ed903f2aa319ac,65bce12b3acca5fd,2,4096,1,1e-05,-0.1809909593379285,-0.002291309472639517,0.1810054625174696,-179.27468559794627,0.1810054625174696,0.0,0.7359977000160143,finite_RF_static_Bloch,runs\combined_factor_study\cases\65bce12b3acca5fd,90.0
screen,geometric,1000,read,90,1,0,8,b8ed903f2aa319ac,65bce12b3acca5fd,3,4096,1,1e-05,0.13817432783691605,0.00038302589663016047,0.13817485871901966,0.15882625559083904,0.13817485871901963,0.0,0.7360239999834448,finite_RF_static_Bloch,runs\combined_factor_study\cases\65bce12b3acca5fd,90.0
screen,geometric,1000,read,90,1,0,8,b8ed903f2aa319ac,65bce12b3acca5fd,4,4096,1,1e-05,-0.12676491281711127,0.005310267953690316,0.12687608942298706,177.60124351554597,0.1268760894229871,0.0,0.7360474999295548,finite_RF_static_Bloch,runs\combined_factor_study\cases\65bce12b3acca5fd,90.0
screen,geometric,1000,read,90,1,0,8,b8ed903f2aa319ac,65bce12b3acca5fd,5,4096,1,1e-05,0.08958929555806537,-0.008997513438722637,0.09003997515920574,-5.735023646937311,0.09011111902470609,-350.00000000000307,0.7360697999829426,finite_RF_static_Bloch,runs\combined_factor_study\cases\65bce12b3acca5fd,90.0
screen,geometric,1000,read,90,1,0,8,b8ed903f2aa319ac,65bce12b3acca5fd,6,4096,1,1e-05,-0.0792384538309241,-0.0018083866439510873,0.07925908672051117,-178.69261786174604,0.0792710987342667,-49.99999999999449,0.7360920999199152,finite_RF_static_Bloch,runs\combined_factor_study\cases\65bce12b3acca5fd,90.0
screen,geometric,1000,read,90,1,0,8,b8ed903f2aa319ac,65bce12b3acca5fd,7,4096,1,1e-05,0.05830196369229009,-0.0034551121993008586,0.058404253018824494,-3.391516690755721,0.058528288859153045,49.99999999999449,0.736114599974826,finite_RF_static_Bloch,runs\combined_factor_study\cases\65bce12b3acca5fd,90.0
screen,geometric,1000,read,90,1,0,8,b8ed903f2aa319ac,65bce12b3acca5fd,8,4096,1,1e-05,-0.04131399601758241,0.006798597435836996,0.041869645258055206,170.655204194116,0.04216877861840726,-99.99999999998899,0.7361364999087527,finite_RF_static_Bloch,runs\combined_factor_study\cases\65bce12b3acca5fd,90.0
screen,high_low_permutation,1000,read,90,0.8,0,8,8aaa48b0a564fa01,66a5f7666bb751f9,1,4096,1,1e-05,0.2697744019263688,-0.002610747172157214,0.2697870344096004,-0.5544637436942854,0.26982065473564965,50.000000000001435,1.5248422999866307,finite_RF_static_Bloch,runs\combined_factor_study\cases\66a5f7666bb751f9,90.0
screen,high_low_permutation,1000,read,90,0.8,0,8,8aaa48b0a564fa01,66a5f7666bb751f9,2,4096,1,1e-05,-0.19942779818713444,0.002761026444804865,0.19944691012095758,179.20680538240137,0.1994469101209576,0.0,1.524895199923776,finite_RF_static_Bloch,runs\combined_factor_study\cases\66a5f7666bb751f9,90.0
screen,high_low_permutation,1000,read,90,0.8,0,8,8aaa48b0a564fa01,66a5f7666bb751f9,3,4096,1,1e-05,0.13945828689042014,-0.007164539634564389,0.13964220139551645,-2.9409318120554873,0.13964220139551647,0.0,1.5249212000053376,finite_RF_static_Bloch,runs\combined_factor_study\cases\66a5f7666bb751f9,90.0
screen,high_low_permutation,1000,read,90,0.8,0,8,8aaa48b0a564fa01,66a5f7666bb751f9,4,4096,1,1e-05,-0.11876892046503082,-0.00417455124324836,0.11884226245957842,-177.9869671112326,0.11898802741958683,-100.00000000000287,1.524944799952209,finite_RF_static_Bloch,runs\combined_factor_study\cases\66a5f7666bb751f9,90.0
screen,high_low_permutation,1000,read,90,0.8,0,8,8aaa48b0a564fa01,66a5f7666bb751f9,5,4096,1,1e-05,0.07497079321874968,-0.0026681608856957213,0.07501825723355934,-2.0382585891757343,0.07501825723355934,0.0,1.5249703000299633,finite_RF_static_Bloch,runs\combined_factor_study\cases\66a5f7666bb751f9,90.0
screen,high_low_permutation,1000,read,90,0.8,0,8,8aaa48b0a564fa01,66a5f7666bb751f9,6,4096,1,1e-05,-0.06534708635510003,-0.00034126826937669807,0.06534797746780373,-179.70078155202503,0.06535199293497906,-49.99999999999449,1.5249947999836877,finite_RF_static_Bloch,runs\combined_factor_study\cases\66a5f7666bb751f9,90.0
screen,high_low_permutation,1000,read,90,0.8,0,8,8aaa48b0a564fa01,66a5f7666bb751f9,7,4096,1,1e-05,0.04173904548402593,-0.00025984809541482754,0.04173985432353923,-0.35669255660342836,0.04190680875395434,-549.9999999999949,1.5250171999214217,finite_RF_static_Bloch,runs\combined_factor_study\cases\66a5f7666bb751f9,90.0
screen,high_low_permutation,1000,read,90,0.8,0,8,8aaa48b0a564fa01,66a5f7666bb751f9,8,4096,1,1e-05,-0.04208582878595832,-0.0005179072949109808,0.0420890153432831,-179.2949549703649,0.04220454142015224,99.99999999998899,1.525039599975571,finite_RF_static_Bloch,runs\combined_factor_study\cases\66a5f7666bb751f9,90.0
screen,increasing_centering_taper,1000,read,90,0.8,0,8,434f15e1c7fe25d7,6854b740cda8146f,1,4096,1,1e-05,0.28710010648972295,-0.0027558501448304547,0.28711333277371676,-0.5499605518006698,0.2873763453224863,-50.000000000001435,1.9637343999929726,finite_RF_static_Bloch,runs\combined_factor_study\cases\6854b740cda8146f,90.0
screen,increasing_centering_taper,1000,read,90,0.8,0,8,434f15e1c7fe25d7,6854b740cda8146f,2,4096,1,1e-05,-0.20141609595172827,0.003933533323640517,0.20145450204163717,178.8811906462879,0.20145450204163717,0.0,1.9638169000390917,finite_RF_static_Bloch,runs\combined_factor_study\cases\6854b740cda8146f,90.0
screen,increasing_centering_taper,1000,read,90,0.8,0,8,434f15e1c7fe25d7,6854b740cda8146f,3,4096,1,1e-05,0.12856810332575758,-0.0006638971859900655,0.1285698174232827,-0.29586007505246126,0.12870258413809124,-100.00000000000287,1.9638543999753892,finite_RF_static_Bloch,runs\combined_factor_study\cases\6854b740cda8146f,90.0
screen,increasing_centering_taper,1000,read,90,0.8,0,8,434f15e1c7fe25d7,6854b740cda8146f,4,4096,1,1e-05,-0.0990893548602466,0.0019740572881233095,0.0991090164858711,178.8587049378401,0.099493069414811,-350.00000000000307,1.963884299970232,finite_RF_static_Bloch,runs\combined_factor_study\cases\6854b740cda8146f,90.0
screen,increasing_centering_taper,1000,read,90,0.8,0,8,434f15e1c7fe25d7,6854b740cda8146f,5,4096,1,1e-05,0.08691403979918116,0.0014213225881328302,0.08692566060786185,0.936885773578411,0.086945296456106,-49.99999999999449,1.9639092000434175,finite_RF_static_Bloch,runs\combined_factor_study\cases\6854b740cda8146f,90.0
screen,increasing_centering_taper,1000,read,90,0.8,0,8,434f15e1c7fe25d7,6854b740cda8146f,6,4096,1,1e-05,-0.0706657667538956,0.0021637398528794945,0.0706988851472703,178.24618842261444,0.0712684219536998,-149.9999999999835,1.9639323999872431,finite_RF_static_Bloch,runs\combined_factor_study\cases\6854b740cda8146f,90.0
screen,increasing_centering_taper,1000,read,90,0.8,0,8,434f15e1c7fe25d7,6854b740cda8146f,7,4096,1,1e-05,0.06565159219898198,0.0011028305858388052,0.0656608543468823,0.9623772028197686,0.0656608543468823,0.0,1.9639559000497684,finite_RF_static_Bloch,runs\combined_factor_study\cases\6854b740cda8146f,90.0
screen,increasing_centering_taper,1000,read,90,0.8,0,8,434f15e1c7fe25d7,6854b740cda8146f,8,4096,1,1e-05,-0.05137589128002583,-0.005660920702126601,0.05168682838028272,-173.71215366555916,0.05172590543987858,-49.99999999999449,1.9639789999928325,finite_RF_static_Bloch,runs\combined_factor_study\cases\6854b740cda8146f,90.0
screen,increasing_rf180,1000,read,90,1,0,8,b088da44b1632a36,68d5420187ed535d,1,4096,1,1e-05,0.2441691149836675,-0.0033245236253082477,0.2441917467263025,-0.7800716445389309,0.2442087075211705,50.000000000001435,0.7749076000181958,finite_RF_static_Bloch,runs\combined_factor_study\cases\68d5420187ed535d,90.0
screen,increasing_rf180,1000,read,90,1,0,8,b088da44b1632a36,68d5420187ed535d,2,4096,1,1e-05,-0.16359263677534397,-0.00070709529565026,0.16359416490470177,-179.7523524000758,0.16370781174370086,-49.99999999999449,0.7749570999294519,finite_RF_static_Bloch,runs\combined_factor_study\cases\68d5420187ed535d,90.0
screen,increasing_rf180,1000,read,90,1,0,8,b088da44b1632a36,68d5420187ed535d,3,4096,1,1e-05,0.10915038802989183,-0.005632880138682943,0.10929563827405338,-2.9542194906006674,0.10981910073177886,100.00000000000287,0.7749825000064448,finite_RF_static_Bloch,runs\combined_factor_study\cases\68d5420187ed535d,90.0
screen,increasing_rf180,1000,read,90,1,0,8,b088da44b1632a36,68d5420187ed535d,4,4096,1,1e-05,-0.08154246096409451,0.005876067648169167,0.08175390578490264,175.87830787112296,0.08175390578490264,0.0,0.7750052999472246,finite_RF_static_Bloch,runs\combined_factor_study\cases\68d5420187ed535d,90.0
screen,increasing_rf180,1000,read,90,1,0,8,b088da44b1632a36,68d5420187ed535d,5,4096,1,1e-05,0.06519265290564935,-0.003032382719200021,0.06526313919688642,-2.6631466107776474,0.06538052215413741,49.99999999999449,0.7750273999990895,finite_RF_static_Bloch,runs\combined_factor_study\cases\68d5420187ed535d,90.0
screen,increasing_rf180,1000,read,90,1,0,8,b088da44b1632a36,68d5420187ed535d,6,4096,1,1e-05,-0.0528960437599522,-0.0015009950863476818,0.05291733583339223,-178.37459277627775,0.052928282968516364,49.99999999999449,0.7750492999330163,finite_RF_static_Bloch,runs\combined_factor_study\cases\68d5420187ed535d,90.0
screen,increasing_rf180,1000,read,90,1,0,8,b088da44b1632a36,68d5420187ed535d,7,4096,1,1e-05,0.04642791767618379,-0.0034918194789707265,0.04655904147445712,-4.3010882445221235,0.046585007247890255,49.99999999999449,0.7750710999825969,finite_RF_static_Bloch,runs\combined_factor_study\cases\68d5420187ed535d,90.0
screen,increasing_rf180,1000,read,90,1,0,8,b088da44b1632a36,68d5420187ed535d,8,4096,1,1e-05,-0.0379214222433939,-0.00429481418284011,0.038163853236104106,-173.53846412569663,0.03823547745011917,1000.0000000000009,0.7750927000306547,finite_RF_static_Bloch,runs\combined_factor_study\cases\68d5420187ed535d,90.0
screen,high_low,1000,read,0,0.8,0,8,70bccb690eab1867,6ae9c0265f2123b6,1,4096,1,1e-05,-0.004991579147107938,0.2738999308650644,0.2739454106026763,91.04404832138634,0.27420228076127723,50.000000000001435,1.9174906000262126,finite_RF_static_Bloch,runs\combined_factor_study\cases\6ae9c0265f2123b6,0.0
screen,high_low,1000,read,0,0.8,0,8,70bccb690eab1867,6ae9c0265f2123b6,2,4096,1,1e-05,-0.003464111867233226,0.19980331147297184,0.19983333892670188,90.99327235751838,0.19997740434099082,-49.99999999999449,1.9175473999930546,finite_RF_static_Bloch,runs\combined_factor_study\cases\6ae9c0265f2123b6,0.0
screen,high_low,1000,read,0,0.8,0,8,70bccb690eab1867,6ae9c0265f2123b6,3,4096,1,1e-05,-0.0034894842986433776,0.14591533940311954,0.14595705797870157,91.36993562839102,0.1460833152431759,49.99999999999449,1.9175735999597237,finite_RF_static_Bloch,runs\combined_factor_study\cases\6ae9c0265f2123b6,0.0
screen,high_low,1000,read,0,0.8,0,8,70bccb690eab1867,6ae9c0265f2123b6,4,4096,1,1e-05,-0.000750117961906266,0.09676280711629995,0.0967657145789925,90.4441554945077,0.0968912512617147,-49.99999999999449,1.9175976000260562,finite_RF_static_Bloch,runs\combined_factor_study\cases\6ae9c0265f2123b6,0.0
screen,high_low,1000,read,0,0.8,0,8,70bccb690eab1867,6ae9c0265f2123b6,5,4096,1,1e-05,-0.004652357745717749,0.06749997093476473,0.06766011017422469,93.94281005982526,0.06770485165738226,-100.00000000000287,1.9176206999691203,finite_RF_static_Bloch,runs\combined_factor_study\cases\6ae9c0265f2123b6,0.0
screen,high_low,1000,read,0,0.8,0,8,70bccb690eab1867,6ae9c0265f2123b6,6,4096,1,1e-05,-0.0026898905701737714,0.041367896279747504,0.0414552572527473,93.7203418826464,0.041507605102748,-99.99999999998899,1.9176430000225082,finite_RF_static_Bloch,runs\combined_factor_study\cases\6ae9c0265f2123b6,0.0
screen,high_low,1000,read,0,0.8,0,8,70bccb690eab1867,6ae9c0265f2123b6,7,4096,1,1e-05,-0.006441913910437726,0.030142987250135228,0.03082365869249311,102.06331751364519,0.03082593186372176,-49.99999999999449,1.9176654999610037,finite_RF_static_Bloch,runs\combined_factor_study\cases\6ae9c0265f2123b6,0.0
screen,high_low,1000,read,0,0.8,0,8,70bccb690eab1867,6ae9c0265f2123b6,8,4096,1,1e-05,0.0010803643427049338,0.016576411169298103,0.016611580128531395,86.27103276753809,0.016813799727229694,-450.00000000000597,1.9176875000121072,finite_RF_static_Bloch,runs\combined_factor_study\cases\6ae9c0265f2123b6,0.0
screen,high_low_energy_matched,1000,read,0,1,0,8,3bf36ee0c40a6366,6e2abd9270780b02,1,4096,1,1e-05,-0.0032448769234316712,0.2454870004702392,0.2455084451217991,90.75729845474417,0.24605053744096478,100.00000000000287,6.433215800090693,finite_RF_static_Bloch,runs\combined_factor_study\cases\6e2abd9270780b02,0.0
screen,high_low_energy_matched,1000,read,0,1,0,8,3bf36ee0c40a6366,6e2abd9270780b02,2,4096,1,1e-05,-0.005100893830881075,0.1721134106859759,0.1721889812265388,91.69756769253772,0.17228996416396486,-49.99999999999449,6.433272100053728,finite_RF_static_Bloch,runs\combined_factor_study\cases\6e2abd9270780b02,0.0
screen,high_low_energy_matched,1000,read,0,1,0,8,3bf36ee0c40a6366,6e2abd9270780b02,3,4096,1,1e-05,-0.010937090446744653,0.11915125183132518,0.11965216571551117,95.24457754313687,0.12011760631589989,100.00000000000287,6.4333016000455245,finite_RF_static_Bloch,runs\combined_factor_study\cases\6e2abd9270780b02,0.0
screen,high_low_energy_matched,1000,read,0,1,0,8,3bf36ee0c40a6366,6e2abd9270780b02,4,4096,1,1e-05,-0.002951613032733881,0.08142366421845407,0.08147714473553036,92.07606662464433,0.08163891703789283,-49.99999999999449,6.433327200007625,finite_RF_static_Bloch,runs\combined_factor_study\cases\6e2abd9270780b02,0.0
screen,high_low_energy_matched,1000,read,0,1,0,8,3bf36ee0c40a6366,6e2abd9270780b02,5,4096,1,1e-05,-0.016574700118392936,0.06961451305152383,0.07156047171040333,103.39235448367785,0.07165131699596244,49.99999999999449,6.433354000095278,finite_RF_static_Bloch,runs\combined_factor_study\cases\6e2abd9270780b02,0.0
screen,high_low_energy_matched,1000,read,0,1,0,8,3bf36ee0c40a6366,6e2abd9270780b02,6,4096,1,1e-05,-0.0055771190031427345,0.05133338129740132,0.051635455762485606,96.20058380131447,0.0516354557624856,0.0,6.433378400048241,finite_RF_static_Bloch,runs\combined_factor_study\cases\6e2abd9270780b02,0.0
screen,high_low_energy_matched,1000,read,0,1,0,8,3bf36ee0c40a6366,6e2abd9270780b02,7,4096,1,1e-05,-0.009897103559052291,0.03845313200950805,0.03970637253891695,104.43356790650452,0.03983738424105326,99.99999999998899,6.433402299997397,finite_RF_static_Bloch,runs\combined_factor_study\cases\6e2abd9270780b02,0.0
screen,high_low_energy_matched,1000,read,0,1,0,8,3bf36ee0c40a6366,6e2abd9270780b02,8,4096,1,1e-05,-0.0005630929344892204,0.029006002191831994,0.02901146733285709,91.11214211537906,0.029088083326279095,-49.99999999999449,6.433426100062206,finite_RF_static_Bloch,runs\combined_factor_study\cases\6e2abd9270780b02,0.0
screen,alternating_centering,1000,read,0,1,0,8,f04dd883ba427174,73b733f56a74eb06,1,4096,1,1e-05,-0.004910058550749369,0.2484525511242275,0.24850106405226652,91.13216392705218,0.24850106405226652,0.0,0.828627199982293,finite_RF_static_Bloch,runs\combined_factor_study\cases\73b733f56a74eb06,0.0
screen,alternating_centering,1000,read,0,1,0,8,f04dd883ba427174,73b733f56a74eb06,2,4096,1,1e-05,0.00029111478832184734,0.1671063258278055,0.16710657940215481,89.9001855150099,0.167530026112753,-100.00000000000287,0.8287140000611544,finite_RF_static_Bloch,runs\combined_factor_study\cases\73b733f56a74eb06,0.0
screen,alternating_centering,1000,read,0,1,0,8,f04dd883ba427174,73b733f56a74eb06,3,4096,1,1e-05,-0.007822349152714264,0.13014178643016486,0.13037666095395145,93.43970248124104,0.13037666095395145,0.0,0.8287406000308692,finite_RF_static_Bloch,runs\combined_factor_study\cases\73b733f56a74eb06,0.0
screen,alternating_centering,1000,read,0,1,0,8,f04dd883ba427174,73b733f56a74eb06,4,4096,1,1e-05,0.0018372257402653192,0.0920103475073438,0.09202868817299778,88.8560928504756,0.09213560322332644,-50.00000000000837,0.828765399986878,finite_RF_static_Bloch,runs\combined_factor_study\cases\73b733f56a74eb06,0.0
screen,alternating_centering,1000,read,0,1,0,8,f04dd883ba427174,73b733f56a74eb06,5,4096,1,1e-05,0.0016975542939519795,0.07541832882159301,0.07543743111229889,88.71057503462602,0.0754374311122989,0.0,0.8287896000547335,finite_RF_static_Bloch,runs\combined_factor_study\cases\73b733f56a74eb06,0.0
screen,alternating_centering,1000,read,0,1,0,8,f04dd883ba427174,73b733f56a74eb06,6,4096,1,1e-05,0.008758957207194225,0.06214020134629167,0.06275447358328431,81.97674448125812,0.06276340464050792,-49.99999999999449,0.8288127999985591,finite_RF_static_Bloch,runs\combined_factor_study\cases\73b733f56a74eb06,0.0
screen,alternating_centering,1000,read,0,1,0,8,f04dd883ba427174,73b733f56a74eb06,7,4096,1,1e-05,-0.0008422854019583424,0.04527763268175143,0.04528546638781539,91.06573224120487,0.04536473317848636,-400.0000000000115,0.8288354000542313,finite_RF_static_Bloch,runs\combined_factor_study\cases\73b733f56a74eb06,0.0
screen,alternating_centering,1000,read,0,1,0,8,f04dd883ba427174,73b733f56a74eb06,8,4096,1,1e-05,0.0015153755101944386,0.03921775606290385,0.039247022225212556,87.78718985336246,0.039367490227580654,-99.99999999998899,0.8288578999927267,finite_RF_static_Bloch,runs\combined_factor_study\cases\73b733f56a74eb06,0.0
screen,high_low,1000,read,90,0.8,0,8,0b4f6847da427f5d,74924a51c4a51b1a,1,4096,1,1e-05,0.2697744019263688,-0.002610747172157214,0.2697870344096004,-0.5544637436942854,0.26982065473564965,50.000000000001435,1.6494321000063792,finite_RF_static_Bloch,runs\combined_factor_study\cases\74924a51c4a51b1a,90.0
screen,high_low,1000,read,90,0.8,0,8,0b4f6847da427f5d,74924a51c4a51b1a,2,4096,1,1e-05,-0.2072722237825957,-0.00537454920368889,0.2073418928507341,-178.51465867890735,0.2076222824517838,-49.99999999999449,1.6494802999077365,finite_RF_static_Bloch,runs\combined_factor_study\cases\74924a51c4a51b1a,90.0
screen,high_low,1000,read,90,0.8,0,8,0b4f6847da427f5d,74924a51c4a51b1a,3,4096,1,1e-05,0.14923213446951383,-0.0007968840615653657,0.14923426209330964,-0.30595058957159393,0.14928964714486337,49.99999999999449,1.6495057999854907,finite_RF_static_Bloch,runs\combined_factor_study\cases\74924a51c4a51b1a,90.0
screen,high_low,1000,read,90,0.8,0,8,0b4f6847da427f5d,74924a51c4a51b1a,4,4096,1,1e-05,-0.0946002228480089,-0.001220373045895529,0.09460809412129646,-179.26090716843953,0.09495561438718948,-149.99999999999736,1.6495292999316007,finite_RF_static_Bloch,runs\combined_factor_study\cases\74924a51c4a51b1a,90.0
screen,high_low,1000,read,90,0.8,0,8,0b4f6847da427f5d,74924a51c4a51b1a,5,4096,1,1e-05,0.061302505433041665,0.0006433179083418488,0.06130588087858534,0.6012486404472375,0.061425093632767894,49.99999999999449,1.6495517999865115,finite_RF_static_Bloch,runs\combined_factor_study\cases\74924a51c4a51b1a,90.0
screen,high_low,1000,read,90,0.8,0,8,0b4f6847da427f5d,74924a51c4a51b1a,6,4096,1,1e-05,-0.042060422684846485,-0.0016971565060420952,0.042094649263700365,-177.68934365640737,0.04271447951410613,-349.9999999999892,1.6495737999211997,finite_RF_static_Bloch,runs\combined_factor_study\cases\74924a51c4a51b1a,90.0
screen,high_low,1000,read,90,0.8,0,8,0b4f6847da427f5d,74924a51c4a51b1a,7,4096,1,1e-05,0.024595806061953274,0.0022779555623472013,0.024701067940096154,5.291388747342243,0.024710171656289564,49.99999999999449,1.6495960999745876,finite_RF_static_Bloch,runs\combined_factor_study\cases\74924a51c4a51b1a,90.0
screen,high_low,1000,read,90,0.8,0,8,0b4f6847da427f5d,74924a51c4a51b1a,8,4096,1,1e-05,-0.018155841308928503,-0.0021460101818405295,0.018282229988039148,-173.25894844716962,0.019290369327041527,-1700.000000000007,1.6496184999123216,finite_RF_static_Bloch,runs\combined_factor_study\cases\74924a51c4a51b1a,90.0
screen,original_taper,1000,read,0,0.8,0,8,001328696f624053,74e656a4092b2ff4,1,4096,1,1e-05,-0.004991579147107938,0.2738999308650644,0.2739454106026763,91.04404832138634,0.27420228076127723,50.000000000001435,1.783418699982576,finite_RF_static_Bloch,runs\combined_factor_study\cases\74e656a4092b2ff4,0.0
screen,original_taper,1000,read,0,0.8,0,8,001328696f624053,74e656a4092b2ff4,2,4096,1,1e-05,0.006792072383082392,0.20300274302849206,0.20311633593669665,88.08371078789177,0.20324231206180873,-49.99999999999449,1.7835351000539958,finite_RF_static_Bloch,runs\combined_factor_study\cases\74e656a4092b2ff4,0.0
screen,original_taper,1000,read,0,0.8,0,8,001328696f624053,74e656a4092b2ff4,3,4096,1,1e-05,-0.00316189812310887,0.18902933270542008,0.189055775428304,90.9582984917896,0.18916707069711886,49.99999999999449,1.783593300031498,finite_RF_static_Bloch,runs\combined_factor_study\cases\74e656a4092b2ff4,0.0
screen,original_taper,1000,read,0,0.8,0,8,001328696f624053,74e656a4092b2ff4,4,4096,1,1e-05,0.005607270799180202,0.14434938814195786,0.14445825467162804,87.77545643009591,0.1444739121622331,-49.99999999999449,1.7836442000698298,finite_RF_static_Bloch,runs\combined_factor_study\cases\74e656a4092b2ff4,0.0
screen,original_taper,1000,read,0,0.8,0,8,001328696f624053,74e656a4092b2ff4,5,4096,1,1e-05,-0.008470898322586143,0.13069332535392553,0.13096755861837933,93.70844328070807,0.13126968618522494,100.00000000000287,1.7836878000525758,finite_RF_static_Bloch,runs\combined_factor_study\cases\74e656a4092b2ff4,0.0
screen,original_taper,1000,read,0,0.8,0,8,001328696f624053,74e656a4092b2ff4,6,4096,1,1e-05,-0.00365234511197521,0.10165658926995602,0.10172217932593415,92.05765301878876,0.10176536214624374,49.99999999999449,1.7837340000551194,finite_RF_static_Bloch,runs\combined_factor_study\cases\74e656a4092b2ff4,0.0
screen,original_taper,1000,read,0,0.8,0,8,001328696f624053,74e656a4092b2ff4,7,4096,1,1e-05,-0.005866879763916924,0.09067813307056297,0.09086772856920648,93.70188008995096,0.09089565200449475,-49.99999999999449,1.7837708999868482,finite_RF_static_Bloch,runs\combined_factor_study\cases\74e656a4092b2ff4,0.0
screen,original_taper,1000,read,0,0.8,0,8,001328696f624053,74e656a4092b2ff4,8,4096,1,1e-05,-0.004993104124636126,0.0704769636128916,0.07065361624780649,94.0524813191942,0.07091833470544946,150.00000000001123,1.7838114000624046,finite_RF_static_Bloch,runs\combined_factor_study\cases\74e656a4092b2ff4,0.0
screen,increasing_alternating,1000,read,0,0.8,0,8,b3b27f80e4d15f02,7631714bffae1937,1,4096,1,1e-05,-0.004991579147107938,0.2738999308650644,0.2739454106026763,91.04404832138634,0.27420228076127723,50.000000000001435,1.5102122999960557,finite_RF_static_Bloch,runs\combined_factor_study\cases\7631714bffae1937,0.0
screen,increasing_alternating,1000,read,0,0.8,0,8,b3b27f80e4d15f02,7631714bffae1937,2,4096,1,1e-05,-0.0017762883624088122,0.20541177991583265,0.20541945995581068,90.4954501133835,0.2056803807399028,-100.00000000000287,1.5102574999909848,finite_RF_static_Bloch,runs\combined_factor_study\cases\7631714bffae1937,0.0
screen,increasing_alternating,1000,read,0,0.8,0,8,b3b27f80e4d15f02,7631714bffae1937,3,4096,1,1e-05,-0.00390847350282748,0.1383648265887354,0.13842001806838894,91.61803767450174,0.13858967573370856,49.99999999999449,1.510282599949278,finite_RF_static_Bloch,runs\combined_factor_study\cases\7631714bffae1937,0.0
screen,increasing_alternating,1000,read,0,0.8,0,8,b3b27f80e4d15f02,7631714bffae1937,4,4096,1,1e-05,-0.0033935163900927702,0.10845677799443691,0.1085098550659082,91.79214943310546,0.10856925681366057,-49.99999999999449,1.5103051000041887,finite_RF_static_Bloch,runs\combined_factor_study\cases\7631714bffae1937,0.0
screen,increasing_alternating,1000,read,0,0.8,0,8,b3b27f80e4d15f02,7631714bffae1937,5,4096,1,1e-05,-0.0016570096154780835,0.0802665169378892,0.08028361864170201,91.18263726754843,0.0802894060947661,49.99999999999449,1.510331099969335,finite_RF_static_Bloch,runs\combined_factor_study\cases\7631714bffae1937,0.0
screen,increasing_alternating,1000,read,0,0.8,0,8,b3b27f80e4d15f02,7631714bffae1937,6,4096,1,1e-05,0.0027850839778819697,0.06705575952708266,0.06711357223779549,87.62165255496348,0.06713900086962438,-49.99999999999449,1.5103524000151083,finite_RF_static_Bloch,runs\combined_factor_study\cases\7631714bffae1937,0.0
screen,increasing_alternating,1000,read,0,0.8,0,8,b3b27f80e4d15f02,7631714bffae1937,7,4096,1,1e-05,-0.0005617631903928471,0.046103787661160356,0.04610721000654282,90.69810028138288,0.04612574888693582,49.99999999999449,1.5103734999429435,finite_RF_static_Bloch,runs\combined_factor_study\cases\7631714bffae1937,0.0
screen,increasing_alternating,1000,read,0,0.8,0,8,b3b27f80e4d15f02,7631714bffae1937,8,4096,1,1e-05,0.00018705427509746334,0.042211614985868666,0.04221202943494951,89.74610423327017,0.042245215200672814,49.99999999999449,1.5103940999833867,finite_RF_static_Bloch,runs\combined_factor_study\cases\7631714bffae1937,0.0
screen,increasing_centering_rf90_exploratory,1000,read,0,0.8,0,8,467256441bd3be5f,797284f8c0cb9e4e,1,4096,1,1e-05,-0.005448413794415983,0.2909624802876619,0.2910134879142601,91.07276593143351,0.2910796142930561,-50.000000000001435,1.722976499935612,finite_RF_static_Bloch,runs\combined_factor_study\cases\797284f8c0cb9e4e,0.0
screen,increasing_centering_rf90_exploratory,1000,read,0,0.8,0,8,467256441bd3be5f,797284f8c0cb9e4e,2,4096,1,1e-05,-0.005606086665620472,-0.2024404604905605,0.20251806895023622,-91.58625916170519,0.20262139112230074,-50.00000000000837,1.7230672999285161,finite_RF_static_Bloch,runs\combined_factor_study\cases\797284f8c0cb9e4e,0.0
screen,increasing_centering_rf90_exploratory,1000,read,0,0.8,0,8,467256441bd3be5f,797284f8c0cb9e4e,3,4096,1,1e-05,-0.017934234476210547,-0.1422243925788343,0.14335067007400443,-97.18695999189472,0.1434269911442111,-49.99999999999449,1.723115999950096,finite_RF_static_Bloch,runs\combined_factor_study\cases\797284f8c0cb9e4e,0.0
screen,increasing_centering_rf90_exploratory,1000,read,0,0.8,0,8,467256441bd3be5f,797284f8c0cb9e4e,4,4096,1,1e-05,0.013462132941724221,0.10590609622079884,0.1067582794918959,82.75576276071583,0.10688392900178295,-50.00000000000837,1.7231618999503553,finite_RF_static_Bloch,runs\combined_factor_study\cases\797284f8c0cb9e4e,0.0
screen,increasing_centering_rf90_exploratory,1000,read,0,0.8,0,8,467256441bd3be5f,797284f8c0cb9e4e,5,4096,1,1e-05,-0.0013096277434334342,0.081182328431631,0.08119289115684683,90.92421141130407,0.08132168362911261,-49.99999999999449,1.7232071999460459,finite_RF_static_Bloch,runs\combined_factor_study\cases\797284f8c0cb9e4e,0.0
screen,increasing_centering_rf90_exploratory,1000,read,0,0.8,0,8,467256441bd3be5f,797284f8c0cb9e4e,6,4096,1,1e-05,-0.008624865836836654,-0.06582918245355042,0.06639178844711341,-97.46431204141429,0.06641402892332805,-49.99999999999449,1.7232527999440208,finite_RF_static_Bloch,runs\combined_factor_study\cases\797284f8c0cb9e4e,0.0
screen,increasing_centering_rf90_exploratory,1000,read,0,0.8,0,8,467256441bd3be5f,797284f8c0cb9e4e,7,4096,1,1e-05,0.002606795828513389,-0.05645163155692231,0.05651178717692497,-87.3561017025473,0.05652964252581946,49.99999999999449,1.7232981999404728,finite_RF_static_Bloch,runs\combined_factor_study\cases\797284f8c0cb9e4e,0.0
screen,increasing_centering_rf90_exploratory,1000,read,0,0.8,0,8,467256441bd3be5f,797284f8c0cb9e4e,8,4096,1,1e-05,0.004919364393760128,0.046133628539262825,0.04639517031154515,83.91338257093662,0.046396595614677634,49.99999999999449,1.7233432999346405,finite_RF_static_Bloch,runs\combined_factor_study\cases\797284f8c0cb9e4e,0.0
screen,irregular_energy_matched,1000,read,90,1,0,8,f2bef2f4a2f32c36,7b41ac8f3ad7abbb,1,4096,1,1e-05,0.2441691149836675,-0.0033245236253082477,0.2441917467263025,-0.7800716445389309,0.2442087075211705,50.000000000001435,6.882105199969374,finite_RF_static_Bloch,runs\combined_factor_study\cases\7b41ac8f3ad7abbb,90.0
screen,irregular_energy_matched,1000,read,90,1,0,8,f2bef2f4a2f32c36,7b41ac8f3ad7abbb,2,4096,1,1e-05,-0.16510769634514882,0.0036244557556108243,0.16514747370736935,178.7424409979725,0.16514747370736935,0.0,6.882153199985623,finite_RF_static_Bloch,runs\combined_factor_study\cases\7b41ac8f3ad7abbb,90.0
screen,irregular_energy_matched,1000,read,90,1,0,8,f2bef2f4a2f32c36,7b41ac8f3ad7abbb,3,4096,1,1e-05,0.12061034959729404,0.0006338906130457403,0.12061201535208171,0.30112608511974204,0.1207955869747102,100.00000000000287,6.8821791999507695,finite_RF_static_Bloch,runs\combined_factor_study\cases\7b41ac8f3ad7abbb,90.0
screen,irregular_energy_matched,1000,read,90,1,0,8,f2bef2f4a2f32c36,7b41ac8f3ad7abbb,4,4096,1,1e-05,-0.08769315524273366,0.004554713446854678,0.08781135969229235,177.0267740034802,0.08804816425499458,-49.99999999999449,6.882202700013295,finite_RF_static_Bloch,runs\combined_factor_study\cases\7b41ac8f3ad7abbb,90.0
screen,irregular_energy_matched,1000,read,90,1,0,8,f2bef2f4a2f32c36,7b41ac8f3ad7abbb,5,4096,1,1e-05,0.08190669712056042,0.005291701184297422,0.08207745813938877,3.696539691590997,0.08207745813938878,0.0,6.88222589995712,finite_RF_static_Bloch,runs\combined_factor_study\cases\7b41ac8f3ad7abbb,90.0
screen,irregular_energy_matched,1000,read,90,1,0,8,f2bef2f4a2f32c36,7b41ac8f3ad7abbb,6,4096,1,1e-05,-0.0713206104890813,0.005368131154472657,0.07152234834390488,175.695600409313,0.07152234834390488,0.0,6.882248200010508,finite_RF_static_Bloch,runs\combined_factor_study\cases\7b41ac8f3ad7abbb,90.0
screen,irregular_energy_matched,1000,read,90,1,0,8,f2bef2f4a2f32c36,7b41ac8f3ad7abbb,7,4096,1,1e-05,0.050581621503944005,0.0029907345796369176,0.05066996079822923,3.3837823881821913,0.050669960798229226,0.0,6.882270399946719,finite_RF_static_Bloch,runs\combined_factor_study\cases\7b41ac8f3ad7abbb,90.0
screen,irregular_energy_matched,1000,read,90,1,0,8,f2bef2f4a2f32c36,7b41ac8f3ad7abbb,8,4096,1,1e-05,-0.03543412041981288,-0.00018868690940665217,0.035434622795728773,-179.6949025050457,0.035706339718209835,-150.00000000001123,6.882291899994016,finite_RF_static_Bloch,runs\combined_factor_study\cases\7b41ac8f3ad7abbb,90.0
screen,quadratic,1000,read,90,0.8,0,8,961e602e1784b9c5,7ee66a54ece69685,1,4096,1,1e-05,0.2697744019263688,-0.002610747172157214,0.2697870344096004,-0.5544637436942854,0.26982065473564965,50.000000000001435,1.549717799993232,finite_RF_static_Bloch,runs\combined_factor_study\cases\7ee66a54ece69685,90.0
screen,quadratic,1000,read,90,0.8,0,8,961e602e1784b9c5,7ee66a54ece69685,2,4096,1,1e-05,-0.19942779818713444,0.002761026444804865,0.19944691012095758,179.20680538240137,0.1994469101209576,0.0,1.5497633999912068,finite_RF_static_Bloch,runs\combined_factor_study\cases\7ee66a54ece69685,90.0
screen,quadratic,1000,read,90,0.8,0,8,961e602e1784b9c5,7ee66a54ece69685,3,4096,1,1e-05,0.0980422758381958,-0.004764328516287552,0.09815796797888587,-2.782078912942681,0.09827397977746373,49.99999999999449,1.5497890000697225,finite_RF_static_Bloch,runs\combined_factor_study\cases\7ee66a54ece69685,90.0
screen,quadratic,1000,read,90,0.8,0,8,961e602e1784b9c5,7ee66a54ece69685,4,4096,1,1e-05,-0.09723953983830377,-0.00014220443512603237,0.09723964381910516,-179.9162099268884,0.09733118098035512,-49.99999999999449,1.5498129000188783,finite_RF_static_Bloch,runs\combined_factor_study\cases\7ee66a54ece69685,90.0
screen,quadratic,1000,read,90,0.8,0,8,961e602e1784b9c5,7ee66a54ece69685,5,4096,1,1e-05,0.05646728425350971,-0.0036776847673945954,0.056586920363410766,-3.7263812627636868,0.05675082091445569,100.00000000000287,1.5498355000745505,finite_RF_static_Bloch,runs\combined_factor_study\cases\7ee66a54ece69685,90.0
screen,quadratic,1000,read,90,0.8,0,8,961e602e1784b9c5,7ee66a54ece69685,6,4096,1,1e-05,-0.03824645672121464,0.000429890655906157,0.038248872633108805,179.35602183436473,0.03827380633399312,-49.99999999999449,1.5498572000069544,finite_RF_static_Bloch,runs\combined_factor_study\cases\7ee66a54ece69685,90.0
screen,quadratic,1000,read,90,0.8,0,8,961e602e1784b9c5,7ee66a54ece69685,7,4096,1,1e-05,0.03428288780427606,0.0006805237775363805,0.03428964142146098,1.1371860062670973,0.03467709996479025,150.00000000001123,1.5498789000557736,finite_RF_static_Bloch,runs\combined_factor_study\cases\7ee66a54ece69685,90.0
screen,quadratic,1000,read,90,0.8,0,8,961e602e1784b9c5,7ee66a54ece69685,8,4096,1,1e-05,-0.026155312847246336,0.0022444888074033935,0.026251440344177084,175.09524303390336,0.026863341815857558,-950.0000000000064,1.5499003999866545,finite_RF_static_Bloch,runs\combined_factor_study\cases\7ee66a54ece69685,90.0
screen,inc_alt_rf180,1000,read,90,0.8,0,8,9c5948d9fa82f343,818574f4ae515658,1,4096,1,1e-05,0.2697744019263688,-0.002610747172157214,0.2697870344096004,-0.5544637436942854,0.26982065473564965,50.000000000001435,1.726766899926588,finite_RF_static_Bloch,runs\combined_factor_study\cases\818574f4ae515658,90.0
screen,inc_alt_rf180,1000,read,90,0.8,0,8,9c5948d9fa82f343,818574f4ae515658,2,4096,1,1e-05,-0.20033614113997555,-0.0006164291205928204,0.20033708950595475,-179.8237029259164,0.20045816492235385,-49.99999999999449,1.7268377000000328,finite_RF_static_Bloch,runs\combined_factor_study\cases\818574f4ae515658,90.0
screen,inc_alt_rf180,1000,read,90,0.8,0,8,9c5948d9fa82f343,818574f4ae515658,3,4096,1,1e-05,0.14119539538398324,-0.002408385075951943,0.14121593393209358,-0.9772055223818734,0.1414019189806424,100.00000000000287,1.7268644999712706,finite_RF_static_Bloch,runs\combined_factor_study\cases\818574f4ae515658,90.0
screen,inc_alt_rf180,1000,read,90,0.8,0,8,9c5948d9fa82f343,818574f4ae515658,4,4096,1,1e-05,-0.11521931135521794,-0.003072493622276214,0.1152602703720132,-178.47248516568862,0.1152602703720132,0.0,1.7268890999257565,finite_RF_static_Bloch,runs\combined_factor_study\cases\818574f4ae515658,90.0
screen,inc_alt_rf180,1000,read,90,0.8,0,8,9c5948d9fa82f343,818574f4ae515658,5,4096,1,1e-05,0.08725513275482012,-0.0029662664849177413,0.08730553779068559,-1.9470387512312726,0.08733206495487937,-49.99999999999449,1.7269129999913275,finite_RF_static_Bloch,runs\combined_factor_study\cases\818574f4ae515658,90.0
screen,inc_alt_rf180,1000,read,90,0.8,0,8,9c5948d9fa82f343,818574f4ae515658,6,4096,1,1e-05,-0.07104399656194738,-0.0033824740302399064,0.07112447242728229,-177.27415041760662,0.07120440635711127,49.99999999999449,1.7269356999313459,finite_RF_static_Bloch,runs\combined_factor_study\cases\818574f4ae515658,90.0
screen,inc_alt_rf180,1000,read,90,0.8,0,8,9c5948d9fa82f343,818574f4ae515658,7,4096,1,1e-05,0.04952097914693855,-0.0021028101084384597,0.04956560486893783,-2.431490866153595,0.05022736525582664,-400.0000000000115,1.7269587999908254,finite_RF_static_Bloch,runs\combined_factor_study\cases\818574f4ae515658,90.0
screen,inc_alt_rf180,1000,read,90,0.8,0,8,9c5948d9fa82f343,818574f4ae515658,8,4096,1,1e-05,-0.04393841829378767,0.00023482352646070326,0.04393904578217914,179.69379259826138,0.04400610345280461,99.99999999998899,1.7269822999369353,finite_RF_static_Bloch,runs\combined_factor_study\cases\818574f4ae515658,90.0
screen,original_flip160,1000,read,0,0.8,0,8,cab713f718364f6e,819f3cbead7723ff,1,4096,1,1e-05,-0.004619142483597248,0.2670604647402036,0.2671004086566273,90.99090287527552,0.2673130544590387,50.000000000001435,2.2690278999507427,finite_RF_static_Bloch,runs\combined_factor_study\cases\819f3cbead7723ff,0.0
screen,original_flip160,1000,read,0,0.8,0,8,cab713f718364f6e,819f3cbead7723ff,2,4096,1,1e-05,0.00699187533401972,0.18543482396099226,0.18556659251635427,87.84066845989302,0.185718589604738,-49.99999999999449,2.2692328999983147,finite_RF_static_Bloch,runs\combined_factor_study\cases\819f3cbead7723ff,0.0
screen,original_flip160,1000,read,0,0.8,0,8,cab713f718364f6e,819f3cbead7723ff,3,4096,1,1e-05,-0.006888170187129218,0.1853301774431308,0.18545813964242497,92.12853356471952,0.18552802661111203,49.99999999999449,2.269331100047566,finite_RF_static_Bloch,runs\combined_factor_study\cases\819f3cbead7723ff,0.0
screen,original_flip160,1000,read,0,0.8,0,8,cab713f718364f6e,819f3cbead7723ff,4,4096,1,1e-05,-0.0004424829531748237,0.13672524170541817,0.13672595770580243,90.18542528722182,0.1367259577058024,0.0,2.2693773000501096,finite_RF_static_Bloch,runs\combined_factor_study\cases\819f3cbead7723ff,0.0
screen,original_flip160,1000,read,0,0.8,0,8,cab713f718364f6e,819f3cbead7723ff,5,4096,1,1e-05,-0.009636323577037082,0.1264554363726269,0.12682206480054192,94.35770642578647,0.1269119241994122,49.99999999999449,2.2694176000077277,finite_RF_static_Bloch,runs\combined_factor_study\cases\819f3cbead7723ff,0.0
screen,original_flip160,1000,read,0,0.8,0,8,cab713f718364f6e,819f3cbead7723ff,6,4096,1,1e-05,-0.007862692155531559,0.09791605011551915,0.09823123127680684,94.59101965653147,0.09833524968870462,49.99999999999449,2.269458399969153,finite_RF_static_Bloch,runs\combined_factor_study\cases\819f3cbead7723ff,0.0
screen,original_flip160,1000,read,0,0.8,0,8,cab713f718364f6e,819f3cbead7723ff,7,4096,1,1e-05,-0.002803165917195128,0.0884372653621088,0.0884816797076512,91.8154770061048,0.08850204729823734,-49.99999999999449,2.2694949000142515,finite_RF_static_Bloch,runs\combined_factor_study\cases\819f3cbead7723ff,0.0
screen,original_flip160,1000,read,0,0.8,0,8,cab713f718364f6e,819f3cbead7723ff,8,4096,1,1e-05,-0.005101469506172685,0.06973234925676214,0.06991870653830394,94.18418260790007,0.070178420218754,150.00000000001123,2.269528100034222,finite_RF_static_Bloch,runs\combined_factor_study\cases\819f3cbead7723ff,0.0
screen,irregular_seeded,1000,read,0,1,0,8,cafe026e8faba8c8,82fa26b27f49b7d1,1,4096,1,1e-05,-0.0032448769234316712,0.2454870004702392,0.2455084451217991,90.75729845474417,0.24605053744096478,100.00000000000287,0.7462546000024304,finite_RF_static_Bloch,runs\combined_factor_study\cases\82fa26b27f49b7d1,0.0
screen,irregular_seeded,1000,read,0,1,0,8,cafe026e8faba8c8,82fa26b27f49b7d1,2,4096,1,1e-05,0.010545507480041577,0.1765688702785997,0.17688350312980738,86.58209179869259,0.17709951903510038,-49.99999999999449,0.7463141999905929,finite_RF_static_Bloch,runs\combined_factor_study\cases\82fa26b27f49b7d1,0.0
screen,irregular_seeded,1000,read,0,1,0,8,cafe026e8faba8c8,82fa26b27f49b7d1,3,4096,1,1e-05,-0.002271169089160039,0.12467677654871599,0.12469746115943986,91.04361065413086,0.12533564096308766,100.00000000000287,0.7463458999991417,finite_RF_static_Bloch,runs\combined_factor_study\cases\82fa26b27f49b7d1,0.0
screen,irregular_seeded,1000,read,0,1,0,8,cafe026e8faba8c8,82fa26b27f49b7d1,4,4096,1,1e-05,0.007171905352880157,0.09887068705426613,0.09913046446463014,85.85113180335277,0.10018238877520821,-500.00000000000045,0.7463879999704659,finite_RF_static_Bloch,runs\combined_factor_study\cases\82fa26b27f49b7d1,0.0
screen,irregular_seeded,1000,read,0,1,0,8,cafe026e8faba8c8,82fa26b27f49b7d1,5,4096,1,1e-05,-0.004279671447327087,0.08495379089806762,0.0850615199467401,92.88392073423604,0.0853944851044015,100.00000000000287,0.7464179999660701,finite_RF_static_Bloch,runs\combined_factor_study\cases\82fa26b27f49b7d1,0.0
screen,irregular_seeded,1000,read,0,1,0,8,cafe026e8faba8c8,82fa26b27f49b7d1,6,4096,1,1e-05,-0.007912825753700153,0.060504338605495284,0.061019569004515654,97.45091936286802,0.06184340749125793,-500.00000000000045,0.7464470999548212,finite_RF_static_Bloch,runs\combined_factor_study\cases\82fa26b27f49b7d1,0.0
screen,irregular_seeded,1000,read,0,1,0,8,cafe026e8faba8c8,82fa26b27f49b7d1,7,4096,1,1e-05,0.0012498384497771112,0.04721471539695801,0.04723125497132471,88.48365603711683,0.04723125497132471,0.0,0.7464747000485659,finite_RF_static_Bloch,runs\combined_factor_study\cases\82fa26b27f49b7d1,0.0
screen,irregular_seeded,1000,read,0,1,0,8,cafe026e8faba8c8,82fa26b27f49b7d1,8,4096,1,1e-05,-0.0016368205097141916,0.03256849070651179,0.03260959626062804,92.87713873297814,0.03270770046437685,-150.00000000001123,0.746502700028941,finite_RF_static_Bloch,runs\combined_factor_study\cases\82fa26b27f49b7d1,0.0
screen,high_low_permutation_alternating,1000,read,90,1,0,8,0829a82ef8bc951b,83e0a7afd75f4454,1,4096,1,1e-05,0.2441691149836675,-0.0033245236253082477,0.2441917467263025,-0.7800716445389309,0.2442087075211705,50.000000000001435,0.7710601999424398,finite_RF_static_Bloch,runs\combined_factor_study\cases\83e0a7afd75f4454,90.0
screen,high_low_permutation_alternating,1000,read,90,1,0,8,0829a82ef8bc951b,83e0a7afd75f4454,2,4096,1,1e-05,-0.17173573565104486,-0.0005166693388223777,0.17173651285271643,-179.82762537399165,0.17176569821706344,-49.99999999999449,0.771114100003615,finite_RF_static_Bloch,runs\combined_factor_study\cases\83e0a7afd75f4454,90.0
screen,high_low_permutation_alternating,1000,read,90,1,0,8,0829a82ef8bc951b,83e0a7afd75f4454,3,4096,1,1e-05,0.11941997476457808,0.0026669423573418487,0.11944975075030441,1.2793433090834987,0.11944975075030441,0.0,0.7711402999702841,finite_RF_static_Bloch,runs\combined_factor_study\cases\83e0a7afd75f4454,90.0
screen,high_low_permutation_alternating,1000,read,90,1,0,8,0829a82ef8bc951b,83e0a7afd75f4454,4,4096,1,1e-05,-0.10804689545532611,1.98862279977563e-05,0.10804689728537435,179.9894546074921,0.10804689728537435,0.0,0.7711637000320479,finite_RF_static_Bloch,runs\combined_factor_study\cases\83e0a7afd75f4454,90.0
screen,high_low_permutation_alternating,1000,read,90,1,0,8,0829a82ef8bc951b,83e0a7afd75f4454,5,4096,1,1e-05,0.08643201860477119,-0.008316166696785589,0.08683117221726445,-5.495868563514585,0.08683117221726447,0.0,0.7711864999728277,finite_RF_static_Bloch,runs\combined_factor_study\cases\83e0a7afd75f4454,90.0
screen,high_low_permutation_alternating,1000,read,90,1,0,8,0829a82ef8bc951b,83e0a7afd75f4454,6,4096,1,1e-05,-0.0801901175758585,-0.0008250205188092667,0.08019436149559686,-179.4105442486423,0.08035003590625574,-99.99999999998899,0.7712094000307843,finite_RF_static_Bloch,runs\combined_factor_study\cases\83e0a7afd75f4454,90.0
screen,high_low_permutation_alternating,1000,read,90,1,0,8,0829a82ef8bc951b,83e0a7afd75f4454,7,4096,1,1e-05,0.06319796770912153,0.00041781555950766436,0.06319934882896291,0.37878938633117487,0.06433035806917183,-849.9999999999897,0.7712318999692798,finite_RF_static_Bloch,runs\combined_factor_study\cases\83e0a7afd75f4454,90.0
screen,high_low_permutation_alternating,1000,read,90,1,0,8,0829a82ef8bc951b,83e0a7afd75f4454,8,4096,1,1e-05,-0.053596054252995726,-0.00040592668509195845,0.05359759143808358,-179.5660605715239,0.05362501085762893,49.99999999999449,0.7712541000219062,finite_RF_static_Bloch,runs\combined_factor_study\cases\83e0a7afd75f4454,90.0
screen,original_flip_train,1000,read,90,0.8,0,8,e8bcc0add9d2a0a9,88ba52e6fefc8ef1,1,4096,1,1e-05,0.2697744019263688,-0.002610747172157214,0.2697870344096004,-0.5544637436942854,0.26982065473564965,50.000000000001435,1.8025545000564307,finite_RF_static_Bloch,runs\combined_factor_study\cases\88ba52e6fefc8ef1,90.0
screen,original_flip_train,1000,read,90,0.8,0,8,e8bcc0add9d2a0a9,88ba52e6fefc8ef1,2,4096,1,1e-05,-0.1954530042046774,0.002889814868663674,0.19547436630568416,179.15293124901947,0.19547436630568416,0.0,1.8026565000182018,finite_RF_static_Bloch,runs\combined_factor_study\cases\88ba52e6fefc8ef1,90.0
screen,original_flip_train,1000,read,90,0.8,0,8,e8bcc0add9d2a0a9,88ba52e6fefc8ef1,3,4096,1,1e-05,0.07730338917695093,0.0015241596037329475,0.07731841333563944,1.1295313193377723,0.07768738396718865,149.99999999999736,1.8026896000374109,finite_RF_static_Bloch,runs\combined_factor_study\cases\88ba52e6fefc8ef1,90.0
screen,original_flip_train,1000,read,90,0.8,0,8,e8bcc0add9d2a0a9,88ba52e6fefc8ef1,4,4096,1,1e-05,0.001067806815783871,0.0008270829764314672,0.0013506582268424624,37.76001558508102,0.007421729504680163,3150.0,1.8027212000451982,finite_RF_static_Bloch,runs\combined_factor_study\cases\88ba52e6fefc8ef1,90.0
screen,original_flip_train,1000,read,90,0.8,0,8,e8bcc0add9d2a0a9,88ba52e6fefc8ef1,5,4096,1,1e-05,-0.0710384580406047,0.001441713406202873,0.0710530861985064,178.83735152017104,0.07125108091629888,-100.00000000000287,1.8027552000712603,finite_RF_static_Bloch,runs\combined_factor_study\cases\88ba52e6fefc8ef1,90.0
screen,original_flip_train,1000,read,90,0.8,0,8,e8bcc0add9d2a0a9,88ba52e6fefc8ef1,6,4096,1,1e-05,0.038398583887337315,0.0009563600318683555,0.038410491653497955,1.426721041548872,0.038545842137434255,99.99999999998899,1.802790299989283,finite_RF_static_Bloch,runs\combined_factor_study\cases\88ba52e6fefc8ef1,90.0
screen,original_flip_train,1000,read,90,0.8,0,8,e8bcc0add9d2a0a9,88ba52e6fefc8ef1,7,4096,1,1e-05,-0.04094610291760291,0.0019228942969338324,0.04099122914253865,177.31127421759703,0.04159436095558602,-1450.0000000000068,1.8028194000944495,finite_RF_static_Bloch,runs\combined_factor_study\cases\88ba52e6fefc8ef1,90.0
screen,original_flip_train,1000,read,90,0.8,0,8,e8bcc0add9d2a0a9,88ba52e6fefc8ef1,8,4096,1,1e-05,0.007964329404312326,0.0013116839883405072,0.008071620515464215,9.35236349869646,0.008439830447378623,250.00000000000023,1.802875900059007,finite_RF_static_Bloch,runs\combined_factor_study\cases\88ba52e6fefc8ef1,90.0
screen,increasing_taper,1000,read,0,1,0,8,f8b71317e3805bcf,8c66a78fcfa39a5e,1,4096,1,1e-05,-0.0032448769234316712,0.2454870004702392,0.2455084451217991,90.75729845474417,0.24605053744096478,100.00000000000287,0.823763000080362,finite_RF_static_Bloch,runs\combined_factor_study\cases\8c66a78fcfa39a5e,0.0
screen,increasing_taper,1000,read,0,1,0,8,f8b71317e3805bcf,8c66a78fcfa39a5e,2,4096,1,1e-05,-0.0031780999121127037,0.17405165242871729,0.17408066530266472,91.046077278026,0.1741598770116041,-49.99999999999449,0.8238250000867993,finite_RF_static_Bloch,runs\combined_factor_study\cases\8c66a78fcfa39a5e,0.0
screen,increasing_taper,1000,read,0,1,0,8,f8b71317e3805bcf,8c66a78fcfa39a5e,3,4096,1,1e-05,-0.0021456658656145424,0.12698615040016692,0.1270042766030368,90.9680260426484,0.12713195660773827,49.99999999999449,0.8238744999980554,finite_RF_static_Bloch,runs\combined_factor_study\cases\8c66a78fcfa39a5e,0.0
screen,increasing_taper,1000,read,0,1,0,8,f8b71317e3805bcf,8c66a78fcfa39a5e,4,4096,1,1e-05,0.0016433902866803333,0.098325777043133,0.0983395096732247,89.04246308487774,0.0983395096732247,0.0,0.8239028000971302,finite_RF_static_Bloch,runs\combined_factor_study\cases\8c66a78fcfa39a5e,0.0
screen,increasing_taper,1000,read,0,1,0,8,f8b71317e3805bcf,8c66a78fcfa39a5e,5,4096,1,1e-05,-0.004457229188079739,0.0806743264620749,0.08079736284152168,93.16235728471503,0.08079736284152168,0.0,0.823927600053139,finite_RF_static_Bloch,runs\combined_factor_study\cases\8c66a78fcfa39a5e,0.0
screen,increasing_taper,1000,read,0,1,0,8,f8b71317e3805bcf,8c66a78fcfa39a5e,6,4096,1,1e-05,-0.00355683424943949,0.06335537581735251,0.06345513938867332,93.21326940311869,0.0636143341264823,-99.99999999998899,0.8239524000091478,finite_RF_static_Bloch,runs\combined_factor_study\cases\8c66a78fcfa39a5e,0.0
screen,increasing_taper,1000,read,0,1,0,8,f8b71317e3805bcf,8c66a78fcfa39a5e,7,4096,1,1e-05,-0.0034343243784449185,0.052810802448099145,0.052922352925286076,93.72074655191122,0.05318354970534661,150.00000000001123,0.8239785000914708,finite_RF_static_Bloch,runs\combined_factor_study\cases\8c66a78fcfa39a5e,0.0
screen,increasing_taper,1000,read,0,1,0,8,f8b71317e3805bcf,8c66a78fcfa39a5e,8,4096,1,1e-05,-0.003319947119614155,0.04589711015677063,0.0460170269532895,94.13725907847879,0.0460170269532895,0.0,0.8240033000474796,finite_RF_static_Bloch,runs\combined_factor_study\cases\8c66a78fcfa39a5e,0.0
screen,increasing_rf90_exploratory,1000,read,0,1,0,8,1ef7cd6ed013bce1,8f43ee1d9151fd58,1,4096,1,1e-05,-0.0032448769234316712,0.2454870004702392,0.2455084451217991,90.75729845474417,0.24605053744096478,100.00000000000287,0.7644858999410644,finite_RF_static_Bloch,runs\combined_factor_study\cases\8f43ee1d9151fd58,0.0
screen,increasing_rf90_exploratory,1000,read,0,1,0,8,1ef7cd6ed013bce1,8f43ee1d9151fd58,2,4096,1,1e-05,-0.005325068310178628,-0.1782757045099388,0.17835521627085393,-91.71090755447264,0.17842571154674428,-49.99999999999449,0.7645617999369279,finite_RF_static_Bloch,runs\combined_factor_study\cases\8f43ee1d9151fd58,0.0
screen,increasing_rf90_exploratory,1000,read,0,1,0,8,1ef7cd6ed013bce1,8f43ee1d9151fd58,3,4096,1,1e-05,0.004759491233819227,-0.1258361746846377,0.12592615143832298,-87.83393897650832,0.12608692024189527,49.99999999999449,0.7646526999305934,finite_RF_static_Bloch,runs\combined_factor_study\cases\8f43ee1d9151fd58,0.0
screen,increasing_rf90_exploratory,1000,read,0,1,0,8,1ef7cd6ed013bce1,8f43ee1d9151fd58,4,4096,1,1e-05,0.0029069349673781063,0.098224830492148,0.0982678360203163,88.30484304144213,0.09832091798717019,-49.99999999999449,0.7647015999536961,finite_RF_static_Bloch,runs\combined_factor_study\cases\8f43ee1d9151fd58,0.0
screen,increasing_rf90_exploratory,1000,read,0,1,0,8,1ef7cd6ed013bce1,8f43ee1d9151fd58,5,4096,1,1e-05,-0.008803704747720357,0.08935038340789685,0.08978305091955387,95.62719745528052,0.08988269299661654,49.99999999999449,0.7647298999363557,finite_RF_static_Bloch,runs\combined_factor_study\cases\8f43ee1d9151fd58,0.0
screen,increasing_rf90_exploratory,1000,read,0,1,0,8,1ef7cd6ed013bce1,8f43ee1d9151fd58,6,4096,1,1e-05,-0.004572716823670488,-0.07936833602610574,0.07949995284717037,-93.29738629173148,0.07958225845608545,-49.99999999999449,0.7647547000087798,finite_RF_static_Bloch,runs\combined_factor_study\cases\8f43ee1d9151fd58,0.0
screen,increasing_rf90_exploratory,1000,read,0,1,0,8,1ef7cd6ed013bce1,8f43ee1d9151fd58,7,4096,1,1e-05,0.0014766902171055812,-0.06498729083128893,0.06500406590043291,-88.6983061027041,0.06500406590043292,0.0,0.7647875000257045,finite_RF_static_Bloch,runs\combined_factor_study\cases\8f43ee1d9151fd58,0.0
screen,increasing_rf90_exploratory,1000,read,0,1,0,8,1ef7cd6ed013bce1,8f43ee1d9151fd58,8,4096,1,1e-05,-0.0016620952488024395,0.04753683972387035,0.047565887898251516,92.00249459239441,0.047565887898251516,0.0,0.7648194999201223,finite_RF_static_Bloch,runs\combined_factor_study\cases\8f43ee1d9151fd58,0.0
screen,alternating,1000,read,90,1,0,8,3f914b953c79abcd,8f45c19d85c9669e,1,4096,1,1e-05,0.2441691149836675,-0.0033245236253082477,0.2441917467263025,-0.7800716445389309,0.2442087075211705,50.000000000001435,0.7330003000097349,finite_RF_static_Bloch,runs\combined_factor_study\cases\8f45c19d85c9669e,90.0
screen,alternating,1000,read,90,1,0,8,3f914b953c79abcd,8f45c19d85c9669e,2,4096,1,1e-05,-0.17173573565104486,-0.0005166693388223777,0.17173651285271643,-179.82762537399165,0.17176569821706344,-49.99999999999449,0.7330508000450209,finite_RF_static_Bloch,runs\combined_factor_study\cases\8f45c19d85c9669e,90.0
screen,alternating,1000,read,90,1,0,8,3f914b953c79abcd,8f45c19d85c9669e,3,4096,1,1e-05,0.11874273443313202,0.0016321211238582694,0.11875395067121035,0.7874819804842328,0.11886580862665826,49.99999999999449,0.7330758000025526,finite_RF_static_Bloch,runs\combined_factor_study\cases\8f45c19d85c9669e,90.0
screen,alternating,1000,read,90,1,0,8,3f914b953c79abcd,8f45c19d85c9669e,4,4096,1,1e-05,-0.08954038028266398,0.0013666145179539637,0.0895508086864924,179.12558820132026,0.08964722197482718,-49.99999999999449,0.7330998000688851,finite_RF_static_Bloch,runs\combined_factor_study\cases\8f45c19d85c9669e,90.0
screen,alternating,1000,read,90,1,0,8,3f914b953c79abcd,8f45c19d85c9669e,5,4096,1,1e-05,0.07171449426382136,-0.0014491615455658974,0.07172913464346836,-1.157639644074248,0.07177527695603679,-399.99999999999756,0.7331220000050962,finite_RF_static_Bloch,runs\combined_factor_study\cases\8f45c19d85c9669e,90.0
screen,alternating,1000,read,90,1,0,8,3f914b953c79abcd,8f45c19d85c9669e,6,4096,1,1e-05,-0.047488612370556835,0.0028985978083905465,0.04757699206692044,176.50712821249667,0.048012511997752076,-400.0000000000115,0.7331439000554383,finite_RF_static_Bloch,runs\combined_factor_study\cases\8f45c19d85c9669e,90.0
screen,alternating,1000,read,90,1,0,8,3f914b953c79abcd,8f45c19d85c9669e,7,4096,1,1e-05,0.039173334660739564,-0.0020377240063847485,0.03922629816294798,-2.977736009379863,0.039245711634882545,49.99999999999449,0.7331650999840349,finite_RF_static_Bloch,runs\combined_factor_study\cases\8f45c19d85c9669e,90.0
screen,alternating,1000,read,90,1,0,8,3f914b953c79abcd,8f45c19d85c9669e,8,4096,1,1e-05,-0.030842744565963993,-0.0008857273632846679,0.03085545989486095,-178.35505897274925,0.030992653349974066,-450.00000000000597,0.7331860000267625,finite_RF_static_Bloch,runs\combined_factor_study\cases\8f45c19d85c9669e,90.0
screen,inc_alt_rf90_exploratory,1000,read,0,0.8,0,8,c839d25ea6f836d7,91313fcefdf61cb4,1,4096,1,1e-05,-0.004991579147107938,0.2738999308650644,0.2739454106026763,91.04404832138634,0.27420228076127723,50.000000000001435,1.6696504999417812,finite_RF_static_Bloch,runs\combined_factor_study\cases\91313fcefdf61cb4,0.0
screen,inc_alt_rf90_exploratory,1000,read,0,0.8,0,8,c839d25ea6f836d7,91313fcefdf61cb4,2,4096,1,1e-05,-0.0019748357198843217,-0.20334985708970732,0.20335944618956092,-90.55641148027247,0.20337429382154312,-49.99999999999449,1.6697130999527872,finite_RF_static_Bloch,runs\combined_factor_study\cases\91313fcefdf61cb4,0.0
screen,inc_alt_rf90_exploratory,1000,read,0,0.8,0,8,c839d25ea6f836d7,91313fcefdf61cb4,3,4096,1,1e-05,-0.005507503721924657,-0.14190890873307732,0.14201574199735703,-92.22254142793086,0.14201574199735706,0.0,1.6697402000427246,finite_RF_static_Bloch,runs\combined_factor_study\cases\91313fcefdf61cb4,0.0
screen,inc_alt_rf90_exploratory,1000,read,0,0.8,0,8,c839d25ea6f836d7,91313fcefdf61cb4,4,4096,1,1e-05,-0.002432729214952304,0.1033427735656316,0.10337140329738534,91.34851595047218,0.10338943266492015,-49.99999999999449,1.669764699996449,finite_RF_static_Bloch,runs\combined_factor_study\cases\91313fcefdf61cb4,0.0
screen,inc_alt_rf90_exploratory,1000,read,0,0.8,0,8,c839d25ea6f836d7,91313fcefdf61cb4,5,4096,1,1e-05,-0.0003715899573042071,0.06897960872734803,0.0689806095890316,90.3086467249393,0.0689806095890316,0.0,1.669788199942559,finite_RF_static_Bloch,runs\combined_factor_study\cases\91313fcefdf61cb4,0.0
screen,inc_alt_rf90_exploratory,1000,read,0,0.8,0,8,c839d25ea6f836d7,91313fcefdf61cb4,6,4096,1,1e-05,0.0033792463235150253,-0.05854674378864402,0.058644185679128644,-86.69662290150386,0.05903346929353184,-150.00000000001123,1.6698109999997541,finite_RF_static_Bloch,runs\combined_factor_study\cases\91313fcefdf61cb4,0.0
screen,inc_alt_rf90_exploratory,1000,read,0,0.8,0,8,c839d25ea6f836d7,91313fcefdf61cb4,7,4096,1,1e-05,-0.0033371321365933838,-0.04099568521864516,0.04113128562837935,-94.65373206241125,0.04128813419530884,99.99999999998899,1.6698360999580473,finite_RF_static_Bloch,runs\combined_factor_study\cases\91313fcefdf61cb4,0.0
screen,inc_alt_rf90_exploratory,1000,read,0,0.8,0,8,c839d25ea6f836d7,91313fcefdf61cb4,8,4096,1,1e-05,-0.005440657376531141,0.03145447211031709,0.03192153768895725,99.81331238383385,0.03210083361679387,150.00000000001123,1.6698714999947697,finite_RF_static_Bloch,runs\combined_factor_study\cases\91313fcefdf61cb4,0.0
screen,increasing_centering_rf180,1000,read,90,0.8,0,8,1b5c4a6ebf16969e,9881d2452ea2b6f9,1,4096,1,1e-05,0.28710010648972295,-0.0027558501448304547,0.28711333277371676,-0.5499605518006698,0.2873763453224863,-50.000000000001435,1.721904999925755,finite_RF_static_Bloch,runs\combined_factor_study\cases\9881d2452ea2b6f9,90.0
screen,increasing_centering_rf180,1000,read,90,0.8,0,8,1b5c4a6ebf16969e,9881d2452ea2b6f9,2,4096,1,1e-05,-0.19897497797065872,0.00245062017683881,0.19899006859055868,179.29436808676286,0.1990625339502759,-50.00000000000837,1.7219545999541879,finite_RF_static_Bloch,runs\combined_factor_study\cases\9881d2452ea2b6f9,90.0
screen,increasing_centering_rf180,1000,read,90,0.8,0,8,1b5c4a6ebf16969e,9881d2452ea2b6f9,3,4096,1,1e-05,0.15481761438994407,-0.00036913222673791825,0.15481805445100463,-0.13661028610847026,0.15481805445100466,0.0,1.7219804999185726,finite_RF_static_Bloch,runs\combined_factor_study\cases\9881d2452ea2b6f9,90.0
screen,increasing_centering_rf180,1000,read,90,0.8,0,8,1b5c4a6ebf16969e,9881d2452ea2b6f9,4,4096,1,1e-05,-0.12241510007885457,0.009247505762276509,0.12276389163813323,175.67995601734216,0.12319415672120623,-100.00000000000287,1.7220045999856666,finite_RF_static_Bloch,runs\combined_factor_study\cases\9881d2452ea2b6f9,90.0
screen,increasing_centering_rf180,1000,read,90,0.8,0,8,1b5c4a6ebf16969e,9881d2452ea2b6f9,5,4096,1,1e-05,0.11206975979603165,-0.00046314755596146015,0.11207071681040871,-0.2367833144882789,0.1120707168104087,0.0,1.7220276999287307,finite_RF_static_Bloch,runs\combined_factor_study\cases\9881d2452ea2b6f9,90.0
screen,increasing_centering_rf180,1000,read,90,0.8,0,8,1b5c4a6ebf16969e,9881d2452ea2b6f9,6,4096,1,1e-05,-0.08322677890143387,0.00394076249576554,0.08332002361591234,177.2890871246934,0.08339999596031984,-99.99999999998899,1.722050299984403,finite_RF_static_Bloch,runs\combined_factor_study\cases\9881d2452ea2b6f9,90.0
screen,increasing_centering_rf180,1000,read,90,0.8,0,8,1b5c4a6ebf16969e,9881d2452ea2b6f9,7,4096,1,1e-05,0.06766724961466983,-0.003116661679733672,0.06773898619288567,-2.637102115130936,0.06781193207273474,-49.99999999999449,1.72207359992899,finite_RF_static_Bloch,runs\combined_factor_study\cases\9881d2452ea2b6f9,90.0
screen,increasing_centering_rf180,1000,read,90,0.8,0,8,1b5c4a6ebf16969e,9881d2452ea2b6f9,8,4096,1,1e-05,-0.05471695951039268,-0.0023175677141572815,0.05476601846192269,-177.5746545669903,0.055113164990548705,-400.0000000000115,1.7220961999846622,finite_RF_static_Bloch,runs\combined_factor_study\cases\9881d2452ea2b6f9,90.0
screen,increasing_alternating,1000,read,90,0.8,0,8,50d3353c9290bdcb,9a3b381a44aabfcb,1,4096,1,1e-05,0.2697744019263688,-0.002610747172157214,0.2697870344096004,-0.5544637436942854,0.26982065473564965,50.000000000001435,1.72458630008623,finite_RF_static_Bloch,runs\combined_factor_study\cases\9a3b381a44aabfcb,90.0
screen,increasing_alternating,1000,read,90,0.8,0,8,50d3353c9290bdcb,9a3b381a44aabfcb,2,4096,1,1e-05,-0.20316522902668932,-0.0006816671465289187,0.20316637260030457,-179.80775989988297,0.20329151834545742,-49.99999999999449,1.7246840000152588,finite_RF_static_Bloch,runs\combined_factor_study\cases\9a3b381a44aabfcb,90.0
screen,increasing_alternating,1000,read,90,0.8,0,8,50d3353c9290bdcb,9a3b381a44aabfcb,3,4096,1,1e-05,0.13677297558986407,-0.002252235745517795,0.13679151807608153,-0.9434023071202619,0.13711952795249782,100.00000000000287,1.72472070006188,finite_RF_static_Bloch,runs\combined_factor_study\cases\9a3b381a44aabfcb,90.0
screen,increasing_alternating,1000,read,90,0.8,0,8,50d3353c9290bdcb,9a3b381a44aabfcb,4,4096,1,1e-05,-0.1147215844401633,-0.0010385885495347523,0.11472628557848782,-179.48130846340337,0.11480621292378342,-49.99999999999449,1.7247532000765204,finite_RF_static_Bloch,runs\combined_factor_study\cases\9a3b381a44aabfcb,90.0
screen,increasing_alternating,1000,read,90,0.8,0,8,50d3353c9290bdcb,9a3b381a44aabfcb,5,4096,1,1e-05,0.08078364313465608,-0.0023662709338884242,0.08081829147068151,-1.6777973576470313,0.08108113432168897,149.99999999999736,1.7247913000173867,finite_RF_static_Bloch,runs\combined_factor_study\cases\9a3b381a44aabfcb,90.0
screen,increasing_alternating,1000,read,90,0.8,0,8,50d3353c9290bdcb,9a3b381a44aabfcb,6,4096,1,1e-05,-0.06815882983726791,-0.0017573245775421862,0.06818148043608672,-178.52308233623174,0.06867547561585495,-849.9999999999897,1.7248225000221282,finite_RF_static_Bloch,runs\combined_factor_study\cases\9a3b381a44aabfcb,90.0
screen,increasing_alternating,1000,read,90,0.8,0,8,50d3353c9290bdcb,9a3b381a44aabfcb,7,4096,1,1e-05,0.04781866658383485,-0.0019060277903284622,0.04785663815808073,-2.2825723809452345,0.047909724961365335,49.99999999999449,1.7248554000398144,finite_RF_static_Bloch,runs\combined_factor_study\cases\9a3b381a44aabfcb,90.0
screen,increasing_alternating,1000,read,90,0.8,0,8,50d3353c9290bdcb,9a3b381a44aabfcb,8,4096,1,1e-05,-0.04302549413087112,-0.0010161676456854642,0.043037492281611425,-178.64705108613765,0.043584117868779707,-299.9999999999947,1.7248856000369415,finite_RF_static_Bloch,runs\combined_factor_study\cases\9a3b381a44aabfcb,90.0
screen,quadratic,1000,read,0,1,0,8,63df1e5ea8c19f01,9c440a3b90b4edb5,1,4096,1,1e-05,-0.0032448769234316712,0.2454870004702392,0.2455084451217991,90.75729845474417,0.24605053744096478,100.00000000000287,0.7467364999465644,finite_RF_static_Bloch,runs\combined_factor_study\cases\9c440a3b90b4edb5,0.0
screen,quadratic,1000,read,0,1,0,8,63df1e5ea8c19f01,9c440a3b90b4edb5,2,4096,1,1e-05,-0.0031780999121127037,0.17405165242871729,0.17408066530266472,91.046077278026,0.1741598770116041,-49.99999999999449,0.7467862999765202,finite_RF_static_Bloch,runs\combined_factor_study\cases\9c440a3b90b4edb5,0.0
screen,quadratic,1000,read,0,1,0,8,63df1e5ea8c19f01,9c440a3b90b4edb5,3,4096,1,1e-05,0.005175608407462433,0.15307943396756224,0.15316690251557824,88.06357003801585,0.1534070172078331,100.00000000000287,0.7468119999393821,finite_RF_static_Bloch,runs\combined_factor_study\cases\9c440a3b90b4edb5,0.0
screen,quadratic,1000,read,0,1,0,8,63df1e5ea8c19f01,9c440a3b90b4edb5,4,4096,1,1e-05,0.0006172695868738244,0.10847875410820179,0.10848051029844295,89.67397707749237,0.10861896628405128,-49.99999999999449,0.7468359000049531,finite_RF_static_Bloch,runs\combined_factor_study\cases\9c440a3b90b4edb5,0.0
screen,quadratic,1000,read,0,1,0,8,63df1e5ea8c19f01,9c440a3b90b4edb5,5,4096,1,1e-05,-0.013721125623135759,0.06904330138015041,0.07039351357785853,101.24006847493138,0.07064570706526727,100.00000000000287,0.7468587999464944,finite_RF_static_Bloch,runs\combined_factor_study\cases\9c440a3b90b4edb5,0.0
screen,quadratic,1000,read,0,1,0,8,63df1e5ea8c19f01,9c440a3b90b4edb5,6,4096,1,1e-05,0.0004133191277958482,0.05083287836942555,0.05083455867834611,89.53414167134241,0.05083455867834612,0.0,0.7468809999991208,finite_RF_static_Bloch,runs\combined_factor_study\cases\9c440a3b90b4edb5,0.0
screen,quadratic,1000,read,0,1,0,8,63df1e5ea8c19f01,9c440a3b90b4edb5,7,4096,1,1e-05,-0.0019327250420288647,0.04142371849384857,0.041468781992550705,92.67133761974495,0.04157783055640248,99.99999999998899,0.7469031999353319,finite_RF_static_Bloch,runs\combined_factor_study\cases\9c440a3b90b4edb5,0.0
screen,quadratic,1000,read,0,1,0,8,63df1e5ea8c19f01,9c440a3b90b4edb5,8,4096,1,1e-05,-0.0005446598365901681,0.0353144000043636,0.03531859994402086,90.88361223280441,0.03534004063936412,-49.99999999999449,0.7469430000055581,finite_RF_static_Bloch,runs\combined_factor_study\cases\9c440a3b90b4edb5,0.0
screen,inc_alt_rf180,1000,read,0,0.8,0,8,922bb1655a93fd09,9c638ec4391ddb36,1,4096,1,1e-05,-0.004991579147107938,0.2738999308650644,0.2739454106026763,91.04404832138634,0.27420228076127723,50.000000000001435,1.6923545999452472,finite_RF_static_Bloch,runs\combined_factor_study\cases\9c638ec4391ddb36,0.0
screen,inc_alt_rf180,1000,read,0,0.8,0,8,922bb1655a93fd09,9c638ec4391ddb36,2,4096,1,1e-05,0.002893717218359496,0.20185177788652914,0.20187251877185394,89.17867244577182,0.2019955991569409,-49.99999999999449,1.6924069999950007,finite_RF_static_Bloch,runs\combined_factor_study\cases\9c638ec4391ddb36,0.0
screen,inc_alt_rf180,1000,read,0,0.8,0,8,922bb1655a93fd09,9c638ec4391ddb36,3,4096,1,1e-05,-0.0012856735313019063,0.13811608981671403,0.13812207362578838,90.53333061854252,0.13827068722775712,49.99999999999449,1.6924329999601468,finite_RF_static_Bloch,runs\combined_factor_study\cases\9c638ec4391ddb36,0.0
screen,inc_alt_rf180,1000,read,0,0.8,0,8,922bb1655a93fd09,9c638ec4391ddb36,4,4096,1,1e-05,0.0026470145014086737,0.11107926423910389,0.11111079888863787,88.63490218481905,0.11111079888863787,0.0,1.692456299904734,finite_RF_static_Bloch,runs\combined_factor_study\cases\9c638ec4391ddb36,0.0
screen,inc_alt_rf180,1000,read,0,0.8,0,8,922bb1655a93fd09,9c638ec4391ddb36,5,4096,1,1e-05,-0.002235488241875662,0.08388713751740648,0.0839169187264632,91.52650022650175,0.08402811962846642,49.99999999999449,1.6924789999611676,finite_RF_static_Bloch,runs\combined_factor_study\cases\9c638ec4391ddb36,0.0
screen,inc_alt_rf180,1000,read,0,0.8,0,8,922bb1655a93fd09,9c638ec4391ddb36,6,4096,1,1e-05,0.001345233553170509,0.06565044361586371,0.06566422466055832,88.82612491142133,0.06566422466055832,0.0,1.6925009998958558,finite_RF_static_Bloch,runs\combined_factor_study\cases\9c638ec4391ddb36,0.0
screen,inc_alt_rf180,1000,read,0,0.8,0,8,922bb1655a93fd09,9c638ec4391ddb36,7,4096,1,1e-05,-0.001876066982185875,0.049589833219154555,0.04962530791869419,92.16656269311721,0.05041536714437055,-900.0000000000119,1.6925230999477208,finite_RF_static_Bloch,runs\combined_factor_study\cases\9c638ec4391ddb36,0.0
screen,inc_alt_rf180,1000,read,0,0.8,0,8,922bb1655a93fd09,9c638ec4391ddb36,8,4096,1,1e-05,-0.0020743989410297228,0.040276780167248324,0.04033016428936775,92.94833348203164,0.0404735508900338,-99.99999999998899,1.6925449999980628,finite_RF_static_Bloch,runs\combined_factor_study\cases\9c638ec4391ddb36,0.0
screen,original,1000,read,0,1,0,8,e6d32fbe35ea3179,9c6759c8b87cbd84,1,4096,1,1e-05,-0.0032448769234316712,0.2454870004702392,0.2455084451217991,90.75729845474417,0.24605053744096478,100.00000000000287,0.772670799982734,finite_RF_static_Bloch,runs\combined_factor_study\cases\9c6759c8b87cbd84,0.0
screen,original,1000,read,0,1,0,8,e6d32fbe35ea3179,9c6759c8b87cbd84,2,4096,1,1e-05,-0.0031780999121127037,0.17405165242871729,0.17408066530266472,91.046077278026,0.1741598770116041,-49.99999999999449,0.7727211000164971,finite_RF_static_Bloch,runs\combined_factor_study\cases\9c6759c8b87cbd84,0.0
screen,original,1000,read,0,1,0,8,e6d32fbe35ea3179,9c6759c8b87cbd84,3,4096,1,1e-05,0.0012929808305973509,0.16069308973961655,0.16069829149525128,89.53899233621785,0.16079498151500415,49.99999999999449,0.772746599977836,finite_RF_static_Bloch,runs\combined_factor_study\cases\9c6759c8b87cbd84,0.0
screen,original,1000,read,0,1,0,8,e6d32fbe35ea3179,9c6759c8b87cbd84,4,4096,1,1e-05,0.004887420181354245,0.12923494069036945,0.12932732414796347,87.83421447576997,0.12932732414796347,0.0,0.7727708999300376,finite_RF_static_Bloch,runs\combined_factor_study\cases\9c6759c8b87cbd84,0.0
screen,original,1000,read,0,1,0,8,e6d32fbe35ea3179,9c6759c8b87cbd84,5,4096,1,1e-05,0.005770167366950598,0.11154442692401048,0.11169357192447797,87.03874212672415,0.11169357192447799,0.0,0.7727954000001773,finite_RF_static_Bloch,runs\combined_factor_study\cases\9c6759c8b87cbd84,0.0
screen,original,1000,read,0,1,0,8,e6d32fbe35ea3179,9c6759c8b87cbd84,6,4096,1,1e-05,0.007266492132741192,0.09019847592776303,0.09049070100074613,85.39413361809036,0.09054285919525176,-49.99999999999449,0.7728187999455258,finite_RF_static_Bloch,runs\combined_factor_study\cases\9c6759c8b87cbd84,0.0
screen,original,1000,read,0,1,0,8,e6d32fbe35ea3179,9c6759c8b87cbd84,7,4096,1,1e-05,-0.0031371731978516474,0.07878570465202546,0.07884813956707859,92.28025979145978,0.07892691888720929,49.99999999999449,0.7728413000004366,finite_RF_static_Bloch,runs\combined_factor_study\cases\9c6759c8b87cbd84,0.0
screen,original,1000,read,0,1,0,8,e6d32fbe35ea3179,9c6759c8b87cbd84,8,4096,1,1e-05,0.005649352500825831,0.062453919533980815,0.06270890884743201,84.83130066404178,0.06270890884743202,0.0,0.7728635999374092,finite_RF_static_Bloch,runs\combined_factor_study\cases\9c6759c8b87cbd84,0.0
screen,original_duration500,1000,read,90,0.8,0,8,812ca3ee83497824,9fae4ce40dd6cfc3,1,4096,1,1e-05,0.2697744019263688,-0.002610747172157214,0.2697870344096004,-0.5544637436942854,0.26982065473564965,50.000000000001435,2.119630999979563,finite_RF_static_Bloch,runs\combined_factor_study\cases\9fae4ce40dd6cfc3,90.0
screen,original_duration500,1000,read,90,0.8,0,8,812ca3ee83497824,9fae4ce40dd6cfc3,2,4096,1,1e-05,-0.19943388237458695,0.00276575709343422,0.19945305926783993,179.20547076041902,0.19945305926783993,0.0,2.119681700016372,finite_RF_static_Bloch,runs\combined_factor_study\cases\9fae4ce40dd6cfc3,90.0
screen,original_duration500,1000,read,90,0.8,0,8,812ca3ee83497824,9fae4ce40dd6cfc3,3,4096,1,1e-05,0.10258295339269703,0.002355049984577148,0.10260998288274932,1.3151378671367033,0.10276794563391946,100.00000000000287,2.119709699996747,finite_RF_static_Bloch,runs\combined_factor_study\cases\9fae4ce40dd6cfc3,90.0
screen,original_duration500,1000,read,90,0.8,0,8,812ca3ee83497824,9fae4ce40dd6cfc3,4,4096,1,1e-05,-0.044995039321218844,-0.0005978862823077318,0.04499901145052635,-179.23870841848463,0.04500629585377482,49.99999999999449,2.1197344000684097,finite_RF_static_Bloch,runs\combined_factor_study\cases\9fae4ce40dd6cfc3,90.0
screen,original_duration500,1000,read,90,0.8,0,8,812ca3ee83497824,9fae4ce40dd6cfc3,5,4096,1,1e-05,-0.0030791111166209237,0.004599300828207836,0.005534843572934274,123.80126946587853,0.007012187750196618,1799.9999999999961,2.1197588000213727,finite_RF_static_Bloch,runs\combined_factor_study\cases\9fae4ce40dd6cfc3,90.0
screen,original_duration500,1000,read,90,0.8,0,8,812ca3ee83497824,9fae4ce40dd6cfc3,6,4096,1,1e-05,0.019845557895551397,0.0017037727034097578,0.019918559426087182,4.906901952508805,0.02106189701030402,-849.9999999999897,2.119782500085421,finite_RF_static_Bloch,runs\combined_factor_study\cases\9fae4ce40dd6cfc3,90.0
screen,original_duration500,1000,read,90,0.8,0,8,812ca3ee83497824,9fae4ce40dd6cfc3,7,4096,1,1e-05,-0.041320255272818684,0.0019735214353389084,0.04136735769500685,177.26553998571924,0.04136735769500685,0.0,2.119806000031531,finite_RF_static_Bloch,runs\combined_factor_study\cases\9fae4ce40dd6cfc3,90.0
screen,original_duration500,1000,read,90,0.8,0,8,812ca3ee83497824,9fae4ce40dd6cfc3,8,4096,1,1e-05,0.041755284117810626,0.0016529922079444852,0.0417879903201699,2.2670196113272985,0.0417879903201699,0.0,2.119829499977641,finite_RF_static_Bloch,runs\combined_factor_study\cases\9fae4ce40dd6cfc3,90.0
screen,increasing,1000,read,0,0.8,0,8,eb3c42029469cda6,a3279c718ac449b6,1,4096,1,1e-05,-0.004991579147107938,0.2738999308650644,0.2739454106026763,91.04404832138634,0.27420228076127723,50.000000000001435,1.9561201999895275,finite_RF_static_Bloch,runs\combined_factor_study\cases\a3279c718ac449b6,0.0
screen,increasing,1000,read,0,0.8,0,8,eb3c42029469cda6,a3279c718ac449b6,2,4096,1,1e-05,0.006792072383082392,0.20300274302849206,0.20311633593669665,88.08371078789177,0.20324231206180873,-49.99999999999449,1.9561964999884367,finite_RF_static_Bloch,runs\combined_factor_study\cases\a3279c718ac449b6,0.0
screen,increasing,1000,read,0,0.8,0,8,eb3c42029469cda6,a3279c718ac449b6,3,4096,1,1e-05,-0.007988558417241436,0.15586580255459642,0.15607038627354683,92.93400172268608,0.15619896258205182,49.99999999999449,1.9562248000875115,finite_RF_static_Bloch,runs\combined_factor_study\cases\a3279c718ac449b6,0.0
screen,increasing,1000,read,0,0.8,0,8,eb3c42029469cda6,a3279c718ac449b6,4,4096,1,1e-05,-0.0017604884592195558,0.12436762238251653,0.1243800820738404,90.8109974297701,0.12438008207384041,0.0,1.9562489000381902,finite_RF_static_Bloch,runs\combined_factor_study\cases\a3279c718ac449b6,0.0
screen,increasing,1000,read,0,0.8,0,8,eb3c42029469cda6,a3279c718ac449b6,5,4096,1,1e-05,-0.005400385183779284,0.10336088442421298,0.1035018675632894,92.99086241200132,0.10350186756328938,0.0,1.956272799987346,finite_RF_static_Bloch,runs\combined_factor_study\cases\a3279c718ac449b6,0.0
screen,increasing,1000,read,0,0.8,0,8,eb3c42029469cda6,a3279c718ac449b6,6,4096,1,1e-05,0.006969094945461627,0.08101194176927629,0.08131114925757396,85.08320529158883,0.08134350852004027,-49.99999999999449,1.9563020000932738,finite_RF_static_Bloch,runs\combined_factor_study\cases\a3279c718ac449b6,0.0
screen,increasing,1000,read,0,0.8,0,8,eb3c42029469cda6,a3279c718ac449b6,7,4096,1,1e-05,-0.008467495727526163,0.06787360766620087,0.06839974489368389,97.11113109126761,0.06839974489368389,0.0,1.956336100003682,finite_RF_static_Bloch,runs\combined_factor_study\cases\a3279c718ac449b6,0.0
screen,increasing,1000,read,0,0.8,0,8,eb3c42029469cda6,a3279c718ac449b6,8,4096,1,1e-05,-0.00089304442937508,0.058632390602143744,0.05863919129792968,90.8726186999115,0.05863919129792969,0.0,1.9563688000198454,finite_RF_static_Bloch,runs\combined_factor_study\cases\a3279c718ac449b6,0.0
screen,original_flip_train,1000,read,0,1,0,8,1a462b744aaf5bfa,a32f0e6c88a05b55,1,4096,1,1e-05,-0.0032448769234316712,0.2454870004702392,0.2455084451217991,90.75729845474417,0.24605053744096478,100.00000000000287,0.843505600001663,finite_RF_static_Bloch,runs\combined_factor_study\cases\a32f0e6c88a05b55,0.0
screen,original_flip_train,1000,read,0,1,0,8,1a462b744aaf5bfa,a32f0e6c88a05b55,2,4096,1,1e-05,-0.002071698435053538,0.18152215724090634,0.18153397892350107,90.6538839402793,0.18163451146059834,-49.99999999999449,0.843559000059031,finite_RF_static_Bloch,runs\combined_factor_study\cases\a32f0e6c88a05b55,0.0
screen,original_flip_train,1000,read,0,1,0,8,1a462b744aaf5bfa,a32f0e6c88a05b55,3,4096,1,1e-05,0.00503548100325263,0.16501261804026898,0.16508943085927041,88.25211970024077,0.16515296269926144,49.99999999999449,0.8435854000272229,finite_RF_static_Bloch,runs\combined_factor_study\cases\a32f0e6c88a05b55,0.0
screen,original_flip_train,1000,read,0,1,0,8,1a462b744aaf5bfa,a32f0e6c88a05b55,4,4096,1,1e-05,0.00750796080718791,0.13223786075738417,0.13245082594371238,86.75045309236613,0.13245082594371238,0.0,0.8436088000889868,finite_RF_static_Bloch,runs\combined_factor_study\cases\a32f0e6c88a05b55,0.0
screen,original_flip_train,1000,read,0,1,0,8,1a462b744aaf5bfa,a32f0e6c88a05b55,5,4096,1,1e-05,0.011386282966657276,0.11252965615776192,0.11310424817300593,84.2222067804768,0.11326038522318642,49.99999999999449,0.8436314000282437,finite_RF_static_Bloch,runs\combined_factor_study\cases\a32f0e6c88a05b55,0.0
screen,original_flip_train,1000,read,0,1,0,8,1a462b744aaf5bfa,a32f0e6c88a05b55,6,4096,1,1e-05,-0.0019552467354595872,0.09236259771512956,0.09238329094854426,91.21272743054607,0.09238329094854426,0.0,0.8436536000808701,finite_RF_static_Bloch,runs\combined_factor_study\cases\a32f0e6c88a05b55,0.0
screen,original_flip_train,1000,read,0,1,0,8,1a462b744aaf5bfa,a32f0e6c88a05b55,7,4096,1,1e-05,0.011116507219733996,0.07936318881482723,0.08013795899337789,82.02638143549578,0.08017142897683788,49.99999999999449,0.8436757000163198,finite_RF_static_Bloch,runs\combined_factor_study\cases\a32f0e6c88a05b55,0.0
screen,original_flip_train,1000,read,0,1,0,8,1a462b744aaf5bfa,a32f0e6c88a05b55,8,4096,1,1e-05,-0.004909586349006264,0.06063657590958949,0.06083500946131066,94.62899288714392,0.060876828183131504,49.99999999999449,0.8436975000659004,finite_RF_static_Bloch,runs\combined_factor_study\cases\a32f0e6c88a05b55,0.0
screen,original_duration500,1000,read,0,0.8,0,8,754ddbb95367babc,a56461264de3f590,1,4096,1,1e-05,-0.004991579147107938,0.2738999308650644,0.2739454106026763,91.04404832138634,0.27420228076127723,50.000000000001435,1.8582392999669537,finite_RF_static_Bloch,runs\combined_factor_study\cases\a56461264de3f590,0.0
screen,original_duration500,1000,read,0,0.8,0,8,754ddbb95367babc,a56461264de3f590,2,4096,1,1e-05,0.006785936032223695,0.20300827669245153,0.20312166140880294,88.08549293412794,0.20324770048671756,-49.99999999999449,1.8583257000427693,finite_RF_static_Bloch,runs\combined_factor_study\cases\a56461264de3f590,0.0
screen,original_duration500,1000,read,0,0.8,0,8,754ddbb95367babc,a56461264de3f590,3,4096,1,1e-05,-0.002889640607217431,0.18811681526719318,0.18813900767546896,90.88004461862124,0.18826046652139622,49.99999999999449,1.858363699982874,finite_RF_static_Bloch,runs\combined_factor_study\cases\a56461264de3f590,0.0
screen,original_duration500,1000,read,0,0.8,0,8,754ddbb95367babc,a56461264de3f590,4,4096,1,1e-05,0.0071263242433195016,0.14534727222243168,0.1455218679089936,87.19305640035276,0.1455521222976458,-49.99999999999449,1.858396099996753,finite_RF_static_Bloch,runs\combined_factor_study\cases\a56461264de3f590,0.0
screen,original_duration500,1000,read,0,0.8,0,8,754ddbb95367babc,a56461264de3f590,5,4096,1,1e-05,-0.0053395058405726285,0.13043956543512764,0.13054880525507098,92.34407744327856,0.13093519914685092,100.00000000000287,1.8584359000669792,finite_RF_static_Bloch,runs\combined_factor_study\cases\a56461264de3f590,0.0
screen,original_duration500,1000,read,0,0.8,0,8,754ddbb95367babc,a56461264de3f590,6,4096,1,1e-05,0.004378266203977682,0.10260569611266052,0.10269906567109816,87.55662601576331,0.10269906567109814,0.0,1.8584767000284046,finite_RF_static_Bloch,runs\combined_factor_study\cases\a56461264de3f590,0.0
screen,original_duration500,1000,read,0,0.8,0,8,754ddbb95367babc,a56461264de3f590,7,4096,1,1e-05,-0.004101926745448779,0.09202797031641426,0.0921193417452809,92.55213315420373,0.0921193417452809,0.0,1.8585197000065818,finite_RF_static_Bloch,runs\combined_factor_study\cases\a56461264de3f590,0.0
screen,original_duration500,1000,read,0,0.8,0,8,754ddbb95367babc,a56461264de3f590,8,4096,1,1e-05,0.008987062860385513,0.06981492280658362,0.0703909848300601,82.66482706304092,0.07057715019070006,99.99999999998899,1.8585599999642,finite_RF_static_Bloch,runs\combined_factor_study\cases\a56461264de3f590,0.0
screen,inc_alt_center_rf180,1000,read,90,0.8,0,8,025d91c3b9aa44cf,af48a9bed75b6e50,1,4096,1,1e-05,0.28710010648972295,-0.0027558501448304547,0.28711333277371676,-0.5499605518006698,0.2873763453224863,-50.000000000001435,2.0135554000735283,finite_RF_static_Bloch,runs\combined_factor_study\cases\af48a9bed75b6e50,90.0
screen,inc_alt_center_rf180,1000,read,90,0.8,0,8,025d91c3b9aa44cf,af48a9bed75b6e50,2,4096,1,1e-05,-0.20364652059023614,-0.00159002673283301,0.20365272778315688,-179.55265638874286,0.20390877952589484,-50.00000000000837,2.013609500019811,finite_RF_static_Bloch,runs\combined_factor_study\cases\af48a9bed75b6e50,90.0
screen,inc_alt_center_rf180,1000,read,90,0.8,0,8,025d91c3b9aa44cf,af48a9bed75b6e50,3,4096,1,1e-05,0.1449360201579829,-0.002590054785765315,0.14495916087998195,-1.023785624594694,0.14498817292838057,-49.99999999999449,2.0136359001044184,finite_RF_static_Bloch,runs\combined_factor_study\cases\af48a9bed75b6e50,90.0
screen,inc_alt_center_rf180,1000,read,90,0.8,0,8,025d91c3b9aa44cf,af48a9bed75b6e50,4,4096,1,1e-05,-0.11813418964996591,-0.0023828819293436206,0.11815821973330212,-178.84444489692262,0.11815821973330211,0.0,2.0136605000589043,finite_RF_static_Bloch,runs\combined_factor_study\cases\af48a9bed75b6e50,90.0
screen,inc_alt_center_rf180,1000,read,90,0.8,0,8,025d91c3b9aa44cf,af48a9bed75b6e50,5,4096,1,1e-05,0.09189348175935348,-0.006005809183035721,0.0920895310760114,-3.739316651045843,0.09244026238611795,-149.99999999999736,2.013683900004253,finite_RF_static_Bloch,runs\combined_factor_study\cases\af48a9bed75b6e50,90.0
screen,inc_alt_center_rf180,1000,read,90,0.8,0,8,025d91c3b9aa44cf,af48a9bed75b6e50,6,4096,1,1e-05,-0.07077167329005851,-0.0025524794259834884,0.07081768770226016,-177.9344428444223,0.0708899197390874,50.00000000002225,2.013706300058402,finite_RF_static_Bloch,runs\combined_factor_study\cases\af48a9bed75b6e50,90.0
screen,inc_alt_center_rf180,1000,read,90,0.8,0,8,025d91c3b9aa44cf,af48a9bed75b6e50,7,4096,1,1e-05,0.05323993697990753,-0.0030420209718971195,0.05332677358717652,-3.270207802685702,0.05404877853205149,-450.00000000000597,2.0137287001125515,finite_RF_static_Bloch,runs\combined_factor_study\cases\af48a9bed75b6e50,90.0
screen,inc_alt_center_rf180,1000,read,90,0.8,0,8,025d91c3b9aa44cf,af48a9bed75b6e50,8,4096,1,1e-05,-0.042105356080483256,-0.0017464483657876084,0.04214156015809868,-177.62484385463065,0.042174753388193084,49.99999999999449,2.0137509000487626,finite_RF_static_Bloch,runs\combined_factor_study\cases\af48a9bed75b6e50,90.0
screen,inc_alt_center_rf90_exploratory,1000,read,0,0.8,0,8,b4f4978c7c4e382a,b000bee7da7bebb6,1,4096,1,1e-05,-0.005448413794415983,0.2909624802876619,0.2910134879142601,91.07276593143351,0.2910796142930561,-50.000000000001435,1.9386579000856727,finite_RF_static_Bloch,runs\combined_factor_study\cases\b000bee7da7bebb6,0.0
screen,inc_alt_center_rf90_exploratory,1000,read,0,0.8,0,8,b4f4978c7c4e382a,b000bee7da7bebb6,2,4096,1,1e-05,-0.002777452845501776,-0.2016854693739215,0.20170459290975012,-90.78898230802307,0.20173248133174168,-50.00000000000837,1.9387366001028568,finite_RF_static_Bloch,runs\combined_factor_study\cases\b000bee7da7bebb6,0.0
screen,inc_alt_center_rf90_exploratory,1000,read,0,0.8,0,8,b4f4978c7c4e382a,b000bee7da7bebb6,3,4096,1,1e-05,-0.010802001273598373,-0.14979254704019423,0.15018152476354613,-94.12463499549114,0.15032565930570593,-49.99999999999449,1.9387844000011683,finite_RF_static_Bloch,runs\combined_factor_study\cases\b000bee7da7bebb6,0.0
screen,inc_alt_center_rf90_exploratory,1000,read,0,0.8,0,8,b4f4978c7c4e382a,b000bee7da7bebb6,4,4096,1,1e-05,-0.001126326802439485,0.10383239386143721,0.10383850262336469,90.62149430150713,0.10385263909656785,-50.00000000000837,1.9388317000120878,finite_RF_static_Bloch,runs\combined_factor_study\cases\b000bee7da7bebb6,0.0
screen,inc_alt_center_rf90_exploratory,1000,read,0,0.8,0,8,b4f4978c7c4e382a,b000bee7da7bebb6,5,4096,1,1e-05,0.00045465988135941476,0.07363134875999389,0.07363275246670853,89.64621371630518,0.07366914903575808,-49.99999999999449,1.9388810000382364,finite_RF_static_Bloch,runs\combined_factor_study\cases\b000bee7da7bebb6,0.0
screen,inc_alt_center_rf90_exploratory,1000,read,0,0.8,0,8,b4f4978c7c4e382a,b000bee7da7bebb6,6,4096,1,1e-05,0.003558290593840707,-0.05793379498505377,0.058042967130570236,-86.48531146031965,0.05838604404770274,-99.99999999998899,1.9389244000194594,finite_RF_static_Bloch,runs\combined_factor_study\cases\b000bee7da7bebb6,0.0
screen,inc_alt_center_rf90_exploratory,1000,read,0,0.8,0,8,b4f4978c7c4e382a,b000bee7da7bebb6,7,4096,1,1e-05,-0.004173030402048928,-0.043333022387140194,0.0435334929903496,-95.50070078474009,0.0435334929903496,0.0,1.938967900001444,finite_RF_static_Bloch,runs\combined_factor_study\cases\b000bee7da7bebb6,0.0
screen,inc_alt_center_rf90_exploratory,1000,read,0,0.8,0,8,b4f4978c7c4e382a,b000bee7da7bebb6,8,4096,1,1e-05,-0.004625971994373591,0.02946597157978985,0.029826885490002335,98.92224995947667,0.029929786426642995,150.00000000001123,1.9390113000990823,finite_RF_static_Bloch,runs\combined_factor_study\cases\b000bee7da7bebb6,0.0
screen,inc_alt_center_rf180,1000,read,90,1,0,8,025d91c3b9aa44cf,b11923f261c0e0f7,1,4096,1,1e-05,0.24801095795424974,-0.004883178596691768,0.24805902664203094,-1.127971844426363,0.24833080151775808,-50.000000000001435,0.8673082999885082,finite_RF_static_Bloch,runs\combined_factor_study\cases\b11923f261c0e0f7,90.0
screen,inc_alt_center_rf180,1000,read,90,1,0,8,025d91c3b9aa44cf,b11923f261c0e0f7,2,4096,1,1e-05,-0.17087106341110775,-0.001101149107315019,0.17087461145705451,-179.63077233882044,0.1711483391479862,-50.00000000000837,0.8673797000665218,finite_RF_static_Bloch,runs\combined_factor_study\cases\b11923f261c0e0f7,90.0
screen,inc_alt_center_rf180,1000,read,90,1,0,8,025d91c3b9aa44cf,b11923f261c0e0f7,3,4096,1,1e-05,0.1292068084271586,0.004895864481720285,0.12929953144909626,2.1699958341443324,0.12929953144909626,0.0,0.8674314999952912,finite_RF_static_Bloch,runs\combined_factor_study\cases\b11923f261c0e0f7,90.0
screen,inc_alt_center_rf180,1000,read,90,1,0,8,025d91c3b9aa44cf,b11923f261c0e0f7,4,4096,1,1e-05,-0.10334613545404589,-0.0013120260598990918,0.10335446350142724,-179.27264316932715,0.10336876596339795,-50.00000000000837,0.8674776999978349,finite_RF_static_Bloch,runs\combined_factor_study\cases\b11923f261c0e0f7,90.0
screen,inc_alt_center_rf180,1000,read,90,1,0,8,025d91c3b9aa44cf,b11923f261c0e0f7,5,4096,1,1e-05,0.07717641439344727,-0.003961051826752533,0.07727799732267468,-2.9381072992951713,0.07742099255039635,-49.99999999999449,0.8675165000604466,finite_RF_static_Bloch,runs\combined_factor_study\cases\b11923f261c0e0f7,90.0
screen,inc_alt_center_rf180,1000,read,90,1,0,8,025d91c3b9aa44cf,b11923f261c0e0f7,6,4096,1,1e-05,-0.058439570878098854,-0.0016141747790521504,0.05846185940109729,-178.4178204679516,0.05846185940109729,0.0,0.867547900066711,finite_RF_static_Bloch,runs\combined_factor_study\cases\b11923f261c0e0f7,90.0
screen,inc_alt_center_rf180,1000,read,90,1,0,8,025d91c3b9aa44cf,b11923f261c0e0f7,7,4096,1,1e-05,0.04582903772578452,-0.004106318221845614,0.04601263465843313,-5.1200747788359,0.04674320244625073,-599.9999999999894,0.8675839999923483,finite_RF_static_Bloch,runs\combined_factor_study\cases\b11923f261c0e0f7,90.0
screen,inc_alt_center_rf180,1000,read,90,1,0,8,025d91c3b9aa44cf,b11923f261c0e0f7,8,4096,1,1e-05,-0.03458223128918149,-0.0012812094443898658,0.034605956403180614,-177.87826485080018,0.03464700041723235,-49.99999999999449,0.8676163000054657,finite_RF_static_Bloch,runs\combined_factor_study\cases\b11923f261c0e0f7,90.0
screen,alternating_centering,1000,read,0,0.8,0,8,f04dd883ba427174,b417e16bf2c3df82,1,4096,1,1e-05,-0.005448413794415983,0.2909624802876619,0.2910134879142601,91.07276593143351,0.2910796142930561,-50.000000000001435,0.8513619999866933,finite_RF_static_Bloch,runs\combined_factor_study\cases\b417e16bf2c3df82,0.0
screen,alternating_centering,1000,read,0,0.8,0,8,f04dd883ba427174,b417e16bf2c3df82,2,4096,1,1e-05,0.00021784565898888943,0.20295730822437952,0.2029574251374335,89.93850119435872,0.20330043546147633,-100.00000000000287,0.851438399986364,finite_RF_static_Bloch,runs\combined_factor_study\cases\b417e16bf2c3df82,0.0
screen,alternating_centering,1000,read,0,0.8,0,8,f04dd883ba427174,b417e16bf2c3df82,3,4096,1,1e-05,-0.009840715354701091,0.15256032672097222,0.15287737886261016,93.69068047487224,0.15288553726711673,-49.99999999999449,0.8514731999021024,finite_RF_static_Bloch,runs\combined_factor_study\cases\b417e16bf2c3df82,0.0
screen,alternating_centering,1000,read,0,0.8,0,8,f04dd883ba427174,b417e16bf2c3df82,4,4096,1,1e-05,-0.0016466901443230673,0.09525564972825946,0.09526988188081409,90.9903769377912,0.09537106586271149,-100.00000000000287,0.8514990999829024,finite_RF_static_Bloch,runs\combined_factor_study\cases\b417e16bf2c3df82,0.0
screen,alternating_centering,1000,read,0,0.8,0,8,f04dd883ba427174,b417e16bf2c3df82,5,4096,1,1e-05,-0.0075356590180491925,0.07126878309560536,0.07166607008037172,96.03578605572105,0.07168146556770266,49.99999999999449,0.8515248999465257,finite_RF_static_Bloch,runs\combined_factor_study\cases\b417e16bf2c3df82,0.0
screen,alternating_centering,1000,read,0,0.8,0,8,f04dd883ba427174,b417e16bf2c3df82,6,4096,1,1e-05,0.0038698837204848386,0.039057804753342126,0.03924905237276779,84.34154890256018,0.03994182884789867,-250.00000000000023,0.851549599901773,finite_RF_static_Bloch,runs\combined_factor_study\cases\b417e16bf2c3df82,0.0
screen,alternating_centering,1000,read,0,0.8,0,8,f04dd883ba427174,b417e16bf2c3df82,7,4096,1,1e-05,-0.0049390834609503755,0.029169607899413332,0.02958480303195798,99.61033745470509,0.029800350571434913,200.00000000000574,0.8515735999681056,finite_RF_static_Bloch,runs\combined_factor_study\cases\b417e16bf2c3df82,0.0
screen,alternating_centering,1000,read,0,0.8,0,8,f04dd883ba427174,b417e16bf2c3df82,8,4096,1,1e-05,0.004175964736446215,0.016119864298663904,0.01665198806411359,75.47640068131456,0.017170473465433184,-250.00000000000023,0.851606099982746,finite_RF_static_Bloch,runs\combined_factor_study\cases\b417e16bf2c3df82,0.0
screen,increasing_centering,1000,read,0,1,0,8,43eed8aa5517d4ab,b57d45ab507458ea,1,4096,1,1e-05,-0.004910058550749369,0.2484525511242275,0.24850106405226652,91.13216392705218,0.24850106405226652,0.0,0.8304940999951214,finite_RF_static_Bloch,runs\combined_factor_study\cases\b57d45ab507458ea,0.0
screen,increasing_centering,1000,read,0,1,0,8,43eed8aa5517d4ab,b57d45ab507458ea,2,4096,1,1e-05,-0.0056344292284990945,0.17823142437486358,0.17832046272770738,91.81068819494797,0.17846958335117855,-50.00000000000837,0.830544599913992,finite_RF_static_Bloch,runs\combined_factor_study\cases\b57d45ab507458ea,0.0
screen,increasing_centering,1000,read,0,1,0,8,43eed8aa5517d4ab,b57d45ab507458ea,3,4096,1,1e-05,-0.0018234463915474343,0.1257929339592873,0.1258061492568168,90.83047960208509,0.1258061492568168,0.0,0.8305698999902233,finite_RF_static_Bloch,runs\combined_factor_study\cases\b57d45ab507458ea,0.0
screen,increasing_centering,1000,read,0,1,0,8,43eed8aa5517d4ab,b57d45ab507458ea,4,4096,1,1e-05,0.004007572926499163,0.08803286723265272,0.0881240395917202,87.39348950397593,0.0881240395917202,0.0,0.8305926999310032,finite_RF_static_Bloch,runs\combined_factor_study\cases\b57d45ab507458ea,0.0
screen,increasing_centering,1000,read,0,1,0,8,43eed8aa5517d4ab,b57d45ab507458ea,5,4096,1,1e-05,0.000676278588464995,0.06834810025264476,0.0683514459311198,89.43309844302833,0.06853425905075357,-49.99999999999449,0.8306150999851525,finite_RF_static_Bloch,runs\combined_factor_study\cases\b57d45ab507458ea,0.0
screen,increasing_centering,1000,read,0,1,0,8,43eed8aa5517d4ab,b57d45ab507458ea,6,4096,1,1e-05,-0.0002625310829990589,0.05414035334253345,0.05414098985633633,90.27782982975214,0.05434605573583761,-99.99999999998899,0.8306390999350697,finite_RF_static_Bloch,runs\combined_factor_study\cases\b57d45ab507458ea,0.0
screen,increasing_centering,1000,read,0,1,0,8,43eed8aa5517d4ab,b57d45ab507458ea,7,4096,1,1e-05,-0.002134657041522715,0.040754225063729006,0.040810092149246614,92.99834364689562,0.040810092149246614,0.0,0.8306621999945492,finite_RF_static_Bloch,runs\combined_factor_study\cases\b57d45ab507458ea,0.0
screen,increasing_centering,1000,read,0,1,0,8,43eed8aa5517d4ab,b57d45ab507458ea,8,4096,1,1e-05,0.00027916783461031465,0.041951758074665696,0.04195268692509646,89.61873105350834,0.042006257970954,-49.99999999999449,0.8306837999261916,finite_RF_static_Bloch,runs\combined_factor_study\cases\b57d45ab507458ea,0.0
screen,original_taper,1000,read,90,0.8,0,8,26060cd426fd168a,b60768d5c5c8eabd,1,4096,1,1e-05,0.2697744019263688,-0.002610747172157214,0.2697870344096004,-0.5544637436942854,0.26982065473564965,50.000000000001435,1.951039299950935,finite_RF_static_Bloch,runs\combined_factor_study\cases\b60768d5c5c8eabd,90.0
screen,original_taper,1000,read,90,0.8,0,8,26060cd426fd168a,b60768d5c5c8eabd,2,4096,1,1e-05,-0.19942779818713444,0.002761026444804865,0.19944691012095758,179.20680538240137,0.1994469101209576,0.0,1.9511069000000134,finite_RF_static_Bloch,runs\combined_factor_study\cases\b60768d5c5c8eabd,90.0
screen,original_taper,1000,read,90,0.8,0,8,26060cd426fd168a,b60768d5c5c8eabd,3,4096,1,1e-05,0.0991137466845886,0.002255973447938049,0.0991394179832351,1.303910369594325,0.0993383729048848,100.00000000000287,1.95113499998115,finite_RF_static_Bloch,runs\combined_factor_study\cases\b60768d5c5c8eabd,90.0
screen,original_taper,1000,read,90,0.8,0,8,26060cd426fd168a,b60768d5c5c8eabd,4,4096,1,1e-05,-0.035174838919644465,-0.00031351017519888223,0.03517623603589344,-179.48934139309043,0.03519604262104592,49.99999999999449,1.9511598000535741,finite_RF_static_Bloch,runs\combined_factor_study\cases\b60768d5c5c8eabd,90.0
screen,original_taper,1000,read,90,0.8,0,8,26060cd426fd168a,b60768d5c5c8eabd,5,4096,1,1e-05,-0.027175043552305198,0.004160121851293096,0.027491627923556847,171.2963827216632,0.0283469850011524,-950.0000000000064,1.9511838000034913,finite_RF_static_Bloch,runs\combined_factor_study\cases\b60768d5c5c8eabd,90.0
screen,original_taper,1000,read,90,0.8,0,8,26060cd426fd168a,b60768d5c5c8eabd,6,4096,1,1e-05,0.03550535703163905,0.0006976722038098923,0.035512210920303586,1.1257041895185347,0.035589831859948344,-400.0000000000115,1.9512072000652552,finite_RF_static_Bloch,runs\combined_factor_study\cases\b60768d5c5c8eabd,90.0
screen,original_taper,1000,read,90,0.8,0,8,26060cd426fd168a,b60768d5c5c8eabd,7,4096,1,1e-05,-0.0567143001413334,0.002041945379159994,0.05675104740401469,177.93800967267475,0.05683642574849858,-99.99999999998899,1.9512306000106037,finite_RF_static_Bloch,runs\combined_factor_study\cases\b60768d5c5c8eabd,90.0
screen,original_taper,1000,read,90,0.8,0,8,26060cd426fd168a,b60768d5c5c8eabd,8,4096,1,1e-05,0.023207706223128267,0.0017875925094203882,0.02327644979628041,4.404557198171846,0.023387197641099634,99.99999999998899,1.9512546999612823,finite_RF_static_Bloch,runs\combined_factor_study\cases\b60768d5c5c8eabd,90.0
screen,inc_alt_center_duration500,1000,read,0,1,0,8,9d4f73a8ab5bf75f,b626e28a5b9ea0a4,1,4096,1,1e-05,-0.004910058550749369,0.2484525511242275,0.24850106405226652,91.13216392705218,0.24850106405226652,0.0,1.026942199910991,finite_RF_static_Bloch,runs\combined_factor_study\cases\b626e28a5b9ea0a4,0.0
screen,inc_alt_center_duration500,1000,read,0,1,0,8,9d4f73a8ab5bf75f,b626e28a5b9ea0a4,2,4096,1,1e-05,0.0002898846889686007,0.1671079399117098,0.16710819134521357,89.90060823817312,0.16753123592474134,-100.00000000000287,1.0270161998923868,finite_RF_static_Bloch,runs\combined_factor_study\cases\b626e28a5b9ea0a4,0.0
screen,inc_alt_center_duration500,1000,read,0,1,0,8,9d4f73a8ab5bf75f,b626e28a5b9ea0a4,3,4096,1,1e-05,-0.002834398886416567,0.1249248243653909,0.12495697483442485,91.29975156096596,0.12495697483442486,0.0,1.0270461000036448,finite_RF_static_Bloch,runs\combined_factor_study\cases\b626e28a5b9ea0a4,0.0
screen,inc_alt_center_duration500,1000,read,0,1,0,8,9d4f73a8ab5bf75f,b626e28a5b9ea0a4,4,4096,1,1e-05,-0.0022355645724642173,0.1004239325871711,0.1004488127616765,91.27526635474425,0.10049848404270738,-50.00000000000837,1.0270721999695525,finite_RF_static_Bloch,runs\combined_factor_study\cases\b626e28a5b9ea0a4,0.0
screen,inc_alt_center_duration500,1000,read,0,1,0,8,9d4f73a8ab5bf75f,b626e28a5b9ea0a4,5,4096,1,1e-05,-0.005638634022961619,0.07794250265636521,0.07814619577421794,94.13776924674407,0.07814619577421794,0.0,1.0270978999324143,finite_RF_static_Bloch,runs\combined_factor_study\cases\b626e28a5b9ea0a4,0.0
screen,inc_alt_center_duration500,1000,read,0,1,0,8,9d4f73a8ab5bf75f,b626e28a5b9ea0a4,6,4096,1,1e-05,0.00243868710868023,0.05374041503901425,0.053795719191953854,87.40175645665731,0.053821648623211996,-49.99999999999449,1.027122400002554,finite_RF_static_Bloch,runs\combined_factor_study\cases\b626e28a5b9ea0a4,0.0
screen,inc_alt_center_duration500,1000,read,0,1,0,8,9d4f73a8ab5bf75f,b626e28a5b9ea0a4,7,4096,1,1e-05,0.0012586059083720467,0.03761748472621706,0.037638534056997526,88.08371249169016,0.037638534056997526,0.0,1.02714769996237,finite_RF_static_Bloch,runs\combined_factor_study\cases\b626e28a5b9ea0a4,0.0
screen,inc_alt_center_duration500,1000,read,0,1,0,8,9d4f73a8ab5bf75f,b626e28a5b9ea0a4,8,4096,1,1e-05,-0.00034613353803992125,0.03285717150281001,0.032858994622343915,90.60355947873445,0.032858994622343915,0.0,1.0271721999160945,finite_RF_static_Bloch,runs\combined_factor_study\cases\b626e28a5b9ea0a4,0.0
screen,increasing_centering,1000,read,90,0.8,0,8,bc062153b6b100ae,b676e84945af9ccd,1,4096,1,1e-05,0.28710010648972295,-0.0027558501448304547,0.28711333277371676,-0.5499605518006698,0.2873763453224863,-50.000000000001435,1.5976862999377772,finite_RF_static_Bloch,runs\combined_factor_study\cases\b676e84945af9ccd,90.0
screen,increasing_centering,1000,read,90,0.8,0,8,bc062153b6b100ae,b676e84945af9ccd,2,4096,1,1e-05,-0.20141609595172827,0.003933533323640517,0.20145450204163717,178.8811906462879,0.20145450204163717,0.0,1.5977497999556363,finite_RF_static_Bloch,runs\combined_factor_study\cases\b676e84945af9ccd,90.0
screen,increasing_centering,1000,read,90,0.8,0,8,bc062153b6b100ae,b676e84945af9ccd,3,4096,1,1e-05,0.13116244396800786,-0.0005172450154455515,0.13116346385357017,-0.22594732025226438,0.13129182594853958,-100.00000000000287,1.5977751000318676,finite_RF_static_Bloch,runs\combined_factor_study\cases\b676e84945af9ccd,90.0
screen,increasing_centering,1000,read,90,0.8,0,8,bc062153b6b100ae,b676e84945af9ccd,4,4096,1,1e-05,-0.10568203090678334,0.001467426161373671,0.10569221823824776,179.20448232979314,0.10596358821597888,-350.00000000000307,1.5977979999734089,finite_RF_static_Bloch,runs\combined_factor_study\cases\b676e84945af9ccd,90.0
screen,increasing_centering,1000,read,90,0.8,0,8,bc062153b6b100ae,b676e84945af9ccd,5,4096,1,1e-05,0.09291938726030047,0.0011231177685830996,0.09292617458150204,0.6925010641596584,0.09300862366404118,-100.00000000000287,1.5978205000283197,finite_RF_static_Bloch,runs\combined_factor_study\cases\b676e84945af9ccd,90.0
screen,increasing_centering,1000,read,90,0.8,0,8,bc062153b6b100ae,b676e84945af9ccd,6,4096,1,1e-05,-0.07371134555817435,0.0018247156664183172,0.07373392740970647,178.58193935229926,0.0742459666663499,-149.9999999999835,1.5978425999637693,finite_RF_static_Bloch,runs\combined_factor_study\cases\b676e84945af9ccd,90.0
screen,increasing_centering,1000,read,90,0.8,0,8,bc062153b6b100ae,b676e84945af9ccd,7,4096,1,1e-05,0.06264658939130412,-0.0007968477629088447,0.06265165703091907,-0.7287476007744603,0.06269881567042021,-49.99999999999449,1.597865500021726,finite_RF_static_Bloch,runs\combined_factor_study\cases\b676e84945af9ccd,90.0
screen,increasing_centering,1000,read,90,0.8,0,8,bc062153b6b100ae,b676e84945af9ccd,8,4096,1,1e-05,-0.05240364721303983,-0.0021943465408081108,0.052449570045615186,-177.6022014636556,0.05252582847814552,-99.99999999998899,1.5978873999556527,finite_RF_static_Bloch,runs\combined_factor_study\cases\b676e84945af9ccd,90.0
screen,original_flip_train,1000,read,90,1,0,8,e8bcc0add9d2a0a9,b88e24a60de3719f,1,4096,1,1e-05,0.2441691149836675,-0.0033245236253082477,0.2441917467263025,-0.7800716445389309,0.2442087075211705,50.000000000001435,0.9892439000541344,finite_RF_static_Bloch,runs\combined_factor_study\cases\b88e24a60de3719f,90.0
screen,original_flip_train,1000,read,90,1,0,8,e8bcc0add9d2a0a9,b88e24a60de3719f,2,4096,1,1e-05,-0.18641067791397875,-0.0005959310501893397,0.1864116304691467,-179.81683335889767,0.18641163046914672,0.0,0.989298400003463,finite_RF_static_Bloch,runs\combined_factor_study\cases\b88e24a60de3719f,90.0
screen,original_flip_train,1000,read,90,1,0,8,e8bcc0add9d2a0a9,b88e24a60de3719f,3,4096,1,1e-05,0.11931068918058868,0.0028682154615842894,0.11934515998850188,1.3771188079136059,0.1193451599885019,0.0,0.9893278999952599,finite_RF_static_Bloch,runs\combined_factor_study\cases\b88e24a60de3719f,90.0
screen,original_flip_train,1000,read,90,1,0,8,e8bcc0add9d2a0a9,b88e24a60de3719f,4,4096,1,1e-05,-0.06957822886483436,0.001067675112336598,0.06958642009841268,179.12086757511918,0.06958642009841269,0.0,0.9893544000806287,finite_RF_static_Bloch,runs\combined_factor_study\cases\b88e24a60de3719f,90.0
screen,original_flip_train,1000,read,90,1,0,8,e8bcc0add9d2a0a9,b88e24a60de3719f,5,4096,1,1e-05,0.050921059152336814,0.0009478076859130934,0.05092987929109258,1.0663389756842792,0.05092987929109258,0.0,0.9893797000404447,finite_RF_static_Bloch,runs\combined_factor_study\cases\b88e24a60de3719f,90.0
screen,original_flip_train,1000,read,90,1,0,8,e8bcc0add9d2a0a9,b88e24a60de3719f,6,4096,1,1e-05,-0.020158093758163066,0.00534885920312158,0.020855671620394083,165.1392784694388,0.021511873904313382,1099.9999999999898,0.9894201999995857,finite_RF_static_Bloch,runs\combined_factor_study\cases\b88e24a60de3719f,90.0
screen,original_flip_train,1000,read,90,1,0,8,e8bcc0add9d2a0a9,b88e24a60de3719f,7,4096,1,1e-05,0.009894278692667121,0.0017852113007080098,0.010054040493072533,10.227760751656438,0.012795252705665658,-3200.000000000008,0.9894460000796244,finite_RF_static_Bloch,runs\combined_factor_study\cases\b88e24a60de3719f,90.0
screen,original_flip_train,1000,read,90,1,0,8,e8bcc0add9d2a0a9,b88e24a60de3719f,8,4096,1,1e-05,0.0014150969741757475,-0.001330720490898476,0.001942502630942475,-43.23990646554684,0.004241238446513771,-3200.000000000008,0.9894708000356331,finite_RF_static_Bloch,runs\combined_factor_study\cases\b88e24a60de3719f,90.0
screen,ramp_modulated,1000,read,0,1,0,8,d1c3c39544b76b8d,b8da4555471a49f8,1,4096,1,1e-05,-0.0032448769234316712,0.2454870004702392,0.2455084451217991,90.75729845474417,0.24605053744096478,100.00000000000287,0.7204022998921573,finite_RF_static_Bloch,runs\combined_factor_study\cases\b8da4555471a49f8,0.0
screen,ramp_modulated,1000,read,0,1,0,8,d1c3c39544b76b8d,b8da4555471a49f8,2,4096,1,1e-05,-0.0031780999121127037,0.17405165242871729,0.17408066530266472,91.046077278026,0.1741598770116041,-49.99999999999449,0.7204480998916551,finite_RF_static_Bloch,runs\combined_factor_study\cases\b8da4555471a49f8,0.0
screen,ramp_modulated,1000,read,0,1,0,8,d1c3c39544b76b8d,b8da4555471a49f8,3,4096,1,1e-05,0.005172185407082093,0.14606772648332791,0.1461592700511792,87.9720322930463,0.14633818091892087,49.99999999999449,0.7204736999701709,finite_RF_static_Bloch,runs\combined_factor_study\cases\b8da4555471a49f8,0.0
screen,ramp_modulated,1000,read,0,1,0,8,d1c3c39544b76b8d,b8da4555471a49f8,4,4096,1,1e-05,-0.009038276232408968,0.12653941667908247,0.12686179255684427,94.0855025666635,0.12700176301221827,-49.99999999999449,0.7204969999147579,finite_RF_static_Bloch,runs\combined_factor_study\cases\b8da4555471a49f8,0.0
screen,ramp_modulated,1000,read,0,1,0,8,d1c3c39544b76b8d,b8da4555471a49f8,5,4096,1,1e-05,-0.010888964063989584,0.10308388061646287,0.10365739713757058,96.02991082463801,0.10374524871196547,49.99999999999449,0.7205189999658614,finite_RF_static_Bloch,runs\combined_factor_study\cases\b8da4555471a49f8,0.0
screen,ramp_modulated,1000,read,0,1,0,8,d1c3c39544b76b8d,b8da4555471a49f8,6,4096,1,1e-05,0.001701753441710024,0.0709574599770939,0.07097786338836395,88.62615427939191,0.07101429442581803,-49.99999999999449,0.7205409999005497,finite_RF_static_Bloch,runs\combined_factor_study\cases\b8da4555471a49f8,0.0
screen,ramp_modulated,1000,read,0,1,0,8,d1c3c39544b76b8d,b8da4555471a49f8,7,4096,1,1e-05,0.0009611468328860361,0.05929443177884387,0.05930222123335969,89.07133211598907,0.05930222123335969,0.0,0.7205627999501303,finite_RF_static_Bloch,runs\combined_factor_study\cases\b8da4555471a49f8,0.0
screen,ramp_modulated,1000,read,0,1,0,8,d1c3c39544b76b8d,b8da4555471a49f8,8,4096,1,1e-05,0.00310084066036944,0.04711588709189982,0.04721781474462423,86.23461961779356,0.04725459290519981,-49.99999999999449,0.7205842999974266,finite_RF_static_Bloch,runs\combined_factor_study\cases\b8da4555471a49f8,0.0
screen,increasing_taper,1000,read,90,1,0,8,64beec5f2629990b,b9cae482882f688e,1,4096,1,1e-05,0.2441691149836675,-0.0033245236253082477,0.2441917467263025,-0.7800716445389309,0.2442087075211705,50.000000000001435,1.0431066000601277,finite_RF_static_Bloch,runs\combined_factor_study\cases\b9cae482882f688e,90.0
screen,increasing_taper,1000,read,90,1,0,8,64beec5f2629990b,b9cae482882f688e,2,4096,1,1e-05,-0.1809909593379285,-0.002291309472639517,0.1810054625174696,-179.27468559794627,0.1810054625174696,0.0,1.0432009999640286,finite_RF_static_Bloch,runs\combined_factor_study\cases\b9cae482882f688e,90.0
screen,increasing_taper,1000,read,90,1,0,8,64beec5f2629990b,b9cae482882f688e,3,4096,1,1e-05,0.13324453509348136,0.00198617473799543,0.13325933746784063,0.8540012715442983,0.13346313540459506,100.00000000000287,1.0432628999697044,finite_RF_static_Bloch,runs\combined_factor_study\cases\b9cae482882f688e,90.0
screen,increasing_taper,1000,read,90,1,0,8,64beec5f2629990b,b9cae482882f688e,4,4096,1,1e-05,-0.11490377529010275,-0.0011169877926364147,0.11490920432083465,-179.44304118558082,0.11490920432083465,0.0,1.0433409999823198,finite_RF_static_Bloch,runs\combined_factor_study\cases\b9cae482882f688e,90.0
screen,increasing_taper,1000,read,90,1,0,8,64beec5f2629990b,b9cae482882f688e,5,4096,1,1e-05,0.0910226076105072,0.0008166519690708334,0.09102627102466053,0.5140421369587684,0.09102627102466052,0.0,1.043386899982579,finite_RF_static_Bloch,runs\combined_factor_study\cases\b9cae482882f688e,90.0
screen,increasing_taper,1000,read,90,1,0,8,64beec5f2629990b,b9cae482882f688e,6,4096,1,1e-05,-0.07939045885269756,-0.004482875494614956,0.07951692354173472,-176.76815843880536,0.07951692354173472,0.0,1.0434256000444293,finite_RF_static_Bloch,runs\combined_factor_study\cases\b9cae482882f688e,90.0
screen,increasing_taper,1000,read,90,1,0,8,64beec5f2629990b,b9cae482882f688e,7,4096,1,1e-05,0.05931116678526656,0.0009131304272288908,0.05931819545979832,0.8820326670898948,0.05955470946582659,-150.00000000001123,1.0434665000066161,finite_RF_static_Bloch,runs\combined_factor_study\cases\b9cae482882f688e,90.0
screen,increasing_taper,1000,read,90,1,0,8,64beec5f2629990b,b9cae482882f688e,8,4096,1,1e-05,-0.05373017216210961,0.0010306711968108705,0.05374005660292771,178.90106683542115,0.05375103213994454,-49.99999999999449,1.0435066999634728,finite_RF_static_Bloch,runs\combined_factor_study\cases\b9cae482882f688e,90.0
screen,weak_increasing_centering,1000,read,0,0.8,0,8,345b2b1c4709d8a0,b9de6136fefcbd20,1,4096,1,1e-05,-0.005448413794415983,0.2909624802876619,0.2910134879142601,91.07276593143351,0.2910796142930561,-50.000000000001435,1.6687074999790639,finite_RF_static_Bloch,runs\combined_factor_study\cases\b9de6136fefcbd20,0.0
screen,weak_increasing_centering,1000,read,0,0.8,0,8,345b2b1c4709d8a0,b9de6136fefcbd20,2,4096,1,1e-05,0.004008816485619926,0.2052550804792745,0.20529422464397,88.88110410574144,0.2055753846012798,-100.00000000000287,1.6687650999519974,finite_RF_static_Bloch,runs\combined_factor_study\cases\b9de6136fefcbd20,0.0
screen,weak_increasing_centering,1000,read,0,0.8,0,8,345b2b1c4709d8a0,b9de6136fefcbd20,3,4096,1,1e-05,-0.010438672050581733,0.1350718218558261,0.13547458408731736,94.4191703230461,0.1355658982368005,-49.99999999999449,1.668790700030513,finite_RF_static_Bloch,runs\combined_factor_study\cases\b9de6136fefcbd20,0.0
screen,weak_increasing_centering,1000,read,0,0.8,0,8,345b2b1c4709d8a0,b9de6136fefcbd20,4,4096,1,1e-05,2.3434415224574145e-05,0.10069647191174,0.10069647463860719,89.98666593736608,0.10076951846738595,-50.00000000000837,1.6688137999735773,finite_RF_static_Bloch,runs\combined_factor_study\cases\b9de6136fefcbd20,0.0
screen,weak_increasing_centering,1000,read,0,0.8,0,8,345b2b1c4709d8a0,b9de6136fefcbd20,5,4096,1,1e-05,-0.0048587346477448725,0.09315654325986127,0.09328316490398254,92.9856514497062,0.09328316490398254,0.0,1.668836300028488,finite_RF_static_Bloch,runs\combined_factor_study\cases\b9de6136fefcbd20,0.0
screen,weak_increasing_centering,1000,read,0,0.8,0,8,345b2b1c4709d8a0,b9de6136fefcbd20,6,4096,1,1e-05,0.006739772037318193,0.08343069196440511,0.08370247839087244,85.38151073988202,0.08370247839087243,0.0,1.6688605999806896,finite_RF_static_Bloch,runs\combined_factor_study\cases\b9de6136fefcbd20,0.0
screen,weak_increasing_centering,1000,read,0,0.8,0,8,345b2b1c4709d8a0,b9de6136fefcbd20,7,4096,1,1e-05,-0.003968039350621599,0.07215276240919549,0.07226179114556942,93.14780904521258,0.07233893784957852,-49.99999999999449,1.6688847000477836,finite_RF_static_Bloch,runs\combined_factor_study\cases\b9de6136fefcbd20,0.0
screen,weak_increasing_centering,1000,read,0,0.8,0,8,345b2b1c4709d8a0,b9de6136fefcbd20,8,4096,1,1e-05,0.002978595928277459,0.05214299577292494,0.05222800055410143,86.73061151693885,0.052238000309772215,-49.99999999999449,1.6689061999786645,finite_RF_static_Bloch,runs\combined_factor_study\cases\b9de6136fefcbd20,0.0
screen,increasing_taper,1000,read,0,0.8,0,8,f8b71317e3805bcf,bb69303342465394,1,4096,1,1e-05,-0.004991579147107938,0.2738999308650644,0.2739454106026763,91.04404832138634,0.27420228076127723,50.000000000001435,1.7576661999337375,finite_RF_static_Bloch,runs\combined_factor_study\cases\bb69303342465394,0.0
screen,increasing_taper,1000,read,0,0.8,0,8,f8b71317e3805bcf,bb69303342465394,2,4096,1,1e-05,0.006792072383082392,0.20300274302849206,0.20311633593669665,88.08371078789177,0.20324231206180873,-49.99999999999449,1.7577350999927148,finite_RF_static_Bloch,runs\combined_factor_study\cases\bb69303342465394,0.0
screen,increasing_taper,1000,read,0,0.8,0,8,f8b71317e3805bcf,bb69303342465394,3,4096,1,1e-05,-0.007953234853425311,0.15640518099214756,0.15660726223844212,92.91099459079915,0.1567272418100761,49.99999999999449,1.7577757999533787,finite_RF_static_Bloch,runs\combined_factor_study\cases\bb69303342465394,0.0
screen,increasing_taper,1000,read,0,0.8,0,8,f8b71317e3805bcf,bb69303342465394,4,4096,1,1e-05,-0.0022652925059610317,0.12438888870222606,0.12440951403615538,91.04331950797179,0.1244095140361554,0.0,1.7578141000121832,finite_RF_static_Bloch,runs\combined_factor_study\cases\bb69303342465394,0.0
screen,increasing_taper,1000,read,0,0.8,0,8,f8b71317e3805bcf,bb69303342465394,5,4096,1,1e-05,-0.005683790237552286,0.10127271370864441,0.1014320857193499,93.21227604445397,0.10143208571934992,0.0,1.7578523999545723,finite_RF_static_Bloch,runs\combined_factor_study\cases\bb69303342465394,0.0
screen,increasing_taper,1000,read,0,0.8,0,8,f8b71317e3805bcf,bb69303342465394,6,4096,1,1e-05,0.007524659008477577,0.07571510759975558,0.07608809376003862,84.3245120340761,0.07608809376003861,0.0,1.7578896000050008,finite_RF_static_Bloch,runs\combined_factor_study\cases\bb69303342465394,0.0
screen,increasing_taper,1000,read,0,0.8,0,8,f8b71317e3805bcf,bb69303342465394,7,4096,1,1e-05,-0.005080966639790057,0.06420138980159705,0.06440213253030733,94.52501778998787,0.06440213253030731,0.0,1.7579263999359682,finite_RF_static_Bloch,runs\combined_factor_study\cases\bb69303342465394,0.0
screen,increasing_taper,1000,read,0,0.8,0,8,f8b71317e3805bcf,bb69303342465394,8,4096,1,1e-05,-0.004460633795185678,0.04738093869980112,0.04759044658257646,95.3782053181013,0.04759510535439505,49.99999999999449,1.757963199983351,finite_RF_static_Bloch,runs\combined_factor_study\cases\bb69303342465394,0.0
screen,inc_alt_center_flip160,1000,read,0,1,0,8,fccd18240ff0acbc,bcb196e190e408ed,1,4096,1,1e-05,-0.0038067130210125873,0.27745771329401214,0.2774838260698569,90.7860473708083,0.2775286518256588,-50.000000000001435,0.7942923000082374,finite_RF_static_Bloch,runs\combined_factor_study\cases\bcb196e190e408ed,0.0
screen,inc_alt_center_flip160,1000,read,0,1,0,8,fccd18240ff0acbc,bcb196e190e408ed,2,4096,1,1e-05,-0.0011031736061433506,0.194649438297832,0.19465256438502626,90.32471973985909,0.1950421171039081,-100.00000000000287,0.7943628000793979,finite_RF_static_Bloch,runs\combined_factor_study\cases\bcb196e190e408ed,0.0
screen,inc_alt_center_flip160,1000,read,0,1,0,8,fccd18240ff0acbc,bcb196e190e408ed,3,4096,1,1e-05,-0.0059358112948098875,0.14487182036082522,0.14499337291885725,92.34625899265961,0.14499337291885725,0.0,0.794398199999705,finite_RF_static_Bloch,runs\combined_factor_study\cases\bcb196e190e408ed,0.0
screen,inc_alt_center_flip160,1000,read,0,1,0,8,fccd18240ff0acbc,bcb196e190e408ed,4,4096,1,1e-05,-0.0027879012172974107,0.11132606398361852,0.11136096674904603,91.43453912315124,0.1114656996123047,-50.00000000000837,0.7944311000173911,finite_RF_static_Bloch,runs\combined_factor_study\cases\bcb196e190e408ed,0.0
screen,inc_alt_center_flip160,1000,read,0,1,0,8,fccd18240ff0acbc,bcb196e190e408ed,5,4096,1,1e-05,-0.00352686398401728,0.08786986127135189,0.08794061228697686,92.29846739922817,0.08794061228697686,0.0,0.7944631000282243,finite_RF_static_Bloch,runs\combined_factor_study\cases\bcb196e190e408ed,0.0
screen,inc_alt_center_flip160,1000,read,0,1,0,8,fccd18240ff0acbc,bcb196e190e408ed,6,4096,1,1e-05,0.0049654736538936725,0.06940863545922421,0.06958602305721306,85.90804782136506,0.06959218764964135,-49.99999999999449,0.7944952000398189,finite_RF_static_Bloch,runs\combined_factor_study\cases\bcb196e190e408ed,0.0
screen,inc_alt_center_flip160,1000,read,0,1,0,8,fccd18240ff0acbc,bcb196e190e408ed,7,4096,1,1e-05,-6.582044470531301e-05,0.04938401586403415,0.049384059727710906,90.07636542691382,0.0493840597277109,0.0,0.7945271000498906,finite_RF_static_Bloch,runs\combined_factor_study\cases\bcb196e190e408ed,0.0
screen,inc_alt_center_flip160,1000,read,0,1,0,8,fccd18240ff0acbc,bcb196e190e408ed,8,4096,1,1e-05,-0.0016594013739234404,0.04219795003364829,0.04223056476015987,92.25195138413089,0.042281139686990946,-49.99999999999449,0.7945584000553936,finite_RF_static_Bloch,runs\combined_factor_study\cases\bcb196e190e408ed,0.0
screen,inc_alt_center_flip_train,1000,read,90,0.8,0,8,782b06a986f9fc2e,bcb9857651b4abbf,1,4096,1,1e-05,0.28710010648972295,-0.0027558501448304547,0.28711333277371676,-0.5499605518006698,0.2873763453224863,-50.000000000001435,1.7416728999232873,finite_RF_static_Bloch,runs\combined_factor_study\cases\bcb9857651b4abbf,90.0
screen,inc_alt_center_flip_train,1000,read,90,0.8,0,8,782b06a986f9fc2e,bcb9857651b4abbf,2,4096,1,1e-05,-0.19906892611687632,-0.00029376592192553947,0.19906914287187566,-179.91544870612668,0.19917788123774505,-50.00000000000837,1.7417224999517202,finite_RF_static_Bloch,runs\combined_factor_study\cases\bcb9857651b4abbf,90.0
screen,inc_alt_center_flip_train,1000,read,90,0.8,0,8,782b06a986f9fc2e,bcb9857651b4abbf,3,4096,1,1e-05,0.1271912698279306,0.0010128571378281116,0.12719530258631057,0.4562515390580088,0.12719530258631057,0.0,1.7417486999183893,finite_RF_static_Bloch,runs\combined_factor_study\cases\bcb9857651b4abbf,90.0
screen,inc_alt_center_flip_train,1000,read,90,0.8,0,8,782b06a986f9fc2e,bcb9857651b4abbf,4,4096,1,1e-05,-0.09619969218236392,-0.00021742916391666257,0.09619993789718834,-179.87050112178454,0.09633806973673194,-100.00000000000287,1.7417725999839604,finite_RF_static_Bloch,runs\combined_factor_study\cases\bcb9857651b4abbf,90.0
screen,inc_alt_center_flip_train,1000,read,90,0.8,0,8,782b06a986f9fc2e,bcb9857651b4abbf,5,4096,1,1e-05,0.060812719892859926,-0.002174052372984912,0.060851568627997774,-2.047449933724963,0.06125333510411183,149.99999999999736,1.7417953999247402,finite_RF_static_Bloch,runs\combined_factor_study\cases\bcb9857651b4abbf,90.0
screen,inc_alt_center_flip_train,1000,read,90,0.8,0,8,782b06a986f9fc2e,bcb9857651b4abbf,6,4096,1,1e-05,-0.045529581402498284,0.002845380178870746,0.04561840605554986,176.4239397211165,0.04593888749461819,-250.00000000000023,1.7418172999750823,finite_RF_static_Bloch,runs\combined_factor_study\cases\bcb9857651b4abbf,90.0
screen,inc_alt_center_flip_train,1000,read,90,0.8,0,8,782b06a986f9fc2e,bcb9857651b4abbf,7,4096,1,1e-05,0.028788549701773462,0.0016984621621371843,0.028838608975602354,3.376413211280496,0.029311601042723005,250.00000000000023,1.7418398999143392,finite_RF_static_Bloch,runs\combined_factor_study\cases\bcb9857651b4abbf,90.0
screen,inc_alt_center_flip_train,1000,read,90,0.8,0,8,782b06a986f9fc2e,bcb9857651b4abbf,8,4096,1,1e-05,-0.024169348924363177,0.002194702084000116,0.02426878951792054,174.8114759931998,0.02453642450548817,-150.00000000001123,1.7418619999662042,finite_RF_static_Bloch,runs\combined_factor_study\cases\bcb9857651b4abbf,90.0
screen,increasing,1000,read,0,1,0,8,eb3c42029469cda6,bd1011a08ff9dd84,1,4096,1,1e-05,-0.0032448769234316712,0.2454870004702392,0.2455084451217991,90.75729845474417,0.24605053744096478,100.00000000000287,1.1552296000299975,finite_RF_static_Bloch,runs\combined_factor_study\cases\bd1011a08ff9dd84,0.0
screen,increasing,1000,read,0,1,0,8,eb3c42029469cda6,bd1011a08ff9dd84,2,4096,1,1e-05,-0.0031780999121127037,0.17405165242871729,0.17408066530266472,91.046077278026,0.1741598770116041,-49.99999999999449,1.1552884000120685,finite_RF_static_Bloch,runs\combined_factor_study\cases\bd1011a08ff9dd84,0.0
screen,increasing,1000,read,0,1,0,8,eb3c42029469cda6,bd1011a08ff9dd84,3,4096,1,1e-05,-0.002346788107276023,0.12248712362058678,0.1225096031634474,91.09762235179657,0.12262793339791939,49.99999999999449,1.1553168999962509,finite_RF_static_Bloch,runs\combined_factor_study\cases\bd1011a08ff9dd84,0.0
screen,increasing,1000,read,0,1,0,8,eb3c42029469cda6,bd1011a08ff9dd84,4,4096,1,1e-05,0.0031739338135080533,0.0884440294597793,0.08850096159327785,87.94474530320157,0.08850096159327783,0.0,1.1553403000580147,finite_RF_static_Bloch,runs\combined_factor_study\cases\bd1011a08ff9dd84,0.0
screen,increasing,1000,read,0,1,0,8,eb3c42029469cda6,bd1011a08ff9dd84,5,4096,1,1e-05,-0.005294265545791011,0.06777965439063569,0.06798610738219514,94.46630209954385,0.06798610738219514,0.0,1.1553634000010788,finite_RF_static_Bloch,runs\combined_factor_study\cases\bd1011a08ff9dd84,0.0
screen,increasing,1000,read,0,1,0,8,eb3c42029469cda6,bd1011a08ff9dd84,6,4096,1,1e-05,-0.005337531438411218,0.05320163862880633,0.05346871603700734,95.7291114493757,0.05363467943483102,-99.99999999998899,1.1553857000544667,finite_RF_static_Bloch,runs\combined_factor_study\cases\bd1011a08ff9dd84,0.0
screen,increasing,1000,read,0,1,0,8,eb3c42029469cda6,bd1011a08ff9dd84,7,4096,1,1e-05,-0.006982967742369869,0.041977980432437015,0.04255481969973605,99.44457596370856,0.0429510523538512,150.00000000001123,1.1554086999967694,finite_RF_static_Bloch,runs\combined_factor_study\cases\bd1011a08ff9dd84,0.0
screen,increasing,1000,read,0,1,0,8,eb3c42029469cda6,bd1011a08ff9dd84,8,4096,1,1e-05,-0.0013012140925180566,0.04102713670512595,0.04104776613088294,91.81658041013208,0.0410966022933835,-49.99999999999449,1.1554313000524417,finite_RF_static_Bloch,runs\combined_factor_study\cases\bd1011a08ff9dd84,0.0
screen,increasing_centering,1000,read,0,0.8,0,8,43eed8aa5517d4ab,bd54ad072d729d7b,1,4096,1,1e-05,-0.005448413794415983,0.2909624802876619,0.2910134879142601,91.07276593143351,0.2910796142930561,-50.000000000001435,1.923326799995266,finite_RF_static_Bloch,runs\combined_factor_study\cases\bd54ad072d729d7b,0.0
screen,increasing_centering,1000,read,0,0.8,0,8,43eed8aa5517d4ab,bd54ad072d729d7b,2,4096,1,1e-05,0.004008816485619926,0.2052550804792745,0.20529422464397,88.88110410574144,0.2055753846012798,-100.00000000000287,1.9233797000488266,finite_RF_static_Bloch,runs\combined_factor_study\cases\bd54ad072d729d7b,0.0
screen,increasing_centering,1000,read,0,0.8,0,8,43eed8aa5517d4ab,bd54ad072d729d7b,3,4096,1,1e-05,-0.00563800863484644,0.1640950348134632,0.1641918621363382,91.96780528808048,0.16419186213633824,0.0,1.9234045000048354,finite_RF_static_Bloch,runs\combined_factor_study\cases\bd54ad072d729d7b,0.0
screen,increasing_centering,1000,read,0,0.8,0,8,43eed8aa5517d4ab,bd54ad072d729d7b,4,4096,1,1e-05,0.0010389089531118684,0.12886452596815773,0.1288687137547778,89.53809003463952,0.12898250386803817,-100.00000000000287,1.9234271000605077,finite_RF_static_Bloch,runs\combined_factor_study\cases\bd54ad072d729d7b,0.0
screen,increasing_centering,1000,read,0,0.8,0,8,43eed8aa5517d4ab,bd54ad072d729d7b,5,4096,1,1e-05,-0.0018729534647215136,0.1110407539249545,0.11105654859981608,90.96633127702663,0.11109071853707243,-49.99999999999449,1.9234495999990031,finite_RF_static_Bloch,runs\combined_factor_study\cases\bd54ad072d729d7b,0.0
screen,increasing_centering,1000,read,0,0.8,0,8,43eed8aa5517d4ab,bd54ad072d729d7b,6,4096,1,1e-05,0.008956339532124984,0.08453063054763417,0.0850037853192158,83.95186097252217,0.08514158183622865,-49.99999999999449,1.9234714000485837,finite_RF_static_Bloch,runs\combined_factor_study\cases\bd54ad072d729d7b,0.0
screen,increasing_centering,1000,read,0,0.8,0,8,43eed8aa5517d4ab,bd54ad072d729d7b,7,4096,1,1e-05,-0.0031559131642233057,0.07327798087014448,0.07334590832695016,92.4660727559423,0.07340779751146279,-49.99999999999449,1.923494499991648,finite_RF_static_Bloch,runs\combined_factor_study\cases\bd54ad072d729d7b,0.0
screen,increasing_centering,1000,read,0,0.8,0,8,43eed8aa5517d4ab,bd54ad072d729d7b,8,4096,1,1e-05,-0.0005108329019413627,0.056468828654478914,0.05647113917624298,90.51829959385508,0.0564753114866873,-49.99999999999449,1.923515500035137,finite_RF_static_Bloch,runs\combined_factor_study\cases\bd54ad072d729d7b,0.0
screen,original,1000,read,90,1,0,8,3c645498b9004a58,be19b07fd9cbf4f1,1,4096,1,1e-05,0.2441691149836675,-0.0033245236253082477,0.2441917467263025,-0.7800716445389309,0.2442087075211705,50.000000000001435,0.7318236000137404,finite_RF_static_Bloch,runs\combined_factor_study\cases\be19b07fd9cbf4f1,90.0
screen,original,1000,read,90,1,0,8,3c645498b9004a58,be19b07fd9cbf4f1,2,4096,1,1e-05,-0.1809909593379285,-0.002291309472639517,0.1810054625174696,-179.27468559794627,0.1810054625174696,0.0,0.7318801000947133,finite_RF_static_Bloch,runs\combined_factor_study\cases\be19b07fd9cbf4f1,90.0
screen,original,1000,read,90,1,0,8,3c645498b9004a58,be19b07fd9cbf4f1,3,4096,1,1e-05,0.09806726087512398,0.0018106193031298635,0.09808397421500868,1.0577338247811503,0.09809882295843886,49.99999999999449,0.7319070000667125,finite_RF_static_Bloch,runs\combined_factor_study\cases\be19b07fd9cbf4f1,90.0
screen,original,1000,read,90,1,0,8,3c645498b9004a58,be19b07fd9cbf4f1,4,4096,1,1e-05,-0.05427295960162368,0.003113870980185276,0.054362214233792165,176.7162969065239,0.054362214233792165,0.0,0.7319303000112996,finite_RF_static_Bloch,runs\combined_factor_study\cases\be19b07fd9cbf4f1,90.0
screen,original,1000,read,90,1,0,8,3c645498b9004a58,be19b07fd9cbf4f1,5,4096,1,1e-05,0.03911595587572645,-0.003366671809106231,0.03926057160997544,-4.919268124602481,0.03927965149736295,49.99999999999449,0.7319533000700176,finite_RF_static_Bloch,runs\combined_factor_study\cases\be19b07fd9cbf4f1,90.0
screen,original,1000,read,90,1,0,8,3c645498b9004a58,be19b07fd9cbf4f1,6,4096,1,1e-05,-0.017802192437405818,0.0023715988956512545,0.017959469282255617,172.4117658568651,0.018045055641071207,599.9999999999894,0.7319753000047058,finite_RF_static_Bloch,runs\combined_factor_study\cases\be19b07fd9cbf4f1,90.0
screen,original,1000,read,90,1,0,8,3c645498b9004a58,be19b07fd9cbf4f1,7,4096,1,1e-05,0.009654510853550183,0.0027544521017295017,0.01003975030576161,15.923558745634116,0.011045241755518869,799.9999999999951,0.7320001000771299,finite_RF_static_Bloch,runs\combined_factor_study\cases\be19b07fd9cbf4f1,90.0
screen,original,1000,read,90,1,0,8,3c645498b9004a58,be19b07fd9cbf4f1,8,4096,1,1e-05,-0.0008278170500010721,0.000743426439482657,0.0011126382786846487,138.07437038097245,0.0036188206073341066,-1450.0000000000068,0.7320233000209555,finite_RF_static_Bloch,runs\combined_factor_study\cases\be19b07fd9cbf4f1,90.0
screen,irregular_energy_matched,1000,read,0,1,0,8,5223a098a378cbc1,be5159e8d6fc44e9,1,4096,1,1e-05,-0.0032448769234316712,0.2454870004702392,0.2455084451217991,90.75729845474417,0.24605053744096478,100.00000000000287,6.427101999986917,finite_RF_static_Bloch,runs\combined_factor_study\cases\be5159e8d6fc44e9,0.0
screen,irregular_energy_matched,1000,read,0,1,0,8,5223a098a378cbc1,be5159e8d6fc44e9,2,4096,1,1e-05,0.011154491784515896,0.17722857944222226,0.17757925570876493,86.39864282050262,0.17780257355359722,-49.99999999999449,6.427147199981846,finite_RF_static_Bloch,runs\combined_factor_study\cases\be5159e8d6fc44e9,0.0
screen,irregular_energy_matched,1000,read,0,1,0,8,5223a098a378cbc1,be5159e8d6fc44e9,3,4096,1,1e-05,-0.005422018362728196,0.12261430279819177,0.12273412538415068,92.53197636399946,0.12314734608014949,100.00000000000287,6.4271727000596,finite_RF_static_Bloch,runs\combined_factor_study\cases\be5159e8d6fc44e9,0.0
screen,irregular_energy_matched,1000,read,0,1,0,8,5223a098a378cbc1,be5159e8d6fc44e9,4,4096,1,1e-05,0.008074242654891269,0.10531286353975686,0.1056219324827638,85.61576103043257,0.10571452992930172,-49.99999999999449,6.427196100004949,finite_RF_static_Bloch,runs\combined_factor_study\cases\be5159e8d6fc44e9,0.0
screen,irregular_energy_matched,1000,read,0,1,0,8,5223a098a378cbc1,be5159e8d6fc44e9,5,4096,1,1e-05,0.001015097250338666,0.09300256616800434,0.0930081057556903,89.37465726792958,0.09307078801573926,-450.00000000000597,6.427218800061382,finite_RF_static_Bloch,runs\combined_factor_study\cases\be5159e8d6fc44e9,0.0
screen,irregular_energy_matched,1000,read,0,1,0,8,5223a098a378cbc1,be5159e8d6fc44e9,6,4096,1,1e-05,-0.008038812931582855,0.0688952941929077,0.06936269945205625,96.65526898551187,0.06983012135436138,-400.0000000000115,6.427241400000639,finite_RF_static_Bloch,runs\combined_factor_study\cases\be5159e8d6fc44e9,0.0
screen,irregular_energy_matched,1000,read,0,1,0,8,5223a098a378cbc1,be5159e8d6fc44e9,7,4096,1,1e-05,-0.0016200504887567105,0.05093575785008998,0.05096151480626458,91.82172168846299,0.05099649713342986,49.99999999999449,6.427263600053266,finite_RF_static_Bloch,runs\combined_factor_study\cases\be5159e8d6fc44e9,0.0
screen,irregular_energy_matched,1000,read,0,1,0,8,5223a098a378cbc1,be5159e8d6fc44e9,8,4096,1,1e-05,0.004284097169744278,0.0346572272439785,0.03492100927522824,82.95322188501447,0.03497329511055671,-49.99999999999449,6.427285699988715,finite_RF_static_Bloch,runs\combined_factor_study\cases\be5159e8d6fc44e9,0.0
screen,irregular_seeded,1000,read,90,0.8,0,8,6be912d1732fa68c,bef07e9ed1264ef3,1,4096,1,1e-05,0.2697744019263688,-0.002610747172157214,0.2697870344096004,-0.5544637436942854,0.26982065473564965,50.000000000001435,1.683528299909085,finite_RF_static_Bloch,runs\combined_factor_study\cases\bef07e9ed1264ef3,90.0
screen,irregular_seeded,1000,read,90,0.8,0,8,6be912d1732fa68c,bef07e9ed1264ef3,2,4096,1,1e-05,-0.1885901834484623,-0.0011128223911125988,0.1885934666599,-179.6619161973727,0.18870317429819508,-49.99999999999449,1.6835817999672145,finite_RF_static_Bloch,runs\combined_factor_study\cases\bef07e9ed1264ef3,90.0
screen,irregular_seeded,1000,read,90,0.8,0,8,6be912d1732fa68c,bef07e9ed1264ef3,3,4096,1,1e-05,0.13832296172535727,-0.006243783881031927,0.13846380963135344,-2.584529601050425,0.1385365598969268,49.99999999999449,1.6836087999399751,finite_RF_static_Bloch,runs\combined_factor_study\cases\bef07e9ed1264ef3,90.0
screen,irregular_seeded,1000,read,90,0.8,0,8,6be912d1732fa68c,bef07e9ed1264ef3,4,4096,1,1e-05,-0.08961980891895996,0.0022925418428608084,0.0896491265923554,178.5346506154578,0.08979156204594038,-49.99999999999449,1.6836321000009775,finite_RF_static_Bloch,runs\combined_factor_study\cases\bef07e9ed1264ef3,90.0
screen,irregular_seeded,1000,read,90,0.8,0,8,6be912d1732fa68c,bef07e9ed1264ef3,5,4096,1,1e-05,0.076112489170703,0.0040991048978084015,0.0762227896939204,3.0827363415151146,0.07622278969392039,0.0,1.6836542999371886,finite_RF_static_Bloch,runs\combined_factor_study\cases\bef07e9ed1264ef3,90.0
screen,irregular_seeded,1000,read,90,0.8,0,8,6be912d1732fa68c,bef07e9ed1264ef3,6,4096,1,1e-05,-0.06322001390045545,0.001994363424824042,0.06325146356444297,178.19312403024645,0.06325146356444297,0.0,1.6836758999852464,finite_RF_static_Bloch,runs\combined_factor_study\cases\bef07e9ed1264ef3,90.0
screen,irregular_seeded,1000,read,90,0.8,0,8,6be912d1732fa68c,bef07e9ed1264ef3,7,4096,1,1e-05,0.04958242260370115,-0.001607209544418394,0.049608464537533155,-1.8565872071379537,0.049622774850877356,49.99999999999449,1.683697999920696,finite_RF_static_Bloch,runs\combined_factor_study\cases\bef07e9ed1264ef3,90.0
screen,irregular_seeded,1000,read,90,0.8,0,8,6be912d1732fa68c,bef07e9ed1264ef3,8,4096,1,1e-05,-0.03818721336102607,0.00012995258772522918,0.038187434477267315,179.80502096340336,0.03826466046295026,-99.99999999998899,1.683719899971038,finite_RF_static_Bloch,runs\combined_factor_study\cases\bef07e9ed1264ef3,90.0
screen,high_low_permutation_alternating,1000,read,0,1,0,8,823de6099de30e8c,c11a3a93fa1178d1,1,4096,1,1e-05,-0.0032448769234316712,0.2454870004702392,0.2455084451217991,90.75729845474417,0.24605053744096478,100.00000000000287,0.8098936999449506,finite_RF_static_Bloch,runs\combined_factor_study\cases\c11a3a93fa1178d1,0.0
screen,high_low_permutation_alternating,1000,read,0,1,0,8,823de6099de30e8c,c11a3a93fa1178d1,2,4096,1,1e-05,-0.0022731496269615546,0.1707957251000068,0.17081085129951096,90.76251434558446,0.17111110912298916,-100.00000000000287,0.8099401999497786,finite_RF_static_Bloch,runs\combined_factor_study\cases\c11a3a93fa1178d1,0.0
screen,high_low_permutation_alternating,1000,read,0,1,0,8,823de6099de30e8c,c11a3a93fa1178d1,3,4096,1,1e-05,-0.0012218517552362194,0.1248757836500551,0.12488176113399083,90.56059479875745,0.12488298657778087,49.99999999999449,0.8099653999088332,finite_RF_static_Bloch,runs\combined_factor_study\cases\c11a3a93fa1178d1,0.0
screen,high_low_permutation_alternating,1000,read,0,1,0,8,823de6099de30e8c,c11a3a93fa1178d1,4,4096,1,1e-05,-0.003322509318141365,0.1031875993905393,0.103241075818453,91.84421399080261,0.10338318572832902,-49.99999999999449,0.8099881999660283,finite_RF_static_Bloch,runs\combined_factor_study\cases\c11a3a93fa1178d1,0.0
screen,high_low_permutation_alternating,1000,read,0,1,0,8,823de6099de30e8c,c11a3a93fa1178d1,5,4096,1,1e-05,-0.005338095489124011,0.08831642944877754,0.08847760718979637,93.45891132948448,0.08852265152259513,49.99999999999449,0.8100104999030009,finite_RF_static_Bloch,runs\combined_factor_study\cases\c11a3a93fa1178d1,0.0
screen,high_low_permutation_alternating,1000,read,0,1,0,8,823de6099de30e8c,c11a3a93fa1178d1,6,4096,1,1e-05,0.00036613710347964054,0.07586154757397706,0.07586243112830837,89.723470604837,0.07597357640454093,-49.99999999999449,0.8100321999518201,finite_RF_static_Bloch,runs\combined_factor_study\cases\c11a3a93fa1178d1,0.0
screen,high_low_permutation_alternating,1000,read,0,1,0,8,823de6099de30e8c,c11a3a93fa1178d1,7,4096,1,1e-05,-0.0011042545394866793,0.06169984143356941,0.061709722175809424,91.02532468816159,0.06173149857106961,49.99999999999449,0.8100539000006393,finite_RF_static_Bloch,runs\combined_factor_study\cases\c11a3a93fa1178d1,0.0
screen,high_low_permutation_alternating,1000,read,0,1,0,8,823de6099de30e8c,c11a3a93fa1178d1,8,4096,1,1e-05,-0.0015348460963330172,0.05253427716351576,0.05255669348077866,91.67348252888483,0.052584034183714316,-49.99999999999449,0.810075799934566,finite_RF_static_Bloch,runs\combined_factor_study\cases\c11a3a93fa1178d1,0.0
screen,original_flip160,1000,read,90,1,0,8,670e36a34ab9b168,c2343ed17721a478,1,4096,1,1e-05,0.27191486552940414,-0.002724924935978306,0.27192851875406643,-0.5741557085341619,0.2719515336006568,50.000000000001435,0.8096312000416219,finite_RF_static_Bloch,runs\combined_factor_study\cases\c2343ed17721a478,90.0
screen,original_flip160,1000,read,90,1,0,8,670e36a34ab9b168,c2343ed17721a478,2,4096,1,1e-05,-0.19781865827382866,0.0018085278354311879,0.19782692520026016,179.47619640038113,0.19782692520026013,0.0,0.8096869000000879,finite_RF_static_Bloch,runs\combined_factor_study\cases\c2343ed17721a478,90.0
screen,original_flip160,1000,read,90,1,0,8,670e36a34ab9b168,c2343ed17721a478,3,4096,1,1e-05,0.1231795200419006,0.003733608813514264,0.12323609046267794,1.7361210118289354,0.12323609046267794,0.0,0.8097135000862181,finite_RF_static_Bloch,runs\combined_factor_study\cases\c2343ed17721a478,90.0
screen,original_flip160,1000,read,90,1,0,8,670e36a34ab9b168,c2343ed17721a478,4,4096,1,1e-05,-0.0721318190303553,0.0009030945149699607,0.07213747220641223,179.2826910297121,0.07213747220641223,0.0,0.8097371000330895,finite_RF_static_Bloch,runs\combined_factor_study\cases\c2343ed17721a478,90.0
screen,original_flip160,1000,read,90,1,0,8,670e36a34ab9b168,c2343ed17721a478,5,4096,1,1e-05,0.05826334616555616,0.0016141428802988465,0.05828570119373573,1.5869312417586992,0.05828570119373573,0.0,0.8097597000887617,finite_RF_static_Bloch,runs\combined_factor_study\cases\c2343ed17721a478,90.0
screen,original_flip160,1000,read,90,1,0,8,670e36a34ab9b168,c2343ed17721a478,6,4096,1,1e-05,-0.02721135154963278,0.0063363201813760595,0.027939337977099882,166.89193006160068,0.028291414020477957,1099.9999999999898,0.8097816000226885,finite_RF_static_Bloch,runs\combined_factor_study\cases\c2343ed17721a478,90.0
screen,original_flip160,1000,read,90,1,0,8,670e36a34ab9b168,c2343ed17721a478,7,4096,1,1e-05,0.021586381607279576,0.002794700869872228,0.02176653908748845,7.376818402823182,0.023774929412765686,-3200.000000000008,0.809803600073792,finite_RF_static_Bloch,runs\combined_factor_study\cases\c2343ed17721a478,90.0
screen,original_flip160,1000,read,90,1,0,8,670e36a34ab9b168,c2343ed17721a478,8,4096,1,1e-05,0.0021545083765603995,0.00010079377926826662,0.0021568647919162917,2.678499929292757,0.005311035371613552,-3200.000000000008,0.8098254000069574,finite_RF_static_Bloch,runs\combined_factor_study\cases\c2343ed17721a478,90.0
screen,inc_alt_rf180,1000,read,0,1,0,8,922bb1655a93fd09,c2cf619c1ab8bf64,1,4096,1,1e-05,-0.0032448769234316712,0.2454870004702392,0.2455084451217991,90.75729845474417,0.24605053744096478,100.00000000000287,0.8106981000164524,finite_RF_static_Bloch,runs\combined_factor_study\cases\c2cf619c1ab8bf64,0.0
screen,inc_alt_rf180,1000,read,0,1,0,8,922bb1655a93fd09,c2cf619c1ab8bf64,2,4096,1,1e-05,0.004602386706785977,0.17584928148331624,0.17590949878161038,88.50077778894014,0.17591011999523243,-49.99999999999449,0.8107915999135002,finite_RF_static_Bloch,runs\combined_factor_study\cases\c2cf619c1ab8bf64,0.0
screen,inc_alt_rf180,1000,read,0,1,0,8,922bb1655a93fd09,c2cf619c1ab8bf64,3,4096,1,1e-05,0.0051119712583467215,0.12776328630859474,0.12786551364037965,87.70874530433358,0.1281765010806406,100.00000000000287,0.8108428999548778,finite_RF_static_Bloch,runs\combined_factor_study\cases\c2cf619c1ab8bf64,0.0
screen,inc_alt_rf180,1000,read,0,1,0,8,922bb1655a93fd09,c2cf619c1ab8bf64,4,4096,1,1e-05,0.0021052629231644755,0.10273637854483128,0.10275794669261604,88.82606529101427,0.10275794669261604,0.0,0.8108926999848336,finite_RF_static_Bloch,runs\combined_factor_study\cases\c2cf619c1ab8bf64,0.0
screen,inc_alt_rf180,1000,read,0,1,0,8,922bb1655a93fd09,c2cf619c1ab8bf64,5,4096,1,1e-05,-0.0010078190412709219,0.07160092623803666,0.07160801866665992,90.80641365509972,0.0716080186666599,0.0,0.8109409000026062,finite_RF_static_Bloch,runs\combined_factor_study\cases\c2cf619c1ab8bf64,0.0
screen,inc_alt_rf180,1000,read,0,1,0,8,922bb1655a93fd09,c2cf619c1ab8bf64,6,4096,1,1e-05,-0.00487722238017627,0.05268804691531992,0.05291330254195673,95.28867901017485,0.05291330254195673,0.0,0.8109873000066727,finite_RF_static_Bloch,runs\combined_factor_study\cases\c2cf619c1ab8bf64,0.0
screen,inc_alt_rf180,1000,read,0,1,0,8,922bb1655a93fd09,c2cf619c1ab8bf64,7,4096,1,1e-05,8.584857393347098e-05,0.04014253928764967,0.04014263108514617,89.87746780467491,0.040229051803330994,99.99999999998899,0.8110307999886572,finite_RF_static_Bloch,runs\combined_factor_study\cases\c2cf619c1ab8bf64,0.0
screen,inc_alt_rf180,1000,read,0,1,0,8,922bb1655a93fd09,c2cf619c1ab8bf64,8,4096,1,1e-05,-0.0033926962518195554,0.03295275658283063,0.033126946044940486,95.87825409272054,0.033126946044940486,0.0,0.8110717999516055,finite_RF_static_Bloch,runs\combined_factor_study\cases\c2cf619c1ab8bf64,0.0
screen,original_flip_train,1000,read,0,0.8,0,8,1a462b744aaf5bfa,c364ef21dea8f5e8,1,4096,1,1e-05,-0.004991579147107938,0.2738999308650644,0.2739454106026763,91.04404832138634,0.27420228076127723,50.000000000001435,1.9098829999566078,finite_RF_static_Bloch,runs\combined_factor_study\cases\c364ef21dea8f5e8,0.0
screen,original_flip_train,1000,read,0,0.8,0,8,1a462b744aaf5bfa,c364ef21dea8f5e8,2,4096,1,1e-05,0.006990329048065238,0.20000297464741595,0.20012509729670375,87.99826285456905,0.20027228827169727,-49.99999999999449,1.909936200012453,finite_RF_static_Bloch,runs\combined_factor_study\cases\c364ef21dea8f5e8,0.0
screen,original_flip_train,1000,read,0,0.8,0,8,1a462b744aaf5bfa,c364ef21dea8f5e8,3,4096,1,1e-05,-0.004213789666996457,0.1912818573774814,0.19132826499275224,91.26197708311362,0.19139220437027685,49.99999999999449,1.9099633999867365,finite_RF_static_Bloch,runs\combined_factor_study\cases\c364ef21dea8f5e8,0.0
screen,original_flip_train,1000,read,0,0.8,0,8,1a462b744aaf5bfa,c364ef21dea8f5e8,4,4096,1,1e-05,-0.0005735561953081315,0.13998415187951044,0.1399853268886958,90.23475632755328,0.1399853268886958,0.0,1.9099875000538304,finite_RF_static_Bloch,runs\combined_factor_study\cases\c364ef21dea8f5e8,0.0
screen,original_flip_train,1000,read,0,0.8,0,8,1a462b744aaf5bfa,c364ef21dea8f5e8,5,4096,1,1e-05,-0.011464956568242384,0.12958727039020357,0.13009345055111504,95.05595721722315,0.1301459347941209,49.99999999999449,1.9100111000007018,finite_RF_static_Bloch,runs\combined_factor_study\cases\c364ef21dea8f5e8,0.0
screen,original_flip_train,1000,read,0,0.8,0,8,1a462b744aaf5bfa,c364ef21dea8f5e8,6,4096,1,1e-05,-0.011945215818983739,0.10330978903043678,0.10399808022495154,96.59554809338522,0.10412264033514858,99.99999999998899,1.9100343000609428,finite_RF_static_Bloch,runs\combined_factor_study\cases\c364ef21dea8f5e8,0.0
screen,original_flip_train,1000,read,0,0.8,0,8,1a462b744aaf5bfa,c364ef21dea8f5e8,7,4096,1,1e-05,-0.0028132740036293873,0.09160481230041717,0.09164800132689288,91.75905692943513,0.09164800132689288,0.0,1.9100571000017226,finite_RF_static_Bloch,runs\combined_factor_study\cases\c364ef21dea8f5e8,0.0
screen,original_flip_train,1000,read,0,0.8,0,8,1a462b744aaf5bfa,c364ef21dea8f5e8,8,4096,1,1e-05,-0.004770701809335665,0.07488824178861397,0.07504004500227533,93.64506108524482,0.07519004819385872,99.99999999998899,1.9100798000581563,finite_RF_static_Bloch,runs\combined_factor_study\cases\c364ef21dea8f5e8,0.0
screen,inc_alt_rf180,1000,read,90,1,0,8,9c5948d9fa82f343,c820de49c22e187e,1,4096,1,1e-05,0.2441691149836675,-0.0033245236253082477,0.2441917467263025,-0.7800716445389309,0.2442087075211705,50.000000000001435,0.799777299980633,finite_RF_static_Bloch,runs\combined_factor_study\cases\c820de49c22e187e,90.0
screen,inc_alt_rf180,1000,read,90,1,0,8,9c5948d9fa82f343,c820de49c22e187e,2,4096,1,1e-05,-0.1694958258118429,-0.0006244725977888723,0.1694969761785265,-179.78890640985693,0.16965869100451395,-49.99999999999449,0.7998576000100002,finite_RF_static_Bloch,runs\combined_factor_study\cases\c820de49c22e187e,90.0
screen,inc_alt_rf180,1000,read,90,1,0,8,9c5948d9fa82f343,c820de49c22e187e,3,4096,1,1e-05,0.12774048870221283,0.004868002184981993,0.12783321125260505,2.182401842292357,0.12841716390935215,100.00000000000287,0.7999218000331894,finite_RF_static_Bloch,runs\combined_factor_study\cases\c820de49c22e187e,90.0
screen,inc_alt_rf180,1000,read,90,1,0,8,9c5948d9fa82f343,c820de49c22e187e,4,4096,1,1e-05,-0.10255080248649284,9.727684187389631e-05,0.10255084862353715,179.94565083181288,0.10257044444835696,-49.99999999999449,0.7999611999839544,finite_RF_static_Bloch,runs\combined_factor_study\cases\c820de49c22e187e,90.0
screen,inc_alt_rf180,1000,read,90,1,0,8,9c5948d9fa82f343,c820de49c22e187e,5,4096,1,1e-05,0.07192811378806911,-0.00018993447956644005,0.07192836455958071,-0.15129576178599724,0.07192836455958071,0.0,0.8000017000595108,finite_RF_static_Bloch,runs\combined_factor_study\cases\c820de49c22e187e,90.0
screen,inc_alt_rf180,1000,read,90,1,0,8,9c5948d9fa82f343,c820de49c22e187e,6,4096,1,1e-05,-0.06071212193263831,-0.0020149700699207337,0.06074555007526245,-178.09911240357587,0.06074555007526245,0.0,0.8000380999874324,finite_RF_static_Bloch,runs\combined_factor_study\cases\c820de49c22e187e,90.0
screen,inc_alt_rf180,1000,read,90,1,0,8,9c5948d9fa82f343,c820de49c22e187e,7,4096,1,1e-05,0.04136184370167807,-0.0029268289698644928,0.041465267902437146,-4.047592568725611,0.04146526790243714,0.0,0.8000754000386223,finite_RF_static_Bloch,runs\combined_factor_study\cases\c820de49c22e187e,90.0
screen,inc_alt_rf180,1000,read,90,1,0,8,9c5948d9fa82f343,c820de49c22e187e,8,4096,1,1e-05,-0.03441698168479438,-0.00030968232187826746,0.03441837490980589,-179.4844692842895,0.03443000792409176,-49.99999999999449,0.8001098000677302,finite_RF_static_Bloch,runs\combined_factor_study\cases\c820de49c22e187e,90.0
screen,inc_alt_center_flip160,1000,read,90,0.8,0,8,e195e48eac6f6195,c84a2aa0953e7dc2,1,4096,1,1e-05,0.2803973636451872,-0.0018177846016281846,0.2804032558299373,-0.37143689703194566,0.2806813556218453,-50.000000000001435,1.8327253001043573,finite_RF_static_Bloch,runs\combined_factor_study\cases\c84a2aa0953e7dc2,90.0
screen,inc_alt_center_flip160,1000,read,90,0.8,0,8,e195e48eac6f6195,c84a2aa0953e7dc2,2,4096,1,1e-05,-0.1859579132293715,0.0008057519379017818,0.1859596588747352,179.75174008108192,0.18611362701084658,-50.00000000000837,1.8327764000277966,finite_RF_static_Bloch,runs\combined_factor_study\cases\c84a2aa0953e7dc2,90.0
screen,inc_alt_center_flip160,1000,read,90,0.8,0,8,e195e48eac6f6195,c84a2aa0953e7dc2,3,4096,1,1e-05,0.11607623838224566,0.0005322798650311844,0.11607745878863235,0.262734013866073,0.11607893359721527,49.99999999999449,1.8328022001078352,finite_RF_static_Bloch,runs\combined_factor_study\cases\c84a2aa0953e7dc2,90.0
screen,inc_alt_center_flip160,1000,read,90,0.8,0,8,e195e48eac6f6195,c84a2aa0953e7dc2,4,4096,1,1e-05,-0.09261401012821387,0.000399946198976883,0.09261487369203165,179.7525742945723,0.09286553740995324,-149.99999999999736,1.8328253000508994,finite_RF_static_Bloch,runs\combined_factor_study\cases\c84a2aa0953e7dc2,90.0
screen,inc_alt_center_flip160,1000,read,90,0.8,0,8,e195e48eac6f6195,c84a2aa0953e7dc2,5,4096,1,1e-05,0.06220526914529429,-0.0027645648365348845,0.06226667108633564,-2.544699775219103,0.0627384340324755,200.00000000000574,1.8328478001058102,finite_RF_static_Bloch,runs\combined_factor_study\cases\c84a2aa0953e7dc2,90.0
screen,inc_alt_center_flip160,1000,read,90,0.8,0,8,e195e48eac6f6195,c84a2aa0953e7dc2,6,4096,1,1e-05,-0.04962068356535138,0.0018129830052586902,0.049653792854827204,177.9075240168433,0.04999293259808145,-250.00000000000023,1.832869700039737,finite_RF_static_Bloch,runs\combined_factor_study\cases\c84a2aa0953e7dc2,90.0
screen,inc_alt_center_flip160,1000,read,90,0.8,0,8,e195e48eac6f6195,c84a2aa0953e7dc2,7,4096,1,1e-05,0.03317300498082797,0.00045696877077227574,0.03317615227713272,0.7892177998362411,0.03359625868715303,250.00000000000023,1.8328924000961706,finite_RF_static_Bloch,runs\combined_factor_study\cases\c84a2aa0953e7dc2,90.0
screen,inc_alt_center_flip160,1000,read,90,0.8,0,8,e195e48eac6f6195,c84a2aa0953e7dc2,8,4096,1,1e-05,-0.02676161231941139,0.0009393428967539455,0.02677809289348578,177.98972138598137,0.026944932285724876,-99.99999999998899,1.832914200029336,finite_RF_static_Bloch,runs\combined_factor_study\cases\c84a2aa0953e7dc2,90.0
screen,increasing_alternating_centering,1000,read,0,0.8,0,8,d4d21aba7d252395,ca0eef591f1248d4,1,4096,1,1e-05,-0.005448413794415983,0.2909624802876619,0.2910134879142601,91.07276593143351,0.2910796142930561,-50.000000000001435,1.5874017999740317,finite_RF_static_Bloch,runs\combined_factor_study\cases\ca0eef591f1248d4,0.0
screen,increasing_alternating_centering,1000,read,0,0.8,0,8,d4d21aba7d252395,ca0eef591f1248d4,2,4096,1,1e-05,0.00021784565898888943,0.20295730822437952,0.2029574251374335,89.93850119435872,0.20330043546147633,-100.00000000000287,1.5874582000542432,finite_RF_static_Bloch,runs\combined_factor_study\cases\ca0eef591f1248d4,0.0
screen,increasing_alternating_centering,1000,read,0,0.8,0,8,d4d21aba7d252395,ca0eef591f1248d4,3,4096,1,1e-05,-0.009038245090426137,0.1440780395357892,0.14436125294133134,93.58955191514458,0.14436125294133137,0.0,1.5874836000148207,finite_RF_static_Bloch,runs\combined_factor_study\cases\ca0eef591f1248d4,0.0
screen,increasing_alternating_centering,1000,read,0,0.8,0,8,d4d21aba7d252395,ca0eef591f1248d4,4,4096,1,1e-05,-0.0032063817495576697,0.10652001527876084,0.10656826234349202,91.72415189078357,0.10663283709873797,-50.00000000000837,1.5875090999761596,finite_RF_static_Bloch,runs\combined_factor_study\cases\ca0eef591f1248d4,0.0
screen,increasing_alternating_centering,1000,read,0,0.8,0,8,d4d21aba7d252395,ca0eef591f1248d4,5,4096,1,1e-05,-0.0011749185854500414,0.0819969007991343,0.08200531796380955,90.82092455941667,0.08205372587625703,-49.99999999999449,1.5875307000242174,finite_RF_static_Bloch,runs\combined_factor_study\cases\ca0eef591f1248d4,0.0
screen,increasing_alternating_centering,1000,read,0,0.8,0,8,d4d21aba7d252395,ca0eef591f1248d4,6,4096,1,1e-05,0.0031584138591125247,0.06618263804345986,0.06625795919357202,87.2677639052778,0.06630831099791695,-49.99999999999449,1.5875523999566212,finite_RF_static_Bloch,runs\combined_factor_study\cases\ca0eef591f1248d4,0.0
screen,increasing_alternating_centering,1000,read,0,0.8,0,8,d4d21aba7d252395,ca0eef591f1248d4,7,4096,1,1e-05,7.813748692443647e-05,0.049904629140568146,0.049904690311878566,89.91028999431163,0.049922157391966863,-49.99999999999449,1.5875743000069633,finite_RF_static_Bloch,runs\combined_factor_study\cases\ca0eef591f1248d4,0.0
screen,increasing_alternating_centering,1000,read,0,0.8,0,8,d4d21aba7d252395,ca0eef591f1248d4,8,4096,1,1e-05,0.00028169920127250935,0.04296229645675771,0.04296321998265882,89.62432306095937,0.04297018677758742,49.99999999999449,1.5875958000542596,finite_RF_static_Bloch,runs\combined_factor_study\cases\ca0eef591f1248d4,0.0
screen,inc_alt_center_flip_train,1000,read,90,1,0,8,782b06a986f9fc2e,cc1b2b06f2f4c811,1,4096,1,1e-05,0.24801095795424974,-0.004883178596691768,0.24805902664203094,-1.127971844426363,0.24833080151775808,-50.000000000001435,0.7844336000271142,finite_RF_static_Bloch,runs\combined_factor_study\cases\cc1b2b06f2f4c811,90.0
screen,inc_alt_center_flip_train,1000,read,90,1,0,8,782b06a986f9fc2e,cc1b2b06f2f4c811,2,4096,1,1e-05,-0.17827885324408532,-0.0011592839356904241,0.17828262240967194,-179.62743118781603,0.17828262240967196,0.0,0.7844828999368474,finite_RF_static_Bloch,runs\combined_factor_study\cases\cc1b2b06f2f4c811,90.0
screen,inc_alt_center_flip_train,1000,read,90,1,0,8,782b06a986f9fc2e,cc1b2b06f2f4c811,3,4096,1,1e-05,0.13487495571758934,0.002932058139202557,0.13490682208381216,1.2453616700786379,0.13490943825586318,49.99999999999449,0.7845090000191703,finite_RF_static_Bloch,runs\combined_factor_study\cases\cc1b2b06f2f4c811,90.0
screen,inc_alt_center_flip_train,1000,read,90,1,0,8,782b06a986f9fc2e,cc1b2b06f2f4c811,4,4096,1,1e-05,-0.11346410215725605,-0.001252122110240591,0.11347101078306825,-179.36774363892462,0.11355933013787942,-50.00000000000837,0.7845325999660417,finite_RF_static_Bloch,runs\combined_factor_study\cases\cc1b2b06f2f4c811,90.0
screen,inc_alt_center_flip_train,1000,read,90,1,0,8,782b06a986f9fc2e,cc1b2b06f2f4c811,5,4096,1,1e-05,0.0813715750666352,-8.555148693327415e-05,0.08137162003967946,-0.06023893874790527,0.08143292905094467,-49.99999999999449,0.7845549000194296,finite_RF_static_Bloch,runs\combined_factor_study\cases\cc1b2b06f2f4c811,90.0
screen,inc_alt_center_flip_train,1000,read,90,1,0,8,782b06a986f9fc2e,cc1b2b06f2f4c811,6,4096,1,1e-05,-0.064340949638305,-0.0017996380675648455,0.06436611295963995,-178.3978354428308,0.06463854887007126,-299.9999999999947,0.7845772999571636,finite_RF_static_Bloch,runs\combined_factor_study\cases\cc1b2b06f2f4c811,90.0
screen,inc_alt_center_flip_train,1000,read,90,1,0,8,782b06a986f9fc2e,cc1b2b06f2f4c811,7,4096,1,1e-05,0.0529522517743939,-0.003807657151029424,0.053088974570607295,-4.112909721725159,0.05309309621691478,-49.99999999999449,0.7845991000067443,finite_RF_static_Bloch,runs\combined_factor_study\cases\cc1b2b06f2f4c811,90.0
screen,inc_alt_center_flip_train,1000,read,90,1,0,8,782b06a986f9fc2e,cc1b2b06f2f4c811,8,4096,1,1e-05,-0.04177009822605079,0.0006474053340676221,0.04177511507441375,179.112029298776,0.04188361359373303,-349.9999999999892,0.7846207999391481,finite_RF_static_Bloch,runs\combined_factor_study\cases\cc1b2b06f2f4c811,90.0
screen,increasing_centering_rf180,1000,read,0,0.8,0,8,8b05f505518b606a,ccdde4b4a0a42df8,1,4096,1,1e-05,-0.005448413794415983,0.2909624802876619,0.2910134879142601,91.07276593143351,0.2910796142930561,-50.000000000001435,1.731884100008756,finite_RF_static_Bloch,runs\combined_factor_study\cases\ccdde4b4a0a42df8,0.0
screen,increasing_centering_rf180,1000,read,0,0.8,0,8,8b05f505518b606a,ccdde4b4a0a42df8,2,4096,1,1e-05,0.000698179913585732,0.19391107198434399,0.19391232888423873,89.79370652165561,0.19409304365730207,-50.00000000000837,1.7319345000432804,finite_RF_static_Bloch,runs\combined_factor_study\cases\ccdde4b4a0a42df8,0.0
screen,increasing_centering_rf180,1000,read,0,0.8,0,8,8b05f505518b606a,ccdde4b4a0a42df8,3,4096,1,1e-05,-0.004195119003846701,0.13008471879004274,0.13015234568051753,91.84709888640445,0.13018156223947774,-49.99999999999449,1.731960600009188,finite_RF_static_Bloch,runs\combined_factor_study\cases\ccdde4b4a0a42df8,0.0
screen,increasing_centering_rf180,1000,read,0,0.8,0,8,8b05f505518b606a,ccdde4b4a0a42df8,4,4096,1,1e-05,0.0023099747882269024,0.10890648185340551,0.10893097710572686,88.7849027780379,0.10911858411198798,-100.00000000000287,1.7319844000739977,finite_RF_static_Bloch,runs\combined_factor_study\cases\ccdde4b4a0a42df8,0.0
screen,increasing_centering_rf180,1000,read,0,0.8,0,8,8b05f505518b606a,ccdde4b4a0a42df8,5,4096,1,1e-05,0.0050180846207727075,0.09192456876129745,0.09206143337582649,86.87537306468175,0.09206143337582649,0.0,1.7320077000185847,finite_RF_static_Bloch,runs\combined_factor_study\cases\ccdde4b4a0a42df8,0.0
screen,increasing_centering_rf180,1000,read,0,0.8,0,8,8b05f505518b606a,ccdde4b4a0a42df8,6,4096,1,1e-05,0.0021903426683041677,0.08031627582026193,0.08034613719800714,88.43784723586856,0.08050193059229448,-99.99999999998899,1.7320305000757799,finite_RF_static_Bloch,runs\combined_factor_study\cases\ccdde4b4a0a42df8,0.0
screen,increasing_centering_rf180,1000,read,0,0.8,0,8,8b05f505518b606a,ccdde4b4a0a42df8,7,4096,1,1e-05,-0.0014985987731655074,0.06131443627714027,0.06133274732364781,91.40009920578622,0.061638315039392474,-150.00000000001123,1.7320533000165597,finite_RF_static_Bloch,runs\combined_factor_study\cases\ccdde4b4a0a42df8,0.0
screen,increasing_centering_rf180,1000,read,0,0.8,0,8,8b05f505518b606a,ccdde4b4a0a42df8,8,4096,1,1e-05,0.0016718842811543847,0.051492584152382725,0.05151971874670695,88.14034827122147,0.0515985446234415,-200.00000000000574,1.732075700070709,finite_RF_static_Bloch,runs\combined_factor_study\cases\ccdde4b4a0a42df8,0.0
screen,inc_alt_center_rf90_exploratory,1000,read,90,0.8,0,8,549e8ad1b8690c9e,cda1b7141753141e,1,4096,1,1e-05,0.28710010648972295,-0.0027558501448304547,0.28711333277371676,-0.5499605518006698,0.2873763453224863,-50.000000000001435,2.0949787000427023,finite_RF_static_Bloch,runs\combined_factor_study\cases\cda1b7141753141e,90.0
screen,inc_alt_center_rf90_exploratory,1000,read,90,0.8,0,8,549e8ad1b8690c9e,cda1b7141753141e,2,4096,1,1e-05,0.1992894223092614,0.0008059644848290208,0.19929105203974898,0.2317138116467862,0.199291052039749,0.0,2.0951672000810504,finite_RF_static_Bloch,runs\combined_factor_study\cases\cda1b7141753141e,90.0
screen,inc_alt_center_rf90_exploratory,1000,read,90,0.8,0,8,549e8ad1b8690c9e,cda1b7141753141e,3,4096,1,1e-05,-0.15411383708357865,0.004926774253612497,0.15419256754192104,178.1689686466194,0.15447017060668505,-49.99999999999449,2.095237600035034,finite_RF_static_Bloch,runs\combined_factor_study\cases\cda1b7141753141e,90.0
screen,inc_alt_center_rf90_exploratory,1000,read,90,0.8,0,8,549e8ad1b8690c9e,cda1b7141753141e,4,4096,1,1e-05,-0.1071559519686009,-0.005922896869055994,0.10731951709553382,-176.8362744118171,0.10749079409675649,-50.00000000000837,2.095287600066513,finite_RF_static_Bloch,runs\combined_factor_study\cases\cda1b7141753141e,90.0
screen,inc_alt_center_rf90_exploratory,1000,read,90,0.8,0,8,549e8ad1b8690c9e,cda1b7141753141e,5,4096,1,1e-05,0.07820589090782382,-0.006414023837183279,0.07846847184997549,-4.688596033176006,0.0785262592679969,49.99999999999449,2.0953376999823377,finite_RF_static_Bloch,runs\combined_factor_study\cases\cda1b7141753141e,90.0
screen,inc_alt_center_rf90_exploratory,1000,read,90,0.8,0,8,549e8ad1b8690c9e,cda1b7141753141e,6,4096,1,1e-05,0.05723705489399673,0.0005799340456121784,0.057239992806041265,0.5805091873271735,0.05770233150728604,-199.99999999997797,2.0953997999895364,finite_RF_static_Bloch,runs\combined_factor_study\cases\cda1b7141753141e,90.0
screen,inc_alt_center_rf90_exploratory,1000,read,90,0.8,0,8,549e8ad1b8690c9e,cda1b7141753141e,7,4096,1,1e-05,-0.04767954485383025,0.0019710856420139737,0.047720270075478036,177.63272450185067,0.04781857439735139,-99.99999999998899,2.095454900059849,finite_RF_static_Bloch,runs\combined_factor_study\cases\cda1b7141753141e,90.0
screen,inc_alt_center_rf90_exploratory,1000,read,90,0.8,0,8,549e8ad1b8690c9e,cda1b7141753141e,8,4096,1,1e-05,-0.035739171421302764,-0.002126569732459998,0.035802383617690586,-176.59477338495307,0.03586283064316767,49.99999999999449,2.096023900085129,finite_RF_static_Bloch,runs\combined_factor_study\cases\cda1b7141753141e,90.0
screen,high_low,1000,read,0,1,0,8,70bccb690eab1867,d14d2b29f91688e2,1,4096,1,1e-05,-0.0032448769234316712,0.2454870004702392,0.2455084451217991,90.75729845474417,0.24605053744096478,100.00000000000287,0.792729299981147,finite_RF_static_Bloch,runs\combined_factor_study\cases\d14d2b29f91688e2,0.0
screen,high_low,1000,read,0,1,0,8,70bccb690eab1867,d14d2b29f91688e2,2,4096,1,1e-05,-0.0008752570523464289,0.1687152191845434,0.16871748948877888,90.29723510098866,0.16888421120816402,-49.99999999999449,0.7927895999746397,finite_RF_static_Bloch,runs\combined_factor_study\cases\d14d2b29f91688e2,0.0
screen,high_low,1000,read,0,1,0,8,70bccb690eab1867,d14d2b29f91688e2,3,4096,1,1e-05,0.0011735096578386842,0.12840305661857038,0.1284084190149105,89.47637322307062,0.12854315568344016,49.99999999999449,0.7928168000653386,finite_RF_static_Bloch,runs\combined_factor_study\cases\d14d2b29f91688e2,0.0
screen,high_low,1000,read,0,1,0,8,70bccb690eab1867,d14d2b29f91688e2,4,4096,1,1e-05,0.0029799806760317385,0.09514186032579838,0.09518851753800588,88.20599981897477,0.09531004217562422,-49.99999999999449,0.7928593000397086,finite_RF_static_Bloch,runs\combined_factor_study\cases\d14d2b29f91688e2,0.0
screen,high_low,1000,read,0,1,0,8,70bccb690eab1867,d14d2b29f91688e2,5,4096,1,1e-05,-0.0005550741459070456,0.06825907015092764,0.06826132701007734,90.46591178006938,0.06837342778168104,49.99999999999449,0.7928836999926716,finite_RF_static_Bloch,runs\combined_factor_study\cases\d14d2b29f91688e2,0.0
screen,high_low,1000,read,0,1,0,8,70bccb690eab1867,d14d2b29f91688e2,6,4096,1,1e-05,0.0031861123979198738,0.0589856608138767,0.059071647123318714,86.9081711909482,0.05910406552937652,-49.99999999999449,0.792905900045298,finite_RF_static_Bloch,runs\combined_factor_study\cases\d14d2b29f91688e2,0.0
screen,high_low,1000,read,0,1,0,8,70bccb690eab1867,d14d2b29f91688e2,7,4096,1,1e-05,-0.003867529519749466,0.04521337536155426,0.04537848715163315,94.88915085896559,0.045440926235266056,49.99999999999449,0.7929277999792248,finite_RF_static_Bloch,runs\combined_factor_study\cases\d14d2b29f91688e2,0.0
screen,high_low,1000,read,0,1,0,8,70bccb690eab1867,d14d2b29f91688e2,8,4096,1,1e-05,0.0020406578282736935,0.03928227859970552,0.039335247505983446,87.02623985535601,0.039458018860862504,-99.99999999998899,0.7929530000546947,finite_RF_static_Bloch,runs\combined_factor_study\cases\d14d2b29f91688e2,0.0
screen,inc_alt_rf90_exploratory,1000,read,0,1,0,8,c839d25ea6f836d7,d166494e6674e786,1,4096,1,1e-05,-0.0032448769234316712,0.2454870004702392,0.2455084451217991,90.75729845474417,0.24605053744096478,100.00000000000287,0.8037251000059769,finite_RF_static_Bloch,runs\combined_factor_study\cases\d166494e6674e786,0.0
screen,inc_alt_rf90_exploratory,1000,read,0,1,0,8,c839d25ea6f836d7,d166494e6674e786,2,4096,1,1e-05,0.00472722688364724,-0.17511553444151048,0.1751793283374078,-88.45368152454797,0.1753186054855376,-49.99999999999449,0.8037999999942258,finite_RF_static_Bloch,runs\combined_factor_study\cases\d166494e6674e786,0.0
screen,inc_alt_rf90_exploratory,1000,read,0,1,0,8,c839d25ea6f836d7,d166494e6674e786,3,4096,1,1e-05,0.002716189110058753,-0.12993437051396783,0.12996275745051994,-88.80244535265449,0.13002414115609975,49.99999999999449,0.8038262000773102,finite_RF_static_Bloch,runs\combined_factor_study\cases\d166494e6674e786,0.0
screen,inc_alt_rf90_exploratory,1000,read,0,1,0,8,c839d25ea6f836d7,d166494e6674e786,4,4096,1,1e-05,-0.0066228408612633224,0.10013214324694061,0.10035092491999989,93.78408901840464,0.10035092491999988,0.0,0.803849900024943,finite_RF_static_Bloch,runs\combined_factor_study\cases\d166494e6674e786,0.0
screen,inc_alt_rf90_exploratory,1000,read,0,1,0,8,c839d25ea6f836d7,d166494e6674e786,5,4096,1,1e-05,-0.0028654042369390936,0.07650837704087055,0.07656201603190106,92.14484843590341,0.07669893056891235,450.00000000000597,0.8038729999680072,finite_RF_static_Bloch,runs\combined_factor_study\cases\d166494e6674e786,0.0
screen,inc_alt_rf90_exploratory,1000,read,0,1,0,8,c839d25ea6f836d7,d166494e6674e786,6,4096,1,1e-05,-0.0023031044634307762,-0.06155151072732483,0.06159458387703791,-92.14286590346468,0.06190422513709559,-150.00000000001123,0.803895500022918,finite_RF_static_Bloch,runs\combined_factor_study\cases\d166494e6674e786,0.0
screen,inc_alt_rf90_exploratory,1000,read,0,1,0,8,c839d25ea6f836d7,d166494e6674e786,7,4096,1,1e-05,-0.0038482298461044234,-0.05125264662487564,0.05139691293261518,-94.29391268516869,0.05157772181439043,99.99999999998899,0.8039180000778288,finite_RF_static_Bloch,runs\combined_factor_study\cases\d166494e6674e786,0.0
screen,inc_alt_rf90_exploratory,1000,read,0,1,0,8,c839d25ea6f836d7,d166494e6674e786,8,4096,1,1e-05,-0.004515699589290457,0.04318026839198586,0.04341574738714803,95.97016819200039,0.04356302271800911,99.99999999998899,0.8039403000148013,finite_RF_static_Bloch,runs\combined_factor_study\cases\d166494e6674e786,0.0
screen,original_flip160,1000,read,90,0.8,0,8,670e36a34ab9b168,d190b09029cfdd55,1,4096,1,1e-05,0.2619756779805855,-0.0017756276129685803,0.26198169536593086,-0.3883353262149772,0.2619953892547663,50.000000000001435,1.939366600010544,finite_RF_static_Bloch,runs\combined_factor_study\cases\d190b09029cfdd55,90.0
screen,original_flip160,1000,read,90,0.8,0,8,670e36a34ab9b168,d190b09029cfdd55,2,4096,1,1e-05,-0.1816464787874723,0.0009860730206458493,0.18164915523032216,179.68897130412267,0.18168066796665483,49.99999999999449,1.939431699924171,finite_RF_static_Bloch,runs\combined_factor_study\cases\d190b09029cfdd55,90.0
screen,original_flip160,1000,read,90,0.8,0,8,670e36a34ab9b168,d190b09029cfdd55,3,4096,1,1e-05,0.05947871894184876,0.0005460023812708388,0.05948122498371895,0.5259486738968201,0.060032339726404746,149.99999999999736,1.9394592000171542,finite_RF_static_Bloch,runs\combined_factor_study\cases\d190b09029cfdd55,90.0
screen,original_flip160,1000,read,90,0.8,0,8,670e36a34ab9b168,d190b09029cfdd55,4,4096,1,1e-05,0.001519282039625486,-0.0008699319366852142,0.0017507139944586793,-29.795197897595493,0.008638125883043447,3150.0,1.9394832999678329,finite_RF_static_Bloch,runs\combined_factor_study\cases\d190b09029cfdd55,90.0
screen,original_flip160,1000,read,90,0.8,0,8,670e36a34ab9b168,d190b09029cfdd55,5,4096,1,1e-05,-0.06098236818899022,0.0017962767922689586,0.061008817725407616,178.31280200955317,0.06110566833336945,-49.99999999999449,1.9395065000280738,finite_RF_static_Bloch,runs\combined_factor_study\cases\d190b09029cfdd55,90.0
screen,original_flip160,1000,read,90,0.8,0,8,670e36a34ab9b168,d190b09029cfdd55,6,4096,1,1e-05,0.04289352094352941,0.00018774523846953027,0.04289393182266653,0.25078242254787414,0.04290182227781423,49.99999999999449,1.939529399969615,finite_RF_static_Bloch,runs\combined_factor_study\cases\d190b09029cfdd55,90.0
screen,original_flip160,1000,read,90,0.8,0,8,670e36a34ab9b168,d190b09029cfdd55,7,4096,1,1e-05,-0.05001931470547293,0.0017367571594554103,0.05004945723018443,178.0113902895497,0.050335743945999066,-299.9999999999947,1.9395527000306174,finite_RF_static_Bloch,runs\combined_factor_study\cases\d190b09029cfdd55,90.0
screen,original_flip160,1000,read,90,0.8,0,8,670e36a34ab9b168,d190b09029cfdd55,8,4096,1,1e-05,0.016604385984249334,0.0010036726690924988,0.016634692445026418,3.4591055291998387,0.01682803378238227,200.00000000000574,1.9395759999752045,finite_RF_static_Bloch,runs\combined_factor_study\cases\d190b09029cfdd55,90.0
screen,inc_alt_center_duration500,1000,read,90,0.8,0,8,d468bdc847b5ebbb,d2b33e18e4bfad87,1,4096,1,1e-05,0.28710010648972295,-0.0027558501448304547,0.28711333277371676,-0.5499605518006698,0.2873763453224863,-50.000000000001435,1.0971556000877172,finite_RF_static_Bloch,runs\combined_factor_study\cases\d2b33e18e4bfad87,90.0
screen,inc_alt_center_duration500,1000,read,90,0.8,0,8,d468bdc847b5ebbb,d2b33e18e4bfad87,2,4096,1,1e-05,-0.20176720242630794,-0.0006623630742526834,0.20176828962892276,-179.81190960733258,0.20186890114710435,-50.00000000000837,1.097236100002192,finite_RF_static_Bloch,runs\combined_factor_study\cases\d2b33e18e4bfad87,90.0
screen,inc_alt_center_duration500,1000,read,90,0.8,0,8,d468bdc847b5ebbb,d2b33e18e4bfad87,3,4096,1,1e-05,0.13769157577152044,0.0012079017056889952,0.1376968738387875,0.502615313662467,0.1376968738387875,0.0,1.097263100091368,finite_RF_static_Bloch,runs\combined_factor_study\cases\d2b33e18e4bfad87,90.0
screen,inc_alt_center_duration500,1000,read,90,0.8,0,8,d468bdc847b5ebbb,d2b33e18e4bfad87,4,4096,1,1e-05,-0.11505716563560824,-0.001948373783727358,0.11507366129788739,-179.02984811688484,0.11515780886612814,-50.00000000000837,1.097288400051184,finite_RF_static_Bloch,runs\combined_factor_study\cases\d2b33e18e4bfad87,90.0
screen,inc_alt_center_duration500,1000,read,90,0.8,0,8,d468bdc847b5ebbb,d2b33e18e4bfad87,5,4096,1,1e-05,0.08584555987837218,-0.0018881206005111595,0.08586632139688563,-1.2599824904352321,0.08589051969654257,49.99999999999449,1.097311699995771,finite_RF_static_Bloch,runs\combined_factor_study\cases\d2b33e18e4bfad87,90.0
screen,inc_alt_center_duration500,1000,read,90,0.8,0,8,d468bdc847b5ebbb,d2b33e18e4bfad87,6,4096,1,1e-05,-0.06841317928664686,-0.00012974574517584845,0.06841330231808196,-179.89133855825216,0.06885615673011528,-799.9999999999951,1.0973350000567734,finite_RF_static_Bloch,runs\combined_factor_study\cases\d2b33e18e4bfad87,90.0
screen,inc_alt_center_duration500,1000,read,90,0.8,0,8,d468bdc847b5ebbb,d2b33e18e4bfad87,7,4096,1,1e-05,0.052470818004482854,-0.0027503332456059017,0.05254284989436191,-3.000494603868726,0.05254284989436191,0.0,1.097361100022681,finite_RF_static_Bloch,runs\combined_factor_study\cases\d2b33e18e4bfad87,90.0
screen,inc_alt_center_duration500,1000,read,90,0.8,0,8,d468bdc847b5ebbb,d2b33e18e4bfad87,8,4096,1,1e-05,-0.04288201292580982,-0.000273391776557982,0.04288288441363069,-179.63471904286934,0.043215103333695805,-750.0000000000007,1.0973836000775918,finite_RF_static_Bloch,runs\combined_factor_study\cases\d2b33e18e4bfad87,90.0
screen,decreasing,1000,read,90,1,0,8,a29db97dc86bbfa1,d365578d02099557,1,4096,1,1e-05,0.2441691149836675,-0.0033245236253082477,0.2441917467263025,-0.7800716445389309,0.2442087075211705,50.000000000001435,0.7843322999542579,finite_RF_static_Bloch,runs\combined_factor_study\cases\d365578d02099557,90.0
screen,decreasing,1000,read,90,1,0,8,a29db97dc86bbfa1,d365578d02099557,2,4096,1,1e-05,-0.1795435341204825,-0.001621182437673783,0.1795508531780595,-179.48266370225042,0.1797805656848216,-49.99999999999449,0.784388699918054,finite_RF_static_Bloch,runs\combined_factor_study\cases\d365578d02099557,90.0
screen,decreasing,1000,read,90,1,0,8,a29db97dc86bbfa1,d365578d02099557,3,4096,1,1e-05,0.11668187859235779,-0.004393350324104935,0.11676455934448618,-2.156303796170997,0.11677730413199941,49.99999999999449,0.7844143999973312,finite_RF_static_Bloch,runs\combined_factor_study\cases\d365578d02099557,90.0
screen,decreasing,1000,read,90,1,0,8,a29db97dc86bbfa1,d365578d02099557,4,4096,1,1e-05,-0.11342387799650067,-0.010780426513258851,0.11393504156128983,-174.5706052149909,0.11441708834145844,-100.00000000000287,0.7844379999442026,finite_RF_static_Bloch,runs\combined_factor_study\cases\d365578d02099557,90.0
screen,decreasing,1000,read,90,1,0,8,a29db97dc86bbfa1,d365578d02099557,5,4096,1,1e-05,0.09978370080491106,-0.004914498721028742,0.09990465076262967,-2.819625713467285,0.10005341281247104,49.99999999999449,0.7844603999983519,finite_RF_static_Bloch,runs\combined_factor_study\cases\d365578d02099557,90.0
screen,decreasing,1000,read,90,1,0,8,a29db97dc86bbfa1,d365578d02099557,6,4096,1,1e-05,-0.07467330178157554,-0.00797707170082824,0.07509817355889827,-173.90242921109646,0.0753333612248983,-99.99999999998899,0.784482599934563,finite_RF_static_Bloch,runs\combined_factor_study\cases\d365578d02099557,90.0
screen,decreasing,1000,read,90,1,0,8,a29db97dc86bbfa1,d365578d02099557,7,4096,1,1e-05,0.0648270853961314,-0.0012608583837852442,0.06483934580809152,-1.1142373011483275,0.06503513370725794,99.99999999998899,0.7845049999887124,finite_RF_static_Bloch,runs\combined_factor_study\cases\d365578d02099557,90.0
screen,decreasing,1000,read,90,1,0,8,a29db97dc86bbfa1,d365578d02099557,8,4096,1,1e-05,-0.048257663472269466,-0.0029118666255848608,0.04834543464535204,-176.5469602788609,0.04834543464535204,0.0,0.7845266999211162,finite_RF_static_Bloch,runs\combined_factor_study\cases\d365578d02099557,90.0
screen,inc_alt_center_flip_train,1000,read,0,1,0,8,3157c766f8db77d3,d3aca442d29fc7f8,1,4096,1,1e-05,-0.004910058550749369,0.2484525511242275,0.24850106405226652,91.13216392705218,0.24850106405226652,0.0,0.811375999939628,finite_RF_static_Bloch,runs\combined_factor_study\cases\d3aca442d29fc7f8,0.0
screen,inc_alt_center_flip_train,1000,read,0,1,0,8,3157c766f8db77d3,d3aca442d29fc7f8,2,4096,1,1e-05,0.0005521571318898764,0.17437418622541936,0.17437506042801973,89.81857310285281,0.1747746260794877,-100.00000000000287,0.8114316000137478,finite_RF_static_Bloch,runs\combined_factor_study\cases\d3aca442d29fc7f8,0.0
screen,inc_alt_center_flip_train,1000,read,0,1,0,8,3157c766f8db77d3,d3aca442d29fc7f8,3,4096,1,1e-05,-0.003412547956494158,0.13371740177252234,0.13376093981558868,91.46190518836664,0.13376093981558868,0.0,0.8114582999842241,finite_RF_static_Bloch,runs\combined_factor_study\cases\d3aca442d29fc7f8,0.0
screen,inc_alt_center_flip_train,1000,read,0,1,0,8,3157c766f8db77d3,d3aca442d29fc7f8,4,4096,1,1e-05,-0.004109547729383571,0.1028027090612883,0.10288481604629503,92.28918518479063,0.10292210088909419,-50.00000000000837,0.8114824999356642,finite_RF_static_Bloch,runs\combined_factor_study\cases\d3aca442d29fc7f8,0.0
screen,inc_alt_center_flip_train,1000,read,0,1,0,8,3157c766f8db77d3,d3aca442d29fc7f8,5,4096,1,1e-05,-0.00351586399921231,0.0794363981352749,0.07951416633762101,92.53426373069927,0.07951416633762101,0.0,0.8115063000004739,finite_RF_static_Bloch,runs\combined_factor_study\cases\d3aca442d29fc7f8,0.0
screen,inc_alt_center_flip_train,1000,read,0,1,0,8,3157c766f8db77d3,d3aca442d29fc7f8,6,4096,1,1e-05,0.002899751207230334,0.06314503858557323,0.0632115848166882,87.37070611996195,0.06325409739052656,-449.9999999999782,0.811529399943538,finite_RF_static_Bloch,runs\combined_factor_study\cases\d3aca442d29fc7f8,0.0
screen,inc_alt_center_flip_train,1000,read,0,1,0,8,3157c766f8db77d3,d3aca442d29fc7f8,7,4096,1,1e-05,0.0015899703064461775,0.04480845337028708,0.04483665352156171,87.96778562464787,0.04483665352156171,0.0,0.8115523000014946,finite_RF_static_Bloch,runs\combined_factor_study\cases\d3aca442d29fc7f8,0.0
screen,inc_alt_center_flip_train,1000,read,0,1,0,8,3157c766f8db77d3,d3aca442d29fc7f8,8,4096,1,1e-05,-0.0020185053281385444,0.04002627099903337,0.04007713480087846,92.8869525746394,0.04010667611652697,-49.99999999999449,0.8115746999392286,finite_RF_static_Bloch,runs\combined_factor_study\cases\d3aca442d29fc7f8,0.0
screen,decreasing,1000,read,90,0.8,0,8,a29db97dc86bbfa1,d3eb66ee31ebf564,1,4096,1,1e-05,0.2697744019263688,-0.002610747172157214,0.2697870344096004,-0.5544637436942854,0.26982065473564965,50.000000000001435,1.778784199967049,finite_RF_static_Bloch,runs\combined_factor_study\cases\d3eb66ee31ebf564,90.0
screen,decreasing,1000,read,90,0.8,0,8,a29db97dc86bbfa1,d3eb66ee31ebf564,2,4096,1,1e-05,-0.2072722237825957,-0.00537454920368889,0.2073418928507341,-178.51465867890735,0.2076222824517838,-49.99999999999449,1.778840700048022,finite_RF_static_Bloch,runs\combined_factor_study\cases\d3eb66ee31ebf564,90.0
screen,decreasing,1000,read,90,0.8,0,8,a29db97dc86bbfa1,d3eb66ee31ebf564,3,4096,1,1e-05,0.11707277979936508,-0.002817629913791181,0.11710668131358566,-1.378690615083209,0.11713621032809583,49.99999999999449,1.778866000007838,finite_RF_static_Bloch,runs\combined_factor_study\cases\d3eb66ee31ebf564,90.0
screen,decreasing,1000,read,90,0.8,0,8,a29db97dc86bbfa1,d3eb66ee31ebf564,4,4096,1,1e-05,-0.10106434382082076,-0.005604661443108135,0.10121963160289081,-176.8258354530297,0.10143998340427418,-100.00000000000287,1.7788898999569938,finite_RF_static_Bloch,runs\combined_factor_study\cases\d3eb66ee31ebf564,90.0
screen,decreasing,1000,read,90,0.8,0,8,a29db97dc86bbfa1,d3eb66ee31ebf564,5,4096,1,1e-05,0.08292356223955069,0.001864189005437142,0.08294451383391568,1.2878387193043481,0.08348204841398382,-399.99999999999756,1.7789122000103816,finite_RF_static_Bloch,runs\combined_factor_study\cases\d3eb66ee31ebf564,90.0
screen,decreasing,1000,read,90,0.8,0,8,a29db97dc86bbfa1,d3eb66ee31ebf564,6,4096,1,1e-05,-0.0735904467705607,-0.00043850380338498053,0.07359175321648691,-179.65859536140923,0.07396397744378887,-549.9999999999949,1.778933500056155,finite_RF_static_Bloch,runs\combined_factor_study\cases\d3eb66ee31ebf564,90.0
screen,decreasing,1000,read,90,0.8,0,8,a29db97dc86bbfa1,d3eb66ee31ebf564,7,4096,1,1e-05,0.05197295507908829,-0.004583955871010863,0.052174713330120984,-5.040380195651505,0.05267167928942813,150.00000000001123,1.7789559999946505,finite_RF_static_Bloch,runs\combined_factor_study\cases\d3eb66ee31ebf564,90.0
screen,decreasing,1000,read,90,0.8,0,8,a29db97dc86bbfa1,d3eb66ee31ebf564,8,4096,1,1e-05,-0.04335425246440058,0.001307186378174292,0.04337395466145862,178.27298189774163,0.04367290722209348,650.0000000000117,1.7789779000449926,finite_RF_static_Bloch,runs\combined_factor_study\cases\d3eb66ee31ebf564,90.0
screen,high_low_permutation_alternating_centering,1000,read,90,0.8,0,8,5dd811482568c653,d5288c41e07042f5,1,4096,1,1e-05,0.28710010648972295,-0.0027558501448304547,0.28711333277371676,-0.5499605518006698,0.2873763453224863,-50.000000000001435,2.6290266999276355,finite_RF_static_Bloch,runs\combined_factor_study\cases\d5288c41e07042f5,90.0
screen,high_low_permutation_alternating_centering,1000,read,90,0.8,0,8,5dd811482568c653,d5288c41e07042f5,2,4096,1,1e-05,-0.20176795633885053,-0.0006624247989117974,0.20176904374004082,-179.8118927824526,0.2018696855962758,-50.00000000000837,2.629086099914275,finite_RF_static_Bloch,runs\combined_factor_study\cases\d5288c41e07042f5,90.0
screen,high_low_permutation_alternating_centering,1000,read,90,0.8,0,8,5dd811482568c653,d5288c41e07042f5,3,4096,1,1e-05,0.14202423612141318,0.0010835367698592653,0.14202836934148952,0.43711468616858534,0.14211563546554767,-49.99999999999449,2.629114299896173,finite_RF_static_Bloch,runs\combined_factor_study\cases\d5288c41e07042f5,90.0
screen,high_low_permutation_alternating_centering,1000,read,90,0.8,0,8,5dd811482568c653,d5288c41e07042f5,4,4096,1,1e-05,-0.10877110656094297,0.0022221672114920927,0.10879380336033775,178.8296239916462,0.10880663717830759,-50.00000000000837,2.6291399999754503,finite_RF_static_Bloch,runs\combined_factor_study\cases\d5288c41e07042f5,90.0
screen,high_low_permutation_alternating_centering,1000,read,90,0.8,0,8,5dd811482568c653,d5288c41e07042f5,5,4096,1,1e-05,0.09112384928631614,0.0018769926421171763,0.09114317862645466,1.18002643031355,0.09119883649727753,-49.99999999999449,2.6291648999322206,finite_RF_static_Bloch,runs\combined_factor_study\cases\d5288c41e07042f5,90.0
screen,high_low_permutation_alternating_centering,1000,read,90,0.8,0,8,5dd811482568c653,d5288c41e07042f5,6,4096,1,1e-05,-0.07772818836781674,-0.002571813525523434,0.07777072387314436,-178.10493044690674,0.07784511051598779,-49.99999999999449,2.629189500003122,finite_RF_static_Bloch,runs\combined_factor_study\cases\d5288c41e07042f5,90.0
screen,high_low_permutation_alternating_centering,1000,read,90,0.8,0,8,5dd811482568c653,d5288c41e07042f5,7,4096,1,1e-05,0.06660515717592011,-0.0008008529743812063,0.06660997168529346,-0.6888848596453936,0.06671776442589993,-200.00000000000574,2.629214199958369,finite_RF_static_Bloch,runs\combined_factor_study\cases\d5288c41e07042f5,90.0
screen,high_low_permutation_alternating_centering,1000,read,90,0.8,0,8,5dd811482568c653,d5288c41e07042f5,8,4096,1,1e-05,-0.05843831103130495,0.0009688285072080322,0.05844634141559176,179.05020013857097,0.05853961271125922,-349.9999999999892,2.629238099907525,finite_RF_static_Bloch,runs\combined_factor_study\cases\d5288c41e07042f5,90.0
screen,inc_alt_rf90_exploratory,1000,read,90,0.8,0,8,95d0e6179492fa7a,d7330a379ac5a546,1,4096,1,1e-05,0.2697744019263688,-0.002610747172157214,0.2697870344096004,-0.5544637436942854,0.26982065473564965,50.000000000001435,1.784497700049542,finite_RF_static_Bloch,runs\combined_factor_study\cases\d7330a379ac5a546,90.0
screen,inc_alt_rf90_exploratory,1000,read,90,0.8,0,8,95d0e6179492fa7a,d7330a379ac5a546,2,4096,1,1e-05,0.20070484677904687,-0.002022040393895357,0.2007150322421199,-0.5772180540341395,0.200766295907874,-49.99999999999449,1.7846096000866964,finite_RF_static_Bloch,runs\combined_factor_study\cases\d7330a379ac5a546,90.0
screen,inc_alt_rf90_exploratory,1000,read,90,0.8,0,8,95d0e6179492fa7a,d7330a379ac5a546,3,4096,1,1e-05,-0.14131711278502398,0.0038179123710568516,0.14136867694354452,178.45243748208162,0.14136867694354452,0.0,1.7846756000071764,finite_RF_static_Bloch,runs\combined_factor_study\cases\d7330a379ac5a546,90.0
screen,inc_alt_rf90_exploratory,1000,read,90,0.8,0,8,95d0e6179492fa7a,d7330a379ac5a546,4,4096,1,1e-05,-0.1056270223908019,-0.005527376237432975,0.10577154507341331,-177.00449067409335,0.1059496523631824,-49.99999999999449,1.7847231000196189,finite_RF_static_Bloch,runs\combined_factor_study\cases\d7330a379ac5a546,90.0
screen,inc_alt_rf90_exploratory,1000,read,90,0.8,0,8,95d0e6179492fa7a,d7330a379ac5a546,5,4096,1,1e-05,0.07139219754271493,-0.004578123697973636,0.07153883621203228,-3.6691474267687476,0.07187337674656277,100.00000000000287,1.784767200006172,finite_RF_static_Bloch,runs\combined_factor_study\cases\d7330a379ac5a546,90.0
screen,inc_alt_rf90_exploratory,1000,read,90,0.8,0,8,95d0e6179492fa7a,d7330a379ac5a546,6,4096,1,1e-05,0.056510883572148174,-0.0008691429685031896,0.056517566929270624,-0.8811452723955246,0.05693393076156047,-200.00000000000574,1.784807400079444,finite_RF_static_Bloch,runs\combined_factor_study\cases\d7330a379ac5a546,90.0
screen,inc_alt_rf90_exploratory,1000,read,90,0.8,0,8,95d0e6179492fa7a,d7330a379ac5a546,7,4096,1,1e-05,-0.046192895529151456,0.0026655741461525757,0.04626974046713184,176.69739331616896,0.04626974046713184,0.0,1.7848546000896022,finite_RF_static_Bloch,runs\combined_factor_study\cases\d7330a379ac5a546,90.0
screen,inc_alt_rf90_exploratory,1000,read,90,0.8,0,8,95d0e6179492fa7a,d7330a379ac5a546,8,4096,1,1e-05,-0.03486978831461461,-0.0017580917301942606,0.034914080592761014,-177.11366153139457,0.034994610848027005,49.99999999999449,1.7848965000594035,finite_RF_static_Bloch,runs\combined_factor_study\cases\d7330a379ac5a546,90.0
screen,original_taper,1000,read,0,1,0,8,001328696f624053,d7a2ae83f27241ff,1,4096,1,1e-05,-0.0032448769234316712,0.2454870004702392,0.2455084451217991,90.75729845474417,0.24605053744096478,100.00000000000287,0.8511186999967322,finite_RF_static_Bloch,runs\combined_factor_study\cases\d7a2ae83f27241ff,0.0
screen,original_taper,1000,read,0,1,0,8,001328696f624053,d7a2ae83f27241ff,2,4096,1,1e-05,-0.0031780999121127037,0.17405165242871729,0.17408066530266472,91.046077278026,0.1741598770116041,-49.99999999999449,0.8511720000533387,finite_RF_static_Bloch,runs\combined_factor_study\cases\d7a2ae83f27241ff,0.0
screen,original_taper,1000,read,0,1,0,8,001328696f624053,d7a2ae83f27241ff,3,4096,1,1e-05,0.0021021050206598614,0.16173409697563815,0.16174775723342505,89.2553520459843,0.16184029140003528,49.99999999999449,0.851199800032191,finite_RF_static_Bloch,runs\combined_factor_study\cases\d7a2ae83f27241ff,0.0
screen,original_taper,1000,read,0,1,0,8,001328696f624053,d7a2ae83f27241ff,4,4096,1,1e-05,0.0069666147896242665,0.13071901749748288,0.13090452725988602,86.9493317455046,0.13090452725988602,0.0,0.851225099992007,finite_RF_static_Bloch,runs\combined_factor_study\cases\d7a2ae83f27241ff,0.0
screen,original_taper,1000,read,0,1,0,8,001328696f624053,d7a2ae83f27241ff,5,4096,1,1e-05,0.012465495281911997,0.11145515032345309,0.11215007403585116,83.6183802534646,0.11215007403585114,0.0,0.8512495000613853,finite_RF_static_Bloch,runs\combined_factor_study\cases\d7a2ae83f27241ff,0.0
screen,original_taper,1000,read,0,1,0,8,001328696f624053,d7a2ae83f27241ff,6,4096,1,1e-05,0.00853939319183494,0.09310162330744613,0.09349242481916037,84.75942510062438,0.09352125063310575,-49.99999999999449,0.8512730000074953,finite_RF_static_Bloch,runs\combined_factor_study\cases\d7a2ae83f27241ff,0.0
screen,original_taper,1000,read,0,1,0,8,001328696f624053,d7a2ae83f27241ff,7,4096,1,1e-05,0.011987347679235498,0.0786108892295142,0.07951961022186807,81.32977758620267,0.07964439069212344,99.99999999998899,0.8512963000684977,finite_RF_static_Bloch,runs\combined_factor_study\cases\d7a2ae83f27241ff,0.0
screen,original_taper,1000,read,0,1,0,8,001328696f624053,d7a2ae83f27241ff,8,4096,1,1e-05,0.0013873209130510476,0.06458395040750987,0.0645988491349148,88.7694247553691,0.0645988491349148,0.0,0.8513193000108004,finite_RF_static_Bloch,runs\combined_factor_study\cases\d7a2ae83f27241ff,0.0
screen,ramp_modulated,1000,read,0,0.8,0,8,d1c3c39544b76b8d,d834f89bb20e5575,1,4096,1,1e-05,-0.004991579147107938,0.2738999308650644,0.2739454106026763,91.04404832138634,0.27420228076127723,50.000000000001435,1.5688147000037134,finite_RF_static_Bloch,runs\combined_factor_study\cases\d834f89bb20e5575,0.0
screen,ramp_modulated,1000,read,0,0.8,0,8,d1c3c39544b76b8d,d834f89bb20e5575,2,4096,1,1e-05,0.006792072383082392,0.20300274302849206,0.20311633593669665,88.08371078789177,0.20324231206180873,-49.99999999999449,1.5688662000466138,finite_RF_static_Bloch,runs\combined_factor_study\cases\d834f89bb20e5575,0.0
screen,ramp_modulated,1000,read,0,0.8,0,8,d1c3c39544b76b8d,d834f89bb20e5575,3,4096,1,1e-05,0.0048286768066516305,0.16500455402655617,0.16507519186481592,88.3237804067939,0.1654309112598942,100.00000000000287,1.5688915000064299,finite_RF_static_Bloch,runs\combined_factor_study\cases\d834f89bb20e5575,0.0
screen,ramp_modulated,1000,read,0,0.8,0,8,d1c3c39544b76b8d,d834f89bb20e5575,4,4096,1,1e-05,0.009598629042477531,0.1373364167605885,0.13767143875231763,86.00202132724704,0.13777133737891656,-49.99999999999449,1.568915400072001,finite_RF_static_Bloch,runs\combined_factor_study\cases\d834f89bb20e5575,0.0
screen,ramp_modulated,1000,read,0,0.8,0,8,d1c3c39544b76b8d,d834f89bb20e5575,5,4096,1,1e-05,-0.0059029837454404625,0.11806719689195232,0.11821466998229099,92.86222316741575,0.11825236116076987,49.99999999999449,1.5689384000143036,finite_RF_static_Bloch,runs\combined_factor_study\cases\d834f89bb20e5575,0.0
screen,ramp_modulated,1000,read,0,0.8,0,8,d1c3c39544b76b8d,d834f89bb20e5575,6,4096,1,1e-05,0.006346640573831674,0.08168293947836275,0.08192913064593861,85.55713105273429,0.08192913064593861,0.0,1.568960800068453,finite_RF_static_Bloch,runs\combined_factor_study\cases\d834f89bb20e5575,0.0
screen,ramp_modulated,1000,read,0,0.8,0,8,d1c3c39544b76b8d,d834f89bb20e5575,7,4096,1,1e-05,-0.005158993680171683,0.07318221113092133,0.07336382788406556,94.0324057608997,0.07336382788406556,0.0,1.5689827000023797,finite_RF_static_Bloch,runs\combined_factor_study\cases\d834f89bb20e5575,0.0
screen,ramp_modulated,1000,read,0,0.8,0,8,d1c3c39544b76b8d,d834f89bb20e5575,8,4096,1,1e-05,0.006658729390404639,0.05759527563493822,0.057978913861499226,83.40517473532971,0.057978913861499226,0.0,1.5690043000504375,finite_RF_static_Bloch,runs\combined_factor_study\cases\d834f89bb20e5575,0.0
screen,original,1000,read,0,0.8,0,8,e6d32fbe35ea3179,d84f901ebfc42c10,1,4096,1,1e-05,-0.004991579147107938,0.2738999308650644,0.2739454106026763,91.04404832138634,0.27420228076127723,50.000000000001435,1.5287229000823572,finite_RF_static_Bloch,runs\combined_factor_study\cases\d84f901ebfc42c10,0.0
screen,original,1000,read,0,0.8,0,8,e6d32fbe35ea3179,d84f901ebfc42c10,2,4096,1,1e-05,0.006792072383082392,0.20300274302849206,0.20311633593669665,88.08371078789177,0.20324231206180873,-49.99999999999449,1.528777200030163,finite_RF_static_Bloch,runs\combined_factor_study\cases\d84f901ebfc42c10,0.0
screen,original,1000,read,0,0.8,0,8,e6d32fbe35ea3179,d84f901ebfc42c10,3,4096,1,1e-05,-0.0028804625945044347,0.18811158015219165,0.1881336324321432,90.87727428774895,0.18825515192941514,49.99999999999449,1.5288086000364274,finite_RF_static_Bloch,runs\combined_factor_study\cases\d84f901ebfc42c10,0.0
screen,original,1000,read,0,0.8,0,8,e6d32fbe35ea3179,d84f901ebfc42c10,4,4096,1,1e-05,0.007134656286986935,0.14534215899156755,0.1455171690923911,87.18968109432188,0.14554724730957547,-49.99999999999449,1.5288338999962434,finite_RF_static_Bloch,runs\combined_factor_study\cases\d84f901ebfc42c10,0.0
screen,original,1000,read,0,0.8,0,8,e6d32fbe35ea3179,d84f901ebfc42c10,5,4096,1,1e-05,-0.005332037905887434,0.13043896408895866,0.13054789918198786,92.34081340078139,0.13093381749090935,100.00000000000287,1.5288589000701904,finite_RF_static_Bloch,runs\combined_factor_study\cases\d84f901ebfc42c10,0.0
screen,original,1000,read,0,0.8,0,8,e6d32fbe35ea3179,d84f901ebfc42c10,6,4096,1,1e-05,0.004402119102198071,0.10261021718213431,0.10270460224719587,87.54343883090355,0.10270460224719585,0.0,1.5288826000178233,finite_RF_static_Bloch,runs\combined_factor_study\cases\d84f901ebfc42c10,0.0
screen,original,1000,read,0,0.8,0,8,e6d32fbe35ea3179,d84f901ebfc42c10,7,4096,1,1e-05,-0.004103604759438988,0.09203944058403887,0.09213087536241317,92.55285803373854,0.09213087536241318,0.0,1.5289061000803486,finite_RF_static_Bloch,runs\combined_factor_study\cases\d84f901ebfc42c10,0.0
screen,original,1000,read,0,0.8,0,8,e6d32fbe35ea3179,d84f901ebfc42c10,8,4096,1,1e-05,0.008987383861626386,0.0698159590175412,0.07039205354452457,82.66467560475495,0.07057800386501323,99.99999999998899,1.5289392999839038,finite_RF_static_Bloch,runs\combined_factor_study\cases\d84f901ebfc42c10,0.0
screen,inc_alt_center_rf90_exploratory,1000,read,0,1,0,8,b4f4978c7c4e382a,d907f25a5c010ca4,1,4096,1,1e-05,-0.004910058550749369,0.2484525511242275,0.24850106405226652,91.13216392705218,0.24850106405226652,0.0,0.8570993999019265,finite_RF_static_Bloch,runs\combined_factor_study\cases\d907f25a5c010ca4,0.0
screen,inc_alt_center_rf90_exploratory,1000,read,0,1,0,8,b4f4978c7c4e382a,d907f25a5c010ca4,2,4096,1,1e-05,0.006283882249246799,-0.17503966313915137,0.17515242175884976,-87.94397811001758,0.17526692791056903,-50.00000000000837,0.8571912999032065,finite_RF_static_Bloch,runs\combined_factor_study\cases\d907f25a5c010ca4,0.0
screen,inc_alt_center_rf90_exploratory,1000,read,0,1,0,8,b4f4978c7c4e382a,d907f25a5c010ca4,3,4096,1,1e-05,-0.005475380828057482,-0.13087914040978338,0.13099362270590142,-92.39559475682228,0.1311516620111705,-49.99999999999449,0.857240799930878,finite_RF_static_Bloch,runs\combined_factor_study\cases\d907f25a5c010ca4,0.0
screen,inc_alt_center_rf90_exploratory,1000,read,0,1,0,8,b4f4978c7c4e382a,d907f25a5c010ca4,4,4096,1,1e-05,-0.005937987239944547,0.09669954804152096,0.09688169220186116,93.51392480485879,0.09688169220186114,0.0,0.8572776999790221,finite_RF_static_Bloch,runs\combined_factor_study\cases\d907f25a5c010ca4,0.0
screen,inc_alt_center_rf90_exploratory,1000,read,0,1,0,8,b4f4978c7c4e382a,d907f25a5c010ca4,5,4096,1,1e-05,-0.0020533790210064996,0.07434673565051904,0.0743750863346865,91.58204727591719,0.07444906034241902,-49.99999999999449,0.8573148999130353,finite_RF_static_Bloch,runs\combined_factor_study\cases\d907f25a5c010ca4,0.0
screen,inc_alt_center_rf90_exploratory,1000,read,0,1,0,8,b4f4978c7c4e382a,d907f25a5c010ca4,6,4096,1,1e-05,0.001430466072927831,-0.06406125561571643,0.06407722453608582,-88.72081728761495,0.06434748949687828,-149.9999999999835,0.8573532999726012,finite_RF_static_Bloch,runs\combined_factor_study\cases\d907f25a5c010ca4,0.0
screen,inc_alt_center_rf90_exploratory,1000,read,0,1,0,8,b4f4978c7c4e382a,d907f25a5c010ca4,7,4096,1,1e-05,-0.004068419209266993,-0.05337546056060984,0.05353028885518506,-94.35880795673495,0.05353028885518505,0.0,0.8573946999385953,finite_RF_static_Bloch,runs\combined_factor_study\cases\d907f25a5c010ca4,0.0
screen,inc_alt_center_rf90_exploratory,1000,read,0,1,0,8,b4f4978c7c4e382a,d907f25a5c010ca4,8,4096,1,1e-05,-0.002983878034450782,0.04039509575839749,0.04050515139404593,94.22461393217694,0.04065153811039348,99.99999999998899,0.8574373999144882,finite_RF_static_Bloch,runs\combined_factor_study\cases\d907f25a5c010ca4,0.0
screen,high_low_energy_matched,1000,read,90,1,0,8,d1a75727ed749f8d,d981bc721133087f,1,4096,1,1e-05,0.2441691149836675,-0.0033245236253082477,0.2441917467263025,-0.7800716445389309,0.2442087075211705,50.000000000001435,6.863474900019355,finite_RF_static_Bloch,runs\combined_factor_study\cases\d981bc721133087f,90.0
screen,high_low_energy_matched,1000,read,90,1,0,8,d1a75727ed749f8d,d981bc721133087f,2,4096,1,1e-05,-0.18371226372559224,-0.004331723858415341,0.18376332516246846,-178.64928170415882,0.18376332516246846,0.0,6.863527899957262,finite_RF_static_Bloch,runs\combined_factor_study\cases\d981bc721133087f,90.0
screen,high_low_energy_matched,1000,read,90,1,0,8,d1a75727ed749f8d,d981bc721133087f,3,4096,1,1e-05,0.11698465179884647,0.00023950867592786342,0.11698489697778597,0.11730442329575524,0.11714486382121893,49.99999999999449,6.863554099923931,finite_RF_static_Bloch,runs\combined_factor_study\cases\d981bc721133087f,90.0
screen,high_low_energy_matched,1000,read,90,1,0,8,d1a75727ed749f8d,d981bc721133087f,4,4096,1,1e-05,-0.09843454641937244,-0.003942009631659924,0.09851344765423493,-177.70670057729728,0.09871728878749829,-149.99999999999736,6.863577699987218,finite_RF_static_Bloch,runs\combined_factor_study\cases\d981bc721133087f,90.0
screen,high_low_energy_matched,1000,read,90,1,0,8,d1a75727ed749f8d,d981bc721133087f,5,4096,1,1e-05,0.05888820443810581,-0.006024720594287443,0.059195590039996866,-5.841479050578303,0.05936016636875649,100.00000000000287,6.863600899931043,finite_RF_static_Bloch,runs\combined_factor_study\cases\d981bc721133087f,90.0
screen,high_low_energy_matched,1000,read,90,1,0,8,d1a75727ed749f8d,d981bc721133087f,6,4096,1,1e-05,-0.061127515313547195,-0.0067505094453116496,0.061499126060287956,-173.69817672323015,0.06155642081623934,49.99999999999449,6.863628200022504,finite_RF_static_Bloch,runs\combined_factor_study\cases\d981bc721133087f,90.0
screen,high_low_energy_matched,1000,read,90,1,0,8,d1a75727ed749f8d,d981bc721133087f,7,4096,1,1e-05,0.031436757476495894,-0.006819205672349004,0.03216786108273003,-12.238888978828784,0.03238874439715723,849.9999999999897,6.863651799969375,finite_RF_static_Bloch,runs\combined_factor_study\cases\d981bc721133087f,90.0
screen,high_low_energy_matched,1000,read,90,1,0,8,d1a75727ed749f8d,d981bc721133087f,8,4096,1,1e-05,-0.03387739447118342,-0.002299136020085518,0.03395532185968826,-176.11749646841315,0.03398800806346975,49.99999999999449,6.863674399908632,finite_RF_static_Bloch,runs\combined_factor_study\cases\d981bc721133087f,90.0
screen,weak_increasing_alternating_centering,1000,read,90,0.8,0,8,a1d965c47ba6af4d,d9f89708a3bbdd2d,1,4096,1,1e-05,0.28710010648972295,-0.0027558501448304547,0.28711333277371676,-0.5499605518006698,0.2873763453224863,-50.000000000001435,1.5562074000481516,finite_RF_static_Bloch,runs\combined_factor_study\cases\d9f89708a3bbdd2d,90.0
screen,weak_increasing_alternating_centering,1000,read,90,0.8,0,8,a1d965c47ba6af4d,d9f89708a3bbdd2d,2,4096,1,1e-05,-0.20176795633885053,-0.0006624247989117974,0.20176904374004082,-179.8118927824526,0.2018696855962758,-50.00000000000837,1.5562552000628784,finite_RF_static_Bloch,runs\combined_factor_study\cases\d9f89708a3bbdd2d,90.0
screen,weak_increasing_alternating_centering,1000,read,90,0.8,0,8,a1d965c47ba6af4d,d9f89708a3bbdd2d,3,4096,1,1e-05,0.13637582209440002,0.006774466787647133,0.13654397918685532,2.843829322567352,0.13686419390686755,-100.00000000000287,1.5562810000265017,finite_RF_static_Bloch,runs\combined_factor_study\cases\d9f89708a3bbdd2d,90.0
screen,weak_increasing_alternating_centering,1000,read,90,0.8,0,8,a1d965c47ba6af4d,d9f89708a3bbdd2d,4,4096,1,1e-05,-0.10560814739028984,0.003936714277390049,0.10568149561068385,177.86519570854242,0.10578748100891165,-100.00000000000287,1.55630369996652,finite_RF_static_Bloch,runs\combined_factor_study\cases\d9f89708a3bbdd2d,90.0
screen,weak_increasing_alternating_centering,1000,read,90,0.8,0,8,a1d965c47ba6af4d,d9f89708a3bbdd2d,5,4096,1,1e-05,0.08177692853699382,0.005297787017629632,0.08194835317581897,3.7066354298766,0.08194835317581899,0.0,1.556326000019908,finite_RF_static_Bloch,runs\combined_factor_study\cases\d9f89708a3bbdd2d,90.0
screen,weak_increasing_alternating_centering,1000,read,90,0.8,0,8,a1d965c47ba6af4d,d9f89708a3bbdd2d,6,4096,1,1e-05,-0.06473933813839064,0.0008277986396442165,0.06474463030386904,179.267419391611,0.06488405609948031,-99.99999999998899,1.5563474000664428,finite_RF_static_Bloch,runs\combined_factor_study\cases\d9f89708a3bbdd2d,90.0
screen,weak_increasing_alternating_centering,1000,read,90,0.8,0,8,a1d965c47ba6af4d,d9f89708a3bbdd2d,7,4096,1,1e-05,0.04675749207410767,-1.1695191466254027e-05,0.046757493536734245,-0.014331074399322428,0.04677933940785347,49.99999999999449,1.5563687999965623,finite_RF_static_Bloch,runs\combined_factor_study\cases\d9f89708a3bbdd2d,90.0
screen,weak_increasing_alternating_centering,1000,read,90,0.8,0,8,a1d965c47ba6af4d,d9f89708a3bbdd2d,8,4096,1,1e-05,-0.03583058317257492,0.001937771257522882,0.03588294369102528,176.90437466758866,0.03650268611395118,-750.0000000000007,1.5563907000469044,finite_RF_static_Bloch,runs\combined_factor_study\cases\d9f89708a3bbdd2d,90.0
screen,original_rf180,1000,read,0,1,0,8,ff21fe6b43186559,db4713bc2459c737,1,4096,1,1e-05,-0.0032448769234316712,0.2454870004702392,0.2455084451217991,90.75729845474417,0.24605053744096478,100.00000000000287,0.7651188999880105,finite_RF_static_Bloch,runs\combined_factor_study\cases\db4713bc2459c737,0.0
screen,original_rf180,1000,read,0,1,0,8,ff21fe6b43186559,db4713bc2459c737,2,4096,1,1e-05,0.000966144693054164,0.1635418037300893,0.1635446575185474,89.66152159212545,0.16378100214482721,-49.99999999999449,0.7651765999617055,finite_RF_static_Bloch,runs\combined_factor_study\cases\db4713bc2459c737,0.0
screen,original_rf180,1000,read,0,1,0,8,ff21fe6b43186559,db4713bc2459c737,3,4096,1,1e-05,0.0033115546347892255,0.09728221618228348,0.09733856368077214,88.05036444481532,0.09755872177055258,100.00000000000287,0.7652034999337047,finite_RF_static_Bloch,runs\combined_factor_study\cases\db4713bc2459c737,0.0
screen,original_rf180,1000,read,0,1,0,8,ff21fe6b43186559,db4713bc2459c737,4,4096,1,1e-05,0.0023630353955490916,0.05891392939115275,0.05896130097433697,87.70309976243801,0.059066618976139795,-49.99999999999449,0.7652272999985144,finite_RF_static_Bloch,runs\combined_factor_study\cases\db4713bc2459c737,0.0
screen,original_rf180,1000,read,0,1,0,8,ff21fe6b43186559,db4713bc2459c737,5,4096,1,1e-05,-0.005236350892476566,0.033154242320769786,0.033565207500229496,98.97510608430436,0.03392479428682187,100.00000000000287,0.76525049994234,finite_RF_static_Bloch,runs\combined_factor_study\cases\db4713bc2459c737,0.0
screen,original_rf180,1000,read,0,1,0,8,ff21fe6b43186559,db4713bc2459c737,6,4096,1,1e-05,0.0008147669927292284,0.020041769234593623,0.0200583239405775,87.67201102114593,0.02015095535796963,-49.99999999999449,0.7652729999972507,finite_RF_static_Bloch,runs\combined_factor_study\cases\db4713bc2459c737,0.0
screen,original_rf180,1000,read,0,1,0,8,ff21fe6b43186559,db4713bc2459c737,7,4096,1,1e-05,-0.004721431216981406,0.01433691218060037,0.015094335480932369,108.22774536740143,0.015332476870032436,99.99999999998899,0.7652952999342233,finite_RF_static_Bloch,runs\combined_factor_study\cases\db4713bc2459c737,0.0
screen,original_rf180,1000,read,0,1,0,8,ff21fe6b43186559,db4713bc2459c737,8,4096,1,1e-05,0.001269086421218332,0.008748063201566288,0.008839637442967837,81.74565331064244,0.009115844649079247,900.0000000000119,0.7653176999883726,finite_RF_static_Bloch,runs\combined_factor_study\cases\db4713bc2459c737,0.0
screen,increasing_rf90_exploratory,1000,read,0,0.8,0,8,1ef7cd6ed013bce1,dc5e218e23ba1d54,1,4096,1,1e-05,-0.004991579147107938,0.2738999308650644,0.2739454106026763,91.04404832138634,0.27420228076127723,50.000000000001435,1.6229009000817314,finite_RF_static_Bloch,runs\combined_factor_study\cases\dc5e218e23ba1d54,0.0
screen,increasing_rf90_exploratory,1000,read,0,0.8,0,8,1ef7cd6ed013bce1,dc5e218e23ba1d54,2,4096,1,1e-05,-0.0033347411196099318,-0.20055371215015463,0.20058143472301193,-90.95260757895345,0.2005913571049368,-49.99999999999449,1.6229498999891803,finite_RF_static_Bloch,runs\combined_factor_study\cases\dc5e218e23ba1d54,0.0
screen,increasing_rf90_exploratory,1000,read,0,0.8,0,8,1ef7cd6ed013bce1,dc5e218e23ba1d54,3,4096,1,1e-05,-0.01982221084561695,-0.13874190160147332,0.14015075919452238,-98.13088715631594,0.14025154100217743,49.99999999999449,1.6229760000715032,finite_RF_static_Bloch,runs\combined_factor_study\cases\dc5e218e23ba1d54,0.0
screen,increasing_rf90_exploratory,1000,read,0,0.8,0,8,1ef7cd6ed013bce1,dc5e218e23ba1d54,4,4096,1,1e-05,0.0019808092458398112,0.103899659903186,0.10391853989190823,88.90780910195905,0.10404339918022834,-49.99999999999449,1.6229996000183746,finite_RF_static_Bloch,runs\combined_factor_study\cases\dc5e218e23ba1d54,0.0
screen,increasing_rf90_exploratory,1000,read,0,0.8,0,8,1ef7cd6ed013bce1,dc5e218e23ba1d54,5,4096,1,1e-05,-0.001633189009810857,0.07757205034420028,0.07758924088393254,91.20611759718356,0.07758924088393254,0.0,1.6230222000740469,finite_RF_static_Bloch,runs\combined_factor_study\cases\dc5e218e23ba1d54,0.0
screen,increasing_rf90_exploratory,1000,read,0,0.8,0,8,1ef7cd6ed013bce1,dc5e218e23ba1d54,6,4096,1,1e-05,0.0018186853057249863,-0.06878625340912789,0.06881029192138352,-88.48547179031682,0.06885653389424432,-49.99999999999449,1.623045300017111,finite_RF_static_Bloch,runs\combined_factor_study\cases\dc5e218e23ba1d54,0.0
screen,increasing_rf90_exploratory,1000,read,0,0.8,0,8,1ef7cd6ed013bce1,dc5e218e23ba1d54,7,4096,1,1e-05,0.002041126492378371,-0.05398924505052306,0.054027814859415865,-87.834897247622,0.05416291689681565,49.99999999999449,1.623067400068976,finite_RF_static_Bloch,runs\combined_factor_study\cases\dc5e218e23ba1d54,0.0
screen,increasing_rf90_exploratory,1000,read,0,0.8,0,8,1ef7cd6ed013bce1,dc5e218e23ba1d54,8,4096,1,1e-05,0.0011704558781896173,0.04655050996191735,0.04656522248070286,88.55967088472111,0.04661465490427481,49.99999999999449,1.6230892000021413,finite_RF_static_Bloch,runs\combined_factor_study\cases\dc5e218e23ba1d54,0.0
screen,weak_increasing_alternating_centering,1000,read,0,1,0,8,fb0d4365888f0054,dc9d9e6577de8ea8,1,4096,1,1e-05,-0.004910058550749369,0.2484525511242275,0.24850106405226652,91.13216392705218,0.24850106405226652,0.0,0.7222830000100657,finite_RF_static_Bloch,runs\combined_factor_study\cases\dc9d9e6577de8ea8,0.0
screen,weak_increasing_alternating_centering,1000,read,0,1,0,8,fb0d4365888f0054,dc9d9e6577de8ea8,2,4096,1,1e-05,0.00029111478832184734,0.1671063258278055,0.16710657940215481,89.9001855150099,0.167530026112753,-100.00000000000287,0.7223290000110865,finite_RF_static_Bloch,runs\combined_factor_study\cases\dc9d9e6577de8ea8,0.0
screen,weak_increasing_alternating_centering,1000,read,0,1,0,8,fb0d4365888f0054,dc9d9e6577de8ea8,3,4096,1,1e-05,-0.010619514832883148,0.1269724446958302,0.12741575965052943,94.780884446848,0.12847603263156498,-549.9999999999949,0.7223548000911251,finite_RF_static_Bloch,runs\combined_factor_study\cases\dc9d9e6577de8ea8,0.0
screen,weak_increasing_alternating_centering,1000,read,0,1,0,8,fb0d4365888f0054,dc9d9e6577de8ea8,4,4096,1,1e-05,0.006680885078149492,0.10368101295894885,0.10389603781483277,86.31313360069448,0.10394226144737638,-50.00000000000837,0.7223773000296205,finite_RF_static_Bloch,runs\combined_factor_study\cases\dc9d9e6577de8ea8,0.0
screen,weak_increasing_alternating_centering,1000,read,0,1,0,8,fb0d4365888f0054,dc9d9e6577de8ea8,5,4096,1,1e-05,-0.0019407263296843309,0.08818531762011214,0.08820667016981647,91.26072553296055,0.0882392655225851,-49.99999999999449,0.7223992000799626,finite_RF_static_Bloch,runs\combined_factor_study\cases\dc9d9e6577de8ea8,0.0
screen,weak_increasing_alternating_centering,1000,read,0,1,0,8,fb0d4365888f0054,dc9d9e6577de8ea8,6,4096,1,1e-05,0.0016973977409190525,0.06690409420600264,0.06692562275105517,88.54668283680854,0.06712719637488242,550.0000000000227,0.7224207000108436,finite_RF_static_Bloch,runs\combined_factor_study\cases\dc9d9e6577de8ea8,0.0
screen,weak_increasing_alternating_centering,1000,read,0,1,0,8,fb0d4365888f0054,dc9d9e6577de8ea8,7,4096,1,1e-05,-0.002514283087792812,0.051948022110243186,0.052008832140434336,92.77095206922168,0.05280806656946341,-500.00000000000045,0.7224421000573784,finite_RF_static_Bloch,runs\combined_factor_study\cases\dc9d9e6577de8ea8,0.0
screen,weak_increasing_alternating_centering,1000,read,0,1,0,8,fb0d4365888f0054,dc9d9e6577de8ea8,8,4096,1,1e-05,0.004453914270994831,0.044017087868176666,0.044241850964083285,84.22213322900886,0.04429721319212278,-99.99999999998899,0.7224632001016289,finite_RF_static_Bloch,runs\combined_factor_study\cases\dc9d9e6577de8ea8,0.0
screen,decreasing,1000,read,0,1,0,8,7aeb7ef291cd123f,dfad5cc3661ca944,1,4096,1,1e-05,-0.0032448769234316712,0.2454870004702392,0.2455084451217991,90.75729845474417,0.24605053744096478,100.00000000000287,0.8063021000707522,finite_RF_static_Bloch,runs\combined_factor_study\cases\dfad5cc3661ca944,0.0
screen,decreasing,1000,read,0,1,0,8,7aeb7ef291cd123f,dfad5cc3661ca944,2,4096,1,1e-05,-0.0008752570523464289,0.1687152191845434,0.16871748948877888,90.29723510098866,0.16888421120816402,-49.99999999999449,0.806357300025411,finite_RF_static_Bloch,runs\combined_factor_study\cases\dfad5cc3661ca944,0.0
screen,decreasing,1000,read,0,1,0,8,7aeb7ef291cd123f,dfad5cc3661ca944,3,4096,1,1e-05,-0.00316125829375846,0.12476642304112015,0.12480646566775142,91.45141624248284,0.12480646566775143,0.0,0.8063833999913186,finite_RF_static_Bloch,runs\combined_factor_study\cases\dfad5cc3661ca944,0.0
screen,decreasing,1000,read,0,1,0,8,7aeb7ef291cd123f,dfad5cc3661ca944,4,4096,1,1e-05,-0.007061055653649692,0.08224791726320566,0.08255045972663666,94.90686126818767,0.08267334326337013,-49.99999999999449,0.8064065000507981,finite_RF_static_Bloch,runs\combined_factor_study\cases\dfad5cc3661ca944,0.0
screen,decreasing,1000,read,0,1,0,8,7aeb7ef291cd123f,dfad5cc3661ca944,5,4096,1,1e-05,0.005949375067574538,0.06405793756325481,0.06433361818328369,84.69388122059898,0.06446661038562457,49.99999999999449,0.806429099990055,finite_RF_static_Bloch,runs\combined_factor_study\cases\dfad5cc3661ca944,0.0
screen,decreasing,1000,read,0,1,0,8,7aeb7ef291cd123f,dfad5cc3661ca944,6,4096,1,1e-05,0.0006958620755534153,0.047552709196439794,0.04755780036912308,89.16162264596467,0.047557800369123084,0.0,0.80645120004192,finite_RF_static_Bloch,runs\combined_factor_study\cases\dfad5cc3661ca944,0.0
screen,decreasing,1000,read,0,1,0,8,7aeb7ef291cd123f,dfad5cc3661ca944,7,4096,1,1e-05,0.004965818009279149,0.04567704820337908,0.045946186795806,83.79540974168235,0.04601739330241405,49.99999999999449,0.806472499971278,finite_RF_static_Bloch,runs\combined_factor_study\cases\dfad5cc3661ca944,0.0
screen,decreasing,1000,read,0,1,0,8,7aeb7ef291cd123f,dfad5cc3661ca944,8,4096,1,1e-05,0.0025068126239162006,0.03774890946497654,0.03783205354360798,86.20070597231913,0.03793610576545416,-99.99999999998899,0.8064940000185743,finite_RF_static_Bloch,runs\combined_factor_study\cases\dfad5cc3661ca944,0.0
screen,geometric,1000,read,0,0.8,0,8,2e76c6c8d156e9d1,e17d5953a22dea2c,1,4096,1,1e-05,-0.004991579147107938,0.2738999308650644,0.2739454106026763,91.04404832138634,0.27420228076127723,50.000000000001435,1.5607975999591872,finite_RF_static_Bloch,runs\combined_factor_study\cases\e17d5953a22dea2c,0.0
screen,geometric,1000,read,0,0.8,0,8,2e76c6c8d156e9d1,e17d5953a22dea2c,2,4096,1,1e-05,0.006792072383082392,0.20300274302849206,0.20311633593669665,88.08371078789177,0.20324231206180873,-49.99999999999449,1.5608452999731526,finite_RF_static_Bloch,runs\combined_factor_study\cases\e17d5953a22dea2c,0.0
screen,geometric,1000,read,0,0.8,0,8,2e76c6c8d156e9d1,e17d5953a22dea2c,3,4096,1,1e-05,-0.00936609554626514,0.12404345390981357,0.12439655221772752,94.31801412343252,0.12440935189137452,49.99999999999449,1.5608701999299228,finite_RF_static_Bloch,runs\combined_factor_study\cases\e17d5953a22dea2c,0.0
screen,geometric,1000,read,0,0.8,0,8,2e76c6c8d156e9d1,e17d5953a22dea2c,4,4096,1,1e-05,0.006649497161761945,0.0884164554527897,0.08866614577920608,85.6990782294886,0.08866614577920609,0.0,1.5608928999863565,finite_RF_static_Bloch,runs\combined_factor_study\cases\e17d5953a22dea2c,0.0
screen,geometric,1000,read,0,0.8,0,8,2e76c6c8d156e9d1,e17d5953a22dea2c,5,4096,1,1e-05,-0.00587149349681935,0.05894037198260952,0.05923210181423223,95.68889462130836,0.05950615640494905,100.00000000000287,1.5609147999202833,finite_RF_static_Bloch,runs\combined_factor_study\cases\e17d5953a22dea2c,0.0
screen,geometric,1000,read,0,0.8,0,8,2e76c6c8d156e9d1,e17d5953a22dea2c,6,4096,1,1e-05,0.008770758151025054,0.04283352737929672,0.04372227425805678,78.42785886821315,0.043722274258056776,0.0,1.5609364999691024,finite_RF_static_Bloch,runs\combined_factor_study\cases\e17d5953a22dea2c,0.0
screen,geometric,1000,read,0,0.8,0,8,2e76c6c8d156e9d1,e17d5953a22dea2c,7,4096,1,1e-05,-0.004101624246386613,0.03631596599966086,0.03654685633467084,96.4438348741679,0.03674212129931775,99.99999999998899,1.5609580000163987,finite_RF_static_Bloch,runs\combined_factor_study\cases\e17d5953a22dea2c,0.0
screen,geometric,1000,read,0,0.8,0,8,2e76c6c8d156e9d1,e17d5953a22dea2c,8,4096,1,1e-05,0.005647964350722125,0.032993433729064936,0.03347336509138613,80.2860072077364,0.033536554847577296,-49.99999999999449,1.5609793999465182,finite_RF_static_Bloch,runs\combined_factor_study\cases\e17d5953a22dea2c,0.0
screen,irregular_seeded,1000,read,0,0.8,0,8,cafe026e8faba8c8,e1e90827ed0e2153,1,4096,1,1e-05,-0.004991579147107938,0.2738999308650644,0.2739454106026763,91.04404832138634,0.27420228076127723,50.000000000001435,1.5680007999762893,finite_RF_static_Bloch,runs\combined_factor_study\cases\e1e90827ed0e2153,0.0
screen,irregular_seeded,1000,read,0,0.8,0,8,cafe026e8faba8c8,e1e90827ed0e2153,2,4096,1,1e-05,0.00947142888175625,0.2000834709838896,0.2003075218907746,87.2897906222113,0.20060720229727816,-100.00000000000287,1.5681023000506684,finite_RF_static_Bloch,runs\combined_factor_study\cases\e1e90827ed0e2153,0.0
screen,irregular_seeded,1000,read,0,0.8,0,8,cafe026e8faba8c8,e1e90827ed0e2153,3,4096,1,1e-05,-0.00289223744284218,0.14000358037528854,0.1400334515582818,91.18346567186528,0.1402874227664939,100.00000000000287,1.5681325000477955,finite_RF_static_Bloch,runs\combined_factor_study\cases\e1e90827ed0e2153,0.0
screen,irregular_seeded,1000,read,0,0.8,0,8,cafe026e8faba8c8,e1e90827ed0e2153,4,4096,1,1e-05,0.009528938775884099,0.12262988491902306,0.1229995502001832,85.55676759058446,0.1230559524945317,-49.99999999999449,1.5681591000175104,finite_RF_static_Bloch,runs\combined_factor_study\cases\e1e90827ed0e2153,0.0
screen,irregular_seeded,1000,read,0,0.8,0,8,cafe026e8faba8c8,e1e90827ed0e2153,5,4096,1,1e-05,-0.0048230764793069925,0.09689020023716104,0.09701016940879138,92.8497620281746,0.0970317991925174,49.99999999999449,1.568183199968189,finite_RF_static_Bloch,runs\combined_factor_study\cases\e1e90827ed0e2153,0.0
screen,irregular_seeded,1000,read,0,0.8,0,8,cafe026e8faba8c8,e1e90827ed0e2153,6,4096,1,1e-05,-0.0013486429234460928,0.06051398933026453,0.060529015706505006,91.27670905528018,0.06052901570650501,0.0,1.5682063000276685,finite_RF_static_Bloch,runs\combined_factor_study\cases\e1e90827ed0e2153,0.0
screen,irregular_seeded,1000,read,0,0.8,0,8,cafe026e8faba8c8,e1e90827ed0e2153,7,4096,1,1e-05,0.00013096324456462745,0.04040805125972627,0.04040826348632285,89.81430396473279,0.04040826348632285,0.0,1.5682293999707326,finite_RF_static_Bloch,runs\combined_factor_study\cases\e1e90827ed0e2153,0.0
screen,irregular_seeded,1000,read,0,0.8,0,8,cafe026e8faba8c8,e1e90827ed0e2153,8,4096,1,1e-05,0.0025257259573528445,0.026902118260233497,0.02702042298890294,84.63646405611358,0.027070061269549504,49.99999999999449,1.5682524000294507,finite_RF_static_Bloch,runs\combined_factor_study\cases\e1e90827ed0e2153,0.0
screen,decreasing,1000,read,0,0.8,0,8,7aeb7ef291cd123f,e208dd4deba1d2ff,1,4096,1,1e-05,-0.004991579147107938,0.2738999308650644,0.2739454106026763,91.04404832138634,0.27420228076127723,50.000000000001435,1.7697193000931293,finite_RF_static_Bloch,runs\combined_factor_study\cases\e208dd4deba1d2ff,0.0
screen,decreasing,1000,read,0,0.8,0,8,7aeb7ef291cd123f,e208dd4deba1d2ff,2,4096,1,1e-05,-0.003464111867233226,0.19980331147297184,0.19983333892670188,90.99327235751838,0.19997740434099082,-49.99999999999449,1.7697944000829011,finite_RF_static_Bloch,runs\combined_factor_study\cases\e208dd4deba1d2ff,0.0
screen,decreasing,1000,read,0,0.8,0,8,7aeb7ef291cd123f,e208dd4deba1d2ff,3,4096,1,1e-05,-0.007072688790374424,0.15396273856050507,0.15412510435284682,92.63018526348975,0.15414609813841856,-49.99999999999449,1.76983200001996,finite_RF_static_Bloch,runs\combined_factor_study\cases\e208dd4deba1d2ff,0.0
screen,decreasing,1000,read,0,0.8,0,8,7aeb7ef291cd123f,e208dd4deba1d2ff,4,4096,1,1e-05,-0.003744368487082207,0.12304616444329658,0.12310312294809518,91.74300700224477,0.12310312294809517,0.0,1.7698660000460222,finite_RF_static_Bloch,runs\combined_factor_study\cases\e208dd4deba1d2ff,0.0
screen,decreasing,1000,read,0,0.8,0,8,7aeb7ef291cd123f,e208dd4deba1d2ff,5,4096,1,1e-05,0.0028978749591183533,0.10352834206392751,0.1035688915156683,88.39664522262674,0.10357401939097333,49.99999999999449,1.7699001000728458,finite_RF_static_Bloch,runs\combined_factor_study\cases\e208dd4deba1d2ff,0.0
screen,decreasing,1000,read,0,0.8,0,8,7aeb7ef291cd123f,e208dd4deba1d2ff,6,4096,1,1e-05,-0.003395113122593143,0.08642070548530242,0.08648736976976804,92.24975795675448,0.08648736976976802,0.0,1.7699339999817312,finite_RF_static_Bloch,runs\combined_factor_study\cases\e208dd4deba1d2ff,0.0
screen,decreasing,1000,read,0,0.8,0,8,7aeb7ef291cd123f,e208dd4deba1d2ff,7,4096,1,1e-05,-0.007008133198844731,0.06749484320888614,0.06785770251581522,95.92790049662645,0.06795693681784637,49.99999999999449,1.7699678000062704,finite_RF_static_Bloch,runs\combined_factor_study\cases\e208dd4deba1d2ff,0.0
screen,decreasing,1000,read,0,0.8,0,8,7aeb7ef291cd123f,e208dd4deba1d2ff,8,4096,1,1e-05,0.011911142962994009,0.05977965534267534,0.06095475797322088,78.73134955949251,0.06096323953396088,-49.99999999999449,1.7700016000308096,finite_RF_static_Bloch,runs\combined_factor_study\cases\e208dd4deba1d2ff,0.0
screen,increasing_alternating_centering,1000,read,0,1,0,8,d4d21aba7d252395,e34cee121354536f,1,4096,1,1e-05,-0.004910058550749369,0.2484525511242275,0.24850106405226652,91.13216392705218,0.24850106405226652,0.0,0.8028319999575615,finite_RF_static_Bloch,runs\combined_factor_study\cases\e34cee121354536f,0.0
screen,increasing_alternating_centering,1000,read,0,1,0,8,d4d21aba7d252395,e34cee121354536f,2,4096,1,1e-05,0.00029111478832184734,0.1671063258278055,0.16710657940215481,89.9001855150099,0.167530026112753,-100.00000000000287,0.8028809999814257,finite_RF_static_Bloch,runs\combined_factor_study\cases\e34cee121354536f,0.0
screen,increasing_alternating_centering,1000,read,0,1,0,8,d4d21aba7d252395,e34cee121354536f,3,4096,1,1e-05,-0.002839343451830773,0.12492668823874634,0.12495895048190177,91.30199875872654,0.12495895048190175,0.0,0.8029062000568956,finite_RF_static_Bloch,runs\combined_factor_study\cases\e34cee121354536f,0.0
screen,increasing_alternating_centering,1000,read,0,1,0,8,d4d21aba7d252395,e34cee121354536f,4,4096,1,1e-05,-0.0022408196984272355,0.10044238492466702,0.10046737760226368,91.27802836828839,0.10051705116454906,-50.00000000000837,0.8029292999999598,finite_RF_static_Bloch,runs\combined_factor_study\cases\e34cee121354536f,0.0
screen,increasing_alternating_centering,1000,read,0,1,0,8,d4d21aba7d252395,e34cee121354536f,5,4096,1,1e-05,-0.005616352670434555,0.07796754756274274,0.07816957138341778,94.12015574528674,0.07816957138341779,0.0,0.8029542999574915,finite_RF_static_Bloch,runs\combined_factor_study\cases\e34cee121354536f,0.0
screen,increasing_alternating_centering,1000,read,0,1,0,8,d4d21aba7d252395,e34cee121354536f,6,4096,1,1e-05,0.002460207071492084,0.053742615522887845,0.053798897219883283,87.37896751246063,0.05382483035616744,-49.99999999999449,0.8029769000131637,finite_RF_static_Bloch,runs\combined_factor_study\cases\e34cee121354536f,0.0
screen,increasing_alternating_centering,1000,read,0,1,0,8,d4d21aba7d252395,e34cee121354536f,7,4096,1,1e-05,0.0012443375440218491,0.03764258799306449,0.03766314918775467,88.10668338001008,0.037663149187754666,0.0,0.8029991999501362,finite_RF_static_Bloch,runs\combined_factor_study\cases\e34cee121354536f,0.0
screen,increasing_alternating_centering,1000,read,0,1,0,8,d4d21aba7d252395,e34cee121354536f,8,4096,1,1e-05,-0.00034721490374492545,0.03285051131397491,0.032852346214220014,90.60556767622336,0.032852346214220014,0.0,0.8030213000020012,finite_RF_static_Bloch,runs\combined_factor_study\cases\e34cee121354536f,0.0
screen,high_low_alternating,1000,read,90,0.8,0,8,ec6d793f2c25abac,e3a48b3c0f3853e2,1,4096,1,1e-05,0.2697744019263688,-0.002610747172157214,0.2697870344096004,-0.5544637436942854,0.26982065473564965,50.000000000001435,1.5874099000357091,finite_RF_static_Bloch,runs\combined_factor_study\cases\e3a48b3c0f3853e2,90.0
screen,high_low_alternating,1000,read,90,0.8,0,8,ec6d793f2c25abac,e3a48b3c0f3853e2,2,4096,1,1e-05,-0.20248049410682256,-0.00482437299071852,0.20253795957424026,-178.63510841645834,0.20276393454398248,-49.99999999999449,1.5874569000443444,finite_RF_static_Bloch,runs\combined_factor_study\cases\e3a48b3c0f3853e2,90.0
screen,high_low_alternating,1000,read,90,0.8,0,8,ec6d793f2c25abac,e3a48b3c0f3853e2,3,4096,1,1e-05,0.14641798626567207,-0.002751844709175786,0.14644384367872196,-1.0767155806575561,0.14673819631256113,100.00000000000287,1.5874824000056833,finite_RF_static_Bloch,runs\combined_factor_study\cases\e3a48b3c0f3853e2,90.0
screen,high_low_alternating,1000,read,90,0.8,0,8,ec6d793f2c25abac,e3a48b3c0f3853e2,4,4096,1,1e-05,-0.10355476455448914,-0.00024561840775912385,0.10355505584150834,-179.86410213179784,0.10374279231763468,-100.00000000000287,1.5875054000644013,finite_RF_static_Bloch,runs\combined_factor_study\cases\e3a48b3c0f3853e2,90.0
screen,high_low_alternating,1000,read,90,0.8,0,8,ec6d793f2c25abac,e3a48b3c0f3853e2,5,4096,1,1e-05,0.0637584074144654,-0.0022302311844942134,0.06379740157063803,-2.0033554947954637,0.06391474987943173,100.00000000000287,1.587527499999851,finite_RF_static_Bloch,runs\combined_factor_study\cases\e3a48b3c0f3853e2,90.0
screen,high_low_alternating,1000,read,90,0.8,0,8,ec6d793f2c25abac,e3a48b3c0f3853e2,6,4096,1,1e-05,-0.045756856983469145,-0.0015382633953484911,0.045782706508889555,-178.07454389684855,0.04587050162834756,-99.99999999998899,1.5875489000463858,finite_RF_static_Bloch,runs\combined_factor_study\cases\e3a48b3c0f3853e2,90.0
screen,high_low_alternating,1000,read,90,0.8,0,8,ec6d793f2c25abac,e3a48b3c0f3853e2,7,4096,1,1e-05,0.028092590994005448,-0.0002581019351514227,0.028093776630517386,-0.5263927239197884,0.028794454308960528,-400.0000000000115,1.5875707000959665,finite_RF_static_Bloch,runs\combined_factor_study\cases\e3a48b3c0f3853e2,90.0
screen,high_low_alternating,1000,read,90,0.8,0,8,ec6d793f2c25abac,e3a48b3c0f3853e2,8,4096,1,1e-05,-0.017944998215583118,-0.002354231294188589,0.01809876697302383,-172.52596456827482,0.01814031365622553,-99.99999999998899,1.5875922000268474,finite_RF_static_Bloch,runs\combined_factor_study\cases\e3a48b3c0f3853e2,90.0
screen,original_rf90_exploratory,1000,read,0,0.8,0,8,d4b946cd91ebbd4f,e4e7156ebcc895c9,1,4096,1,1e-05,-0.004991579147107938,0.2738999308650644,0.2739454106026763,91.04404832138634,0.27420228076127723,50.000000000001435,2.1982311999890953,finite_RF_static_Bloch,runs\combined_factor_study\cases\e4e7156ebcc895c9,0.0
screen,original_rf90_exploratory,1000,read,0,0.8,0,8,d4b946cd91ebbd4f,e4e7156ebcc895c9,2,4096,1,1e-05,-0.0033347411196099318,-0.20055371215015463,0.20058143472301193,-90.95260757895345,0.2005913571049368,-49.99999999999449,2.1983295999234542,finite_RF_static_Bloch,runs\combined_factor_study\cases\e4e7156ebcc895c9,0.0
screen,original_rf90_exploratory,1000,read,0,0.8,0,8,d4b946cd91ebbd4f,e4e7156ebcc895c9,3,4096,1,1e-05,-0.038686892141131114,-0.13307240921578795,0.1385818953472409,-106.21023669958285,0.13878142447499298,49.99999999999449,2.1983698999974877,finite_RF_static_Bloch,runs\combined_factor_study\cases\e4e7156ebcc895c9,0.0
screen,original_rf90_exploratory,1000,read,0,0.8,0,8,d4b946cd91ebbd4f,e4e7156ebcc895c9,4,4096,1,1e-05,-0.007059022812884911,0.13684283118899915,0.13702477969657076,92.95297922128314,0.1372118734973999,-100.00000000000287,2.1984000999946147,finite_RF_static_Bloch,runs\combined_factor_study\cases\e4e7156ebcc895c9,0.0
screen,original_rf90_exploratory,1000,read,0,0.8,0,8,d4b946cd91ebbd4f,e4e7156ebcc895c9,5,4096,1,1e-05,-0.00949346472628278,0.12357005912614108,0.12393419780249186,94.39320882936047,0.12428480457764308,100.00000000000287,2.1984325000084937,finite_RF_static_Bloch,runs\combined_factor_study\cases\e4e7156ebcc895c9,0.0
screen,original_rf90_exploratory,1000,read,0,0.8,0,8,d4b946cd91ebbd4f,e4e7156ebcc895c9,6,4096,1,1e-05,-0.0033839954968266674,-0.07275475492101073,0.07283341121448918,-92.6630427346971,0.07286182931944149,-49.99999999999449,2.198462300002575,finite_RF_static_Bloch,runs\combined_factor_study\cases\e4e7156ebcc895c9,0.0
screen,original_rf90_exploratory,1000,read,0,0.8,0,8,d4b946cd91ebbd4f,e4e7156ebcc895c9,7,4096,1,1e-05,-0.02334613057780252,-0.042461491655026704,0.048456373022809994,-118.8028266526304,0.048508830033997766,49.99999999999449,2.19848889997229,finite_RF_static_Bloch,runs\combined_factor_study\cases\e4e7156ebcc895c9,0.0
screen,original_rf90_exploratory,1000,read,0,0.8,0,8,d4b946cd91ebbd4f,e4e7156ebcc895c9,8,4096,1,1e-05,-0.006616442433877823,0.056950144932139304,0.057333204325874645,96.62688877793,0.05780312944185889,-450.00000000000597,2.1985123999183998,finite_RF_static_Bloch,runs\combined_factor_study\cases\e4e7156ebcc895c9,0.0
screen,inc_alt_center_rf90_exploratory,1000,read,90,1,0,8,549e8ad1b8690c9e,e5fce05dbcf0b54b,1,4096,1,1e-05,0.24801095795424974,-0.004883178596691768,0.24805902664203094,-1.127971844426363,0.24833080151775808,-50.000000000001435,1.1337972999317572,finite_RF_static_Bloch,runs\combined_factor_study\cases\e5fce05dbcf0b54b,90.0
screen,inc_alt_center_rf90_exploratory,1000,read,90,1,0,8,549e8ad1b8690c9e,e5fce05dbcf0b54b,2,4096,1,1e-05,0.17848599454533584,-0.000845437623252415,0.17848799683343547,-0.2713918563059969,0.17848799683343547,0.0,1.1343149000313133,finite_RF_static_Bloch,runs\combined_factor_study\cases\e5fce05dbcf0b54b,90.0
screen,inc_alt_center_rf90_exploratory,1000,read,90,1,0,8,549e8ad1b8690c9e,e5fce05dbcf0b54b,3,4096,1,1e-05,-0.13044711980102552,0.009960613006397393,0.1308268507449687,175.63351187248313,0.13129148883690545,-100.00000000000287,1.1344360000221059,finite_RF_static_Bloch,runs\combined_factor_study\cases\e5fce05dbcf0b54b,90.0
screen,inc_alt_center_rf90_exploratory,1000,read,90,1,0,8,549e8ad1b8690c9e,e5fce05dbcf0b54b,4,4096,1,1e-05,-0.09886680660214016,-0.0062928991410889385,0.09906687653956242,-176.35802106107644,0.09939184477907057,-100.00000000000287,1.134480300010182,finite_RF_static_Bloch,runs\combined_factor_study\cases\e5fce05dbcf0b54b,90.0
screen,inc_alt_center_rf90_exploratory,1000,read,90,1,0,8,549e8ad1b8690c9e,e5fce05dbcf0b54b,5,4096,1,1e-05,0.07084073111368769,-0.002643780060140237,0.07089004695814635,-2.1372898117843873,0.07091070408895758,-49.99999999999449,1.1345183999510482,finite_RF_static_Bloch,runs\combined_factor_study\cases\e5fce05dbcf0b54b,90.0
screen,inc_alt_center_rf90_exploratory,1000,read,90,1,0,8,549e8ad1b8690c9e,e5fce05dbcf0b54b,6,4096,1,1e-05,0.060030230676794645,-0.004068077853309063,0.06016791381234487,-3.8768444752570472,0.06022847737536443,-49.99999999999449,1.1345557000022382,finite_RF_static_Bloch,runs\combined_factor_study\cases\e5fce05dbcf0b54b,90.0
screen,inc_alt_center_rf90_exploratory,1000,read,90,1,0,8,549e8ad1b8690c9e,e5fce05dbcf0b54b,7,4096,1,1e-05,-0.04964856779102041,-0.004295086351094133,0.04983400496109965,-175.05566494595996,0.049834004961099646,0.0,1.1345920999301597,finite_RF_static_Bloch,runs\combined_factor_study\cases\e5fce05dbcf0b54b,90.0
screen,inc_alt_center_rf90_exploratory,1000,read,90,1,0,8,549e8ad1b8690c9e,e5fce05dbcf0b54b,8,4096,1,1e-05,-0.04272098237712326,-4.329139306838165e-05,0.04272100431182757,-179.94193922693225,0.04272100431182757,0.0,1.1346279999706894,finite_RF_static_Bloch,runs\combined_factor_study\cases\e5fce05dbcf0b54b,90.0
screen,inc_alt_rf90_exploratory,1000,read,90,1,0,8,95d0e6179492fa7a,e600f71bc51adab6,1,4096,1,1e-05,0.2441691149836675,-0.0033245236253082477,0.2441917467263025,-0.7800716445389309,0.2442087075211705,50.000000000001435,0.9575545999687165,finite_RF_static_Bloch,runs\combined_factor_study\cases\e600f71bc51adab6,90.0
screen,inc_alt_rf90_exploratory,1000,read,90,1,0,8,95d0e6179492fa7a,e600f71bc51adab6,2,4096,1,1e-05,0.1784893446903576,-0.00195500681007135,0.17850005103534483,-0.627539757260773,0.17850005103534483,0.0,0.9576519000111148,finite_RF_static_Bloch,runs\combined_factor_study\cases\e600f71bc51adab6,90.0
screen,inc_alt_rf90_exploratory,1000,read,90,1,0,8,95d0e6179492fa7a,e600f71bc51adab6,3,4096,1,1e-05,-0.12049197450694576,0.005179111553581697,0.12060323012700329,177.5387681221921,0.12070657004523254,-49.99999999999449,0.957689099945128,finite_RF_static_Bloch,runs\combined_factor_study\cases\e600f71bc51adab6,90.0
screen,inc_alt_rf90_exploratory,1000,read,90,1,0,8,95d0e6179492fa7a,e600f71bc51adab6,4,4096,1,1e-05,-0.10024226419660925,-0.00542930192187509,0.10038918692081178,-176.899786313602,0.10093419676557472,-100.00000000000287,0.9577209999551997,finite_RF_static_Bloch,runs\combined_factor_study\cases\e600f71bc51adab6,90.0
screen,inc_alt_rf90_exploratory,1000,read,90,1,0,8,95d0e6179492fa7a,e600f71bc51adab6,5,4096,1,1e-05,0.07114286549253876,0.002241164919899315,0.07117815767978018,1.8043529435416255,0.07125207642361985,49.99999999999449,0.9577552999835461,finite_RF_static_Bloch,runs\combined_factor_study\cases\e600f71bc51adab6,90.0
screen,inc_alt_rf90_exploratory,1000,read,90,1,0,8,95d0e6179492fa7a,e600f71bc51adab6,6,4096,1,1e-05,0.05801068614300682,-0.0001094078464106388,0.058010789314224126,-0.10805940817659966,0.058034080262878124,-49.99999999999449,0.9577911000233144,finite_RF_static_Bloch,runs\combined_factor_study\cases\e600f71bc51adab6,90.0
screen,inc_alt_rf90_exploratory,1000,read,90,1,0,8,95d0e6179492fa7a,e600f71bc51adab6,7,4096,1,1e-05,-0.04894407531507477,-0.0017661180225651562,0.04897592961156879,-177.9334123149555,0.04910634654084963,49.99999999999449,0.9578246999299154,finite_RF_static_Bloch,runs\combined_factor_study\cases\e600f71bc51adab6,90.0
screen,inc_alt_rf90_exploratory,1000,read,90,1,0,8,95d0e6179492fa7a,e600f71bc51adab6,8,4096,1,1e-05,-0.043169587436302795,0.0018276419299120168,0.04320825794271929,177.5757546166046,0.04321905522056769,950.0000000000064,0.9578552999300882,finite_RF_static_Bloch,runs\combined_factor_study\cases\e600f71bc51adab6,90.0
screen,increasing_centering_rf90_exploratory,1000,read,90,0.8,0,8,3d8263d5c044b494,eff1bc9dcd0c914a,1,4096,1,1e-05,0.28710010648972295,-0.0027558501448304547,0.28711333277371676,-0.5499605518006698,0.2873763453224863,-50.000000000001435,1.6934809000231326,finite_RF_static_Bloch,runs\combined_factor_study\cases\eff1bc9dcd0c914a,90.0
screen,increasing_centering_rf90_exploratory,1000,read,90,0.8,0,8,3d8263d5c044b494,eff1bc9dcd0c914a,2,4096,1,1e-05,0.20152347937377174,0.00296442736212681,0.2015452816825448,0.842764960259928,0.2018687498948955,-50.00000000000837,1.6935283000348136,finite_RF_static_Bloch,runs\combined_factor_study\cases\eff1bc9dcd0c914a,90.0
screen,increasing_centering_rf90_exploratory,1000,read,90,0.8,0,8,3d8263d5c044b494,eff1bc9dcd0c914a,3,4096,1,1e-05,-0.15023803002596225,-0.011900218025556322,0.1507085958236547,-175.47110904460774,0.15079726549058556,-49.99999999999449,1.693554800003767,finite_RF_static_Bloch,runs\combined_factor_study\cases\eff1bc9dcd0c914a,90.0
screen,increasing_centering_rf90_exploratory,1000,read,90,0.8,0,8,3d8263d5c044b494,eff1bc9dcd0c914a,4,4096,1,1e-05,-0.09186231880485621,-0.0026959199813277844,0.0919018694083573,-178.3190004732138,0.0921351198618437,-100.00000000000287,1.693578999955207,finite_RF_static_Bloch,runs\combined_factor_study\cases\eff1bc9dcd0c914a,90.0
screen,increasing_centering_rf90_exploratory,1000,read,90,0.8,0,8,3d8263d5c044b494,eff1bc9dcd0c914a,5,4096,1,1e-05,0.08314119574097793,-0.005248586938879363,0.08330669897489987,-3.6122087121653452,0.08330669897489987,0.0,1.6936018000124022,finite_RF_static_Bloch,runs\combined_factor_study\cases\eff1bc9dcd0c914a,90.0
screen,increasing_centering_rf90_exploratory,1000,read,90,0.8,0,8,3d8263d5c044b494,eff1bc9dcd0c914a,6,4096,1,1e-05,0.06501837441570799,0.0026908160196108836,0.06507403093794471,2.369860414630061,0.06515709243501067,-399.9999999999837,1.6936242999508977,finite_RF_static_Bloch,runs\combined_factor_study\cases\eff1bc9dcd0c914a,90.0
screen,increasing_centering_rf90_exploratory,1000,read,90,0.8,0,8,3d8263d5c044b494,eff1bc9dcd0c914a,7,4096,1,1e-05,-0.05785596018149323,0.003911017935753519,0.05798800039504997,176.1327333721841,0.0580456766902852,-49.99999999999449,1.6936471000080928,finite_RF_static_Bloch,runs\combined_factor_study\cases\eff1bc9dcd0c914a,90.0
screen,increasing_centering_rf90_exploratory,1000,read,90,0.8,0,8,3d8263d5c044b494,eff1bc9dcd0c914a,8,4096,1,1e-05,-0.047087319254933396,-0.004115897870254716,0.04726686206947092,-175.00447856479545,0.047266862069470915,0.0,1.6936696999473497,finite_RF_static_Bloch,runs\combined_factor_study\cases\eff1bc9dcd0c914a,90.0
screen,ramp_modulated,1000,read,90,1,0,8,8ded98f95c7a945d,f45928aa34e8fab2,1,4096,1,1e-05,0.2441691149836675,-0.0033245236253082477,0.2441917467263025,-0.7800716445389309,0.2442087075211705,50.000000000001435,0.7122105999151245,finite_RF_static_Bloch,runs\combined_factor_study\cases\f45928aa34e8fab2,90.0
screen,ramp_modulated,1000,read,90,1,0,8,8ded98f95c7a945d,f45928aa34e8fab2,2,4096,1,1e-05,-0.1809909593379285,-0.002291309472639517,0.1810054625174696,-179.27468559794627,0.1810054625174696,0.0,0.712259899941273,finite_RF_static_Bloch,runs\combined_factor_study\cases\f45928aa34e8fab2,90.0
screen,ramp_modulated,1000,read,90,1,0,8,8ded98f95c7a945d,f45928aa34e8fab2,3,4096,1,1e-05,0.1179821894470684,0.007264406968200283,0.11820562015117375,3.5233714122696385,0.11837013143487206,100.00000000000287,0.7122876999201253,finite_RF_static_Bloch,runs\combined_factor_study\cases\f45928aa34e8fab2,90.0
screen,ramp_modulated,1000,read,90,1,0,8,8ded98f95c7a945d,f45928aa34e8fab2,4,4096,1,1e-05,-0.09586127959873568,0.0009216006028207042,0.09586570958365717,179.44918116662134,0.09589675486723881,-49.99999999999449,0.7123107999796048,finite_RF_static_Bloch,runs\combined_factor_study\cases\f45928aa34e8fab2,90.0
screen,ramp_modulated,1000,read,90,1,0,8,8ded98f95c7a945d,f45928aa34e8fab2,5,4096,1,1e-05,0.056756448627825,0.0030605332156242275,0.05683890678405838,3.0866266371027105,0.05717199673753017,100.00000000000287,0.7123324999120086,finite_RF_static_Bloch,runs\combined_factor_study\cases\f45928aa34e8fab2,90.0
screen,ramp_modulated,1000,read,90,1,0,8,8ded98f95c7a945d,f45928aa34e8fab2,6,4096,1,1e-05,-0.043625474528717664,0.0022450322525594227,0.04368320269475243,177.05407209931184,0.04368999681516692,-49.99999999999449,0.7123554999707267,finite_RF_static_Bloch,runs\combined_factor_study\cases\f45928aa34e8fab2,90.0
screen,ramp_modulated,1000,read,90,1,0,8,8ded98f95c7a945d,f45928aa34e8fab2,7,4096,1,1e-05,0.04208394498802474,-0.0031823363158454397,0.042204095656490984,-4.324406515243238,0.042204095656490984,0.0,0.7123796999221668,finite_RF_static_Bloch,runs\combined_factor_study\cases\f45928aa34e8fab2,90.0
screen,ramp_modulated,1000,read,90,1,0,8,8ded98f95c7a945d,f45928aa34e8fab2,8,4096,1,1e-05,-0.026543491526110862,-0.000608571087806194,0.02655046706115794,-178.686591510909,0.026587274586274464,-49.99999999999449,0.7124010999687016,finite_RF_static_Bloch,runs\combined_factor_study\cases\f45928aa34e8fab2,90.0
screen,centering,1000,read,0,1,0,8,b5359e85491e4c02,f5365572d46a2d0b,1,4096,1,1e-05,-0.004910058550749369,0.2484525511242275,0.24850106405226652,91.13216392705218,0.24850106405226652,0.0,0.8550727000692859,finite_RF_static_Bloch,runs\combined_factor_study\cases\f5365572d46a2d0b,0.0
screen,centering,1000,read,0,1,0,8,b5359e85491e4c02,f5365572d46a2d0b,2,4096,1,1e-05,-0.0056344292284990945,0.17823142437486358,0.17832046272770738,91.81068819494797,0.17846958335117855,-50.00000000000837,0.8551750000333413,finite_RF_static_Bloch,runs\combined_factor_study\cases\f5365572d46a2d0b,0.0
screen,centering,1000,read,0,1,0,8,b5359e85491e4c02,f5365572d46a2d0b,3,4096,1,1e-05,0.0036295147665400796,0.16633792575496248,0.16637751928041222,88.74999713720675,0.1666361792861029,-100.00000000000287,0.8552236000541598,finite_RF_static_Bloch,runs\combined_factor_study\cases\f5365572d46a2d0b,0.0
screen,centering,1000,read,0,1,0,8,b5359e85491e4c02,f5365572d46a2d0b,4,4096,1,1e-05,0.007517730201834309,0.1294863922844161,0.12970444115072263,86.67724757299078,0.12970444115072263,0.0,0.8552648000186309,finite_RF_static_Bloch,runs\combined_factor_study\cases\f5365572d46a2d0b,0.0
screen,centering,1000,read,0,1,0,8,b5359e85491e4c02,f5365572d46a2d0b,5,4096,1,1e-05,0.007236703839912962,0.11314914366458016,0.1133803271934528,86.34050596650067,0.11357139100786508,-100.00000000000287,0.8553038999671116,finite_RF_static_Bloch,runs\combined_factor_study\cases\f5365572d46a2d0b,0.0
screen,centering,1000,read,0,1,0,8,b5359e85491e4c02,f5365572d46a2d0b,6,4096,1,1e-05,0.012726636666258248,0.09251344647708884,0.09338471534412968,82.16725356913544,0.09345781763579745,-49.99999999999449,0.8553407000144944,finite_RF_static_Bloch,runs\combined_factor_study\cases\f5365572d46a2d0b,0.0
screen,centering,1000,read,0,1,0,8,b5359e85491e4c02,f5365572d46a2d0b,7,4096,1,1e-05,-0.00046852316806580063,0.0781393962838465,0.07814080090172494,90.34354089889761,0.07819762307326891,-99.99999999998899,0.8553770000580698,finite_RF_static_Bloch,runs\combined_factor_study\cases\f5365572d46a2d0b,0.0
screen,centering,1000,read,0,1,0,8,b5359e85491e4c02,f5365572d46a2d0b,8,4096,1,1e-05,0.007565354557575821,0.06329942572300018,0.06374991675636488,83.18451175288358,0.06379673988945164,-49.99999999999449,0.8554101000772789,finite_RF_static_Bloch,runs\combined_factor_study\cases\f5365572d46a2d0b,0.0
screen,increasing_rf90_exploratory,1000,read,90,0.8,0,8,7bc4cedd2f6a7810,f5a992db3d492c11,1,4096,1,1e-05,0.2697744019263688,-0.002610747172157214,0.2697870344096004,-0.5544637436942854,0.26982065473564965,50.000000000001435,1.681553200003691,finite_RF_static_Bloch,runs\combined_factor_study\cases\f5a992db3d492c11,90.0
screen,increasing_rf90_exploratory,1000,read,90,0.8,0,8,7bc4cedd2f6a7810,f5a992db3d492c11,2,4096,1,1e-05,0.20190004187070001,0.0031176036409150767,0.20192411039757552,0.8846522980817296,0.20223629068988241,-49.99999999999449,1.6816082999575883,finite_RF_static_Bloch,runs\combined_factor_study\cases\f5a992db3d492c11,90.0
screen,increasing_rf90_exploratory,1000,read,90,0.8,0,8,7bc4cedd2f6a7810,f5a992db3d492c11,3,4096,1,1e-05,-0.1438265995824624,-0.012006666558268504,0.14432688865660281,-175.22800427062293,0.1443840433780429,49.99999999999449,1.6816385999554768,finite_RF_static_Bloch,runs\combined_factor_study\cases\f5a992db3d492c11,90.0
screen,increasing_rf90_exploratory,1000,read,90,0.8,0,8,7bc4cedd2f6a7810,f5a992db3d492c11,4,4096,1,1e-05,-0.09417081282994286,0.004818651098550777,0.09429401565031417,177.0707719269717,0.09445438502927496,-100.00000000000287,1.6816688999533653,finite_RF_static_Bloch,runs\combined_factor_study\cases\f5a992db3d492c11,90.0
screen,increasing_rf90_exploratory,1000,read,90,0.8,0,8,7bc4cedd2f6a7810,f5a992db3d492c11,5,4096,1,1e-05,0.07601954110234294,-0.006474298105877987,0.07629473877912278,-4.8679190316634315,0.07659995747009053,100.00000000000287,1.6816923000151291,finite_RF_static_Bloch,runs\combined_factor_study\cases\f5a992db3d492c11,90.0
screen,increasing_rf90_exploratory,1000,read,90,0.8,0,8,7bc4cedd2f6a7810,f5a992db3d492c11,6,4096,1,1e-05,0.0700818010699342,-0.007731699341276824,0.07050700685683467,-6.2956354739732445,0.07050700685683467,0.0,1.681714199949056,finite_RF_static_Bloch,runs\combined_factor_study\cases\f5a992db3d492c11,90.0
screen,increasing_rf90_exploratory,1000,read,90,0.8,0,8,7bc4cedd2f6a7810,f5a992db3d492c11,7,4096,1,1e-05,-0.05596931830295229,0.0030499468899729595,0.056052357375304444,176.88085500378074,0.05612170434064577,99.99999999998899,1.6817368000047281,finite_RF_static_Bloch,runs\combined_factor_study\cases\f5a992db3d492c11,90.0
screen,increasing_rf90_exploratory,1000,read,90,0.8,0,8,7bc4cedd2f6a7810,f5a992db3d492c11,8,4096,1,1e-05,-0.04964419755999105,-0.0028015478582152833,0.049723183946498155,-176.77007977866595,0.049723183946498155,0.0,1.681758499937132,finite_RF_static_Bloch,runs\combined_factor_study\cases\f5a992db3d492c11,90.0
screen,inc_alt_center_rf180,1000,read,0,1,0,8,a744ede2833c996a,f72b00320b978e16,1,4096,1,1e-05,-0.004910058550749369,0.2484525511242275,0.24850106405226652,91.13216392705218,0.24850106405226652,0.0,0.9297913999762386,finite_RF_static_Bloch,runs\combined_factor_study\cases\f72b00320b978e16,0.0
screen,inc_alt_center_rf180,1000,read,0,1,0,8,a744ede2833c996a,f72b00320b978e16,2,4096,1,1e-05,0.0031682425340857356,0.17612393801704695,0.17615243201099265,88.96943396111992,0.17615243201099265,0.0,0.9298668999690562,finite_RF_static_Bloch,runs\combined_factor_study\cases\f72b00320b978e16,0.0
screen,inc_alt_center_rf180,1000,read,0,1,0,8,a744ede2833c996a,f72b00320b978e16,3,4096,1,1e-05,0.000591470798455446,0.1327133283323188,0.1327146463460129,89.74464843500341,0.13274424559823014,-49.99999999999449,0.9299097000621259,finite_RF_static_Bloch,runs\combined_factor_study\cases\f72b00320b978e16,0.0
screen,inc_alt_center_rf180,1000,read,0,1,0,8,a744ede2833c996a,f72b00320b978e16,4,4096,1,1e-05,0.001970895516153734,0.0996456475143448,0.09966513682170233,88.866892076838,0.09966513682170233,0.0,0.9299518000334501,finite_RF_static_Bloch,runs\combined_factor_study\cases\f72b00320b978e16,0.0
screen,inc_alt_center_rf180,1000,read,0,1,0,8,a744ede2833c996a,f72b00320b978e16,5,4096,1,1e-05,-0.0011087376530861423,0.07335797207785481,0.07336635036962584,90.8659065917838,0.0735746626668812,-100.00000000000287,0.9299928999971598,finite_RF_static_Bloch,runs\combined_factor_study\cases\f72b00320b978e16,0.0
screen,inc_alt_center_rf180,1000,read,0,1,0,8,a744ede2833c996a,f72b00320b978e16,6,4096,1,1e-05,-0.0024146973955748124,0.05242579114490996,0.05248137136815229,92.63714203836079,0.052481371368152285,0.0,0.930028900038451,finite_RF_static_Bloch,runs\combined_factor_study\cases\f72b00320b978e16,0.0
screen,inc_alt_center_rf180,1000,read,0,1,0,8,a744ede2833c996a,f72b00320b978e16,7,4096,1,1e-05,0.0015968904256983985,0.041859055403262437,0.04188950439292737,87.81526999633539,0.04205136095008053,-99.99999999998899,0.9300647000782192,finite_RF_static_Bloch,runs\combined_factor_study\cases\f72b00320b978e16,0.0
screen,inc_alt_center_rf180,1000,read,0,1,0,8,a744ede2833c996a,f72b00320b978e16,8,4096,1,1e-05,-0.001833280412397764,0.03290079238974129,0.0329518293413786,93.18930680021036,0.03295182934137861,0.0,0.9300984999863431,finite_RF_static_Bloch,runs\combined_factor_study\cases\f72b00320b978e16,0.0
screen,increasing_centering_taper,1000,read,0,0.8,0,8,67b97bd9255aa42d,fa17fda4bfa831b3,1,4096,1,1e-05,-0.005448413794415983,0.2909624802876619,0.2910134879142601,91.07276593143351,0.2910796142930561,-50.000000000001435,1.8981946000130847,finite_RF_static_Bloch,runs\combined_factor_study\cases\fa17fda4bfa831b3,0.0
screen,increasing_centering_taper,1000,read,0,0.8,0,8,67b97bd9255aa42d,fa17fda4bfa831b3,2,4096,1,1e-05,0.004008816485619926,0.2052550804792745,0.20529422464397,88.88110410574144,0.2055753846012798,-100.00000000000287,1.8982920000562444,finite_RF_static_Bloch,runs\combined_factor_study\cases\fa17fda4bfa831b3,0.0
screen,increasing_centering_taper,1000,read,0,0.8,0,8,67b97bd9255aa42d,fa17fda4bfa831b3,3,4096,1,1e-05,-0.005499860332712864,0.1643385305883366,0.16443053578825617,91.9167824900048,0.1644305357882562,0.0,1.8983393999515101,finite_RF_static_Bloch,runs\combined_factor_study\cases\fa17fda4bfa831b3,0.0
screen,increasing_centering_taper,1000,read,0,0.8,0,8,67b97bd9255aa42d,fa17fda4bfa831b3,4,4096,1,1e-05,0.0011951620639888234,0.12904793838774586,0.1290534726944093,89.46937715390136,0.12918458257861892,-100.00000000000287,1.8983826000476256,finite_RF_static_Bloch,runs\combined_factor_study\cases\fa17fda4bfa831b3,0.0
screen,increasing_centering_taper,1000,read,0,0.8,0,8,67b97bd9255aa42d,fa17fda4bfa831b3,5,4096,1,1e-05,-0.002146207930671315,0.10842101466817858,0.1084422548186779,91.13402921840013,0.1084559892708035,-49.99999999999449,1.8984227000037208,finite_RF_static_Bloch,runs\combined_factor_study\cases\fa17fda4bfa831b3,0.0
screen,increasing_centering_taper,1000,read,0,0.8,0,8,67b97bd9255aa42d,fa17fda4bfa831b3,6,4096,1,1e-05,0.008505232751994787,0.07863247137428007,0.0790911154213454,83.82663785726893,0.0791752911313539,-49.99999999999449,1.8984612999483943,finite_RF_static_Bloch,runs\combined_factor_study\cases\fa17fda4bfa831b3,0.0
screen,increasing_centering_taper,1000,read,0,0.8,0,8,67b97bd9255aa42d,fa17fda4bfa831b3,7,4096,1,1e-05,-0.0022383868604170087,0.06968655295645579,0.0697224930613486,91.83975293265162,0.0697940202623784,-49.99999999999449,1.8985023000277579,finite_RF_static_Bloch,runs\combined_factor_study\cases\fa17fda4bfa831b3,0.0
screen,increasing_centering_taper,1000,read,0,0.8,0,8,67b97bd9255aa42d,fa17fda4bfa831b3,8,4096,1,1e-05,-0.0014553067415789185,0.04684589184504463,0.04686849155317146,91.77936895903984,0.046873578889413965,-49.99999999999449,1.8985419999808073,finite_RF_static_Bloch,runs\combined_factor_study\cases\fa17fda4bfa831b3,0.0
screen,high_low_energy_matched,1000,read,90,0.8,0,8,d1a75727ed749f8d,fd5edf82b14a1448,1,4096,1,1e-05,0.2697744019263688,-0.002610747172157214,0.2697870344096004,-0.5544637436942854,0.26982065473564965,50.000000000001435,7.174594999989495,finite_RF_static_Bloch,runs\combined_factor_study\cases\fd5edf82b14a1448,90.0
screen,high_low_energy_matched,1000,read,90,0.8,0,8,d1a75727ed749f8d,fd5edf82b14a1448,2,4096,1,1e-05,-0.20509025452796542,0.0026166367776094715,0.2051069459827521,179.26903347839186,0.20522668154994272,-49.99999999999449,7.174643300008029,finite_RF_static_Bloch,runs\combined_factor_study\cases\fd5edf82b14a1448,90.0
screen,high_low_energy_matched,1000,read,90,0.8,0,8,d1a75727ed749f8d,fd5edf82b14a1448,3,4096,1,1e-05,0.12794675116790807,0.005850723514831752,0.12808045167030602,2.618186089384533,0.12824723264475188,100.00000000000287,7.174668599967845,finite_RF_static_Bloch,runs\combined_factor_study\cases\fd5edf82b14a1448,90.0
screen,high_low_energy_matched,1000,read,90,0.8,0,8,d1a75727ed749f8d,fd5edf82b14a1448,4,4096,1,1e-05,-0.09318489311803493,-0.001369915351736846,0.09319496216797622,-179.15775281178912,0.09356460711380825,-100.00000000000287,7.174691499909386,finite_RF_static_Bloch,runs\combined_factor_study\cases\fd5edf82b14a1448,90.0
screen,high_low_energy_matched,1000,read,90,0.8,0,8,d1a75727ed749f8d,fd5edf82b14a1448,5,4096,1,1e-05,0.05507418637873522,0.0014959607631427096,0.055094499760724995,1.555922533576181,0.05578597044068676,250.00000000000023,7.174713399959728,finite_RF_static_Bloch,runs\combined_factor_study\cases\fd5edf82b14a1448,90.0
screen,high_low_energy_matched,1000,read,90,0.8,0,8,d1a75727ed749f8d,fd5edf82b14a1448,6,4096,1,1e-05,-0.037108747852013325,0.0006478002338936649,0.03711440168300354,178.99990024076902,0.03765659898395921,-200.00000000000574,7.17474669998046,finite_RF_static_Bloch,runs\combined_factor_study\cases\fd5edf82b14a1448,90.0
screen,high_low_energy_matched,1000,read,90,0.8,0,8,d1a75727ed749f8d,fd5edf82b14a1448,7,4096,1,1e-05,0.01643231043987324,0.00494958882993126,0.017161563331402747,16.76286689138524,0.017802300713774137,1150.000000000012,7.174768899916671,finite_RF_static_Bloch,runs\combined_factor_study\cases\fd5edf82b14a1448,90.0
screen,high_low_energy_matched,1000,read,90,0.8,0,8,d1a75727ed749f8d,fd5edf82b14a1448,8,4096,1,1e-05,-0.0177212162574039,-0.0006664242430835807,0.017733742608751428,-177.84634917612527,0.01805032476845455,-200.00000000000574,7.17479059996549,finite_RF_static_Bloch,runs\combined_factor_study\cases\fd5edf82b14a1448,90.0
