stage,model,b,direction,phase,b1,b0,etl,echo,D_mm2_s,interaction,baseline,factor_A,factor_B,combination,total_abs_interaction,total_abs_baseline,total_abs_A,total_abs_B,total_abs_AB,total_real_interaction,total_real_baseline,total_real_A,total_real_B,total_real_AB,total_imag_interaction,total_imag_baseline,total_imag_A,total_imag_B,total_imag_AB,primary_abs_interaction,primary_abs_baseline,primary_abs_A,primary_abs_B,primary_abs_AB,stimulated_abs_interaction,stimulated_abs_baseline,stimulated_abs_A,stimulated_abs_B,stimulated_abs_AB,unwanted_l1_share_interaction,unwanted_l1_share_baseline,unwanted_l1_share_A,unwanted_l1_share_B,unwanted_l1_share_AB
screen,finite_RF_static_Bloch,1000.0,read,90.0,0.8,0.0,8.0,1.0,,centering_x_ramp,original,centering,increasing,increasing_centering,0.0,0.2697870344096004,0.28711333277371676,0.2697870344096004,0.28711333277371676,0.0,0.2697744019263688,0.28710010648972295,0.2697744019263688,0.28710010648972295,0.0,-0.002610747172157214,-0.0027558501448304547,-0.002610747172157214,-0.0027558501448304547,,,,,,,,,,,,,,,
screen,finite_RF_static_Bloch,1000.0,read,90.0,0.8,0.0,8.0,2.0,,centering_x_ramp,original,centering,increasing,increasing_centering,0.0,0.19944691012095758,0.20145450204163717,0.19944691012095758,0.20145450204163717,0.0,-0.19942779818713444,-0.20141609595172827,-0.19942779818713444,-0.20141609595172827,0.0,0.002761026444804865,0.003933533323640517,0.002761026444804865,0.003933533323640517,,,,,,,,,,,,,,,
screen,finite_RF_static_Bloch,1000.0,read,90.0,0.8,0.0,8.0,3.0,,centering_x_ramp,original,centering,increasing,increasing_centering,0.005456789338735113,0.1026164201003395,0.10600709468873894,0.12231599992643562,0.13116346385357017,0.005481452678116339,0.1025895450168853,0.10596818005037892,0.1223023562563979,0.13116244396800786,0.0007859266904329497,0.0023483882638571,0.002872096996575491,-0.0018268804385968922,-0.0005172450154455515,,,,,,,,,,,,,,,
screen,finite_RF_static_Bloch,1000.0,read,90.0,0.8,0.0,8.0,4.0,,centering_x_ramp,original,centering,increasing,increasing_centering,-0.0052572764477380116,0.04499564308129846,0.044633528300904404,0.11131160946637983,0.10569221823824776,0.005217162547987701,-0.04499167112355308,-0.044591803686655725,-0.1112990608916684,-0.10568203090678334,0.0006114560128936525,-0.0005978509928417442,0.001929479867319487,-0.0016713607116812129,0.001467426161373671,,,,,,,,,,,,,,,
screen,finite_RF_static_Bloch,1000.0,read,90.0,0.8,0.0,8.0,5.0,,centering_x_ramp,original,centering,increasing,increasing_centering,0.011991911257798792,0.005523451207374798,0.00544573276868409,0.08101198176239395,0.09292617458150204,0.012430123457355571,-0.003069001308399183,-0.0035855032300633233,0.08100576572460903,0.09291938726030047,0.0006131257089797551,0.004592357151757061,0.004098801285147301,0.0010035479262131045,0.0011231177685830996,,,,,,,,,,,,,,,
screen,finite_RF_static_Bloch,1000.0,read,90.0,0.8,0.0,8.0,6.0,,centering_x_ramp,original,centering,increasing,increasing_centering,-0.002664368160124435,0.019934257836277655,0.019740326249555608,0.07659222715655295,0.07373392740970647,0.0030962540333543676,0.019860460756066595,0.01962188691908978,-0.0765690257545519,-0.07371134555817435,0.00326431917229997,0.0017136901820153717,0.0021591744193898543,-0.0018850877432561354,0.0018247156664183172,,,,,,,,,,,,,,,
screen,finite_RF_static_Bloch,1000.0,read,90.0,0.8,0.0,8.0,7.0,,centering_x_ramp,original,centering,increasing,increasing_centering,0.008933252764558731,0.04136813003409695,0.043690128739714,0.05139640556074329,0.06265165703091907,0.013542730161401118,-0.04132097828873353,-0.04361115899274597,0.051394039933915434,0.06264658939130412,-0.0009548323692561119,0.001974572303048442,0.002625673361676047,-0.0004931164522803374,-0.0007968477629088447,,,,,,,,,,,,,,,
screen,finite_RF_static_Bloch,1000.0,read,90.0,0.8,0.0,8.0,8.0,,centering_x_ramp,original,centering,increasing,increasing_centering,-0.002472048076071022,0.041793601509860556,0.04253781341239298,0.05417740621915378,0.052449570045615186,0.001065372902129491,0.04176078400911361,0.042446014586468205,-0.05415425069252393,-0.05240364721303983,-0.001747718419298089,0.001655912470265133,0.0027931014361975144,-0.0015838170874424024,-0.0021943465408081108,,,,,,,,,,,,,,,
screen,finite_RF_static_Bloch,1000.0,read,0.0,1.0,0.0,8.0,1.0,,centering_x_ramp,original,centering,increasing,increasing_centering,0.0,0.2455084451217991,0.24850106405226652,0.2455084451217991,0.24850106405226652,0.0,-0.0032448769234316712,-0.004910058550749369,-0.0032448769234316712,-0.004910058550749369,0.0,0.2454870004702392,0.2484525511242275,0.2454870004702392,0.2484525511242275,,,,,,,,,,,,,,,
screen,finite_RF_static_Bloch,1000.0,read,0.0,1.0,0.0,8.0,2.0,,centering_x_ramp,original,centering,increasing,increasing_centering,0.0,0.17408066530266472,0.17832046272770738,0.17408066530266472,0.17832046272770738,0.0,-0.0031780999121127037,-0.0056344292284990945,-0.0031780999121127037,-0.0056344292284990945,0.0,0.17405165242871729,0.17823142437486358,0.17405165242871729,0.17823142437486358,,,,,,,,,,,,,,,
screen,finite_RF_static_Bloch,1000.0,read,0.0,1.0,0.0,8.0,3.0,,centering_x_ramp,original,centering,increasing,increasing_centering,-0.002382681691791566,0.16069829149525128,0.16637751928041222,0.1225096031634474,0.1258061492568168,-0.0018131922202141398,0.0012929808305973509,0.0036295147665400796,-0.002346788107276023,-0.0018234463915474343,-0.002339025676645401,0.16069308973961655,0.16633792575496248,0.12248712362058678,0.1257929339592873,,,,,,,,,,,,,,,
screen,finite_RF_static_Bloch,1000.0,read,0.0,1.0,0.0,8.0,4.0,,centering_x_ramp,original,centering,increasing,increasing_centering,-0.0007540390043168088,0.12932732414796347,0.12970444115072263,0.08850096159327785,0.0881240395917202,-0.0017966709074889549,0.004887420181354245,0.007517730201834309,0.0031739338135080533,0.004007572926499163,-0.0006626138211732469,0.12923494069036945,0.1294863922844161,0.0884440294597793,0.08803286723265272,,,,,,,,,,,,,,,
screen,finite_RF_static_Bloch,1000.0,read,0.0,1.0,0.0,8.0,5.0,,centering_x_ramp,original,centering,increasing,increasing_centering,-0.0013214167200501642,0.11169357192447797,0.1133803271934528,0.06798610738219514,0.0683514459311198,0.004504007661293642,0.005770167366950598,0.007236703839912962,-0.005294265545791011,0.000676278588464995,-0.001036270878560605,0.11154442692401048,0.11314914366458016,0.06777965439063569,0.06834810025264476,,,,,,,,,,,,,,,
screen,finite_RF_static_Bloch,1000.0,read,0.0,1.0,0.0,8.0,6.0,,centering_x_ramp,original,centering,increasing,increasing_centering,-0.0022217405240545496,0.09049070100074613,0.09338471534412968,0.05346871603700734,0.05414098985633633,-0.0003851441781048959,0.007266492132741192,0.012726636666258248,-0.005337531438411218,-0.0002625310829990589,-0.0013762558355986942,0.09019847592776303,0.09251344647708884,0.05320163862880633,0.05414035334253345,,,,,,,,,,,,,,,
screen,finite_RF_static_Bloch,1000.0,read,0.0,1.0,0.0,8.0,7.0,,centering_x_ramp,original,centering,increasing,increasing_centering,-0.0010373888851357843,0.07884813956707859,0.07814080090172494,0.04255481969973605,0.040810092149246614,0.002179660671061308,-0.0031371731978516474,-0.00046852316806580063,-0.006982967742369869,-0.002134657041522715,-0.0005774470005290439,0.07878570465202546,0.0781393962838465,0.041977980432437015,0.040754225063729006,,,,,,,,,,,,,,,
screen,finite_RF_static_Bloch,1000.0,read,0.0,1.0,0.0,8.0,8.0,,centering_x_ramp,original,centering,increasing,increasing_centering,-0.0001360871147193521,0.06270890884743201,0.06374991675636488,0.04104776613088294,0.04195268692509646,-0.000335620129621619,0.005649352500825831,0.007565354557575821,-0.0013012140925180566,0.00027916783461031465,7.911518052038102e-05,0.062453919533980815,0.06329942572300018,0.04102713670512595,0.041951758074665696,,,,,,,,,,,,,,,
screen,finite_RF_static_Bloch,1000.0,read,90.0,1.0,0.0,8.0,1.0,,centering_x_ramp,original,centering,increasing,increasing_centering,0.0,0.2441917467263025,0.24805902664203094,0.2441917467263025,0.24805902664203094,0.0,0.2441691149836675,0.24801095795424974,0.2441691149836675,0.24801095795424974,0.0,-0.0033245236253082477,-0.004883178596691768,-0.0033245236253082477,-0.004883178596691768,,,,,,,,,,,,,,,
screen,finite_RF_static_Bloch,1000.0,read,90.0,1.0,0.0,8.0,2.0,,centering_x_ramp,original,centering,increasing,increasing_centering,0.0,0.1810054625174696,0.18255127701827992,0.1810054625174696,0.18255127701827992,0.0,-0.1809909593379285,-0.1825489530569612,-0.1809909593379285,-0.1825489530569612,0.0,-0.002291309472639517,0.0009211290963546121,-0.002291309472639517,0.0009211290963546121,,,,,,,,,,,,,,,
screen,finite_RF_static_Bloch,1000.0,read,90.0,1.0,0.0,8.0,3.0,,centering_x_ramp,original,centering,increasing,increasing_centering,-0.0012096825883848167,0.09808397421500868,0.10189999790767759,0.13350905310862266,0.13611539421290675,-0.001186719841710801,0.09806726087512398,0.10185349554442169,0.13348768112670123,0.13608719595428814,-0.0008858139124911252,0.0018106193031298635,0.003078151875260122,0.00238877570674995,0.0027704943663890832,,,,,,,,,,,,,,,
screen,finite_RF_static_Bloch,1000.0,read,90.0,1.0,0.0,8.0,4.0,,centering_x_ramp,original,centering,increasing,increasing_centering,0.0007053125541566854,0.054362214233792165,0.05171838365424972,0.1126372706477466,0.11069875262236084,-0.0006637454531885911,-0.05427295960162368,-0.05169312993323466,-0.11261478499902836,-0.11069870078382793,0.00364126093338217,0.003113870980185276,0.0016160215078652573,-0.002250541845053614,-0.00010713038399146274,,,,,,,,,,,,,,,
screen,finite_RF_static_Bloch,1000.0,read,90.0,1.0,0.0,8.0,5.0,,centering_x_ramp,original,centering,increasing,increasing_centering,0.0033870515588086264,0.03926057160997544,0.04331132790052532,0.09136750890881146,0.09880531675816996,0.0033676127520348917,0.03911595587572645,0.043178249492154125,0.09136697986195867,0.09879688623042124,-0.0015756682992095219,-0.003366671809106231,-0.003392623660253908,0.00031092620696730223,-0.0012906939433898965,,,,,,,,,,,,,,,
screen,finite_RF_static_Bloch,1000.0,read,90.0,1.0,0.0,8.0,6.0,,centering_x_ramp,original,centering,increasing,increasing_centering,-0.00033763862169826006,0.017959469282255617,0.011570251750100843,0.08330353087252457,0.07657667471867154,0.0004800457680295238,-0.017802192437405818,-0.011565303894768793,-0.08328231903580435,-0.0765653847251378,0.002598143626018587,0.0023715988956512545,0.0003383361972320012,-0.0018797850537102933,-0.0013149041261109596,,,,,,,,,,,,,,,
screen,finite_RF_static_Bloch,1000.0,read,90.0,1.0,0.0,8.0,7.0,,centering_x_ramp,original,centering,increasing,increasing_centering,0.0027660091447837057,0.01003975030576161,0.012972759559445442,0.06086976280253242,0.06656878120099996,0.0023824471425748957,0.009654510853550183,0.012916624677700453,0.060860387624963555,0.06650494859168872,-0.000297309461795116,0.0027544521017295017,0.0012055279020424141,-0.0010682891817026625,-0.002914522843184866,,,,,,,,,,,,,,,
screen,finite_RF_static_Bloch,1000.0,read,90.0,1.0,0.0,8.0,8.0,,centering_x_ramp,original,centering,increasing,increasing_centering,-0.003908294321375199,0.0011126382786846487,0.0029913229418244,0.054600352331501664,0.05257074267326622,-0.0017239375339947508,-0.0008278170500010721,0.0029490453150104335,-0.05455292606833652,-0.052500001237319766,0.000693366105119329,0.000743426439482657,0.0005011433650164348,0.0022752433071496713,0.002726326337802778,,,,,,,,,,,,,,,
screen,finite_RF_static_Bloch,1000.0,read,0.0,0.8,0.0,8.0,1.0,,centering_x_ramp,original,centering,increasing,increasing_centering,0.0,0.2739454106026763,0.2910134879142601,0.2739454106026763,0.2910134879142601,0.0,-0.004991579147107938,-0.005448413794415983,-0.004991579147107938,-0.005448413794415983,0.0,0.2738999308650644,0.2909624802876619,0.2738999308650644,0.2909624802876619,,,,,,,,,,,,,,,
screen,finite_RF_static_Bloch,1000.0,read,0.0,0.8,0.0,8.0,2.0,,centering_x_ramp,original,centering,increasing,increasing_centering,0.0,0.20311633593669665,0.20529422464397,0.20311633593669665,0.20529422464397,0.0,0.006792072383082392,0.004008816485619926,0.006792072383082392,0.004008816485619926,0.0,0.20300274302849206,0.2052550804792745,0.20300274302849206,0.2052550804792745,,,,,,,,,,,,,,,
screen,finite_RF_static_Bloch,1000.0,read,0.0,0.8,0.0,8.0,3.0,,centering_x_ramp,original,centering,increasing,increasing_centering,-0.0012140766025955652,0.1881336324321432,0.19746918489753015,0.15607038627354683,0.1641918621363382,0.005445507057090259,-0.0028804625945044347,-0.005975419869199699,-0.007988558417241436,-0.00563800863484644,-0.0010379436430867084,0.18811158015219165,0.19737875605414512,0.15586580255459642,0.1640950348134632,,,,,,,,,,,,,,,
screen,finite_RF_static_Bloch,1000.0,read,0.0,0.8,0.0,8.0,4.0,,centering_x_ramp,original,centering,increasing,increasing_centering,0.00025821033841272323,0.1455171690923911,0.14974759043491576,0.1243800820738404,0.1288687137547778,0.007869410597057069,0.007134656286986935,0.0020646431022612903,-0.0017604884592195558,0.0010389089531118684,0.00010570593973949216,0.14534215899156755,0.14973335663746926,0.12436762238251653,0.12886452596815773,,,,,,,,,,,,,,,
screen,finite_RF_static_Bloch,1000.0,read,0.0,0.8,0.0,8.0,5.0,,centering_x_ramp,original,centering,increasing,increasing_centering,0.002275748802889971,0.13054789918198786,0.13582683141562457,0.1035018675632894,0.11105654859981608,0.0062675562113189125,-0.005332037905887434,-0.008072162398148576,-0.005400385183779284,-0.0018729534647215136,0.0025320778698791624,0.13043896408895866,0.135586755719821,0.10336088442421298,0.1110407539249545,,,,,,,,,,,,,,,
screen,finite_RF_static_Bloch,1000.0,read,0.0,0.8,0.0,8.0,6.0,,centering_x_ramp,original,centering,increasing,increasing_centering,8.590461538073024e-05,0.10270460224719587,0.10631133369345698,0.08131114925757396,0.0850037853192158,0.007378471402134897,0.004402119102198071,-0.0009891077132734697,0.006969094945461627,0.008956339532124984,-0.00017782636447913336,0.10261021718213431,0.10630673232497133,0.08101194176927629,0.08453063054763417,,,,,,,,,,,,,,,
screen,finite_RF_static_Bloch,1000.0,read,0.0,0.8,0.0,8.0,7.0,,centering_x_ramp,original,centering,increasing,increasing_centering,0.003262938935905374,0.09213087536241317,0.09381409985977407,0.06839974489368389,0.07334590832695016,0.009472661766548974,-0.004103604759438988,-0.008264683962685105,-0.008467495727526163,-0.0031559131642233057,0.003994467447322625,0.09203944058403887,0.09344934634065985,0.06787360766620087,0.07327798087014448,,,,,,,,,,,,,,,
screen,finite_RF_static_Bloch,1000.0,read,0.0,0.8,0.0,8.0,8.0,,centering_x_ramp,original,centering,increasing,increasing_centering,-0.006022618012133468,0.07039205354452457,0.07424661943497134,0.05863919129792968,0.05647113917624298,0.0036320518241575893,0.008987383861626386,0.005737543564902514,-0.00089304442937508,-0.0005108329019413627,-0.006372200810573533,0.0698159590175412,0.0740245978804499,0.058632390602143744,0.056468828654478914,,,,,,,,,,,,,,,
screen,instant_RF_exact_pathways,1000.0,read,90.0,0.8,0.0,8.0,1.0,0.001,centering_x_ramp,original,centering,increasing,increasing_centering,0.0,0.15992509038940247,0.1785125223377237,0.15992509038940247,0.1785125223377237,0.0,-2.647567851899582e-07,-2.9463352815667465e-07,-2.647567851899582e-07,-2.9463352815667465e-07,0.0,-0.15992509038918332,-0.17851252233748055,-0.15992509038918332,-0.17851252233748055,0.0,0.16054957544226223,0.17887293662526704,0.16054957544226223,0.17887293662526704,0.0,0.0,0.0,0.0,0.0,0.0,0.0038746002361893226,0.002010866201569564,0.0038746002361893226,0.002010866201569564
screen,instant_RF_exact_pathways,1000.0,read,90.0,0.8,0.0,8.0,2.0,0.001,centering_x_ramp,original,centering,increasing,increasing_centering,0.0,0.1275568297144172,0.1259732419271997,0.1275568297144172,0.1259732419271997,0.0,-4.78698473944091e-07,-4.770186351898727e-07,-4.78698473944091e-07,-4.770186351898727e-07,0.0,0.12755682971351898,0.12597324192629653,0.12755682971351898,0.12597324192629653,0.0,0.13189586750926569,0.1318938678671374,0.13189586750926569,0.1318938678671374,0.0,0.00010968831029626619,0.00012497173666104925,0.00010968831029626619,0.00012497173666104925,0.0,0.0335788560442867,0.044862971656196855,0.0335788560442867,0.044862971656196855
screen,instant_RF_exact_pathways,1000.0,read,90.0,0.8,0.0,8.0,3.0,0.001,centering_x_ramp,original,centering,increasing,increasing_centering,0.0005817972864030352,0.053845352638173624,0.06297537582184005,0.07912471422770885,0.08883653469777832,6.516934629444771e-10,-2.4347512086012256e-07,-2.608114869800128e-07,-1.5247423133170206e-07,-1.6915890398864778e-07,-0.0005817972863784923,-0.053845352637623155,-0.06297537582129999,-0.07912471422756194,-0.08883653469761726,-1.965349463692312e-05,0.08727829866427458,0.09724362180574539,0.08704810263343185,0.09699377228026573,5.6653402400012876e-06,0.02492131347719051,0.024883376285960115,0.0005229024079183151,0.0004906305569279238,0.010325374310192315,0.2787551367063922,0.2625425185916484,0.08541732579525771,0.07953008199070621
screen,instant_RF_exact_pathways,1000.0,read,90.0,0.8,0.0,8.0,4.0,0.001,centering_x_ramp,original,centering,increasing,increasing_centering,0.0032716640320504843,0.011405241987724867,0.006219300991888353,0.06640114023322191,0.06448686326943588,4.7108680532223814e-09,-2.3832745687621135e-07,-2.4303845821665954e-07,-2.546359080232899e-07,-2.546360413105157e-07,0.003271664034294644,0.011405241985234786,0.006219300987139613,0.06640114023273368,0.06448686326893315,-4.529610104248016e-06,0.07168665597295826,0.07168876708525102,0.07107303347460649,0.071070614976795,-0.0030033181323386587,0.05304917036302625,0.05678175840492268,0.000554911008274884,0.0012841809178326575,-0.044522751481872735,0.4731466801058613,0.4926664810078561,0.15756713055497476,0.1325641799750968
screen,instant_RF_exact_pathways,1000.0,read,90.0,0.8,0.0,8.0,5.0,0.001,centering_x_ramp,original,centering,increasing,increasing_centering,0.00912566205213141,0.0358583832810075,0.03365797267160667,0.040482644771459735,0.04740789621419031,-1.926954718588269e-09,-2.4644915198536685e-07,-2.518908570958174e-07,-9.279904579941056e-08,-1.001677056284494e-07,-0.004724840833234628,0.0358583832801606,0.033657972670664116,-0.04048264477135337,-0.047407896214084484,-9.637672240402767e-05,0.04742670762509899,0.05284418628163748,0.04651868759556794,0.0518397895297024,-0.002572792951120381,0.07752064230959055,0.08017498360582606,0.001586432608607371,0.0016679809537225032,-0.02135523735072009,0.6861995598071784,0.6728237068866888,0.2842039035049042,0.24947281323369452
screen,instant_RF_exact_pathways,1000.0,read,90.0,0.8,0.0,8.0,6.0,0.001,centering_x_ramp,original,centering,increasing,increasing_centering,-0.008531950100714128,0.04541869797671042,0.05162572955244053,0.04080654058902062,0.0384816220640366,8.631121946677872e-09,-1.0180075091562057e-07,-1.1031485659601394e-07,-1.5305337952485013e-07,-1.5293636325856563e-07,0.003882113050725451,-0.04541869797659633,-0.05162572955232267,0.04080654058873359,0.0384816220637327,-4.687671337925969e-06,0.03894612568678316,0.03894901007921877,0.03760689666142479,0.03760509338252247,-0.006412229377144349,0.08271071025934465,0.08827745432366337,0.0039716155792254015,0.003126130266399766,-0.042475520513010734,0.7851874809976376,0.7956924192736173,0.389242247627439,0.357271665390408
screen,instant_RF_exact_pathways,1000.0,read,90.0,0.8,0.0,8.0,7.0,0.001,centering_x_ramp,original,centering,increasing,increasing_centering,0.006139749327079232,0.05066955190354696,0.050482255957280606,0.02538659534387207,0.031339048724684945,-2.4586293491462264e-09,-1.9583770596495865e-07,-1.9639568538696992e-07,-6.305608294496314e-08,-6.607269171612062e-08,-0.00576515743455161,0.050669551903168505,0.05048225595689858,-0.02538659534379376,-0.03133904872461529,-0.00015873419497008587,0.02576069867418543,0.02870458242053372,0.02431944181251601,0.02710459136389421,-0.0022719418077496584,0.07739277098236216,0.08027096700433538,0.007031918775608816,0.0076381729898323675,-0.03584765090246711,0.8812835985887849,0.8753284836445849,0.5529922479525613,0.5111894821058942
screen,instant_RF_exact_pathways,1000.0,read,90.0,0.8,0.0,8.0,8.0,0.001,centering_x_ramp,original,centering,increasing,increasing_centering,-0.0060478642144900716,0.03215159579951962,0.03620611118512122,0.03007972484129159,0.02808637601240312,7.406136123009126e-09,-6.785351182599451e-08,-7.45840736144833e-08,-1.0913633392206091e-07,-1.0846075958754057e-07,0.002061166556696477,-0.03215159579944802,-0.0362061111850444,0.030079724841093603,0.0280863760121937,-3.613974585790075e-06,0.02114984294141668,0.021152352899006552,0.019393534138730455,0.019392430121734538,-0.00461508207011227,0.05711542048769598,0.061214333893786256,0.009780107727198917,0.00926393906317692,-0.023290464936301936,0.9206935245330666,0.924871813881094,0.6414783035552419,0.6223661279669673
screen,instant_RF_exact_pathways,1000.0,read,90.0,1.0,0.0,8.0,1.0,0.001,centering_x_ramp,original,centering,increasing,increasing_centering,0.0,0.18663396088449194,0.20793430677042551,0.18663396088449194,0.20793430677042551,0.0,-3.0702785146159754e-07,-3.4206863051991803e-07,-3.0702785146159754e-07,-3.4206863051991803e-07,0.0,-0.1866339608842394,-0.20793430677014416,-0.1866339608842394,-0.20793430677014416,0.0,0.1866339610514622,0.20793430686639466,0.1866339610514622,0.20793430686639466,0.0,0.0,0.0,0.0,0.0,0.0,8.946403422654344e-10,4.615359086053876e-10,8.946403422654344e-10,4.615359086053876e-10
screen,instant_RF_exact_pathways,1000.0,read,90.0,1.0,0.0,8.0,2.0,0.001,centering_x_ramp,original,centering,increasing,increasing_centering,0.0,0.16951202840484011,0.16950945871084602,0.16951202840484011,0.16950945871084602,0.0,-6.210414651694744e-07,-6.210320499464321e-07,-6.210414651694744e-07,-6.210320499464321e-07,0.0,0.16951202840370247,0.16950945870970838,0.16951202840370247,0.16950945870970838,0.0,0.16951202769283688,0.16950945776097898,0.16951202769283688,0.16950945776097898,0.0,5.900124483705165e-15,6.722218632536547e-15,5.900124483705165e-15,6.722218632536547e-15,0.0,4.3122141742843e-09,5.9403698926522284e-09,4.3122141742843e-09,5.9403698926522284e-09
screen,instant_RF_exact_pathways,1000.0,read,90.0,1.0,0.0,8.0,3.0,0.001,centering_x_ramp,original,centering,increasing,increasing_centering,-2.7925122899050137e-05,0.1240119169747176,0.13817143676788582,0.12368483642774883,0.137816431098018,4.593938338396288e-11,-2.0400956027377498e-07,-2.2730310806302306e-07,-2.0347148597988103e-07,-2.2671909438574516e-07,2.7925122899008503e-05,-0.1240119169745498,-0.13817143676769886,-0.12368483642758146,-0.1378164310978315,-2.7925241204138085e-05,0.12401191681735917,0.1381714369201958,0.1236848360714527,0.13781643093308518,4.3973359512104665e-16,1.4814477314999301e-12,1.479020708320395e-12,3.074745983750407e-14,2.876017025309005e-14,-6.839094930320644e-10,1.2654906002669892e-08,1.2560876227517186e-08,1.1019545972903065e-08,1.0241606704718295e-08
screen,instant_RF_exact_pathways,1000.0,read,90.0,1.0,0.0,8.0,4.0,0.001,centering_x_ramp,original,centering,increasing,increasing_centering,-7.115737717236503e-06,0.11261164175038768,0.1126149585597477,0.11164771010524961,0.11164391117689239,2.606932409303191e-11,-4.1257543606592354e-07,-4.1258758656432924e-07,-4.090438782633716e-07,-4.090299594376843e-07,-7.11573771719487e-06,0.11261164174963191,0.1126149585589919,0.11164771010450031,0.1116439111761431,-7.115505971905245e-06,0.11261164138723825,0.11261495770625475,0.11164770973505463,0.11164391054809922,-1.9730897513743548e-13,3.642688683157365e-12,3.887663921672026e-12,3.784631057921837e-14,8.551257395644272e-14,-1.1992744051302812e-09,1.7925372392222272e-08,2.110227142693562e-08,1.2377251832988164e-08,1.4354876462571233e-08
screen,instant_RF_exact_pathways,1000.0,read,90.0,1.0,0.0,8.0,5.0,0.001,centering_x_ramp,original,centering,increasing,increasing_centering,-0.00016738016582330817,0.08236747698717976,0.09177618454074568,0.08079048962272141,0.09003181701046402,2.7535477711869674e-10,-1.355011124205936e-07,-1.5097919318382346e-07,-1.3290684158123887e-07,-1.4810956756735004e-07,0.00016738016582308612,-0.08236747698706831,-0.0917761845406215,-0.0807904896226121,-0.0900318170103422,-0.0001673805295620695,0.0823674767066181,0.09177618478263225,0.08079048934281553,0.0900318168892676,-2.213927356896095e-13,6.565084919883592e-12,6.808907101366988e-12,1.2378284615575397e-13,1.4621229194954103e-13,-1.076553754965783e-09,3.118868760273138e-08,3.1104367264528727e-08,1.922147545228384e-08,1.8060601359115408e-08
screen,instant_RF_exact_pathways,1000.0,read,90.0,1.0,0.0,8.0,6.0,0.001,centering_x_ramp,original,centering,increasing,increasing_centering,-9.001213018403065e-06,0.07477989739541373,0.07478543632064749,0.0722084631011214,0.07220500081333676,3.297647782550312e-11,-2.739712194182731e-07,-2.7399151067702296e-07,-2.6455025143189647e-07,-2.645375662128208e-07,-9.001213018347554e-06,0.07477989739491185,0.07478543632014557,0.07220846310063679,0.07220500081285217,-9.000730493549658e-06,0.07477989726839819,0.07478543554893852,0.07220846282738154,0.07220500037742832,-4.880101392371796e-13,9.383317254906514e-12,9.953172174378781e-12,1.2556954412548951e-13,2.074143243605773e-13,-3.297027351520359e-09,3.8296556906433925e-08,4.391523941547613e-08,1.9488549680668174e-08,2.1810204838190023e-08
screen,instant_RF_exact_pathways,1000.0,read,90.0,1.0,0.0,8.0,7.0,0.001,centering_x_ramp,original,centering,increasing,increasing_centering,-0.00033695985334607215,0.054684728689865444,0.06093399498654263,0.051625233040952755,0.05753753948428387,5.543275669854861e-10,-8.996076856577826e-08,-1.0024131513819167e-07,-8.49276531336483e-08,-9.465387213907623e-08,0.0003369598533456142,-0.05468472868979145,-0.060933994986460176,-0.0516252330408829,-0.057537539484206014,-0.00033696043885109855,0.0546847283409899,0.06093399529498878,0.05162523290777947,0.057537539422927254,-5.196251087351196e-13,1.2554005213074247e-11,1.3120111272371215e-11,2.1483170714555368e-13,2.61312657707402e-13,-1.4641176076158024e-09,5.903939560949914e-08,5.889456490350935e-08,2.673299628144089e-08,2.5124047967835296e-08
screen,instant_RF_exact_pathways,1000.0,read,90.0,1.0,0.0,8.0,8.0,0.001,centering_x_ramp,original,centering,increasing,increasing_centering,-8.48235382152479e-06,0.04963675547742614,0.049642646862832804,0.04551485891977866,0.0455122679513638,3.1074997158696964e-11,-1.8185425391634915e-07,-1.818758362225304e-07,-1.6675285472197646e-07,-1.66743362030999e-07,-8.48235382146928e-06,0.04963675547709301,0.04964264686249963,0.0455148589194732,0.04551226795105835,-8.481669269248815e-06,0.0496367555074751,0.049642646149385156,0.04551485867466945,0.045512267647310256,-7.873368383999813e-13,1.5288902866090813e-11,1.617599727783345e-11,2.0642298418867408e-13,3.0618055753132956e-13,-6.804874853409153e-09,6.878443227868703e-08,7.807714537954329e-08,2.594324019200811e-08,2.8431078439455218e-08
screen,instant_RF_exact_pathways,1000.0,read,0.0,1.0,0.0,8.0,1.0,0.001,centering_x_ramp,original,centering,increasing,increasing_centering,0.0,0.1866339610514625,0.20793430686639502,0.1866339610514625,0.20793430686639502,0.0,0.1866339610510982,0.20793430686598932,0.1866339610510982,0.20793430686598932,0.0,3.6875220575367384e-07,4.1074746597655864e-07,3.6875220575367384e-07,4.1074746597655864e-07,0.0,0.18663396105146215,0.20793430686639475,0.18663396105146215,0.20793430686639475,0.0,0.0,0.0,0.0,0.0,0.0,8.946403422654347e-10,4.615359086053874e-10,8.946403422654347e-10,4.615359086053874e-10
screen,instant_RF_exact_pathways,1000.0,read,0.0,1.0,0.0,8.0,2.0,0.001,centering_x_ramp,original,centering,increasing,increasing_centering,0.0,0.1695120276928331,0.16950945776097354,0.1695120276928331,0.16950945776097354,0.0,0.1695120276928329,0.16950945776097334,0.1695120276928329,0.16950945776097334,0.0,8.121607752290936e-09,8.359357681691822e-09,8.121607752290936e-09,8.359357681691822e-09,0.0,0.16951202769283683,0.169509457760979,0.16951202769283683,0.169509457760979,0.0,7.083573959423051e-15,7.901428071236249e-15,7.083573959423051e-15,7.901428071236249e-15,0.0,4.312214174284302e-09,5.940369892652228e-09,4.312214174284302e-09,5.940369892652228e-09
screen,instant_RF_exact_pathways,1000.0,read,0.0,1.0,0.0,8.0,3.0,0.001,centering_x_ramp,original,centering,increasing,increasing_centering,-2.7925241204582174e-05,0.1240119168188417,0.1381714369216811,0.12368483607148134,0.13781643093311616,-2.792524120429074e-05,0.12401191681860019,0.13817143692141134,0.12368483607124084,0.1378164309328477,-1.7345534769809833e-10,2.447535025170452e-07,2.7302694815591113e-07,2.439100619931455e-07,2.720100522843134e-07,-2.7925241204138085e-05,0.12401191681735914,0.13817143692019584,0.12368483607145267,0.13781643093308524,-3.5658940534880496e-16,1.4773051901428289e-12,1.4796672894938112e-12,2.502674284625604e-14,2.7032252791889447e-14,-6.839094930320644e-10,1.2654906002669895e-08,1.2560876227517182e-08,1.1019545972903068e-08,1.024160670471829e-08
screen,instant_RF_exact_pathways,1000.0,read,0.0,1.0,0.0,8.0,4.0,0.001,centering_x_ramp,original,centering,increasing,increasing_centering,-7.115506169816377e-06,0.11261164138793871,0.11261495770720065,0.11164770973502655,0.11164391054811867,-7.115506169816377e-06,0.11261164138793858,0.11261495770720051,0.11164770973502643,0.11164391054811854,-2.3225444147448607e-10,5.2892092086391834e-09,5.7799434242228126e-09,5.2505128994598366e-09,5.50899267356898e-09,-7.115505971891367e-06,0.11261164138723823,0.11261495770625479,0.1116477097350546,0.11164391054809927,-2.5979584635673943e-13,6.951333409924485e-13,9.402376811314681e-13,3.118742644772915e-14,1.6495920230009372e-14,-1.1992744051302779e-09,1.7925372392222275e-08,2.110227142693561e-08,1.2377251832988166e-08,1.4354876462571226e-08
screen,instant_RF_exact_pathways,1000.0,read,0.0,1.0,0.0,8.0,5.0,0.001,centering_x_ramp,original,centering,increasing,increasing_centering,-0.00016738052934098246,0.08236747670887778,0.09177618478464863,0.08079048934287907,0.09003181688930893,-0.00016738052933994163,0.08236747670871772,0.0917761847844692,0.08079048934272207,0.0900318168891336,-6.940787644259113e-10,1.6238120194530957e-07,1.814847559691966e-07,1.5927389535260768e-07,1.776833706120688e-07,-0.000167380529562014,0.0823674767066181,0.09177618478263229,0.08079048934281549,0.09003181688926766,2.2138270608915715e-13,2.2530522215720768e-12,2.0092149496181137e-12,6.107408429588628e-14,3.861951843108034e-14,-1.076553754965783e-09,3.118868760273138e-08,3.1104367264528713e-08,1.922147545228385e-08,1.8060601359115398e-08
screen,instant_RF_exact_pathways,1000.0,read,0.0,1.0,0.0,8.0,6.0,0.001,centering_x_ramp,original,centering,increasing,increasing_centering,-9.000730982519634e-06,0.07477989726904101,0.07478543555015206,0.07220846282732474,0.07220500037745327,-9.000730982478e-06,0.07477989726904094,0.07478543555015195,0.07220846282732465,0.07220500037745319,-4.834075689392416e-10,3.405137728250677e-09,4.0506443762265605e-09,3.430199716513488e-09,3.59229879555013e-09,-9.000730493591291e-06,0.07477989726839819,0.07478543554893859,0.07220846282738153,0.07220500037742833,-6.052036238551132e-13,6.373717632880689e-13,1.2073359535134259e-12,5.856929951927626e-14,2.332986588952005e-14,-3.2970273515203324e-09,3.8296556906433925e-08,4.391523941547609e-08,1.948854968066818e-08,2.181020483819002e-08
screen,instant_RF_exact_pathways,1000.0,read,0.0,1.0,0.0,8.0,7.0,0.001,centering_x_ramp,original,centering,increasing,increasing_centering,-0.0003369604383323746,0.054684728343621425,0.060933995297055156,0.05162523290786724,0.057537539422968596,-0.00033696043833056355,0.054684728343515496,0.060933995296935745,0.05162523290776683,0.05753753942285651,-1.2504519237365546e-09,1.0763596880709389e-07,1.2063446286349374e-07,1.0182178803000921e-07,1.135698301626725e-07,-0.00033696043885109855,0.054684728340989884,0.0609339952949888,0.05162523290777944,0.05753753942292726,5.192578821809972e-13,2.6252332896845896e-12,2.0594240577729407e-12,8.650546597377193e-14,3.995411624312045e-14,-1.4641176076157826e-09,5.903939560949916e-08,5.889456490350933e-08,2.6732996281440902e-08,2.5124047967835293e-08
screen,instant_RF_exact_pathways,1000.0,read,0.0,1.0,0.0,8.0,8.0,0.001,centering_x_ramp,original,centering,increasing,increasing_centering,-8.481670057028379e-06,0.04963675550773804,0.049642646150535645,0.045514858674592075,0.045512267647332655,-8.481670057000623e-06,0.04963675550773799,0.04964264615053556,0.04551485867459202,0.04551226764733259,-6.857117381011316e-10,2.1549363722822572e-09,2.899578900555914e-09,2.234834379134227e-09,2.293765169306752e-09,-8.481669269241876e-06,0.049636755507475094,0.04964264614938518,0.04551485867466943,0.04551226764731028,-9.433406445455541e-13,2.580849971402978e-13,1.1449921883215713e-12,7.814128656983976e-14,2.1707833205559004e-14,-6.804874853409127e-09,6.878443227868704e-08,7.807714537954325e-08,2.5943240192008118e-08,2.8431078439455205e-08
screen,instant_RF_exact_pathways,1000.0,read,0.0,0.8,0.0,8.0,1.0,0.001,centering_x_ramp,original,centering,increasing,increasing_centering,0.0,0.16055437185145946,0.17887683999786422,0.16055437185145946,0.17887683999786422,0.0,0.16055317007974165,0.17887648330939204,0.16055317007974165,0.17887648330939204,0.0,0.0006212068594829929,0.00035722050094833273,0.0006212068594829929,0.00035722050094833273,0.0,0.16054957544226223,0.17887293662526701,0.16054957544226223,0.17887293662526701,0.0,0.0,0.0,0.0,0.0,0.0,0.0038746002361893226,0.002010866201569564,0.0038746002361893226,0.002010866201569564
screen,instant_RF_exact_pathways,1000.0,read,0.0,0.8,0.0,8.0,2.0,0.001,centering_x_ramp,original,centering,increasing,increasing_centering,0.0,0.13191218540212818,0.13194471476459416,0.13191218540212818,0.13194471476459416,0.0,0.1318396735330772,0.1318089687406476,0.1318396735330772,0.1318089687406476,0.0,-0.004373229957029753,-0.005983603750006919,-0.004373229957029753,-0.005983603750006919,0.0,0.13189586750926574,0.1318938678671374,0.13189586750926574,0.1318938678671374,0.0,0.00013168963817858554,0.00014689423866479553,0.00013168963817858554,0.00014689423866479553,0.0,0.03357885604428669,0.044862971656196855,0.03357885604428669,0.044862971656196855
screen,instant_RF_exact_pathways,1000.0,read,0.0,0.8,0.0,8.0,3.0,0.001,centering_x_ramp,original,centering,increasing,increasing_centering,-7.265717256477178e-05,0.11251525161480602,0.12255549968953529,0.08783554342526544,0.09780313432742993,-2.4290949530492156e-05,0.11219967076115289,0.12220249025509933,0.08752879058415902,0.09750731912857497,-0.0006074798339500039,0.008421147607779013,0.009295261136947034,0.007334405748670019,0.007601039443888036,-1.9653494636895363e-05,0.08727829866427463,0.09724362180574538,0.08704810263343186,0.09699377228026572,-4.268187077834107e-06,0.02482974912741733,0.024866601854204144,0.00041323947078799776,0.0004458240104969779,0.01032537431019237,0.2787551367063922,0.26254251859164834,0.0854173257952577,0.07953008199070621
screen,instant_RF_exact_pathways,1000.0,read,0.0,0.8,0.0,8.0,4.0,0.001,centering_x_ramp,original,centering,increasing,increasing_centering,-0.0030661614432174328,0.08581267311891375,0.08968272353563804,0.07079922768865923,0.0716031166621661,-0.0030187693749010175,0.08544937682882689,0.08919608588831954,0.07068158144088013,0.07140952112547176,0.00026010378720960764,-0.007887893722577971,-0.009330014092872953,-0.004079789985629463,-0.005261806568714837,-4.5296101042341386e-06,0.07168665597295829,0.071688767085251,0.0710730334746065,0.07107061497679498,-0.003924035593381621,0.012934014733382081,0.016668433798816235,0.0004597411184294799,0.00027012459048201377,-0.04452275148187268,0.47314668010586125,0.49266648100785604,0.15756713055497473,0.13256417997509684
screen,instant_RF_exact_pathways,1000.0,read,0.0,0.8,0.0,8.0,5.0,0.001,centering_x_ramp,original,centering,increasing,increasing_centering,0.00223565136638168,0.0794894390963923,0.08242372355146237,0.0509239731295191,0.05609390895097084,0.00252253445999151,0.07921097450788883,0.08209773888111585,0.05035376982952967,0.0557630686627482,-0.002191560349242865,0.006647739869282414,0.007323351329549215,0.007599269915638696,0.006083321026662632,-9.637672240400685e-05,0.04742670762509899,0.05284418628163746,0.04651868759556794,0.0518397895297024,0.0027251024212392692,0.030709443161987163,0.028066065446747668,0.003783522930874883,0.0038652476368746555,-0.021355237350720202,0.6861995598071784,0.6728237068866889,0.2842039035049042,0.24947281323369452
screen,instant_RF_exact_pathways,1000.0,read,0.0,0.8,0.0,8.0,6.0,0.001,centering_x_ramp,original,centering,increasing,increasing_centering,-0.00470324925848549,0.05571203049193708,0.061307036908990045,0.04215119630571656,0.04304295346428404,-0.004727780508621042,0.055621925633359603,0.061189654994372206,0.04214409754981065,0.04298404640220221,-0.0008529139271928115,-0.003167290698931885,-0.0037919515068060503,-0.0007735578291878613,-0.002251132564254838,-4.687671337905153e-06,0.03894612568678318,0.038949010079218756,0.037606896661424784,0.03760509338252246,-0.004709301612665173,0.015021384253667185,0.020572499917858866,0.004486134849446256,0.005327948900972762,-0.042475520513010845,0.7851874809976375,0.7956924192736174,0.389242247627439,0.3572716653904081
screen,instant_RF_exact_pathways,1000.0,read,0.0,0.8,0.0,8.0,7.0,0.001,centering_x_ramp,original,centering,increasing,increasing_centering,0.002747040237184077,0.05451459858788776,0.05479659621789747,0.033937236813191454,0.03696627468038524,0.0031184068789430613,0.054512088066785945,0.054793515739778836,0.03340842793023637,0.036808262482172324,-0.0026112344890358644,0.0005231766408276184,0.0005810249064401199,0.005967661664742679,0.003414275441319316,-0.00015873419497008587,0.025760698674185446,0.028704582420533722,0.024319441812516013,0.027104591363894204,0.003448857369505242,0.02711320328470768,0.0242714570662317,0.00905545011555882,0.009662561266588085,-0.03584765090246744,0.8812835985887847,0.8753284836445849,0.5529922479525614,0.5111894821058942
screen,instant_RF_exact_pathways,1000.0,read,0.0,0.8,0.0,8.0,8.0,0.001,centering_x_ramp,original,centering,increasing,increasing_centering,-0.00357945325461978,0.03783901879692642,0.04191415965072308,0.029691236238235285,0.03018692383741216,-0.003573885561050767,0.037788124335170266,0.041865454098061285,0.029677824544592158,0.030181268746432406,-0.0015347516948960643,0.001961887546182047,0.002020032769394151,0.0008923226182830703,-0.0005842838534008899,-3.6139745857935446e-06,0.02114984294141669,0.021152352899006552,0.019393534138730458,0.019392430121734527,-0.0035582078166973823,0.014684286537396693,0.018747665843309412,0.010250478247504358,0.010755649736719695,-0.023290464936301825,0.9206935245330666,0.924871813881094,0.6414783035552419,0.6223661279669674
screen,instant_RF_exact_pathways,1000.0,read,90.0,1.0,0.0,8.0,1.0,0.0,centering_x_ramp,original,centering,increasing,increasing_centering,0.0,0.5717088319203254,0.6368838357851905,0.5717088319203254,0.6368838357851905,0.0,-9.405069332735742e-07,-1.047725047434877e-06,-9.405069332735742e-07,-1.047725047434877e-06,0.0,-0.5717088319195518,-0.6368838357843287,-0.5717088319195518,-0.6368838357843287,0.0,0.5717088321694964,0.6368838359288798,0.5717088321694964,0.6368838359288798,0.0,0.0,0.0,0.0,0.0,0.0,4.3583552155117837e-10,2.2561301536644559e-10,4.3583552155117837e-10,2.2561301536644559e-10
screen,instant_RF_exact_pathways,1000.0,read,90.0,1.0,0.0,8.0,2.0,0.0,centering_x_ramp,original,centering,increasing,increasing_centering,0.0,0.5214104584975701,0.5214104573847504,0.5214104584975701,0.5214104573847504,0.0,-1.910292259641127e-06,-1.9102922550930475e-06,-1.910292259641127e-06,-1.9102922550930475e-06,0.0,0.5214104584940707,0.5214104573812511,0.5214104584940707,0.5214104573812511,0.0,0.5214104578138995,0.5214104565236256,0.5214104578138995,0.5214104565236256,0.0,1.701439232788821e-14,1.9465844933752144e-14,1.701439232788821e-14,1.9465844933752144e-14,0.0,1.4638737946851762e-09,2.1125270081203128e-09,1.4638737946851762e-09,2.1125270081203128e-09
screen,instant_RF_exact_pathways,1000.0,read,90.0,1.0,0.0,8.0,3.0,0.0,centering_x_ramp,original,centering,increasing,increasing_centering,-2.5415098969805427e-08,0.38314905161276686,0.42682818084956986,0.38314907625174843,0.42682818007345247,4.2122478575428867e-14,-6.303109539624004e-07,-7.021666293362769e-07,-6.303109939416484e-07,-7.021666271930464e-07,2.5415098969805427e-08,-0.3831490516122484,-0.42682818084899227,-0.38314907625123,-0.42682818007287493,-2.553286493345297e-08,0.38314905158900237,0.4268281810743368,0.3831490760237999,0.4268281799762694,1.134984738579974e-15,4.551826915080609e-12,4.5434113702368835e-12,8.830490348174305e-14,8.102434337659814e-14,-2.2137927606721322e-10,4.558552230674989e-09,4.3304790689927446e-09,4.025601302241177e-09,3.5761488644917187e-09
screen,instant_RF_exact_pathways,1000.0,read,90.0,1.0,0.0,8.0,4.0,0.0,centering_x_ramp,original,centering,increasing,increasing_centering,-2.526403530822563e-10,0.3493680813661013,0.349368081967733,0.34936807837637446,0.3493680787253658,3.1548843263317847e-16,-1.2799803511970821e-06,-1.2799803522202067e-06,-1.279980340201323e-06,-1.2799803409089592e-06,-2.526403530822563e-10,0.3493680813637566,0.34936808196538827,0.3493680783740297,0.34936807872302106,-2.2176926961492427e-11,0.34936808104036854,0.3493680811962915,0.34936807803697956,0.34936807817072557,-6.11687577127973e-13,1.1223794210296299e-11,1.1977449416400135e-11,1.1073139971903674e-13,2.526990286948994e-13,-3.891394698509905e-10,5.980697346921803e-09,7.168599747939024e-09,4.178654790101409e-09,4.9774177212676395e-09
screen,instant_RF_exact_pathways,1000.0,read,90.0,1.0,0.0,8.0,5.0,0.0,centering_x_ramp,original,centering,increasing,increasing_centering,-1.7218390435669306e-08,0.2566739718121287,0.28593490402081895,0.25667398393220564,0.28593489892250545,2.9290468402178466e-14,-4.222492922090214e-07,-4.703858764235435e-07,-4.222493120643628e-07,-4.703858669884165e-07,1.7218390491180458e-08,-0.25667397181178137,-0.28593490402043203,-0.25667398393185836,-0.28593489892211854,-1.7582562461537776e-08,0.2566739716190429,0.2859349043141053,0.25667398371459743,0.2859348988270974,-6.859216439513251e-13,2.0288443395029602e-11,2.1038035683839892e-11,3.8237058563462896e-13,4.4604123049359335e-13,-3.4333930751975746e-10,1.0758011531741774e-08,1.0501519650001158e-08,6.900453199274911e-09,6.300622010014538e-09
screen,instant_RF_exact_pathways,1000.0,read,90.0,1.0,0.0,8.0,6.0,0.0,centering_x_ramp,original,centering,increasing,increasing_centering,-5.109976886075174e-10,0.23399574373332235,0.2339957451456979,0.2339957357130259,0.23399573661440376,5.955715233458376e-16,-8.572905492818232e-07,-8.572905528034554e-07,-8.572905194469736e-07,-8.572905223730343e-07,-5.109976886075174e-10,0.23399574373175192,0.23399574514412746,0.23399573571145546,0.23399573661283332,-2.8549884678596982e-11,0.23399574365851122,0.23399574444641794,0.23399573547056896,0.23399573622992578,-1.515761801630778e-12,2.9075119540696367e-11,3.0838215053457313e-11,4.0549969964057293e-13,6.528334107707426e-13,-1.052742366729853e-09,1.2763492058022908e-08,1.4757324255463966e-08,6.739332630381103e-09,7.680422461092308e-09
screen,instant_RF_exact_pathways,1000.0,read,90.0,1.0,0.0,8.0,7.0,0.0,centering_x_ramp,original,centering,increasing,increasing_centering,3.38098498642303e-08,0.1718767432780152,0.19147075176347828,0.17187669890782953,0.19147074120314247,-5.4047550031505117e-14,-2.827510423899744e-07,-3.149847613159921e-07,-2.8275096983500437e-07,-3.149847428085721e-07,-3.380984989198588e-08,-0.17187674327778263,-0.19147075176321918,-0.17187669890759696,-0.1914707412028834,3.321586972138135e-08,0.17187674298069947,0.19147075211198475,0.1718766987832855,0.1914707411304405,-1.615385056561048e-12,3.900567147126177e-11,4.0757387435144016e-11,7.137534782913071e-13,8.500843856125014e-13,-4.502903694100741e-10,2.0053711933333755e-08,1.9753405580783064e-08,9.792857923864471e-09,9.042261201903706e-09
screen,instant_RF_exact_pathways,1000.0,read,90.0,1.0,0.0,8.0,8.0,0.0,centering_x_ramp,original,centering,increasing,increasing_centering,-7.238304955414776e-10,0.1566584058516637,0.15665840757995753,0.1566583925936393,0.15665839359810263,8.100948992157244e-16,-5.739496315303304e-07,-5.739496358968359e-07,-5.739495820961927e-07,-5.739495856526033e-07,-7.238304955414776e-10,0.15665840585061233,0.15665840757890614,0.15665839259258793,0.15665839359705125,-2.750866201495228e-11,0.15665840595213512,0.15665840693721372,0.15665839237098594,0.15665839332855588,-2.446513905934681e-12,4.7617988778079076e-11,5.037645905035404e-11,7.227424127339605e-13,1.0346987790742423e-12,-2.1265120951442593e-09,2.2924986031976418e-08,2.6122174245886653e-08,9.413140600094017e-09,1.0483816718859995e-08
screen,instant_RF_exact_pathways,1000.0,read,90.0,0.8,0.0,8.0,1.0,0.0,centering_x_ramp,original,centering,increasing,increasing_centering,0.0,0.4908112020452584,0.54726944031104,0.4908112020452584,0.54726944031104,0.0,-8.102429782049828e-07,-9.020801528761797e-07,-8.102429782049828e-07,-9.020801528761797e-07,0.0,-0.4908112020445896,-0.5472694403102966,-0.4908112020445896,-0.5472694403102966,0.0,0.49180550937401357,0.5478715068166312,0.49180550937401357,0.5478715068166312,0.0,0.0,0.0,0.0,0.0,0.0,0.002017669842923321,0.0010977128796690477,0.002017669842923321,0.0010977128796690477
screen,instant_RF_exact_pathways,1000.0,read,90.0,0.8,0.0,8.0,2.0,0.0,centering_x_ramp,original,centering,increasing,increasing_centering,0.0,0.4012838267020751,0.3995194712832025,0.4012838267020751,0.3995194712832025,0.0,-1.4815843700612237e-06,-1.4796512181588717e-06,-1.4815843700612237e-06,-1.4796512181588717e-06,0.0,0.40128382669934,0.3995194712804625,0.40128382669934,0.3995194712804625,0.0,0.405705044047879,0.405705043043928,0.405705044047879,0.405705043043928,0.0,0.000316311960928632,0.0003618865407279609,0.000316311960928632,0.0003618865407279609,0.0,0.012487635937756538,0.016929856955248835,0.012487635937756538,0.016929856955248835
screen,instant_RF_exact_pathways,1000.0,read,90.0,0.8,0.0,8.0,3.0,0.0,centering_x_ramp,original,centering,increasing,increasing_centering,0.0005435050968671529,0.18378950857574847,0.21402798260057843,0.2598900313005734,0.29067201042227053,5.65188151632211e-10,-7.334093874159748e-07,-7.848446942330157e-07,-4.568755918432962e-07,-5.077457105087048e-07,-0.0005435050968009281,-0.18378950857428514,-0.2140279825991394,-0.25989003130017185,-0.29067201042182705,-1.7969765120362524e-08,0.26965632187404015,0.30039723941207885,0.2696563390709969,0.3003972386392705,5.7645071486894794e-06,0.07656575134014983,0.07643222727710883,0.0015494885340850849,0.0014217289781927739,0.014176541981040458,0.24417538771374347,0.22618864566434688,0.03820421486339061,0.03439401479503446
screen,instant_RF_exact_pathways,1000.0,read,90.0,0.8,0.0,8.0,4.0,0.0,centering_x_ramp,original,centering,increasing,increasing_centering,0.009628413794337501,0.05320311181419983,0.039996751611249784,0.21612145683940184,0.2125435104307893,1.5090779334239497e-08,-7.580829868180014e-07,-7.754307087229994e-07,-8.048098055531189e-07,-8.070667481238773e-07,0.009628413796419613,0.05320311180879893,0.03999675160373301,0.21612145683790335,0.21254351042925704,-1.4117484958831028e-11,0.22240177946923823,0.22240177956849622,0.22240177755733187,0.22240177764247238,-0.009312715816090222,0.16349292387526465,0.17499309322799678,0.0017969287596535288,0.003984382296295452,-0.05244859672661606,0.44521776392479545,0.4629908340267452,0.09881547686580539,0.06413995024113904
screen,instant_RF_exact_pathways,1000.0,read,90.0,0.8,0.0,8.0,5.0,0.0,centering_x_ramp,original,centering,increasing,increasing_centering,0.027507309035954775,0.09527275582684341,0.08672051195090721,0.14418915537752733,0.1631442205375459,-1.1381238630575826e-08,-7.486174100040712e-07,-7.640201956517524e-07,-2.7746510979057206e-07,-3.04249134068829e-07,-0.010402821283641284,0.09527275582390224,0.08672051194754166,-0.14418915537726035,-0.1631442205372622,-1.0123935800798733e-08,0.1477913600571814,0.16463963264308817,0.14779136702173043,0.1646396294837014,-0.007747455306131579,0.23910913547610907,0.2472807381944003,0.004833609919857608,0.005257757332017243,-0.012423684908603683,0.6669295093424583,0.6518297097981706,0.18592165444835246,0.15839816999546102
screen,instant_RF_exact_pathways,1000.0,read,90.0,0.8,0.0,8.0,6.0,0.0,centering_x_ramp,original,centering,increasing,increasing_centering,-0.022261061403597904,0.1307576093171604,0.14877859396028462,0.13323637917021644,0.12899630240974275,2.509399432430192e-08,-3.321589307522888e-07,-3.597454172239942e-07,-4.957751317361866e-07,-4.982676238835901e-07,0.01378090788259756,-0.13075760931673852,-0.1487785939598497,0.13323637916929404,0.12899630240878043,-1.4869050435351028e-11,0.1218673463803741,0.12186734679072388,0.12186734211601113,0.12186734251149187,-0.019713135347118826,0.25486335544993144,0.27204165656435136,0.012329129196585126,0.009794294963886245,-0.06291871292388507,0.772111228214572,0.7824941158942343,0.3046702574711321,0.2521344322269093
screen,instant_RF_exact_pathways,1000.0,read,90.0,0.8,0.0,8.0,7.0,0.0,centering_x_ramp,original,centering,increasing,increasing_centering,0.015416162282320622,0.15172585925347928,0.15058319288181596,0.09697414209611152,0.11124763800676882,-1.4449063747355502e-08,-6.038619860985002e-07,-6.055418992145162e-07,-1.9375353566027357e-07,-2.0988251252364506e-07,-0.013130829538973737,0.1517258592522776,0.15058319288059843,-0.09697414209591795,-0.11124763800657084,1.564722063029933e-08,0.08096712042560118,0.09019740062198156,0.0809670996052315,0.09019739544883251,-0.006552718339217556,0.23734234638310225,0.2461291452770408,0.022613081142424038,0.024847161697145053,-0.03110501329197879,0.8740615181218521,0.8673753759754479,0.44457772475702745,0.4067865693186445
screen,instant_RF_exact_pathways,1000.0,read,90.0,0.8,0.0,8.0,8.0,0.0,centering_x_ramp,original,centering,increasing,increasing_centering,-0.015943355295260864,0.09757101105213878,0.11016550519169209,0.10041346403825833,0.09706460288255078,1.9826255059154273e-08,-2.212427807241876e-07,-2.4187855482349733e-07,-3.691123567304244e-07,-3.6992187577057985e-07,0.009245632983804555,-0.09757101105188794,-0.11016550519142655,0.10041346403757992,0.09706460288184587,-1.1721276726994745e-11,0.06675095194006753,0.06675095235980205,0.06675094615324349,0.06675094656125674,-0.014076506281491846,0.17312642447230486,0.1856323577639108,0.03247412849441648,0.030903555504530562,-0.04383281449186416,0.9161819677002013,0.9203781582766505,0.5694529693598062,0.5298163454443912
screen,instant_RF_exact_pathways,1000.0,read,0.0,1.0,0.0,8.0,1.0,0.0,centering_x_ramp,original,centering,increasing,increasing_centering,0.0,0.5717088321694999,0.6368838359288833,0.5717088321694999,0.6368838359288833,0.0,0.5717088321683844,0.636883835927641,0.5717088321683844,0.636883835927641,0.0,1.1293225337692751e-06,1.257931804676126e-06,1.1293225337692751e-06,1.257931804676126e-06,0.0,0.5717088321694963,0.6368838359288799,0.5717088321694963,0.6368838359288799,0.0,0.0,0.0,0.0,0.0,0.0,4.358355215511784e-10,2.2561301536644556e-10,4.358355215511784e-10,2.2561301536644556e-10
screen,instant_RF_exact_pathways,1000.0,read,0.0,1.0,0.0,8.0,2.0,0.0,centering_x_ramp,original,centering,increasing,increasing_centering,0.0,0.521410457813892,0.521410456523615,0.521410457813892,0.521410456523615,0.0,0.5214104578138914,0.5214104565236144,0.5214104578138914,0.5214104565236144,0.0,2.347524320086568e-08,2.365269433030179e-08,2.347524320086568e-08,2.365269433030179e-08,0.0,0.5214104578138994,0.5214104565236256,0.5214104578138994,0.5214104565236256,0.0,2.0528477925657762e-14,2.2979930518959e-14,2.0528477925657762e-14,2.2979930518959e-14,0.0,1.4638737946851766e-09,2.1125270081203128e-09,1.4638737946851766e-09,2.1125270081203128e-09
screen,instant_RF_exact_pathways,1000.0,read,0.0,1.0,0.0,8.0,3.0,0.0,centering_x_ramp,original,centering,increasing,increasing_centering,-2.55328662657206e-08,0.38314905159355495,0.42682818107889825,0.3831490760238801,0.42682817997635714,-2.5532866043675995e-08,0.38314905159280777,0.4268281810780654,0.38314907602313336,0.42682817997552497,-1.1781759223913628e-10,7.566564746713014e-07,8.431673546942747e-07,7.564568067465573e-07,8.428498691772914e-07,-2.5532865044475272e-08,0.38314905158900214,0.42682818107433684,0.3831490760237998,0.42682817997626943,-1.134964849715232e-15,4.5331676517379735e-12,4.5415831748223516e-12,6.528978659098433e-14,7.257034482564661e-14,-2.213792760672124e-10,4.558552230674991e-09,4.330479068992744e-09,4.025601302241178e-09,3.5761488644917183e-09
screen,instant_RF_exact_pathways,1000.0,read,0.0,1.0,0.0,8.0,4.0,0.0,centering_x_ramp,original,centering,increasing,increasing_centering,-2.2790769271807676e-11,0.3493680810425538,0.349368081199234,0.349368078036894,0.34936807817078347,-2.2790713760656445e-11,0.34936808104255346,0.3493680811992336,0.3493680780368936,0.3493680781707831,-2.3107732611645805e-10,1.56083402158496e-08,1.6054806375486534e-08,1.5610882277330755e-08,1.582627111085123e-08,-2.217703798379489e-11,0.3493680810403685,0.3493680811962917,0.3493680780369795,0.3493680781707257,-8.068498177286881e-13,2.1663365404193646e-12,2.9199918139932014e-12,9.758172179774944e-14,4.4387177642898e-14,-3.891394698509872e-10,5.980697346921804e-09,7.168599747939019e-09,4.17865479010141e-09,4.977417721267638e-09
screen,instant_RF_exact_pathways,1000.0,read,0.0,1.0,0.0,8.0,5.0,0.0,centering_x_ramp,original,centering,increasing,increasing_centering,-1.758187684330892e-08,0.25667397162603534,0.2859349043203487,0.25667398371478395,0.28593489882722045,-1.7581876121663953e-08,0.25667397162553524,0.2859349043197905,0.25667398371428385,0.285934898826663,-3.635207432156609e-10,5.066945387318637e-07,5.649678634241297e-07,5.06689959038081e-07,5.645997629871313e-07,-1.7582562461537776e-08,0.2566739716190428,0.2859349043141054,0.2566739837145973,0.28593489882709744,6.859217302475847e-13,6.9678741360505686e-12,6.218281790671155e-12,1.746664822282589e-13,1.1099586709643003e-13,-3.433393075197525e-10,1.0758011531741777e-08,1.0501519650001153e-08,6.900453199274914e-09,6.3006220100145375e-09
screen,instant_RF_exact_pathways,1000.0,read,0.0,1.0,0.0,8.0,6.0,0.0,centering_x_ramp,original,centering,increasing,increasing_centering,-3.006897508761597e-11,0.23399574366055756,0.23399574445023202,0.23399573547039992,0.2339957362300054,-3.006894733204035e-11,0.23399574366055734,0.23399574445023177,0.23399573547039967,0.23399573623000516,-4.839675330577181e-10,1.0332185179390016e-08,1.0958422384829614e-08,1.0471149489733466e-08,1.0613419162115345e-08,-2.8549801411870135e-11,0.2339957436585112,0.23399574444641796,0.2339957354705689,0.23399573622992587,-1.869580284586427e-12,2.0267198981875504e-12,3.789815527060911e-12,1.7691011677360505e-13,7.042546106053836e-14,-1.0527423667298563e-09,1.2763492058022908e-08,1.4757324255463964e-08,6.739332630381105e-09,7.680422461092305e-09
screen,instant_RF_exact_pathways,1000.0,read,0.0,1.0,0.0,8.0,7.0,0.0,centering_x_ramp,original,centering,increasing,increasing_centering,3.321748448525952e-08,0.1718767429888963,0.19147075211843062,0.17187669878355014,0.19147074113056894,3.3217485650993694e-08,0.1718767429885618,0.19147075211805661,0.1718766987832152,0.1914707411301957,-5.922992410945966e-10,3.391047155331482e-07,3.784451864005162e-07,3.3931570873260154e-07,3.7806388035887497e-07,3.321586974913693e-08,0.1718767429806994,0.19147075211198478,0.17187669878328543,0.19147074113044055,1.6153833570161838e-12,8.172772235958045e-12,6.421056229419417e-12,2.5735554676076015e-13,1.2102289723831549e-13,-4.502903694100708e-10,2.0053711933333762e-08,1.975340558078306e-08,9.792857923864475e-09,9.042261201903705e-09
screen,instant_RF_exact_pathways,1000.0,read,0.0,1.0,0.0,8.0,8.0,0.0,centering_x_ramp,original,centering,increasing,increasing_centering,-2.995911851932931e-11,0.15665840595303046,0.15665840694087224,0.1566583923707527,0.15665839332863538,-2.995909076375369e-11,0.15665840595303032,0.15665840694087207,0.15665839237075255,0.1566583933286352,-6.987729602345913e-10,6.794921050390493e-09,7.54090015315824e-09,7.071136917650492e-09,7.118343060183647e-09,-2.750871752610351e-11,0.15665840595213507,0.15665840693721378,0.15665839237098592,0.1566583933285559,-2.9219063133173073e-12,8.777067941569146e-13,3.6361771666585245e-12,2.376969417703231e-13,7.426100095462577e-14,-2.1265120951442395e-09,2.2924986031976427e-08,2.6122174245886643e-08,9.413140600094019e-09,1.0483816718859993e-08
screen,instant_RF_exact_pathways,1000.0,read,0.0,0.8,0.0,8.0,1.0,0.0,centering_x_ramp,original,centering,increasing,increasing_centering,0.0,0.4918741430933228,0.5479395279897853,0.4918741430933228,0.5479395279897853,0.0,0.4918732685899014,0.5479392664273832,0.4918732685899014,0.5479392664273832,0.0,0.0009275184512122105,0.000535388354253085,0.0009275184512122105,0.000535388354253085,0.0,0.4918055093740136,0.5478715068166311,0.4918055093740136,0.5478715068166311,0.0,0.0,0.0,0.0,0.0,0.0,0.0020176698429233207,0.001097712879669048,0.0020176698429233207,0.001097712879669048
screen,instant_RF_exact_pathways,1000.0,read,0.0,0.8,0.0,8.0,2.0,0.0,centering_x_ramp,original,centering,increasing,increasing_centering,0.0,0.40560346278717363,0.40557029479140433,0.40560346278717363,0.40557029479140433,0.0,0.4055786868828026,0.40552128598545145,0.4055786868828026,0.40552128598545145,0.0,-0.0044830537993365595,-0.0063048100599709216,-0.0044830537993365595,-0.0063048100599709216,0.0,0.4057050440478791,0.40570504304392807,0.4057050440478791,0.40570504304392807,0.0,0.0003816417878704745,0.0004272163674362521,0.0003816417878704745,0.0004272163674362521,0.0,0.012487635937756534,0.01692985695524883,0.012487635937756534,0.01692985695524883
screen,instant_RF_exact_pathways,1000.0,read,0.0,0.8,0.0,8.0,3.0,0.0,centering_x_ramp,original,centering,increasing,increasing_centering,-2.2086624882733386e-05,0.34630122962674353,0.3771827783984756,0.27105878409441114,0.30191824624126046,-6.2617870852377244e-06,0.3461849071174292,0.37706028334869696,0.27094175768466866,0.30181087212885116,-0.0005497682166338055,0.0089750612862222,0.00961202587355463,0.007964193460915828,0.008051389831614452,-1.7969765120362524e-08,0.2696563218740402,0.30039723941207896,0.26965633907099695,0.3003972386392706,-5.764157624876809e-06,0.07619591687491128,0.07632944057209051,0.0010267061758363657,0.0011544657153907184,0.014176541981040514,0.24417538771374356,0.2261886456643469,0.0382042148633906,0.03439401479503445
screen,instant_RF_exact_pathways,1000.0,read,0.0,0.8,0.0,8.0,4.0,0.0,centering_x_ramp,original,centering,increasing,increasing_centering,-0.009362966149812635,0.2654832868539148,0.27708739942974825,0.2210637933735821,0.2233049397996029,-0.00934634015636504,0.26536579422816453,0.2769228884479525,0.22102100608668454,0.22323176015010748,0.0002820389204643541,-0.007897521915984734,-0.009546767850100326,-0.004349207875871584,-0.005716414889522823,-1.4117484958831028e-11,0.2224017794692383,0.2224017795684963,0.222401777557332,0.22240177764247251,-0.012559011586248774,0.04018554997929705,0.051685720250298245,0.0016231561681328752,0.000564314852885299,-0.05244859672661617,0.4452177639247954,0.46299083402674523,0.09881547686580533,0.064139950241139
screen,instant_RF_exact_pathways,1000.0,read,0.0,0.8,0.0,8.0,5.0,0.0,centering_x_ramp,original,centering,increasing,increasing_centering,0.008141051227545187,0.24590032485047184,0.25496566980831104,0.15957490930605836,0.17678130549144275,0.00824329311806321,0.24580313147909982,0.2548578094361234,0.1593573620783196,0.1766553331534064,-0.002159515380236396,0.006913054074426646,0.007415507414959012,0.008329635734898292,0.006672573695194262,-1.0123935717532007e-08,0.14779136005718152,0.16463963264308823,0.14779136702173049,0.16463962948370148,0.008595751002969804,0.09436740796121512,0.08619580480682859,0.011352762985733922,0.011776910834317197,-0.012423684908603794,0.6669295093424582,0.6518297097981706,0.1859216544483524,0.15839816999546094
screen,instant_RF_exact_pathways,1000.0,read,0.0,0.8,0.0,8.0,6.0,0.0,centering_x_ramp,original,centering,increasing,increasing_centering,-0.014683123303382922,0.17488043647467955,0.19213684702768413,0.1361168807897878,0.13869016803940945,-0.01469384497952253,0.1748551736174902,0.19210028227386453,0.13611342965737155,0.13866469333422335,-0.0009129832171808428,-0.002972426747926262,-0.003748271073611257,-0.0009692795515570166,-0.0026581070944228543,-1.4868994924199797e-11,0.12186734638037415,0.12186734679072392,0.12186734211601115,0.12186734251149192,-0.014643450306558246,0.04728147059094342,0.06445977247881472,0.014035926847261054,0.016570778428574108,-0.06291871292388518,0.772111228214572,0.7824941158942343,0.30467025747113197,0.2521344322269092
screen,instant_RF_exact_pathways,1000.0,read,0.0,0.8,0.0,8.0,7.0,0.0,centering_x_ramp,original,centering,increasing,increasing_centering,0.010298435781544768,0.1698037786517086,0.17087093056668784,0.11006633013963482,0.12143191783615882,0.01043635149829536,0.16980297517904142,0.17087034570296522,0.10986721979614325,0.12137094181836242,-0.0026944399264994473,0.0005223645702922899,0.00044707054813824756,0.00661748023593816,0.00384774628728467,1.564722068581048e-08,0.08096712042560121,0.0901974006219816,0.08096709960523149,0.09019739544883257,0.011020858758825844,0.08310148847423987,0.07431469014834827,0.02872872819038356,0.030962788623317798,-0.03110501329197901,0.8740615181218521,0.8673753759754479,0.44457772475702756,0.4067865693186444
screen,instant_RF_exact_pathways,1000.0,read,0.0,0.8,0.0,8.0,8.0,0.0,centering_x_ramp,original,centering,increasing,increasing_centering,-0.01098604243008433,0.1204705721166085,0.13303130068430735,0.10088177922954852,0.10245646536716303,-0.010984804791126193,0.12045031938648097,0.1330134767985746,0.10087586705455878,0.10245421967552622,-0.0017392087050362706,0.002208915072539875,0.0021776022854623563,0.0010921659719795112,-0.0006783555201342783,-1.1721235093631321e-11,0.06675095194006757,0.06675095235980208,0.0667509461532435,0.06675094656125678,-0.010935346674056191,0.04673089937616398,0.059236832601820374,0.033935872095129736,0.03550645864672994,-0.04383281449186416,0.9161819677002013,0.9203781582766504,0.5694529693598062,0.529816345444391
screen,finite_RF_static_Bloch,1000.0,read,90.0,0.8,0.0,8.0,1.0,,ramp_x_polarity,original,increasing,alternating,increasing_alternating,0.0,0.2697870344096004,0.2697870344096004,0.2697870344096004,0.2697870344096004,0.0,0.2697744019263688,0.2697744019263688,0.2697744019263688,0.2697744019263688,0.0,-0.002610747172157214,-0.002610747172157214,-0.002610747172157214,-0.002610747172157214,,,,,,,,,,,,,,,
screen,finite_RF_static_Bloch,1000.0,read,90.0,0.8,0.0,8.0,2.0,,ramp_x_polarity,original,increasing,alternating,increasing_alternating,0.0,0.19944691012095758,0.19944691012095758,0.20316637260030457,0.20316637260030457,0.0,-0.19942779818713444,-0.19942779818713444,-0.20316522902668932,-0.20316522902668932,0.0,0.002761026444804865,0.002761026444804865,-0.0006816671465289187,-0.0006816671465289187,,,,,,,,,,,,,,,
screen,finite_RF_static_Bloch,1000.0,read,90.0,0.8,0.0,8.0,3.0,,ramp_x_polarity,original,increasing,alternating,increasing_alternating,-0.02597343069967606,0.1026164201003395,0.12231599992643562,0.14306536894966146,0.13679151807608153,-0.025996648169107156,0.1025895450168853,0.1223023562563979,0.14305681251945862,0.13677297558986407,0.000358365428280669,0.0023483882638571,-0.0018268804385968922,0.0015646675286555285,-0.002252235745517795,,,,,,,,,,,,,,,
screen,finite_RF_static_Bloch,1000.0,read,90.0,0.8,0.0,8.0,4.0,,ramp_x_polarity,original,increasing,alternating,increasing_alternating,-0.05210126171757997,0.04499564308129846,0.11131160946637983,0.10051158091098643,0.11472628557848782,0.05208061916548566,-0.04499167112355308,-0.1112990608916684,-0.10049481383753364,-0.1147215844401633,0.0018707558528280365,-0.0005978509928417442,-0.0016713607116812129,-0.0018358346835233201,-0.0010385885495347523,,,,,,,,,,,,,,,
screen,finite_RF_static_Bloch,1000.0,read,90.0,0.8,0.0,8.0,5.0,,ramp_x_polarity,original,increasing,alternating,increasing_alternating,-0.05656422365246363,0.005523451207374798,0.08101198176239395,0.06189398456812598,0.08081829147068151,-0.06517068446262712,-0.003069001308399183,0.08100576572460903,0.06187956056427499,0.08078364313465608,-0.00011361667377375855,0.004592357151757061,0.0010035479262131045,0.0013361549654292903,-0.0023662709338884242,,,,,,,,,,,,,,,
screen,finite_RF_static_Bloch,1000.0,read,90.0,0.8,0.0,8.0,6.0,,ramp_x_polarity,original,increasing,alternating,increasing_alternating,-0.03125169584476226,0.019934257836277655,0.07659222715655295,0.04277520696057369,0.06818148043608672,0.07103034567036967,0.019860460756066595,-0.0765690257545519,-0.04275968899701908,-0.06815882983726791,0.0029935503046376304,0.0017136901820153717,-0.0018850877432561354,-0.0011520969569083093,-0.0017573245775421862,,,,,,,,,,,,,,,
screen,finite_RF_static_Bloch,1000.0,read,90.0,0.8,0.0,8.0,7.0,,ramp_x_polarity,original,increasing,alternating,increasing_alternating,0.010536951415496553,0.04136813003409695,0.05139640556074329,0.027291411215937835,0.04785663815808073,-0.07202746737012358,-0.04132097828873353,0.051394039933915434,0.02713111573130946,0.04781866658383485,-0.0023919275865263876,0.001974572303048442,-0.0004931164522803374,0.002953588551526705,-0.0019060277903284622,,,,,,,,,,,,,,,
screen,finite_RF_static_Bloch,1000.0,read,90.0,0.8,0.0,8.0,8.0,,ramp_x_polarity,original,increasing,alternating,increasing_alternating,0.011230402036575167,0.041793601509860556,0.05417740621915378,0.019423285535743032,0.043037492281611425,0.07231239683693426,0.04176078400911361,-0.05415425069252393,-0.019422856266167837,-0.04302549413087112,0.002352695435126129,0.001655912470265133,-0.0015838170874424024,-0.0001291335231040575,-0.0010161676456854642,,,,,,,,,,,,,,,
screen,finite_RF_static_Bloch,1000.0,read,0.0,1.0,0.0,8.0,1.0,,ramp_x_polarity,original,increasing,alternating,increasing_alternating,0.0,0.2455084451217991,0.2455084451217991,0.2455084451217991,0.2455084451217991,0.0,-0.0032448769234316712,-0.0032448769234316712,-0.0032448769234316712,-0.0032448769234316712,0.0,0.2454870004702392,0.2454870004702392,0.2454870004702392,0.2454870004702392,,,,,,,,,,,,,,,
screen,finite_RF_static_Bloch,1000.0,read,0.0,1.0,0.0,8.0,2.0,,ramp_x_polarity,original,increasing,alternating,increasing_alternating,0.0,0.17408066530266472,0.17408066530266472,0.17081085129951096,0.17081085129951096,0.0,-0.0031780999121127037,-0.0031780999121127037,-0.0022731496269615546,-0.0022731496269615546,0.0,0.17405165242871729,0.17405165242871729,0.1707957251000068,0.1707957251000068,,,,,,,,,,,,,,,
screen,finite_RF_static_Bloch,1000.0,read,0.0,1.0,0.0,8.0,3.0,,ramp_x_polarity,original,increasing,alternating,increasing_alternating,0.03071479425789364,0.16069829149525128,0.1225096031634474,0.12702727065430397,0.11955337658039375,0.009260544155587858,0.0012929808305973509,-0.002346788107276023,-0.002946550400222372,0.0026742248174921115,0.030736338148036113,0.16069308973961655,0.12248712362058678,0.1269930916649435,0.11952346369394985,,,,,,,,,,,,,,,
screen,finite_RF_static_Bloch,1000.0,read,0.0,1.0,0.0,8.0,4.0,,ramp_x_polarity,original,increasing,alternating,increasing_alternating,0.05296279837500638,0.12932732414796347,0.08850096159327785,0.09222381792260637,0.10436025374292712,-0.0007984756221825979,0.004887420181354245,0.0031739338135080533,-0.0008619111642797872,-0.0033738731543085762,0.052876823390560115,0.12923494069036945,0.0884440294597793,0.0922197901828395,0.10430570234280948,,,,,,,,,,,,,,,
screen,finite_RF_static_Bloch,1000.0,read,0.0,1.0,0.0,8.0,5.0,,ramp_x_polarity,original,increasing,alternating,increasing_alternating,0.04590168924262175,0.11169357192447797,0.06798610738219514,0.07346209200720946,0.07565631670754838,0.006525671355187876,0.005770167366950598,-0.005294265545791011,-0.0003696532216611684,-0.004908414779214901,0.04580053580873085,0.11154442692401048,0.06777965439063569,0.0734611619740079,0.07549692524936395,,,,,,,,,,,,,,,
screen,finite_RF_static_Bloch,1000.0,read,0.0,1.0,0.0,8.0,6.0,,ramp_x_polarity,original,increasing,alternating,increasing_alternating,0.029132119893466,0.09049070100074613,0.05346871603700734,0.06270539589189104,0.054815530821618254,0.006134197597595963,0.007266492132741192,-0.005337531438411218,0.007433122886601425,0.0009632969130449777,0.02954062869798319,0.09019847592776303,0.05320163862880633,0.062263274553395184,0.05480706595242167,,,,,,,,,,,,,,,
screen,finite_RF_static_Bloch,1000.0,read,0.0,1.0,0.0,8.0,7.0,,ramp_x_polarity,original,increasing,alternating,increasing_alternating,0.026071639259003666,0.07884813956707859,0.04255481969973605,0.04708126756812979,0.03685958695979091,0.00816277789476703,-0.0031371731978516474,-0.006982967742369869,-0.0037767843847071802,0.000540198965541628,0.026733813235709912,0.07878570465202546,0.041977980432437015,0.046929539264020714,0.03685562828014218,,,,,,,,,,,,,,,
screen,finite_RF_static_Bloch,1000.0,read,0.0,1.0,0.0,8.0,8.0,,ramp_x_polarity,original,increasing,alternating,increasing_alternating,0.01782328988764611,0.06270890884743201,0.04104776613088294,0.03847042105746104,0.034632568228558085,0.004560235400794028,0.005649352500825831,-0.0013012140925180566,0.002604333090245859,0.00021400189769599947,0.01767652284535423,0.062453919533980815,0.04102713670512595,0.038382167024458014,0.03463190704095738,,,,,,,,,,,,,,,
screen,finite_RF_static_Bloch,1000.0,read,90.0,1.0,0.0,8.0,1.0,,ramp_x_polarity,original,increasing,alternating,increasing_alternating,0.0,0.2441917467263025,0.2441917467263025,0.2441917467263025,0.2441917467263025,0.0,0.2441691149836675,0.2441691149836675,0.2441691149836675,0.2441691149836675,0.0,-0.0033245236253082477,-0.0033245236253082477,-0.0033245236253082477,-0.0033245236253082477,,,,,,,,,,,,,,,
screen,finite_RF_static_Bloch,1000.0,read,90.0,1.0,0.0,8.0,2.0,,ramp_x_polarity,original,increasing,alternating,increasing_alternating,0.0,0.1810054625174696,0.1810054625174696,0.17173651285271643,0.17173651285271643,0.0,-0.1809909593379285,-0.1809909593379285,-0.17173573565104486,-0.17173573565104486,0.0,-0.002291309472639517,-0.002291309472639517,-0.0005166693388223777,-0.0005166693388223777,,,,,,,,,,,,,,,
screen,finite_RF_static_Bloch,1000.0,read,90.0,1.0,0.0,8.0,3.0,,ramp_x_polarity,original,increasing,alternating,increasing_alternating,-0.0258378231785574,0.09808397421500868,0.13350905310862266,0.11875395067121035,0.12834120638626692,-0.025863544952108644,0.09806726087512398,0.13348768112670123,0.11874273443313202,0.12829960973260063,-0.005477600459900555,0.0018106193031298635,0.00238877570674995,0.0016321211238582694,-0.0032673229324221994,,,,,,,,,,,,,,,
screen,finite_RF_static_Bloch,1000.0,read,90.0,1.0,0.0,8.0,4.0,,ramp_x_polarity,original,increasing,alternating,increasing_alternating,-0.044045513192396656,0.054362214233792165,0.1126372706477466,0.0895508086864924,0.10378035190805018,0.044233743854368054,-0.05427295960162368,-0.11261478499902836,-0.08954038028266398,-0.1036484618257006,0.009228267055401161,0.003113870980185276,-0.002250541845053614,0.0013666145179539637,0.005230468748116236,,,,,,,,,,,,,,,
screen,finite_RF_static_Bloch,1000.0,read,90.0,1.0,0.0,8.0,5.0,,ramp_x_polarity,original,increasing,alternating,increasing_alternating,-0.05804186360998033,0.03926057160997544,0.09136750890881146,0.07172913464346836,0.06579420833232405,-0.0582202524594146,0.03911595587572645,0.09136697986195867,0.07171449426382136,0.06574526579063898,0.0003088605549693775,-0.003366671809106231,0.00031092620696730223,-0.0014491615455658974,0.0025372970254770133,,,,,,,,,,,,,,,
screen,finite_RF_static_Bloch,1000.0,read,90.0,1.0,0.0,8.0,6.0,,ramp_x_polarity,original,increasing,alternating,increasing_alternating,-0.05772238434556118,0.017959469282255617,0.08330353087252457,0.04757699206692044,0.05519866931162822,0.05779155939481957,-0.017802192437405818,-0.08328231903580435,-0.047488612370556835,-0.05517717957413581,0.002892899129701811,0.0023715988956512545,-0.0018797850537102933,0.0028985978083905465,0.0015401129887308096,,,,,,,,,,,,,,,
screen,finite_RF_static_Bloch,1000.0,read,90.0,1.0,0.0,8.0,7.0,,ramp_x_polarity,original,increasing,alternating,increasing_alternating,-0.049897924701005715,0.01003975030576161,0.06086976280253242,0.03922629816294798,0.04015838595871308,-0.05023756571029997,0.009654510853550183,0.060860387624963555,0.039173334660739564,0.04014164572185297,0.007019879603255798,0.0027544521017295017,-0.0010682891817026625,-0.0020377240063847485,0.0011594143134388856,,,,,,,,,,,,,,,
screen,finite_RF_static_Bloch,1000.0,read,90.0,1.0,0.0,8.0,8.0,,ramp_x_polarity,original,increasing,alternating,increasing_alternating,-0.05343460378069743,0.0011126382786846487,0.054600352331501664,0.03085545989486095,0.030908570166980533,0.05365929570895516,-0.0008278170500010721,-0.05455292606833652,-0.030842744565963993,-0.030908557875344272,-0.0006736545846940593,0.000743426439482657,0.0022752433071496713,-0.0008857273632846679,-2.7565080311712912e-05,,,,,,,,,,,,,,,
screen,finite_RF_static_Bloch,1000.0,read,0.0,0.8,0.0,8.0,1.0,,ramp_x_polarity,original,increasing,alternating,increasing_alternating,0.0,0.2739454106026763,0.2739454106026763,0.2739454106026763,0.2739454106026763,0.0,-0.004991579147107938,-0.004991579147107938,-0.004991579147107938,-0.004991579147107938,0.0,0.2738999308650644,0.2738999308650644,0.2738999308650644,0.2738999308650644,,,,,,,,,,,,,,,
screen,finite_RF_static_Bloch,1000.0,read,0.0,0.8,0.0,8.0,2.0,,ramp_x_polarity,original,increasing,alternating,increasing_alternating,0.0,0.20311633593669665,0.20311633593669665,0.20541945995581068,0.20541945995581068,0.0,0.006792072383082392,0.006792072383082392,-0.0017762883624088122,-0.0017762883624088122,0.0,0.20300274302849206,0.20300274302849206,0.20541177991583265,0.20541177991583265,,,,,,,,,,,,,,,
screen,finite_RF_static_Bloch,1000.0,read,0.0,0.8,0.0,8.0,3.0,,ramp_x_polarity,original,increasing,alternating,increasing_alternating,0.02406773377909019,0.1881336324321432,0.15607038627354683,0.14641553044789513,0.13842001806838894,0.004939635902445737,-0.0028804625945044347,-0.007988558417241436,-0.0037400135825362154,-0.00390847350282748,0.02424284867050347,0.18811158015219165,0.15586580255459642,0.14636775551582715,0.1383648265887354,,,,,,,,,,,,,,,
screen,finite_RF_static_Bloch,1000.0,read,0.0,0.8,0.0,8.0,4.0,,ramp_x_polarity,original,increasing,alternating,increasing_alternating,0.03440051382678541,0.1455171690923911,0.1243800820738404,0.09524642825767349,0.1085098550659082,0.008258947021286305,0.007134656286986935,-0.0017604884592195558,-0.0027573186651725858,-0.0033935163900927702,0.03422480595191078,0.14534215899156755,0.12436762238251653,0.09520650865157715,0.10845677799443691,,,,,,,,,,,,,,,
screen,finite_RF_static_Bloch,1000.0,read,0.0,0.8,0.0,8.0,5.0,,ramp_x_polarity,original,increasing,alternating,increasing_alternating,0.039203227240702354,0.13054789918198786,0.1035018675632894,0.06812642301969812,0.08028361864170201,0.0018483819425493386,-0.005332037905887434,-0.005400385183779284,-0.0034370442801355725,-0.0016570096154780835,0.03930492993623182,0.13043896408895866,0.10336088442421298,0.06803966666640307,0.0802665169378892,,,,,,,,,,,,,,,
screen,finite_RF_static_Bloch,1000.0,read,0.0,0.8,0.0,8.0,6.0,,ramp_x_polarity,original,increasing,alternating,increasing_alternating,0.04844802353975942,0.10270460224719587,0.08131114925757396,0.040059001687657976,0.06711357223779549,0.00027240060918015674,0.004402119102198071,0.006969094945461627,-5.4292474561743636e-05,0.0027850839778819697,0.04859507004394031,0.10261021718213431,0.08101194176927629,0.04005896489600038,0.06705575952708266,,,,,,,,,,,,,,,
screen,finite_RF_static_Bloch,1000.0,read,0.0,0.8,0.0,8.0,7.0,,ramp_x_polarity,original,increasing,alternating,increasing_alternating,0.0438493363103382,0.09213087536241317,0.06839974489368389,0.025989004164933896,0.04610721000654282,0.005869210069714852,-0.004103604759438988,-0.008467495727526163,-0.0020670822920205232,-0.0005617631903928471,0.04436295139357495,0.09203944058403887,0.06787360766620087,0.025906669185423406,0.046103787661160356,,,,,,,,,,,,,,,
screen,finite_RF_static_Bloch,1000.0,read,0.0,0.8,0.0,8.0,8.0,,ramp_x_polarity,original,increasing,alternating,increasing_alternating,0.03740004982732288,0.07039205354452457,0.05863919129792968,0.016564841854221527,0.04221202943494951,0.010502524875007165,0.008987383861626386,-0.00089304442937508,-0.0004350423089082352,0.00018705427509746334,0.03683605528880715,0.0698159590175412,0.058632390602143744,0.016559128112458972,0.042211614985868666,,,,,,,,,,,,,,,
screen,instant_RF_exact_pathways,1000.0,read,90.0,0.8,0.0,8.0,1.0,0.001,ramp_x_polarity,original,increasing,alternating,increasing_alternating,0.0,0.15992509038940247,0.15992509038940247,0.15992509038940247,0.15992509038940247,0.0,-2.647567851899582e-07,-2.647567851899582e-07,-2.647567851899582e-07,-2.647567851899582e-07,0.0,-0.15992509038918332,-0.15992509038918332,-0.15992509038918332,-0.15992509038918332,0.0,0.16054957544226223,0.16054957544226223,0.16054957544226223,0.16054957544226223,0.0,0.0,0.0,0.0,0.0,0.0,0.0038746002361893226,0.0038746002361893226,0.0038746002361893226,0.0038746002361893226
screen,instant_RF_exact_pathways,1000.0,read,90.0,0.8,0.0,8.0,2.0,0.001,ramp_x_polarity,original,increasing,alternating,increasing_alternating,0.0,0.1275568297144172,0.1275568297144172,0.13161551904324953,0.13161551904324953,0.0,-4.78698473944091e-07,-4.78698473944091e-07,-4.824265155282527e-07,-4.824265155282527e-07,0.0,0.12755682971351898,0.12755682971351898,0.1316155190423654,0.1316155190423654,0.0,0.13189586750926569,0.13189586750926569,0.13169492805290572,0.13169492805290572,0.0,0.00010968831029626619,0.00010968831029626619,1.3924084717939416e-05,1.3924084717939416e-05,0.0,0.0335788560442867,0.0335788560442867,0.000605309763120095,0.000605309763120095
screen,instant_RF_exact_pathways,1000.0,read,90.0,0.8,0.0,8.0,3.0,0.001,ramp_x_polarity,original,increasing,alternating,increasing_alternating,-0.024872926097145198,0.053845352638173624,0.07912471422770885,0.0854558559469617,0.08586229143935173,-9.038641663150613e-08,-2.4347512086012256e-07,-1.5247423133170206e-07,-1.470782259376588e-07,-1.4646375304074444e-07,0.024872926097547106,-0.053845352637623155,-0.07912471422756194,-0.08545585594683514,-0.08586229143922681,3.5069685019872843e-07,0.08727829866427458,0.08704810263343185,0.08714533275551034,0.0869154874215178,0.024179233366905084,0.02492131347719051,0.0005229024079183151,0.00026227404864304554,4.309634627593647e-05,0.17823236804492096,0.2787551367063922,0.08541732579525771,0.07301920653297395,0.05791376366676044
screen,instant_RF_exact_pathways,1000.0,read,90.0,0.8,0.0,8.0,4.0,0.001,ramp_x_polarity,original,increasing,alternating,increasing_alternating,-0.03621667956488958,0.011405241987724867,0.06640114023322191,0.04893366261365953,0.06771288129426699,-5.050831921612203e-08,-2.3832745687621135e-07,-2.546359080232899e-07,-1.9181936570507314e-07,-2.586361360682737e-07,-0.03621667956700941,0.011405241985234786,0.06640114023273368,0.04893366261328356,0.06771288129377304,-8.45106971386067e-05,0.07168665597295826,0.07107303347460649,0.07146839735120004,0.07077026415570967,0.03249317232578716,0.05304917036302625,0.000554911008274884,0.0205795856823887,0.0005784986534244981,0.10403168684609937,0.4731466801058613,0.15756713055497476,0.2783162018350121,0.06676833913022495
screen,instant_RF_exact_pathways,1000.0,read,90.0,0.8,0.0,8.0,5.0,0.001,ramp_x_polarity,original,increasing,alternating,increasing_alternating,0.016142311163844833,0.0358583832810075,0.040482644771459735,0.025474415981558092,0.04624098863585516,-1.920506166510584e-07,-2.4644915198536685e-07,-9.279904579941056e-08,-4.391990594583437e-08,-8.232041641093647e-08,0.055574455397252316,0.0358583832801606,-0.04048264477135337,-0.025474415981520233,-0.04624098863578188,-5.377212917005714e-05,0.04742670762509899,0.04651868759556794,0.04728231132567208,0.04632051916697097,0.05256413680591614,0.07752064230959055,0.001586432608607371,0.024039589778229068,0.0006695168831620277,0.06854953675269704,0.6861995598071784,0.2842039035049042,0.47932340937198475,0.1458772898224076
screen,instant_RF_exact_pathways,1000.0,read,90.0,0.8,0.0,8.0,6.0,0.001,ramp_x_polarity,original,increasing,alternating,increasing_alternating,0.03405314031895057,0.04541869797671042,0.04080654058902062,0.005801778686077099,0.035242761617337866,-5.8195102384705615e-08,-1.0180075091562057e-07,-1.5305337952485013e-07,-2.6489464536741527e-08,-1.359371955306767e-07,-0.05678425563427085,-0.04541869797659633,0.04080654058873359,0.005801778686016627,0.0352427616170757,-0.00013061891023365135,0.03894612568678316,0.03760689666142479,0.038768396911889845,0.03729854897629782,0.0442456654332668,0.08271071025934465,0.0039716155792254015,0.03536285584954218,0.0008694266026897317,-0.09264459853742146,0.7851874809976376,0.389242247627439,0.6536636722038865,0.16507384029626648
screen,instant_RF_exact_pathways,1000.0,read,90.0,0.8,0.0,8.0,7.0,0.001,ramp_x_polarity,original,increasing,alternating,increasing_alternating,0.04589612258014128,0.05066955190354696,0.02538659534387207,0.004418319529880979,0.025031485550347368,-1.7542867361030472e-07,-1.9583770596495865e-07,-6.305608294496314e-08,-1.521840353298753e-09,-4.416889094360795e-08,0.055442981226534585,0.050669551903168505,-0.02538659534379376,-0.004418319529880716,-0.0250314855503084,-8.184304326142033e-05,0.02576069867418543,0.02431944181251601,0.025643140962474133,0.02412004105754329,0.04461588400180856,0.07739277098236216,0.007031918775608816,0.026703033690361797,0.0009580654854170099,-0.18285679133316102,0.8812835985887849,0.5529922479525613,0.7824104282611204,0.2712622862917359
screen,instant_RF_exact_pathways,1000.0,read,90.0,0.8,0.0,8.0,8.0,0.001,ramp_x_polarity,original,increasing,alternating,increasing_alternating,0.01832428359682018,0.03215159579951962,0.03007972484129159,0.0024991282288771024,0.018751540867469253,-2.5051019271219367e-08,-6.785351182599451e-08,-1.0913633392206091e-07,-3.831619159121406e-09,-7.016546052640717e-08,-0.04597890800207781,-0.03215159579944802,0.030079724841093603,0.002499128228874165,0.01875154086733798,-0.00012987124364855288,0.02114984294141668,0.019393534138730455,0.02102125252750903,0.019135072481174253,0.023490132651910037,0.05711542048769598,0.009780107727198917,0.024215136902977507,0.00036995679439048303,-0.26755036524043996,0.9206935245330666,0.6414783035552419,0.8644904841724198,0.3177248979541552
screen,instant_RF_exact_pathways,1000.0,read,90.0,1.0,0.0,8.0,1.0,0.001,ramp_x_polarity,original,increasing,alternating,increasing_alternating,0.0,0.18663396088449194,0.18663396088449194,0.18663396088449194,0.18663396088449194,0.0,-3.0702785146159754e-07,-3.0702785146159754e-07,-3.0702785146159754e-07,-3.0702785146159754e-07,0.0,-0.1866339608842394,-0.1866339608842394,-0.1866339608842394,-0.1866339608842394,0.0,0.1866339610514622,0.1866339610514622,0.1866339610514622,0.1866339610514622,0.0,0.0,0.0,0.0,0.0,0.0,8.946403422654344e-10,8.946403422654344e-10,8.946403422654344e-10,8.946403422654344e-10
screen,instant_RF_exact_pathways,1000.0,read,90.0,1.0,0.0,8.0,2.0,0.001,ramp_x_polarity,original,increasing,alternating,increasing_alternating,0.0,0.16951202840484011,0.16951202840484011,0.16925378112410297,0.16925378112410297,0.0,-6.210414651694744e-07,-6.210414651694744e-07,-6.200953261287898e-07,-6.200953261287898e-07,0.0,0.16951202840370247,0.16951202840370247,0.16925378112296705,0.16925378112296705,0.0,0.16951202769283688,0.16951202769283688,0.1692537811280711,0.1692537811280711,0.0,5.900124483705165e-15,5.900124483705165e-15,7.489752821937291e-16,7.489752821937291e-16,0.0,4.3122141742843e-09,4.3122141742843e-09,8.868515939959869e-11,8.868515939959869e-11
screen,instant_RF_exact_pathways,1000.0,read,90.0,1.0,0.0,8.0,3.0,0.001,ramp_x_polarity,original,increasing,alternating,increasing_alternating,4.982998202118782e-07,0.1240119169747176,0.12368483642774883,0.12382298731131641,0.12349640506416786,-8.197418655810533e-13,-2.0400956027377498e-07,-2.0347148597988103e-07,-2.0369875891739963e-07,-2.0316150436537127e-07,-4.98299820225756e-07,-0.1240119169745498,-0.12368483642758146,-0.12382298731114887,-0.12349640506400075,4.982978504958213e-07,0.12401191681735917,0.1236848360714527,0.1238229883268916,0.12349640587883563,1.4387245857038902e-12,1.4814477314999301e-12,3.074745983750407e-14,1.438872930202516e-14,2.413043343489258e-15,3.039468477988933e-11,1.2654906002669892e-08,1.1019545972903065e-08,8.202090143822874e-09,6.597124798835936e-09
screen,instant_RF_exact_pathways,1000.0,read,90.0,1.0,0.0,8.0,4.0,0.001,ramp_x_polarity,original,increasing,alternating,increasing_alternating,-0.00013275636859753914,0.11261164175038768,0.11164771010524961,0.1122687809162583,0.1111720929025227,4.863807406407623e-10,-4.1257543606592354e-07,-4.090438782633716e-07,-4.1131929946771535e-07,-4.0730136092452266e-07,-0.0001327563685966371,0.11261164174963191,0.11164771010450031,0.11226878091550482,0.11117209290177658,-0.00013275676191597252,0.11261164138723825,0.11164770973505463,0.11226878173909978,0.11117209332500018,2.1428539591151803e-12,3.642688683157365e-12,3.784631057921837e-14,1.5043031732717771e-12,4.2314759808810674e-14,3.5707776211581084e-09,1.7925372392222272e-08,1.2377251832988164e-08,7.490221203539894e-09,5.512878265463895e-09
screen,instant_RF_exact_pathways,1000.0,read,90.0,1.0,0.0,8.0,5.0,0.001,ramp_x_polarity,original,increasing,alternating,increasing_alternating,-9.338708964450049e-05,0.08236747698717976,0.08079048962272141,0.08211669739437545,0.0804463229402726,1.536310625047854e-10,-1.355011124205936e-07,-1.3290684158123887e-07,-1.3508856496979376e-07,-1.3234066306793424e-07,9.338708964437559e-05,-0.08236747698706831,-0.0807904896226121,-0.08211669739426433,-0.08044632294016374,-9.338777281134303e-05,0.0823674767066181,0.08079048934281553,0.0821166990451455,0.08044632390853158,4.299936496379001e-12,6.565084919883592e-12,1.2378284615575397e-13,2.189074445556688e-12,4.7708868207851685e-14,3.903015313841609e-09,3.118868760273138e-08,1.922147545228384e-08,2.0103657711618636e-08,1.2039460875012706e-08
screen,instant_RF_exact_pathways,1000.0,read,90.0,1.0,0.0,8.0,6.0,0.001,ramp_x_polarity,original,increasing,alternating,increasing_alternating,-0.00025079869820210376,0.07477989739541373,0.0722084631011214,0.07443864143045463,0.0716164084379602,9.188536629084251e-10,-2.739712194182731e-07,-2.6455025143189647e-07,-2.727209633912644e-07,-2.623811417419793e-07,-0.00025079869820042455,0.07477989739491185,0.07220846310063679,0.07443864142995504,0.07161640843747956,-0.00025079949587634986,0.07477989726839819,0.07220846282738154,0.07443864279715635,0.07161640886026335,4.951298075308578e-12,9.383317254906514e-12,1.2556954412548951e-13,4.432356456815194e-12,1.2590682134274764e-13,1.1035143979675761e-08,3.8296556906433925e-08,1.9488549680668174e-08,1.8662894402645386e-08,1.0890031156555396e-08
screen,instant_RF_exact_pathways,1000.0,read,90.0,1.0,0.0,8.0,7.0,0.001,ramp_x_polarity,original,increasing,alternating,increasing_alternating,-0.00017373474924074067,0.054684728689865444,0.051625233040952755,0.05443517513695285,0.05120194473879942,2.858113081598467e-10,-8.996076856577826e-08,-8.49276531336483e-08,-8.955023933896032e-08,-8.423131259867051e-08,0.0001737347492405117,-0.05468472868979145,-0.0516252330408829,-0.05443517513687919,-0.05120194473873013,-0.00017373614916100372,0.0546847283409899,0.05162523290777947,0.0544351772084438,0.051201945626072366,7.396684735509533e-12,1.2554005213074247e-11,2.1483170714555368e-13,5.012101582514563e-12,6.961281209540416e-14,1.1586154901613982e-08,5.903939560949914e-08,2.673299628144089e-08,3.805651163994185e-08,1.7336267213497576e-08
screen,instant_RF_exact_pathways,1000.0,read,90.0,1.0,0.0,8.0,8.0,0.001,ramp_x_polarity,original,increasing,alternating,increasing_alternating,-0.00030479483168020793,0.04963675547742614,0.04551485891977866,0.04933496379095033,0.044908272401622644,1.116680308071865e-09,-1.8185425391634915e-07,-1.6675285472197646e-07,-1.8074858374977553e-07,-1.6453050424733098e-07,-0.0003047948316781679,0.04963675547709301,0.0455148589194732,0.049334963790619225,0.044908272401321246,-0.0003047959829437577,0.0496367555074751,0.04551485867466945,0.04933496551530265,0.04490827269955324,7.674781585918746e-12,1.5288902866090813e-11,2.0642298418867408e-13,7.591545227623634e-12,1.8384693164024155e-13,2.4188148426509503e-08,6.878443227868703e-08,2.594324019200811e-08,3.5465910569701224e-08,1.681286690953181e-08
screen,instant_RF_exact_pathways,1000.0,read,0.0,1.0,0.0,8.0,1.0,0.001,ramp_x_polarity,original,increasing,alternating,increasing_alternating,0.0,0.1866339610514625,0.1866339610514625,0.1866339610514625,0.1866339610514625,0.0,0.1866339610510982,0.1866339610510982,0.1866339610510982,0.1866339610510982,0.0,3.6875220575367384e-07,3.6875220575367384e-07,3.6875220575367384e-07,3.6875220575367384e-07,0.0,0.18663396105146215,0.18663396105146215,0.18663396105146215,0.18663396105146215,0.0,0.0,0.0,0.0,0.0,0.0,8.946403422654347e-10,8.946403422654347e-10,8.946403422654347e-10,8.946403422654347e-10
screen,instant_RF_exact_pathways,1000.0,read,0.0,1.0,0.0,8.0,2.0,0.001,ramp_x_polarity,original,increasing,alternating,increasing_alternating,0.0,0.1695120276928331,0.1695120276928331,0.1692537811280714,0.1692537811280714,0.0,0.1695120276928329,0.1695120276928329,0.16925378112807124,0.16925378112807124,0.0,8.121607752290936e-09,8.121607752290936e-09,7.394350693632354e-09,7.394350693632354e-09,0.0,0.16951202769283683,0.16951202769283683,0.16925378112807107,0.16925378112807107,0.0,7.083573959423051e-15,7.083573959423051e-15,2.915782732061017e-16,2.915782732061017e-16,0.0,4.312214174284302e-09,4.312214174284302e-09,8.86851593995987e-11,8.86851593995987e-11
screen,instant_RF_exact_pathways,1000.0,read,0.0,1.0,0.0,8.0,3.0,0.001,ramp_x_polarity,original,increasing,alternating,increasing_alternating,4.982993121044332e-07,0.1240119168188417,0.12368483607148134,0.12382298832693885,0.12349640587889059,4.982993121321888e-07,0.12401191681860019,0.12368483607124084,0.12382298832669536,0.12349640587864814,-2.4243676461325647e-12,2.447535025170452e-07,2.439100619931455e-07,2.4555479014653854e-07,2.4470892525499275e-07,4.982978504958213e-07,0.12401191681735914,0.12368483607145267,0.12382298832689158,0.1234964058788356,1.4616377182605531e-12,1.4773051901428289e-12,2.502674284625604e-14,4.452779428017109e-14,5.388706524415145e-14,3.039468477988933e-11,1.2654906002669895e-08,1.1019545972903068e-08,8.202090143822876e-09,6.597124798835938e-09
screen,instant_RF_exact_pathways,1000.0,read,0.0,1.0,0.0,8.0,4.0,0.001,ramp_x_polarity,original,increasing,alternating,increasing_alternating,-0.00013275675976881507,0.11261164138793871,0.11164770973502655,0.11226878173773697,0.111172093325056,-0.00013275675976881507,0.11261164138793858,0.11164770973502643,0.11226878173773688,0.11117209332505591,3.896602806630656e-10,5.2892092086391834e-09,5.2505128994598366e-09,4.0860878639858805e-09,4.437051835469599e-09,-0.00013275676191600028,0.11261164138723823,0.1116477097350546,0.11226878173909977,0.11117209332500014,-6.450070052801656e-13,6.951333409924485e-13,3.118742644772915e-14,1.3641482082974974e-12,5.519528847261243e-14,3.57077762115811e-09,1.7925372392222275e-08,1.2377251832988166e-08,7.490221203539895e-09,5.512878265463896e-09
screen,instant_RF_exact_pathways,1000.0,read,0.0,1.0,0.0,8.0,5.0,0.001,ramp_x_polarity,original,increasing,alternating,increasing_alternating,-9.33877684180795e-05,0.08236747670887778,0.08079048934287907,0.08211669904313104,0.08044632390871424,-9.338776841653906e-05,0.08236747670871772,0.08079048934272207,0.08211669904296763,0.08044632390855544,-8.718057920237856e-10,1.6238120194530957e-07,1.5927389535260768e-07,1.638216510096456e-07,1.5984253862491992e-07,-9.338777281131527e-05,0.0823674767066181,0.08079048934281549,0.08211669904514549,0.08044632390853156,3.5509541556143154e-13,2.2530522215720768e-12,6.107408429588628e-14,2.018392812900609e-12,1.815100911858498e-13,3.903015313841602e-09,3.118868760273138e-08,1.922147545228385e-08,2.010365771161864e-08,1.2039460875012711e-08
screen,instant_RF_exact_pathways,1000.0,read,0.0,1.0,0.0,8.0,6.0,0.001,ramp_x_polarity,original,increasing,alternating,increasing_alternating,-0.00025079949104191146,0.07477989726904101,0.07220846282732474,0.07443864279303904,0.07161640886028085,-0.00025079949104191146,0.07477989726904094,0.07220846282732465,0.07443864279303901,0.07161640886028081,7.916657004126236e-10,3.405137728250677e-09,3.430199716513488e-09,1.8915478692968836e-09,2.7082755579723183e-09,-0.00025079949587630823,0.07477989726839819,0.07220846282738153,0.07443864279715633,0.07161640886026335,-3.5233869019207665e-12,6.373717632880689e-13,5.856929951927626e-14,4.119251527840753e-12,1.7062162151193315e-14,1.1035143979675748e-08,3.8296556906433925e-08,1.948854968066818e-08,1.8662894402645392e-08,1.0890031156555396e-08
screen,instant_RF_exact_pathways,1000.0,read,0.0,1.0,0.0,8.0,7.0,0.001,ramp_x_polarity,original,increasing,alternating,increasing_alternating,-0.0001737361416554728,0.054684728343621425,0.05162523290786724,0.05443517720372319,0.051201945626313534,-0.00017373614165232254,0.054684728343515496,0.05162523290776683,0.05443517720361291,0.05120194562621192,-1.7502939666941684e-09,1.0763596880709389e-07,1.0182178803000921e-07,1.0957104053402362e-07,1.0200656579024477e-07,-0.00017373614916100372,0.054684728340989884,0.05162523290777944,0.05443517720844379,0.051201945626072345,-1.946069345549074e-12,2.6252332896845896e-12,8.650546597377193e-14,4.72500173633253e-12,2.40204567072638e-13,1.1586154901613988e-08,5.903939560949916e-08,2.6732996281440902e-08,3.8056511639941856e-08,1.7336267213497582e-08
screen,instant_RF_exact_pathways,1000.0,read,0.0,1.0,0.0,8.0,8.0,0.001,ramp_x_polarity,original,increasing,alternating,increasing_alternating,-0.0003047959755437188,0.04963675550773804,0.045514858674592075,0.049334965508186154,0.044908272699496474,-0.0003047959755437396,0.04963675550773799,0.04551485867459202,0.049334965508186154,0.044908272699496446,1.145618442459239e-09,2.1549363722822572e-09,2.234834379134227e-09,4.397397655344781e-10,1.665256214845687e-09,-0.0003047959829437369,0.049636755507475094,0.04551485867466943,0.049334965515302635,0.044908272699553234,-6.881839144598861e-12,2.580849971402978e-13,7.814128656983976e-14,7.118792969549771e-12,5.701011438045085e-14,2.4188148426509496e-08,6.878443227868704e-08,2.5943240192008118e-08,3.546591056970124e-08,1.681286690953181e-08
screen,instant_RF_exact_pathways,1000.0,read,0.0,0.8,0.0,8.0,1.0,0.001,ramp_x_polarity,original,increasing,alternating,increasing_alternating,0.0,0.16055437185145946,0.16055437185145946,0.16055437185145946,0.16055437185145946,0.0,0.16055317007974165,0.16055317007974165,0.16055317007974165,0.16055317007974165,0.0,0.0006212068594829929,0.0006212068594829929,0.0006212068594829929,0.0006212068594829929,0.0,0.16054957544226223,0.16054957544226223,0.16054957544226223,0.16054957544226223,0.0,0.0,0.0,0.0,0.0,0.0,0.0038746002361893226,0.0038746002361893226,0.0038746002361893226,0.0038746002361893226
screen,instant_RF_exact_pathways,1000.0,read,0.0,0.8,0.0,8.0,2.0,0.001,ramp_x_polarity,original,increasing,alternating,increasing_alternating,0.0,0.13191218540212818,0.13191218540212818,0.13170088254239534,0.13170088254239534,0.0,0.1318396735330772,0.1318396735330772,0.13170086652113436,0.13170086652113436,0.0,-0.004373229957029753,-0.004373229957029753,-6.496174387138001e-05,-6.496174387138001e-05,0.0,0.13189586750926574,0.13189586750926574,0.13169492805290575,0.13169492805290575,0.0,0.00013168963817858554,0.00013168963817858554,5.4206870033690955e-06,5.4206870033690955e-06,0.0,0.03357885604428669,0.03357885604428669,0.0006053097631200948,0.0006053097631200948
screen,instant_RF_exact_pathways,1000.0,read,0.0,0.8,0.0,8.0,3.0,0.001,ramp_x_polarity,original,increasing,alternating,increasing_alternating,0.024597402998913637,0.11251525161480602,0.08783554342526544,0.08791444771019662,0.08783214251956967,0.024593931373228378,0.11219967076115289,0.08752879058415902,0.08790330169214251,0.08782635288837702,0.0006953236435211429,0.008421147607779013,0.007334405748670019,0.0013998813553548215,0.0010084631397669704,3.506968502403618e-07,0.08727829866427463,0.08704810263343186,0.08714533275551034,0.08691548742151782,0.02459184598168086,0.02482974912741733,0.00041323947078799776,0.0007265226794699478,0.0009018590045214771,0.1782323680449211,0.2787551367063922,0.0854173257952577,0.07301920653297395,0.05791376366676057
screen,instant_RF_exact_pathways,1000.0,read,0.0,0.8,0.0,8.0,4.0,0.001,ramp_x_polarity,original,increasing,alternating,increasing_alternating,0.03302604331046225,0.08581267311891375,0.07079922768865923,0.05372038556929588,0.07173298344950362,0.032799316762952745,0.08544937682882689,0.07068158144088013,0.05365830254468227,0.07168982391968826,-0.0037141509985736,-0.007887893722577971,-0.004079789985629463,-0.0025819360443584453,-0.0024879833059835367,-8.451069713856507e-05,0.07168665597295829,0.0710730334746065,0.07146839735120003,0.07077026415570968,-0.005076516347996999,0.012934014733382081,0.0004597411184294799,0.018453015214280076,0.0009022252513304758,0.10403168684609926,0.47314668010586125,0.15756713055497473,0.2783162018350122,0.06676833913022494
screen,instant_RF_exact_pathways,1000.0,read,0.0,0.8,0.0,8.0,5.0,0.001,ramp_x_polarity,original,increasing,alternating,increasing_alternating,0.050899564247034554,0.0794894390963923,0.0509239731295191,0.026267202038219552,0.0486013003183809,0.05122031139357734,0.07921097450788883,0.05035376982952967,0.02623257480120815,0.04859568151642633,0.0011357799014366692,0.006647739869282414,0.007599269915638696,-0.0013483034583003576,0.0007390064894925931,-5.3772129170077954e-05,0.04742670762509899,0.04651868759556794,0.04728231132567208,0.04632051916697095,0.007204163158333745,0.030709443161987163,0.003783522930874883,0.022000159458858994,0.0022784023860804607,0.06854953675269715,0.6861995598071784,0.2842039035049042,0.47932340937198475,0.14587728982240766
screen,instant_RF_exact_pathways,1000.0,read,0.0,0.8,0.0,8.0,6.0,0.001,ramp_x_polarity,original,increasing,alternating,increasing_alternating,0.04354983703907303,0.05571203049193708,0.04215119630571656,0.00784178525638492,0.037830788109237436,0.04351584616723871,0.055621925633359603,0.04214409754981065,0.0077734086852374465,0.0378114267689272,-0.0046372146614464,-0.003167290698931885,-0.0007735578291878613,0.0010333021917769004,-0.0012101795999254754,-0.00013061891023363748,0.03894612568678318,0.037606896661424784,0.038768396911889845,0.037298548976297814,-0.021354146641678055,0.015021384253667185,0.004486134849446256,0.03237652219978406,0.00048712615388507715,-0.09264459853742157,0.7851874809976375,0.389242247627439,0.6536636722038865,0.1650738402962665
screen,instant_RF_exact_pathways,1000.0,read,0.0,0.8,0.0,8.0,7.0,0.001,ramp_x_polarity,original,increasing,alternating,increasing_alternating,0.042080862075324243,0.05451459858788776,0.033937236813191454,0.0046544854112304255,0.026157985711858366,0.04500825035694068,0.054512088066785945,0.03340842793023637,0.0022533636578817764,0.026157953878272883,-0.0013310123245486776,0.0005231766408276184,0.005967661664742679,-0.00407266333849172,4.080936087466342e-05,-8.184304326141686e-05,0.025760698674185446,0.024319441812516013,0.02564314096247414,0.02412004105754329,-0.004754561106627964,0.02711320328470768,0.00905545011555882,0.024853378942240434,0.0020410646664636095,-0.18285679133316124,0.8812835985887847,0.5529922479525614,0.7824104282611203,0.2712622862917359
screen,instant_RF_exact_pathways,1000.0,read,0.0,0.8,0.0,8.0,8.0,0.001,ramp_x_polarity,original,increasing,alternating,increasing_alternating,0.023358791477379,0.03783901879692642,0.029691236238235285,0.004092638811576398,0.019303647730264262,0.026920686985556573,0.037788124335170266,0.029677824544592158,0.00049322490712585,0.019303612102104316,-0.0030303324556080744,0.001961887546182047,0.0008923226182830703,0.004062809573806305,-3.708780970074584e-05,-0.00012987124364855634,0.02114984294141669,0.019393534138730458,0.021021252527509044,0.019135072481174256,-0.017595251085316864,0.014684286537396693,0.010250478247504358,0.022175175979288066,0.0001461166040788661,-0.26755036524043974,0.9206935245330666,0.6414783035552419,0.8644904841724197,0.31772489795415526
screen,instant_RF_exact_pathways,1000.0,read,90.0,1.0,0.0,8.0,1.0,0.0,ramp_x_polarity,original,increasing,alternating,increasing_alternating,0.0,0.5717088319203254,0.5717088319203254,0.5717088319203254,0.5717088319203254,0.0,-9.405069332735742e-07,-9.405069332735742e-07,-9.405069332735742e-07,-9.405069332735742e-07,0.0,-0.5717088319195518,-0.5717088319195518,-0.5717088319195518,-0.5717088319195518,0.0,0.5717088321694964,0.5717088321694964,0.5717088321694964,0.5717088321694964,0.0,0.0,0.0,0.0,0.0,0.0,4.3583552155117837e-10,4.3583552155117837e-10,4.3583552155117837e-10,4.3583552155117837e-10
screen,instant_RF_exact_pathways,1000.0,read,90.0,1.0,0.0,8.0,2.0,0.0,ramp_x_polarity,original,increasing,alternating,increasing_alternating,0.0,0.5214104584975701,0.5214104584975701,0.5214104569847383,0.5214104569847383,0.0,-1.910292259641127e-06,-1.910292259641127e-06,-1.9102922560041014e-06,-1.9102922560041014e-06,0.0,0.5214104584940707,0.5214104584940707,0.521410456981239,0.521410456981239,0.0,0.5214104578138995,0.5214104578138995,0.5214104570189404,0.5214104570189404,0.0,1.701439232788821e-14,1.701439232788821e-14,2.208698697539458e-15,2.208698697539458e-15,0.0,1.4638737946851762e-09,1.4638737946851762e-09,8.703748245903832e-11,8.703748245903832e-11
screen,instant_RF_exact_pathways,1000.0,read,90.0,1.0,0.0,8.0,3.0,0.0,ramp_x_polarity,original,increasing,alternating,increasing_alternating,-4.427069821844043e-12,0.38314905161276686,0.38314907625174843,0.38314904982255465,0.38314907445710916,-1.6407875221263052e-17,-6.303109539624004e-07,-6.303109939416484e-07,-6.303109542070006e-07,-6.303109942026565e-07,4.427125332995274e-12,-0.3831490516122484,-0.38314907625123,-0.3831490498220362,-0.3831490744565907,5.551115123125783e-17,0.38314905158900237,0.3831490760237999,0.38314905100484103,0.3831490754396386,4.4270158352050515e-12,4.551826915080609e-12,8.830490348174305e-14,4.902873523930972e-14,1.25225588454958e-14,1.176894754839665e-11,4.558552230674989e-09,4.025601302241177e-09,3.0859717018690476e-09,2.5647897209836325e-09
screen,instant_RF_exact_pathways,1000.0,read,90.0,1.0,0.0,8.0,4.0,0.0,ramp_x_polarity,original,increasing,alternating,increasing_alternating,-3.551997584949618e-11,0.3493680813661013,0.34936807837637446,0.3493680791091597,0.34936807608391285,1.1494008395345097e-15,-1.2799803511970821e-06,-1.279980340201323e-06,-1.2799803460744625e-06,-1.2799803339293027e-06,-3.551997584949618e-11,0.3493680813637566,0.3493680783740297,0.34936807910681494,0.3493680760815681,-4.261625496937427e-10,0.34936808104036854,0.34936807803697956,0.349368079975053,0.34936807654550145,6.606314683241407e-12,1.1223794210296299e-11,1.1073139971903674e-13,4.646755305616069e-12,1.400071782802137e-13,1.153960903999577e-09,5.980697346921803e-09,4.178654790101409e-09,2.532411434242886e-09,1.884329781422069e-09
screen,instant_RF_exact_pathways,1000.0,read,90.0,1.0,0.0,8.0,5.0,0.0,ramp_x_polarity,original,increasing,alternating,increasing_alternating,3.4122776826350787e-10,0.2566739718121287,0.25667398393220564,0.2566739690227871,0.2566739814840918,1.1393048420779489e-15,-4.222492922090214e-07,-4.222493120643628e-07,-4.2224929291179035e-07,-4.222493116278269e-07,-3.4122776826350787e-10,-0.25667397181178137,-0.25667398393185836,-0.2566739690224398,-0.25667398148374454,-3.1309355108533055e-10,0.2566739716190429,0.25667398371459743,0.2566739708363761,0.2566739826188371,1.3243827669432051e-11,2.0288443395029602e-11,3.8237058563462896e-13,6.789697188415979e-12,1.2745204845305782e-13,1.2151469108465581e-09,1.0758011531741774e-08,6.900453199274911e-09,7.066774205065941e-09,4.424362783445636e-09
screen,instant_RF_exact_pathways,1000.0,read,90.0,1.0,0.0,8.0,6.0,0.0,ramp_x_polarity,original,increasing,alternating,increasing_alternating,-6.64501786928895e-11,0.23399574373332235,0.2339957357130259,0.23399574115953123,0.2339957330727846,2.2998206597045663e-15,-8.572905492818232e-07,-8.572905194469736e-07,-8.572905438039383e-07,-8.572905116692681e-07,-6.64501786928895e-11,0.23399574373175192,0.23399573571145546,0.2339957411579608,0.23399573307121416,-8.56221815670466e-10,0.23399574365851122,0.23399573547056896,0.233995742588239,0.2339957335440749,1.5310947028461718e-11,2.9075119540696367e-11,4.0549969964057293e-13,1.3798191484183681e-11,4.3951867158960575e-13,3.5009099374212345e-09,1.2763492058022908e-08,6.739332630381103e-09,6.208562747826127e-09,3.6853132576055574e-09
screen,instant_RF_exact_pathways,1000.0,read,90.0,1.0,0.0,8.0,7.0,0.0,ramp_x_polarity,original,increasing,alternating,increasing_alternating,7.148217295860348e-10,0.1718767432780152,0.17187669890782953,0.17187673995506467,0.17187669629970073,2.3286018863402018e-15,-2.827510423899744e-07,-2.8275096983500437e-07,-2.8275104359648683e-07,-2.8275096871291495e-07,-7.148217295860348e-10,-0.17187674327778263,-0.17187669890759696,-0.1718767399548321,-0.17187669629946817,-6.28919694101171e-10,0.17187674298069947,0.1718766987832855,0.17187674219455304,0.17187669736821937,2.2801144090966215e-11,3.900567147126177e-11,7.137534782913071e-13,1.5646495776069118e-11,1.5572187406486791e-13,3.452755391715223e-09,2.0053711933333755e-08,9.792857923864471e-09,1.3032200761419036e-08,6.2241021436649756e-09
screen,instant_RF_exact_pathways,1000.0,read,90.0,1.0,0.0,8.0,8.0,0.0,ramp_x_polarity,original,increasing,alternating,increasing_alternating,-1.3066242532389083e-11,0.1566584058516637,0.1566583925936393,0.1566584031882186,0.15665838991712797,2.9948137340255615e-15,-5.739496315303304e-07,-5.739495820961927e-07,-5.73949626245006e-07,-5.739495738160546e-07,-1.3066242532389083e-11,0.15665840585061233,0.15665839259258793,0.15665840318716723,0.15665838991607658,-1.1464703353336603e-09,0.15665840595213512,0.15665839237098594,0.15665840499674932,0.1566583902691298,2.378402991083655e-11,4.7617988778079076e-11,7.227424127339605e-13,2.379759094383543e-11,6.863744893268671e-13,7.529332877628936e-09,2.2924986031976418e-08,9.413140600094017e-09,1.1720616137231662e-08,5.738103582978197e-09
screen,instant_RF_exact_pathways,1000.0,read,90.0,0.8,0.0,8.0,1.0,0.0,ramp_x_polarity,original,increasing,alternating,increasing_alternating,0.0,0.4908112020452584,0.4908112020452584,0.4908112020452584,0.4908112020452584,0.0,-8.102429782049828e-07,-8.102429782049828e-07,-8.102429782049828e-07,-8.102429782049828e-07,0.0,-0.4908112020445896,-0.4908112020445896,-0.4908112020445896,-0.4908112020445896,0.0,0.49180550937401357,0.49180550937401357,0.49180550937401357,0.49180550937401357,0.0,0.0,0.0,0.0,0.0,0.0,0.002017669842923321,0.002017669842923321,0.002017669842923321,0.002017669842923321
screen,instant_RF_exact_pathways,1000.0,read,90.0,0.8,0.0,8.0,2.0,0.0,ramp_x_polarity,original,increasing,alternating,increasing_alternating,0.0,0.4012838267020751,0.4012838267020751,0.405475567219406,0.405475567219406,0.0,-1.4815843700612237e-06,-1.4815843700612237e-06,-1.4862507843399351e-06,-1.4862507843399351e-06,0.0,0.40128382669934,0.40128382669934,0.40547556721668204,0.40547556721668204,0.0,0.405705044047879,0.405705044047879,0.40570504342932817,0.40570504342932817,0.0,0.000316311960928632,0.000316311960928632,4.106157908290897e-05,4.106157908290897e-05,0.0,0.012487635937756538,0.012487635937756538,0.000570065136511045,0.000570065136511045
screen,instant_RF_exact_pathways,1000.0,read,90.0,0.8,0.0,8.0,3.0,0.0,ramp_x_polarity,original,increasing,alternating,increasing_alternating,-0.07496076188281367,0.18378950857574847,0.2598900313005734,0.26684340136201906,0.26798316220403035,-2.767423915335438e-07,-7.334093874159748e-07,-4.568755918432962e-07,-4.528776402312347e-07,-4.5308623619209987e-07,0.0749607618838741,-0.18378950857428514,-0.25989003130017185,-0.26684340136163476,-0.2679831622036474,0.0,0.26965632187404015,0.2696563390709969,0.2696563214629135,0.26965633865987026,0.0742790463574038,0.07656575134014983,0.0015494885340850849,0.0009221621332440401,0.00018494568458310768,0.20175321014762057,0.24417538771374347,0.03820421486339061,0.033415287577032576,0.029197324874300275
screen,instant_RF_exact_pathways,1000.0,read,90.0,0.8,0.0,8.0,4.0,0.0,ramp_x_polarity,original,increasing,alternating,increasing_alternating,-0.10370037860354632,0.05320311181419983,0.21612145683940184,0.1585424969015592,0.2177604633232149,-1.6518711437573648e-07,-7.580829868180014e-07,-8.048098055531189e-07,-6.068000191824359e-07,-8.187139522932898e-07,-0.10370037860782656,0.05320311180879893,0.21612145683790335,0.15854249690039798,0.21776046332167584,-2.712878255373141e-10,0.22240177946923823,0.22240177755733187,0.2224017787910765,0.22240177660788232,0.09999470147574928,0.16349292387526465,0.0017969287596535288,0.06363565795133098,0.0019343643114691396,0.13614381654617602,0.44521776392479545,0.09881547686580539,0.2517879479863804,0.041529477473566355
screen,instant_RF_exact_pathways,1000.0,read,90.0,0.8,0.0,8.0,5.0,0.0,ramp_x_polarity,original,increasing,alternating,increasing_alternating,0.02163359866907892,0.09527275582684341,0.14418915537752733,0.07806228873298897,0.1486122869527518,-5.903735284105948e-07,-7.486174100040712e-07,-2.7746510979057206e-07,-1.4328751109280202e-07,-2.6250873928989757e-07,0.1689119129815001,0.09527275582390224,-0.14418915537726035,-0.07806228873285746,-0.14861228695251996,-1.802774596271206e-10,0.1477913600571814,0.14779136702173043,0.1477913596065266,0.14779136639079815,0.1617672989617572,0.23910913547610907,0.004833609919857608,0.07434813195702854,0.0018399053625342858,0.1435896179036784,0.6669295093424583,0.18592165444835246,0.4345549048689982,0.09713666787857074
screen,instant_RF_exact_pathways,1000.0,read,90.0,0.8,0.0,8.0,6.0,0.0,ramp_x_polarity,original,increasing,alternating,increasing_alternating,0.09363713090156964,0.1307576093171604,0.13323637917021644,0.021353781299501596,0.11746968205412726,-1.8269131762571363e-07,-3.321589307522888e-07,-4.957751317361866e-07,-1.0237383906998716e-07,-4.486813576795986e-07,-0.16787808773201837,-0.13075760931673852,0.13323637916929404,0.0213537812992562,0.1174696820532704,-4.459290159353202e-10,0.1218673463803741,0.12186734211601113,0.12186734582296554,0.12186734111267357,0.13848276409250362,0.25486335544993144,0.012329129196585126,0.10714034114665485,0.003088878985812171,-0.047996675190352334,0.772111228214572,0.3046702574711321,0.6327226837695598,0.11728503783576755
screen,instant_RF_exact_pathways,1000.0,read,90.0,0.8,0.0,8.0,7.0,0.0,ramp_x_polarity,original,increasing,alternating,increasing_alternating,0.1270228349569044,0.15172585925347928,0.09697414209611152,0.011199626853985937,0.08347074465352257,-5.363642948031065e-07,-6.038619860985002e-07,-1.9375353566027357e-07,-2.3785803484953294e-08,-1.500416478498331e-07,0.1764288835487685,0.1517258592522776,-0.09697414209591795,-0.011199626853960677,-0.08347074465338772,-2.9626948117034146e-10,0.08096712042560118,0.0809670996052315,0.08096712005526603,0.08096709893862687,0.13776132869616048,0.23734234638310225,0.022613081142424038,0.07957341228229868,0.002605475737780962,-0.12546653499841942,0.8740615181218521,0.44457772475702745,0.7601502628927596,0.20519993452951554
screen,instant_RF_exact_pathways,1000.0,read,90.0,0.8,0.0,8.0,8.0,0.0,ramp_x_polarity,original,increasing,alternating,increasing_alternating,0.05121509187488476,0.09757101105213878,0.10041346403825833,0.011485705501155652,0.06554325036215997,-5.017434457264921e-08,-2.212427807241876e-07,-3.691123567304244e-07,-4.975343287424731e-08,-2.477973534531333e-07,-0.1439269302288242,-0.09757101105188794,0.10041346403757992,0.011485705501047891,0.06554325036169155,-4.885023496825625e-10,0.06675095194006753,0.06675094615324349,0.06675095153298499,0.06675094525765861,0.07547737613427047,0.17312642447230486,0.03247412849441648,0.06643508958906799,0.0012601697454500793,-0.2569655583568641,0.9161819677002013,0.5694529693598062,0.8563861271872909,0.2526915704900316
screen,instant_RF_exact_pathways,1000.0,read,0.0,1.0,0.0,8.0,1.0,0.0,ramp_x_polarity,original,increasing,alternating,increasing_alternating,0.0,0.5717088321694999,0.5717088321694999,0.5717088321694999,0.5717088321694999,0.0,0.5717088321683844,0.5717088321683844,0.5717088321683844,0.5717088321683844,0.0,1.1293225337692751e-06,1.1293225337692751e-06,1.1293225337692751e-06,1.1293225337692751e-06,0.0,0.5717088321694963,0.5717088321694963,0.5717088321694963,0.5717088321694963,0.0,0.0,0.0,0.0,0.0,0.0,4.358355215511784e-10,4.358355215511784e-10,4.358355215511784e-10,4.358355215511784e-10
screen,instant_RF_exact_pathways,1000.0,read,0.0,1.0,0.0,8.0,2.0,0.0,ramp_x_polarity,original,increasing,alternating,increasing_alternating,0.0,0.521410457813892,0.521410457813892,0.5214104570189423,0.5214104570189423,0.0,0.5214104578138914,0.5214104578138914,0.5214104570189418,0.5214104570189418,0.0,2.347524320086568e-08,2.347524320086568e-08,2.2757377135019045e-08,2.2757377135019045e-08,0.0,0.5214104578138994,0.5214104578138994,0.5214104570189402,0.5214104570189402,0.0,2.0528477925657762e-14,2.0528477925657762e-14,8.437795413886374e-16,8.437795413886374e-16,0.0,1.4638737946851766e-09,1.4638737946851766e-09,8.703748245903836e-11,8.703748245903836e-11
screen,instant_RF_exact_pathways,1000.0,read,0.0,1.0,0.0,8.0,3.0,0.0,ramp_x_polarity,original,increasing,alternating,increasing_alternating,4.498124095420053e-12,0.38314905159355495,0.3831490760238801,0.38314905100499164,0.3831490754398149,4.4980130731175905e-12,0.38314905159280777,0.38314907602313336,0.3831490510042421,0.38314907543906573,9.386385017086689e-17,7.566564746713014e-07,7.564568067465573e-07,7.578670396755068e-07,7.576673718446265e-07,0.0,0.38314905158900214,0.3831490760237998,0.38314905100484087,0.3831490754396385,4.498063798249514e-12,4.5331676517379735e-12,6.528978659098433e-14,1.4250865811252586e-13,1.7269459121505046e-13,1.1768947548397477e-11,4.558552230674991e-09,4.025601302241178e-09,3.085971701869049e-09,2.564789720983633e-09
screen,instant_RF_exact_pathways,1000.0,read,0.0,1.0,0.0,8.0,4.0,0.0,ramp_x_polarity,original,increasing,alternating,increasing_alternating,-4.1951297991005276e-10,0.3493680810425538,0.349368078036894,0.3493680799708725,0.34936807654569974,-4.1951297991005276e-10,0.34936808104255346,0.3493680780368936,0.3493680799708722,0.3493680765456994,3.972550324238939e-10,1.56083402158496e-08,1.5610882277330755e-08,1.4410120290115071e-08,1.4809917384020118e-08,-4.261626052048939e-10,0.3493680810403685,0.3493680780369795,0.349368079975053,0.3493680765455014,-1.918837129575253e-12,2.1663365404193646e-12,9.758172179774944e-14,4.183771044248785e-12,1.9617909605191635e-13,1.1539609039995778e-09,5.980697346921804e-09,4.17865479010141e-09,2.532411434242886e-09,1.8843297814220696e-09
screen,instant_RF_exact_pathways,1000.0,read,0.0,1.0,0.0,8.0,5.0,0.0,ramp_x_polarity,original,increasing,alternating,increasing_alternating,-2.9946706225914e-10,0.25667397162603534,0.25667398371478395,0.2566739708301698,0.25667398261945135,-2.994656744803592e-10,0.25667397162553524,0.25667398371428385,0.25667397082966564,0.2566739826189486,-6.673172382113673e-10,5.066945387318637e-07,5.06689959038081e-07,5.087147275022222e-07,5.080428305702281e-07,-3.130934955741793e-10,0.2566739716190428,0.2566739837145973,0.2566739708363761,0.2566739826188371,1.1884584233396957e-12,6.9678741360505686e-12,1.746664822282589e-13,6.2161888789621775e-12,6.114396484795633e-13,1.2151469108465581e-09,1.0758011531741777e-08,6.900453199274914e-09,7.066774205065941e-09,4.424362783445636e-09
screen,instant_RF_exact_pathways,1000.0,read,0.0,1.0,0.0,8.0,6.0,0.0,ramp_x_polarity,original,increasing,alternating,increasing_alternating,-8.411547292030974e-10,0.23399574366055756,0.23399573547039992,0.23399574257551503,0.23399573354420267,-8.41154756958673e-10,0.23399574366055734,0.23399573547039967,0.23399574257551486,0.23399573354420244,8.050923471703823e-10,1.0332185179390016e-08,1.0471149489733466e-08,8.813372407823865e-09,9.757429065337697e-09,-8.562217601593147e-10,0.2339957436585112,0.2339957354705689,0.23399574258823888,0.23399573354407482,-1.075197264464153e-11,2.0267198981875504e-12,1.7691011677360505e-13,1.272804801882946e-11,1.2626559277398474e-13,3.500909937421233e-09,1.2763492058022908e-08,6.739332630381105e-09,6.20856274782613e-09,3.685313257605559e-09
screen,instant_RF_exact_pathways,1000.0,read,0.0,1.0,0.0,8.0,7.0,0.0,ramp_x_polarity,original,increasing,alternating,increasing_alternating,-6.054601819904804e-10,0.1718767429888963,0.17187669878355014,0.17187674217990837,0.17187669736910202,-6.0545746194407e-10,0.1718767429885618,0.1718766987832152,0.17187674217956878,0.17187669736876474,-1.3662426793803428e-09,3.391047155331482e-07,3.3931570873260154e-07,3.416648939077288e-07,3.4050964442780183e-07,-6.28919694101171e-10,0.1718767429806994,0.17187669878328543,0.17187674219455298,0.1718766973682193,-5.858514911133315e-12,8.172772235958045e-12,2.5735554676076015e-13,1.465446369182095e-11,8.80532091490348e-13,3.4527553917152263e-09,2.0053711933333762e-08,9.792857923864475e-09,1.3032200761419039e-08,6.224102143664978e-09
screen,instant_RF_exact_pathways,1000.0,read,0.0,1.0,0.0,8.0,8.0,0.0,ramp_x_polarity,original,increasing,alternating,increasing_alternating,-1.123281939685583e-09,0.15665840595303046,0.1566583923707527,0.15665840497462277,0.15665839026906309,-1.1232819674411587e-09,0.15665840595303032,0.15665839237075255,0.1566584049746227,0.15665839026906295,1.1571989288119843e-09,6.794921050390493e-09,7.071136917650492e-09,5.063026184900368e-09,6.496440980972351e-09,-1.1464703908448115e-09,0.15665840595213507,0.15665839237098592,0.15665840499674932,0.15665839026912978,-2.1423685504944353e-11,8.777067941569146e-13,2.376969417703231e-13,2.2131032214160528e-11,6.733685682958209e-14,7.529332877628946e-09,2.2924986031976427e-08,9.413140600094019e-09,1.1720616137231662e-08,5.7381035829781985e-09
screen,instant_RF_exact_pathways,1000.0,read,0.0,0.8,0.0,8.0,1.0,0.0,ramp_x_polarity,original,increasing,alternating,increasing_alternating,0.0,0.4918741430933228,0.4918741430933228,0.4918741430933228,0.4918741430933228,0.0,0.4918732685899014,0.4918732685899014,0.4918732685899014,0.4918732685899014,0.0,0.0009275184512122105,0.0009275184512122105,0.0009275184512122105,0.0009275184512122105,0.0,0.4918055093740136,0.4918055093740136,0.4918055093740136,0.4918055093740136,0.0,0.0,0.0,0.0,0.0,0.0,0.0020176698429233207,0.0020176698429233207,0.0020176698429233207,0.0020176698429233207
screen,instant_RF_exact_pathways,1000.0,read,0.0,0.8,0.0,8.0,2.0,0.0,ramp_x_polarity,original,increasing,alternating,increasing_alternating,0.0,0.40560346278717363,0.40560346278717363,0.4057428396038546,0.4057428396038546,0.0,0.4055786868828026,0.4055786868828026,0.40574280537659174,0.40574280537659174,0.0,-0.0044830537993365595,-0.0044830537993365595,-0.00016665813062416633,-0.00016665813062416633,0.0,0.4057050440478791,0.4057050440478791,0.40570504342932817,0.40570504342932817,0.0,0.0003816417878704745,0.0003816417878704745,1.5686576175314303e-05,1.5686576175314303e-05,0.0,0.012487635937756534,0.012487635937756534,0.000570065136511045,0.000570065136511045
screen,instant_RF_exact_pathways,1000.0,read,0.0,0.8,0.0,8.0,3.0,0.0,ramp_x_polarity,original,increasing,alternating,increasing_alternating,0.0757524824429468,0.34630122962674353,0.27105878409441114,0.27208537927010124,0.27259541618071564,0.07575511981502547,0.3461849071174292,0.27094175768466866,0.2720795610874615,0.2725915314697264,0.0006868262774401904,0.0089750612862222,0.007964193460915828,0.0017793400487612669,0.0014552985008950859,-1.1102230246251565e-16,0.2696563218740402,0.26965633907099695,0.26965632146291363,0.26965633865987026,0.07574990566191704,0.07619591687491128,0.0010267061758363657,0.0022951573275729518,0.002875852290415073,0.20175321014762088,0.24417538771374356,0.0382042148633906,0.03341528757703256,0.02919732487430047
screen,instant_RF_exact_pathways,1000.0,read,0.0,0.8,0.0,8.0,4.0,0.0,ramp_x_polarity,original,increasing,alternating,increasing_alternating,0.10173299376289546,0.2654832868539148,0.2210637933735821,0.16833899634711386,0.2256524966296766,0.101662877202682,0.26536579422816453,0.22102100608668454,0.16831786499948193,0.22563595406068393,-0.003613404581449507,-0.007897521915984734,-0.004349207875871584,-0.00266721074716442,-0.0027323012885007783,-2.7128788104846535e-10,0.2224017794692383,0.222401777557332,0.22240177879107662,0.22240177660788243,-0.014884210898960554,0.04018554997929705,0.0016231561681328752,0.0566030894651915,0.0031564847550667745,0.13614381654617608,0.4452177639247954,0.09881547686580533,0.2517879479863803,0.041529477473566334
screen,instant_RF_exact_pathways,1000.0,read,0.0,0.8,0.0,8.0,5.0,0.0,ramp_x_polarity,original,increasing,alternating,increasing_alternating,0.15805699859277703,0.24590032485047184,0.15957490930605836,0.08367609595882317,0.15540767900718672,0.15818655307041518,0.24580313147909982,0.1593573620783196,0.08366386845263375,0.15540465212226873,0.000983800418130099,0.006913054074426646,0.008329635734898292,-0.0014304371536622885,0.0009699449249394561,-1.8027734860481814e-10,0.14779136005718152,0.14779136702173049,0.14779135960652662,0.14779136639079823,0.023079921387514912,0.09436740796121512,0.011352762985733922,0.06754800153508221,0.007613277947115927,0.1435896179036783,0.6669295093424582,0.1859216544483524,0.4345549048689984,0.09713666787857085
screen,instant_RF_exact_pathways,1000.0,read,0.0,0.8,0.0,8.0,6.0,0.0,ramp_x_polarity,original,increasing,alternating,increasing_alternating,0.13266598105479546,0.17488043647467955,0.1361168807897878,0.03047228310221229,0.12437470847211599,0.13266036436450968,0.1748551736174902,0.13611342965737155,0.030448129890934136,0.12436675029532515,-0.004623126884082682,-0.002972426747926262,-0.0009692795515570166,0.0012130225085199198,-0.0014069571791935171,-4.459290159353202e-10,0.12186734638037415,0.12186734211601115,0.12186734582296559,0.12186734111267357,-0.06129091629571421,0.04728147059094342,0.014035926847261054,0.09691071104880161,0.0023742510094050444,-0.04799667519035211,0.772111228214572,0.30467025747113197,0.6327226837695598,0.11728503783576755
screen,instant_RF_exact_pathways,1000.0,read,0.0,0.8,0.0,8.0,7.0,0.0,ramp_x_polarity,original,increasing,alternating,increasing_alternating,0.13405443572733688,0.1698037786517086,0.11006633013963482,0.013947944004958752,0.08826493122022186,0.1349811596237392,0.16980297517904142,0.10986721979614325,0.013219498915806802,0.08826490315664781,-0.0015761363929241972,0.0005223645702922899,0.00661748023593816,-0.0044485942027170326,7.038507000464013e-05,-2.9626942565919023e-10,0.08096712042560121,0.08096709960523149,0.08096712005526602,0.08096709893862687,-0.011621797455079227,0.08310148847423987,0.02872872819038356,0.073298401003202,0.007303843264266455,-0.12546653499841942,0.8740615181218521,0.44457772475702756,0.7601502628927596,0.20519993452951565
screen,instant_RF_exact_pathways,1000.0,read,0.0,0.8,0.0,8.0,8.0,0.0,ramp_x_polarity,original,increasing,alternating,increasing_alternating,0.07297672463553488,0.1204705721166085,0.10088177922954852,0.015043574196554315,0.06843150594502923,0.07362944529448251,0.12045031938648097,0.10087586705455878,0.014376472258856502,0.06843146522141681,-0.0033880504805170438,0.002208915072539875,0.0010921659719795112,0.00443014333826393,-7.465624281347776e-05,-4.885023219269868e-10,0.06675095194006757,0.0667509461532435,0.06675095153298502,0.06675094525765864,-0.04484753954691534,0.04673089937616398,0.033935872095129736,0.05918562836765942,0.0015430615397098357,-0.2569655583568641,0.9161819677002013,0.5694529693598062,0.8563861271872908,0.25269157049003155
screen,finite_RF_static_Bloch,1000.0,read,90.0,0.8,0.0,8.0,1.0,,centered_ramp_x_polarity,centering,increasing_centering,alternating_centering,increasing_alternating_centering,0.0,0.28711333277371676,0.28711333277371676,0.28711333277371676,0.28711333277371676,0.0,0.28710010648972295,0.28710010648972295,0.28710010648972295,0.28710010648972295,0.0,-0.0027558501448304547,-0.0027558501448304547,-0.0027558501448304547,-0.0027558501448304547,,,,,,,,,,,,,,,
screen,finite_RF_static_Bloch,1000.0,read,90.0,0.8,0.0,8.0,2.0,,centered_ramp_x_polarity,centering,increasing_centering,alternating_centering,increasing_alternating_centering,0.0,0.20145450204163717,0.20145450204163717,0.20176904374004082,0.20176904374004082,0.0,-0.20141609595172827,-0.20141609595172827,-0.20176795633885053,-0.20176795633885053,0.0,0.003933533323640517,0.003933533323640517,-0.0006624247989117974,-0.0006624247989117974,,,,,,,,,,,,,,,
screen,finite_RF_static_Bloch,1000.0,read,90.0,0.8,0.0,8.0,3.0,,centered_ramp_x_polarity,centering,increasing_centering,alternating_centering,increasing_alternating_centering,-0.03402161394004595,0.10600709468873894,0.13116346385357017,0.14655542523459708,0.13769018045938236,-0.03401275165087417,0.10596818005037892,0.13116244396800786,0.1465033706195895,0.13768488288634428,0.0006913850123979643,0.002872096996575491,-0.0005172450154455515,0.003905773008351253,0.0012078160087281744,,,,,,,,,,,,,,,
screen,finite_RF_static_Bloch,1000.0,read,90.0,0.8,0.0,8.0,4.0,,centered_ramp_x_polarity,centering,increasing_centering,alternating_centering,increasing_alternating_centering,-0.04408370215911797,0.044633528300904404,0.10569221823824776,0.09809973771249626,0.11507472549072165,0.04412840404874358,-0.044591803686655725,-0.10568203090678334,-0.09809644667964323,-0.11505826985102727,-0.0022875113816512482,0.001929479867319487,0.001467426161373671,0.0008035471911916863,-0.0019460178964053778,,,,,,,,,,,,,,,
screen,finite_RF_static_Bloch,1000.0,read,90.0,0.8,0.0,8.0,5.0,,centered_ramp_x_polarity,centering,increasing_centering,alternating_centering,increasing_alternating_centering,-0.06351653244547492,0.00544573276868409,0.09292617458150204,0.06188833667744987,0.08585224604479288,-0.07256094680234484,-0.0035855032300633233,0.09291938726030047,0.06188760488267621,0.08583154857069515,0.0007896687894926578,0.004098801285147301,0.0011231177685830996,0.0003009627670307515,-0.0018850519600407919,,,,,,,,,,,,,,,
screen,finite_RF_static_Bloch,1000.0,read,90.0,0.8,0.0,8.0,6.0,,centered_ramp_x_polarity,centering,increasing_centering,alternating_centering,increasing_alternating_centering,-0.025620556954351073,0.019740326249555608,0.07373392740970647,0.04001949881271786,0.06839254301851765,0.06490571942289952,0.01962188691908978,-0.07371134555817435,-0.039964917185149294,-0.0683924302395139,0.002299676277477675,0.0021591744193898543,0.0018247156664183172,-0.0020894208779671138,-0.0001242033534609758,,,,,,,,,,,,,,,
screen,finite_RF_static_Bloch,1000.0,read,90.0,0.8,0.0,8.0,7.0,,centered_ramp_x_polarity,centering,increasing_centering,alternating_centering,increasing_alternating_centering,0.007460861023617975,0.043690128739714,0.06265165703091907,0.026110545731113637,0.05253293504593668,-0.07975772653882307,-0.04361115899274597,0.06264658939130412,0.025960459356664106,0.052460481201891125,-0.0021311486192441423,0.002625673361676047,-0.0007968477629088447,0.002795558686124782,-0.002758111057704252,,,,,,,,,,,,,,,
screen,finite_RF_static_Bloch,1000.0,read,90.0,0.8,0.0,8.0,8.0,,centered_ramp_x_polarity,centering,increasing_centering,alternating_centering,increasing_alternating_centering,0.018221675114955843,0.04253781341239298,0.052449570045615186,0.01474642507763138,0.04287985682580943,0.06669772864355177,0.042446014586468205,-0.05240364721303983,-0.014727016008113956,-0.04287894916407023,0.003952108555321606,0.0027931014361975144,-0.0021943465408081108,0.0007563412371085453,-0.00027899818457547397,,,,,,,,,,,,,,,
screen,finite_RF_static_Bloch,1000.0,read,90.0,1.0,0.0,8.0,1.0,,centered_ramp_x_polarity,centering,increasing_centering,alternating_centering,increasing_alternating_centering,0.0,0.24805902664203094,0.24805902664203094,0.24805902664203094,0.24805902664203094,0.0,0.24801095795424974,0.24801095795424974,0.24801095795424974,0.24801095795424974,0.0,-0.004883178596691768,-0.004883178596691768,-0.004883178596691768,-0.004883178596691768,,,,,,,,,,,,,,,
screen,finite_RF_static_Bloch,1000.0,read,90.0,1.0,0.0,8.0,2.0,,centered_ramp_x_polarity,centering,increasing_centering,alternating_centering,increasing_alternating_centering,0.0,0.18255127701827992,0.18255127701827992,0.17079813292236287,0.17079813292236287,0.0,-0.1825489530569612,-0.1825489530569612,-0.1707952953030239,-0.1707952953030239,0.0,0.0009211290963546121,0.0009211290963546121,-0.0009845364990666411,-0.0009845364990666411,,,,,,,,,,,,,,,
screen,finite_RF_static_Bloch,1000.0,read,90.0,1.0,0.0,8.0,3.0,,centered_ramp_x_polarity,centering,increasing_centering,alternating_centering,increasing_alternating_centering,-0.027395398341785948,0.10189999790767759,0.13611539421290675,0.11921429007835213,0.12603428804179534,-0.027374425266406516,0.10185349554442169,0.13608719595428814,0.11914923836652647,0.1260085135099864,-0.00108132159104616,0.003078151875260122,0.0027704943663890832,0.003937760221514785,0.002548781121597586,,,,,,,,,,,,,,,
screen,finite_RF_static_Bloch,1000.0,read,90.0,1.0,0.0,8.0,4.0,,centered_ramp_x_polarity,centering,increasing_centering,alternating_centering,increasing_alternating_centering,-0.044598534115269636,0.05171838365424972,0.11069875262236084,0.08809806659965551,0.102479901452497,0.0446296858094644,-0.05169312993323466,-0.11069870078382793,-0.08809799533991113,-0.10247388038104,0.002946078195739361,0.0016160215078652573,-0.00010713038399146274,-0.00011205215898524637,0.0011108741448973944,,,,,,,,,,,,,,,
screen,finite_RF_static_Bloch,1000.0,read,90.0,1.0,0.0,8.0,5.0,,centered_ramp_x_polarity,centering,increasing_centering,alternating_centering,increasing_alternating_centering,-0.06567386888093617,0.04331132790052532,0.09880531675816996,0.07737858304060255,0.06719870301731103,-0.06585873288728211,0.043178249492154125,0.09879688623042124,0.07737077006160048,0.06713067391258548,0.0020206032700911276,-0.003392623660253908,-0.0012906939433898965,-0.0010995696641737736,0.003022963322781366,,,,,,,,,,,,,,,
screen,finite_RF_static_Bloch,1000.0,read,90.0,1.0,0.0,8.0,6.0,,centered_ramp_x_polarity,centering,increasing_centering,alternating_centering,increasing_alternating_centering,-0.05942071106508534,0.011570251750100843,0.07657667471867154,0.04706882652312147,0.05265453842660682,0.05936944937204521,-0.011565303894768793,-0.0765653847251378,-0.047020597113514556,-0.05265122857183834,0.00011338942873779807,0.0003383361972320012,-0.0013149041261109596,0.0021302294130561674,0.0005903785184510047,,,,,,,,,,,,,,,
screen,finite_RF_static_Bloch,1000.0,read,90.0,1.0,0.0,8.0,7.0,,centered_ramp_x_polarity,centering,increasing_centering,alternating_centering,increasing_alternating_centering,-0.05519324650779447,0.012972759559445442,0.06656878120099996,0.04322444432574898,0.04162721945950903,-0.05512373139486963,0.012916624677700453,0.06650494859168872,0.04316110512607722,0.04162569764519586,0.006815137171866891,0.0012055279020424141,-0.002914522843184866,-0.0023391433400891583,0.00035594308655045284,,,,,,,,,,,,,,,
screen,finite_RF_static_Bloch,1000.0,read,90.0,1.0,0.0,8.0,8.0,,centered_ramp_x_polarity,centering,increasing_centering,alternating_centering,increasing_alternating_centering,-0.050339673916513755,0.0029913229418244,0.05257074267326622,0.03193071259251432,0.031170458407442383,0.0562240564644717,0.0029490453150104335,-0.052500001237319766,-0.03192729407014191,-0.031152284158000407,-0.002822226356597783,0.0005011433650164348,0.002726326337802778,-0.000467225881596718,-0.001064269265408158,,,,,,,,,,,,,,,
screen,finite_RF_static_Bloch,1000.0,read,0.0,0.8,0.0,8.0,1.0,,centered_ramp_x_polarity,centering,increasing_centering,alternating_centering,increasing_alternating_centering,0.0,0.2910134879142601,0.2910134879142601,0.2910134879142601,0.2910134879142601,0.0,-0.005448413794415983,-0.005448413794415983,-0.005448413794415983,-0.005448413794415983,0.0,0.2909624802876619,0.2909624802876619,0.2909624802876619,0.2909624802876619,,,,,,,,,,,,,,,
screen,finite_RF_static_Bloch,1000.0,read,0.0,0.8,0.0,8.0,2.0,,centered_ramp_x_polarity,centering,increasing_centering,alternating_centering,increasing_alternating_centering,0.0,0.20529422464397,0.20529422464397,0.2029574251374335,0.2029574251374335,0.0,0.004008816485619926,0.004008816485619926,0.00021784565898888943,0.00021784565898888943,0.0,0.2052550804792745,0.2052550804792745,0.20295730822437952,0.20295730822437952,,,,,,,,,,,,,,,
screen,finite_RF_static_Bloch,1000.0,read,0.0,0.8,0.0,8.0,3.0,,centered_ramp_x_polarity,centering,increasing_centering,alternating_centering,increasing_alternating_centering,0.024761196839913124,0.19746918489753015,0.1641918621363382,0.15287737886261016,0.14436125294133134,0.00046505902992169477,-0.005975419869199699,-0.00563800863484644,-0.009840715354701091,-0.009038245090426137,0.024801434055498922,0.19737875605414512,0.1640950348134632,0.15256032672097222,0.1440780395357892,,,,,,,,,,,,,,,
screen,finite_RF_static_Bloch,1000.0,read,0.0,0.8,0.0,8.0,4.0,,centered_ramp_x_polarity,centering,increasing_centering,alternating_centering,increasing_alternating_centering,0.0321772571428159,0.14974759043491576,0.1288687137547778,0.09526988188081409,0.10656826234349202,-0.0005339574560851799,0.0020646431022612903,0.0010389089531118684,-0.0016466901443230673,-0.0032063817495576697,0.03213319621981291,0.14973335663746926,0.12886452596815773,0.09525564972825946,0.10652001527876084,,,,,,,,,,,,,,,
screen,finite_RF_static_Bloch,1000.0,read,0.0,0.8,0.0,8.0,5.0,,centered_ramp_x_polarity,centering,increasing_centering,alternating_centering,increasing_alternating_centering,0.03510953069924633,0.13582683141562457,0.11105654859981608,0.07166607008037172,0.08200531796380955,0.00016153149917208856,-0.008072162398148576,-0.0018729534647215136,-0.0075356590180491925,-0.0011749185854500414,0.035274119498395456,0.135586755719821,0.1110407539249545,0.07126878309560536,0.0819969007991343,,,,,,,,,,,,,,,
screen,finite_RF_static_Bloch,1000.0,read,0.0,0.8,0.0,8.0,6.0,,centered_ramp_x_polarity,centering,increasing_centering,alternating_centering,increasing_alternating_centering,0.04831645519504541,0.10631133369345698,0.0850037853192158,0.03924905237276779,0.06625795919357202,-0.010656917106770766,-0.0009891077132734697,0.008956339532124984,0.0038698837204848386,0.0031584138591125247,0.048900935067454895,0.10630673232497133,0.08453063054763417,0.039057804753342126,0.06618263804345986,,,,,,,,,,,,,,,
screen,finite_RF_static_Bloch,1000.0,read,0.0,0.8,0.0,8.0,7.0,,centered_ramp_x_polarity,centering,increasing_centering,alternating_centering,increasing_alternating_centering,0.04078807881274449,0.09381409985977407,0.07334590832695016,0.02958480303195798,0.049904690311878566,-9.15498505869878e-05,-0.008264683962685105,-0.0031559131642233057,-0.0049390834609503755,7.813748692443647e-05,0.040906386711670184,0.09344934634065985,0.07327798087014448,0.029169607899413332,0.049904629140568146,,,,,,,,,,,,,,,
screen,finite_RF_static_Bloch,1000.0,read,0.0,0.8,0.0,8.0,8.0,,centered_ramp_x_polarity,centering,increasing_centering,alternating_centering,increasing_alternating_centering,0.044086712177273585,0.07424661943497134,0.05647113917624298,0.01665198806411359,0.04296321998265882,0.002354110931670171,0.005737543564902514,-0.0005108329019413627,0.004175964736446215,0.00028169920127250935,0.0443982013840648,0.0740245978804499,0.056468828654478914,0.016119864298663904,0.04296229645675771,,,,,,,,,,,,,,,
screen,finite_RF_static_Bloch,1000.0,read,0.0,1.0,0.0,8.0,1.0,,centered_ramp_x_polarity,centering,increasing_centering,alternating_centering,increasing_alternating_centering,0.0,0.24850106405226652,0.24850106405226652,0.24850106405226652,0.24850106405226652,0.0,-0.004910058550749369,-0.004910058550749369,-0.004910058550749369,-0.004910058550749369,0.0,0.2484525511242275,0.2484525511242275,0.2484525511242275,0.2484525511242275,,,,,,,,,,,,,,,
screen,finite_RF_static_Bloch,1000.0,read,0.0,1.0,0.0,8.0,2.0,,centered_ramp_x_polarity,centering,increasing_centering,alternating_centering,increasing_alternating_centering,0.0,0.17832046272770738,0.17832046272770738,0.16710657940215481,0.16710657940215481,0.0,-0.0056344292284990945,-0.0056344292284990945,0.00029111478832184734,0.00029111478832184734,0.0,0.17823142437486358,0.17823142437486358,0.1671063258278055,0.1671063258278055,,,,,,,,,,,,,,,
screen,finite_RF_static_Bloch,1000.0,read,0.0,1.0,0.0,8.0,3.0,,centered_ramp_x_polarity,centering,increasing_centering,alternating_centering,increasing_alternating_centering,0.03515365955154576,0.16637751928041222,0.1258061492568168,0.13037666095395145,0.12495895048190177,0.010435966858971005,0.0036295147665400796,-0.0018234463915474343,-0.007822349152714264,-0.002839343451830773,0.035329893604256646,0.16633792575496248,0.1257929339592873,0.13014178643016486,0.12492668823874634,,,,,,,,,,,,,,,
screen,finite_RF_static_Bloch,1000.0,read,0.0,1.0,0.0,8.0,4.0,,centered_ramp_x_polarity,centering,increasing_centering,alternating_centering,increasing_alternating_centering,0.05001909098826833,0.12970444115072263,0.0881240395917202,0.09202868817299778,0.10046737760226368,-0.0005678881633574091,0.007517730201834309,0.004007572926499163,0.0018372257402653192,-0.0022408196984272355,0.04988556246908661,0.1294863922844161,0.08803286723265272,0.0920103475073438,0.10044238492466702,,,,,,,,,,,,,,,
screen,finite_RF_static_Bloch,1000.0,read,0.0,1.0,0.0,8.0,5.0,,centered_ramp_x_polarity,centering,increasing_centering,alternating_centering,increasing_alternating_centering,0.04776102153345188,0.1133803271934528,0.0683514459311198,0.07543743111229889,0.07816957138341778,-0.000753481712938567,0.007236703839912962,0.000676278588464995,0.0016975542939519795,-0.005616352670434555,0.04735026215308513,0.11314914366458016,0.06834810025264476,0.07541832882159301,0.07796754756274274,,,,,,,,,,,,,,,
screen,finite_RF_static_Bloch,1000.0,read,0.0,1.0,0.0,8.0,6.0,,centered_ramp_x_polarity,centering,increasing_centering,alternating_centering,increasing_alternating_centering,0.030288149124392316,0.09338471534412968,0.05414098985633633,0.06275447358328431,0.053798897219883283,0.006690417613555166,0.012726636666258248,-0.0002625310829990589,0.008758957207194225,0.002460207071492084,0.02997550731115156,0.09251344647708884,0.05414035334253345,0.06214020134629167,0.053742615522887845,,,,,,,,,,,,,,,
screen,finite_RF_static_Bloch,1000.0,read,0.0,1.0,0.0,8.0,7.0,,centered_ramp_x_polarity,centering,increasing_centering,alternating_centering,increasing_alternating_centering,0.029708391552417612,0.07814080090172494,0.040810092149246614,0.04528546638781539,0.03766314918775467,0.0037527568194371057,-0.00046852316806580063,-0.002134657041522715,-0.0008422854019583424,0.0012443375440218491,0.029750126531430554,0.0781393962838465,0.040754225063729006,0.04527763268175143,0.03764258799306449,,,,,,,,,,,,,,,
screen,finite_RF_static_Bloch,1000.0,read,0.0,1.0,0.0,8.0,8.0,,centered_ramp_x_polarity,centering,increasing_centering,alternating_centering,increasing_alternating_centering,0.015402553820275874,0.06374991675636488,0.04195268692509646,0.039247022225212556,0.032852346214220014,0.0054235963090261425,0.007565354557575821,0.00027916783461031465,0.0015153755101944386,-0.00034721490374492545,0.014980422899405543,0.06329942572300018,0.041951758074665696,0.03921775606290385,0.03285051131397491,,,,,,,,,,,,,,,
screen,instant_RF_exact_pathways,1000.0,read,0.0,0.8,0.0,8.0,1.0,0.0,centered_ramp_x_polarity,centering,increasing_centering,alternating_centering,increasing_alternating_centering,0.0,0.5479395279897853,0.5479395279897853,0.5479395279897853,0.5479395279897853,0.0,0.5479392664273832,0.5479392664273832,0.5479392664273832,0.5479392664273832,0.0,0.000535388354253085,0.000535388354253085,0.000535388354253085,0.000535388354253085,0.0,0.5478715068166311,0.5478715068166311,0.5478715068166311,0.5478715068166311,0.0,0.0,0.0,0.0,0.0,0.0,0.001097712879669048,0.001097712879669048,0.001097712879669048,0.001097712879669048
screen,instant_RF_exact_pathways,1000.0,read,0.0,0.8,0.0,8.0,2.0,0.0,centered_ramp_x_polarity,centering,increasing_centering,alternating_centering,increasing_alternating_centering,0.0,0.40557029479140433,0.40557029479140433,0.40577706176034184,0.40577706176034184,0.0,0.40552128598545145,0.40552128598545145,0.40577619474746246,0.40577619474746246,0.0,-0.0063048100599709216,-0.0063048100599709216,0.0008388248480304172,0.0008388248480304172,0.0,0.40570504304392807,0.40570504304392807,0.40570504255914785,0.40570504255914785,0.0,0.0004272163674362521,0.0004272163674362521,0.00010031183393437155,0.00010031183393437155,0.0,0.01692985695524883,0.01692985695524883,0.0046711700976999,0.0046711700976999
screen,instant_RF_exact_pathways,1000.0,read,0.0,0.8,0.0,8.0,3.0,0.0,centered_ramp_x_polarity,centering,increasing_centering,alternating_centering,increasing_alternating_centering,0.07601750587725026,0.3771827783984756,0.30191824624126046,0.3032371733413835,0.30399014706141864,0.07601162454063942,0.37706028334869696,0.30181087212885116,0.30321519257734925,0.30397740589814287,0.000692771661286019,0.00961202587355463,0.008051389831614452,0.0036510664679348204,0.0027832020872806617,5.551115123125783e-17,0.30039723941207896,0.3003972386392706,0.3003972390531318,0.3003972382803235,0.07601405588611494,0.07632944057209051,0.0011544657153907184,0.0026965672849058654,0.003535648314321017,0.18707358529309429,0.2261886456643469,0.03439401479503445,0.03205845476760963,0.02733740919139145
screen,instant_RF_exact_pathways,1000.0,read,0.0,0.8,0.0,8.0,4.0,0.0,centered_ramp_x_polarity,centering,increasing_centering,alternating_centering,increasing_alternating_centering,0.1119068094612323,0.27708739942974825,0.2233049397996029,0.16706363566062793,0.22518798549171487,0.11181376274569452,0.2769228884479525,0.22323176015010748,0.1670599524807792,0.22518258692862872,-0.004280291990221034,-0.009546767850100326,-0.005716414889522823,-0.0011093409155113147,-0.0015592799451548448,-2.126178677563928e-10,0.2224017795684963,0.22240177764247251,0.222401779036997,0.22240177689835536,-0.004053105372885793,0.051685720250298245,0.000564314852885299,0.05787469383725312,0.0027001830669543827,0.1886121403224566,0.46299083402674523,0.064139950241139,0.25275667109845473,0.042517927635305076
screen,instant_RF_exact_pathways,1000.0,read,0.0,0.8,0.0,8.0,5.0,0.0,centered_ramp_x_polarity,centering,increasing_centering,alternating_centering,increasing_alternating_centering,0.15244371289160533,0.25496566980831104,0.17678130549144275,0.09351549859727504,0.16777484717201208,0.15245143517283405,0.2548578094361234,0.1766553331534064,0.09351541807790589,0.16776437696802293,0.0027399949794853218,0.007415507414959012,0.006672573695194262,-0.00012271760843729683,0.0018743436512832752,-1.5739673453474268e-10,0.16463963264308823,0.16463962948370148,0.1646396322496298,0.1646396289328463,0.002526869244074137,0.08619580480682859,0.011776910834317197,0.07491385701968847,0.0030218322912512084,0.14083071446639428,0.6518297097981706,0.15839816999546094,0.4332110654584542,0.08061024012213888
screen,instant_RF_exact_pathways,1000.0,read,0.0,0.8,0.0,8.0,6.0,0.0,centered_ramp_x_polarity,centering,increasing_centering,alternating_centering,increasing_alternating_centering,0.14914041182685417,0.19213684702768413,0.13869016803940945,0.028679805962184817,0.12437353880076432,0.1491832023288242,0.19210028227386453,0.13866469333422335,0.028623195434106217,0.12437080882328923,-0.0037153166397199495,-0.003748271073611257,-0.0026581070944228543,0.0018010977678995844,-0.0008240548926319628,-3.494895484124072e-10,0.12186734679072392,0.12186734251149192,0.12186734635386313,0.12186734172514159,-0.04851032450640948,0.06445977247881472,0.016570778428574108,0.09876579993138179,0.0023664813747317024,0.015780180257433107,0.7824941158942343,0.2521344322269092,0.6322854526098192,0.1177059491999271
screen,instant_RF_exact_pathways,1000.0,read,0.0,0.8,0.0,8.0,7.0,0.0,centered_ramp_x_polarity,centering,increasing_centering,alternating_centering,increasing_alternating_centering,0.1261028162920016,0.17087093056668784,0.12143191783615882,0.01583624282617225,0.09250004638764482,0.12692595732001774,0.17087034570296522,0.12137094181836242,0.015072913399098583,0.09249946683451352,0.001784116410011797,0.00044707054813824756,0.00384774628728467,-0.004857352006264982,0.0003274401428932372,-2.5866683794895096e-10,0.0901974006219816,0.09019739544883257,0.0901974002986488,0.09019739486683293,-0.03577418091414941,0.07431469014834827,0.030962788623317798,0.08129138789038032,0.002165305451200431,-0.11336316103585542,0.8673753759754479,0.4067865693186444,0.7592879160424046,0.18533594834974576
screen,instant_RF_exact_pathways,1000.0,read,0.0,0.8,0.0,8.0,8.0,0.0,centered_ramp_x_polarity,centering,increasing_centering,alternating_centering,increasing_alternating_centering,0.08561625238163989,0.13303130068430735,0.10245646536716303,0.013660157104926416,0.06870157416942199,0.08620278964274516,0.1330134767985746,0.10245421967552622,0.013057910732132291,0.06870144325182909,-0.0010212624359242132,0.0021776022854623563,-0.0006783555201342783,0.004011341352083615,0.0001341211105627669,-3.8285562220519154e-10,0.06675095235980208,0.06675094656125678,0.06675095204075708,0.06675094585935616,-0.03500002210800249,0.059236832601820374,0.03550645864672994,0.06053301523035289,0.0018026191672599714,-0.20733723289670047,0.9203781582766504,0.529816345444391,0.8560510045833754,0.25815195885441544
screen,instant_RF_exact_pathways,1000.0,read,0.0,1.0,0.0,8.0,1.0,0.001,centered_ramp_x_polarity,centering,increasing_centering,alternating_centering,increasing_alternating_centering,0.0,0.20793430686639502,0.20793430686639502,0.20793430686639502,0.20793430686639502,0.0,0.20793430686598932,0.20793430686598932,0.20793430686598932,0.20793430686598932,0.0,4.1074746597655864e-07,4.1074746597655864e-07,4.1074746597655864e-07,4.1074746597655864e-07,0.0,0.20793430686639475,0.20793430686639475,0.20793430686639475,0.20793430686639475,0.0,0.0,0.0,0.0,0.0,0.0,4.615359086053874e-10,4.615359086053874e-10,4.615359086053874e-10,4.615359086053874e-10
screen,instant_RF_exact_pathways,1000.0,read,0.0,1.0,0.0,8.0,2.0,0.001,centered_ramp_x_polarity,centering,increasing_centering,alternating_centering,increasing_alternating_centering,0.0,0.16950945776097354,0.16950945776097354,0.16930703050535445,0.16930703050535445,0.0,0.16950945776097334,0.16950945776097334,0.16930703050535428,0.16930703050535428,0.0,8.359357681691822e-09,8.359357681691822e-09,7.167963033523136e-09,7.167963033523136e-09,0.0,0.169509457760979,0.169509457760979,0.1693070305053537,0.1693070305053537,0.0,7.901428071236249e-15,7.901428071236249e-15,1.838710053209363e-15,1.838710053209363e-15,-8.271806125530277e-25,5.940369892652228e-09,5.940369892652228e-09,1.3743446011901854e-09,1.3743446011901854e-09
screen,instant_RF_exact_pathways,1000.0,read,0.0,1.0,0.0,8.0,3.0,0.001,centered_ramp_x_polarity,centering,increasing_centering,alternating_centering,increasing_alternating_centering,4.2394765242814714e-07,0.1381714369216811,0.13781643093311616,0.13800643335554627,0.13765185131463376,4.239476524559027e-07,0.13817143692141134,0.1378164309328477,0.13800643335527493,0.13765185131436375,-2.413848324584735e-12,2.7302694815591113e-07,2.720100522843134e-07,2.736561164897164e-07,2.7263680676979407e-07,4.239461836863523e-07,0.13817143692019584,0.13781643093308524,0.138006433355492,0.1376518513145651,1.4688102608426477e-12,1.4796672894938112e-12,2.7032252791889447e-14,5.1391892029858823e-14,6.756711617058491e-14,2.227178312780423e-11,1.2560876227517182e-08,1.024160670471829e-08,8.013512611170581e-09,5.7165148714994945e-09
screen,instant_RF_exact_pathways,1000.0,read,0.0,1.0,0.0,8.0,4.0,0.001,centered_ramp_x_polarity,centering,increasing_centering,alternating_centering,increasing_alternating_centering,-0.00010410892868553678,0.11261495770720065,0.11164391054811867,0.11234614998756023,0.11127099389979273,-0.00010410892868556454,0.11261495770720051,0.11164391054811854,0.11234614998756018,0.11127099389979264,6.545690545077189e-10,5.7799434242228126e-09,5.50899267356898e-09,3.814331971565738e-09,4.197950275419624e-09,-0.00010410893104767505,0.11261495770625479,0.11164391054809927,0.11234614998894883,0.11127099389974564,-4.2031929515467947e-13,9.402376811314681e-13,1.6495920230009372e-14,1.390330689974356e-12,4.6269633918217917e-14,2.9590322655546332e-09,2.110227142693561e-08,1.4354876462571226e-08,9.773514468173522e-09,5.9851517693637695e-09
screen,instant_RF_exact_pathways,1000.0,read,0.0,1.0,0.0,8.0,5.0,0.001,centered_ramp_x_polarity,centering,increasing_centering,alternating_centering,increasing_alternating_centering,-8.166087959028678e-05,0.09177618478464863,0.09003181688930893,0.0915571184393195,0.08973108966438952,-8.166087958901003e-05,0.0917761847844692,0.0900318168891336,0.09155711843913736,0.08973108966421275,-7.230729795125488e-10,1.814847559691966e-07,1.776833706120688e-07,1.8262977932221497e-07,1.7810532098557462e-07,-8.166088386056536e-05,0.09177618478263229,0.09003181688926766,0.09155711844156221,0.08973108966433702,-2.2485209733711072e-13,2.0092149496181137e-12,3.861951843108034e-14,2.246812878237791e-12,5.136534971364724e-14,3.1882368949412674e-09,3.1104367264528713e-08,1.8060601359115398e-08,1.9826525674081452e-08,9.970996663609404e-09
screen,instant_RF_exact_pathways,1000.0,read,0.0,1.0,0.0,8.0,6.0,0.001,centered_ramp_x_polarity,centering,increasing_centering,alternating_centering,increasing_alternating_centering,-0.00019679839915644204,0.07478543555015206,0.07220500037745327,0.07451783031322871,0.07174059674137348,-0.00019679839915649755,0.07478543555015195,0.07220500037745319,0.0745178303132287,0.07174059674137344,1.3390380793451477e-09,4.0506443762265605e-09,3.59229879555013e-09,1.5832393366643606e-09,2.4639318353330777e-09,-0.00019679840453844244,0.07478543554893859,0.07220500037742833,0.07451783031740314,0.07174059674135444,-2.975459831237734e-12,1.2073359535134259e-12,2.332986588952005e-14,4.177533800632932e-12,1.8067881771291836e-14,9.958072045808196e-09,4.391523941547609e-08,2.181020483819002e-08,2.2525488615971354e-08,1.0378526084493478e-08
screen,instant_RF_exact_pathways,1000.0,read,0.0,1.0,0.0,8.0,7.0,0.001,centered_ramp_x_polarity,centering,increasing_centering,alternating_centering,increasing_alternating_centering,-0.000152025835685618,0.060933995297055156,0.057537539422968596,0.06071595476085358,0.0571674730510814,-0.00015202583568301592,0.060933995296935745,0.05753753942285651,0.060715954760730634,0.057167473050968386,-1.4461615112940746e-09,1.2063446286349374e-07,1.135698301626725e-07,1.2218633058437045e-07,1.1367553637225514e-07,-0.00015202584296934024,0.0609339952949888,0.05753753942292726,0.06071595476611304,0.057167473051082156,-3.242954858113368e-12,2.0594240577729407e-12,3.995411624312045e-14,5.264054284412169e-12,1.629484768981005e-15,1.0650666956914184e-08,5.889456490350933e-08,2.5124047967835293e-08,3.760998663720564e-08,1.4490136658445783e-08
screen,instant_RF_exact_pathways,1000.0,read,0.0,1.0,0.0,8.0,8.0,0.001,centered_ramp_x_polarity,centering,increasing_centering,alternating_centering,increasing_alternating_centering,-0.00023935652229126886,0.049642646150535645,0.045512267647332655,0.04940593868416002,0.04503620365866576,-0.00023935652229131743,0.04964264615053556,0.04551226764733259,0.04940593868416002,0.04503620365866573,1.9378742844791285e-09,2.899578900555914e-09,2.293765169306752e-09,1.0842073265832027e-10,1.4404812858882871e-09,-0.0002393565305829834,0.04964264614938518,0.04551226764731028,0.04940593869136321,0.04503620365870532,-6.0432519239310064e-12,1.1449921883215713e-12,2.1707833205559004e-14,7.206861971852223e-12,4.0325692805203664e-14,2.384603849739983e-08,7.807714537954325e-08,2.8431078439455205e-08,4.167301071169838e-08,1.5872982269010163e-08
screen,instant_RF_exact_pathways,1000.0,read,90.0,0.8,0.0,8.0,1.0,0.001,centered_ramp_x_polarity,centering,increasing_centering,alternating_centering,increasing_alternating_centering,0.0,0.1785125223377237,0.1785125223377237,0.1785125223377237,0.1785125223377237,0.0,-2.9463352815667465e-07,-2.9463352815667465e-07,-2.9463352815667465e-07,-2.9463352815667465e-07,0.0,-0.17851252233748055,-0.17851252233748055,-0.17851252233748055,-0.17851252233748055,0.0,0.17887293662526704,0.17887293662526704,0.17887293662526704,0.17887293662526704,0.0,0.0,0.0,0.0,0.0,0.0,0.002010866201569564,0.002010866201569564,0.002010866201569564,0.002010866201569564
screen,instant_RF_exact_pathways,1000.0,read,90.0,0.8,0.0,8.0,2.0,0.001,centered_ramp_x_polarity,centering,increasing_centering,alternating_centering,increasing_alternating_centering,0.0,0.1259732419271997,0.1259732419271997,0.13285062746088,0.13285062746088,0.0,-4.770186351898727e-07,-4.770186351898727e-07,-4.837929887686633e-07,-4.837929887686633e-07,0.0,0.12597324192629653,0.12597324192629653,0.1328506274599991,0.1328506274599991,0.0,0.1318938678671374,0.1318938678671374,0.1317363609406283,0.1317363609406283,0.0,0.00012497173666104925,0.00012497173666104925,4.265571136106859e-05,4.265571136106859e-05,-6.938893903907228e-18,0.044862971656196855,0.044862971656196855,0.01045636173901297,0.01045636173901297
screen,instant_RF_exact_pathways,1000.0,read,90.0,0.8,0.0,8.0,3.0,0.001,centered_ramp_x_polarity,centering,increasing_centering,alternating_centering,increasing_alternating_centering,-0.024808238381053546,0.06297537582184005,0.08883653469777832,0.09354534332496806,0.09459826381985277,-9.059240009116961e-08,-2.608114869800128e-07,-1.6915890398864778e-07,-1.6573712613386443e-07,-1.6467694323366904e-07,0.024808238381429065,-0.06297537582129999,-0.08883653469761726,-0.09354534332482123,-0.09459826381970944,2.9836891950185684e-07,0.09724362180574539,0.09699377228026573,0.09712749401117148,0.09687794285461132,0.02443721050851166,0.024883376285960115,0.0004906305569279238,0.00013747797502087732,0.00018194275450034744,0.16393860741410882,0.2625425185916484,0.07953008199070621,0.07195107648597444,0.05287724729914109
screen,instant_RF_exact_pathways,1000.0,read,90.0,0.8,0.0,8.0,4.0,0.001,centered_ramp_x_polarity,centering,increasing_centering,alternating_centering,increasing_alternating_centering,-0.04011243384628036,0.006219300991888353,0.06448686326943588,0.050984879456664814,0.06914000788793198,-5.530343758336742e-08,-2.4303845821665954e-07,-2.546360413105157e-07,-1.9297703103497907e-07,-2.5987805171220266e-07,-0.04011243385064956,0.006219300987139613,0.06448686326893315,0.050984879456299606,0.06914000788744358,-6.627397515736322e-05,0.07168876708525102,0.071070614976795,0.07151764866342528,0.0708332225798119,0.03574279244587927,0.05678175840492268,0.0012841809178326575,0.02019615762551292,0.0004413725843021645,0.14612617300268083,0.4926664810078561,0.1325641799750968,0.28365996147930644,0.06968383344922799
screen,instant_RF_exact_pathways,1000.0,read,90.0,0.8,0.0,8.0,5.0,0.001,centered_ramp_x_polarity,centering,increasing_centering,alternating_centering,increasing_alternating_centering,0.00827105614035371,0.03365797267160667,0.04740789621419031,0.02722742226091839,0.04924840194385574,-1.9105931849437515e-07,-2.518908570958174e-07,-1.001677056284494e-07,-5.03207322019645e-08,-8.965689922897164e-08,0.059044889201846355,0.033657972670664116,-0.047407896214084484,-0.027227422260871888,-0.04924840194377413,-4.7019855628896434e-05,0.05284418628163748,0.0518397895297024,0.052718049173596175,0.0516666325660322,0.052799037283135855,0.08017498360582606,0.0016679809537225032,0.026506839409832318,0.000798874040864617,0.06772079092790262,0.6728237068866888,0.24947281323369452,0.47871674598966335,0.12308664326457168
screen,instant_RF_exact_pathways,1000.0,read,90.0,0.8,0.0,8.0,6.0,0.001,centered_ramp_x_polarity,centering,increasing_centering,alternating_centering,increasing_alternating_centering,0.04204158314470718,0.05162572955244053,0.0384816220640366,0.006960632168781276,0.03585810782508452,-6.774773472328611e-08,-1.1031485659601394e-07,-1.5293636325856563e-07,-2.638758715189267e-08,-1.3675682853773047e-07,-0.06120987595996289,-0.05162572955232267,0.0384816220637327,0.006960632168731259,0.03585810782482374,-0.00010249459651707343,0.03894901007921877,0.03760509338252247,0.03880963857213562,0.037363227278922245,0.051196759273731594,0.08827745432366337,0.003126130266399766,0.03482746805908806,0.0008729032755560537,-0.05333385530818735,0.7956924192736173,0.357271665390408,0.6553526710830586,0.1635980618916619
screen,instant_RF_exact_pathways,1000.0,read,90.0,0.8,0.0,8.0,7.0,0.001,centered_ramp_x_polarity,centering,increasing_centering,alternating_centering,increasing_alternating_centering,0.040045251449646324,0.050482255957280606,0.031339048724684945,0.005094258087196264,0.025996302304246932,-1.750170540645331e-07,-1.9639568538696992e-07,-6.607269171612062e-08,-1.6771290353848538e-09,-4.637118942906867e-08,0.060919260464504285,0.05048225595689858,-0.03133904872461529,-0.005094258087195988,-0.025996302304205573,-7.16158249338579e-05,0.02870458242053372,0.02710459136389421,0.02860186861846262,0.026930261736889255,0.04380222406428233,0.08027096700433538,0.0076381729898323675,0.029521048652801807,0.0006904787025811257,-0.17371519917715927,0.8753284836445849,0.5111894821058942,0.7820814979260861,0.24422729721023598
screen,instant_RF_exact_pathways,1000.0,read,90.0,0.8,0.0,8.0,8.0,0.001,centered_ramp_x_polarity,centering,increasing_centering,alternating_centering,increasing_alternating_centering,0.024476104028371123,0.03620611118512122,0.02808637601240312,0.002563130322518972,0.018919499178171994,-3.359686612522703e-08,-7.45840736144833e-08,-1.0846075958754057e-07,-3.1667451319081974e-09,-7.06402972301925e-08,-0.047936118341715,-0.0362061111850444,0.0280863760121937,0.0025631303225170155,0.018919499178040117,-0.00010198799210539566,0.021152352899006552,0.019392430121734538,0.02105149365651492,0.01918958288713751,0.028567348105218632,0.061214333893786256,0.00926393906317692,0.023805420249576065,0.000422373524185364,-0.2451403805390725,0.924871813881094,0.6223661279669673,0.8649837533316966,0.31733768687849745
screen,instant_RF_exact_pathways,1000.0,read,0.0,0.8,0.0,8.0,1.0,0.001,centered_ramp_x_polarity,centering,increasing_centering,alternating_centering,increasing_alternating_centering,0.0,0.17887683999786422,0.17887683999786422,0.17887683999786422,0.17887683999786422,0.0,0.17887648330939204,0.17887648330939204,0.17887648330939204,0.17887648330939204,0.0,0.00035722050094833273,0.00035722050094833273,0.00035722050094833273,0.00035722050094833273,0.0,0.17887293662526701,0.17887293662526701,0.17887293662526701,0.17887293662526701,0.0,0.0,0.0,0.0,0.0,0.0,0.002010866201569564,0.002010866201569564,0.002010866201569564,0.002010866201569564
screen,instant_RF_exact_pathways,1000.0,read,0.0,0.8,0.0,8.0,2.0,0.001,centered_ramp_x_polarity,centering,increasing_centering,alternating_centering,increasing_alternating_centering,0.0,0.13194471476459416,0.13194471476459416,0.13175088930246578,0.13175088930246578,0.0,0.1318089687406476,0.1318089687406476,0.1317460226553007,0.1317460226553007,-8.673617379884035e-19,-0.005983603750006919,-0.005983603750006919,0.0011324073911787003,0.0011324073911787003,0.0,0.1318938678671374,0.1318938678671374,0.13173636094062832,0.13173636094062832,0.0,0.00014689423866479553,0.00014689423866479553,3.418317688352201e-05,3.418317688352201e-05,0.0,0.044862971656196855,0.044862971656196855,0.010456361739012968,0.010456361739012968
screen,instant_RF_exact_pathways,1000.0,read,0.0,0.8,0.0,8.0,3.0,0.001,centered_ramp_x_polarity,centering,increasing_centering,alternating_centering,increasing_alternating_centering,0.024724581631951653,0.12255549968953529,0.09780313432742993,0.09806821943778955,0.09804043570763585,0.024696129340355963,0.12220249025509933,0.09750731912857497,0.09800870864383633,0.09800966685766793,0.0007343358415516123,0.009295261136947034,0.007601039443888036,0.003415946964758845,0.002456061113251459,2.983689195296124e-07,0.09724362180574538,0.09699377228026572,0.09712749401117143,0.09687794285461131,0.024696262203243467,0.024866601854204144,0.0004458240104969779,0.0008513088977192841,0.0011267932572555867,0.16393860741410876,0.26254251859164834,0.07953008199070621,0.07195107648597447,0.052877247299141096
screen,instant_RF_exact_pathways,1000.0,read,0.0,0.8,0.0,8.0,4.0,0.001,centered_ramp_x_polarity,centering,increasing_centering,alternating_centering,increasing_alternating_centering,0.03638258508776382,0.08968272353563804,0.0716031166621661,0.05332319497497946,0.07162617318927134,0.03608713176579949,0.08919608588831954,0.07140952112547176,0.053314474555202274,0.07161504155815399,-0.004366619647090406,-0.009330014092872953,-0.005261806568714837,-0.000964326315291744,-0.0012627384382240332,-6.62739751573771e-05,0.071688767085251,0.07107061497679498,0.07151764866342529,0.0708332225798119,-0.0016863472151082241,0.016668433798816235,0.00027012459048201377,0.018850832670262246,0.0007661762468198014,0.14612617300268083,0.49266648100785604,0.13256417997509684,0.2836599614793064,0.06968383344922799
screen,instant_RF_exact_pathways,1000.0,read,0.0,0.8,0.0,8.0,5.0,0.001,centered_ramp_x_polarity,centering,increasing_centering,alternating_centering,increasing_alternating_centering,0.049547880970412586,0.08242372355146237,0.05609390895097084,0.029310562056540427,0.052528628426461485,0.049527249341315485,0.08209773888111585,0.0557630686627482,0.029310550457668345,0.05250312958061618,0.0029026231571930693,0.007323351329549215,0.006083321026662632,-2.607563585637006e-05,0.0016365172184501175,-4.701985562892419e-05,0.05284418628163746,0.0518397895297024,0.05271804917359618,0.0516666325660322,0.0005488412827079452,0.028066065446747668,0.0038652476368746555,0.024464591708913012,0.0008126151817479466,0.06772079092790273,0.6728237068866889,0.24947281323369452,0.4787167459896633,0.12308664326457157
screen,instant_RF_exact_pathways,1000.0,read,0.0,0.8,0.0,8.0,6.0,0.001,centered_ramp_x_polarity,centering,increasing_centering,alternating_centering,increasing_alternating_centering,0.04868416119568686,0.061307036908990045,0.04304295346428404,0.0074717786552564265,0.037891856406237275,0.04879745547506609,0.061189654994372206,0.04298404640220221,0.00729438276217029,0.03788622964506638,-0.0038122741886106514,-0.0037919515068060503,-0.002251132564254838,0.0016184734758711587,-0.0006529817701882804,-0.00010249459651708037,0.038949010079218756,0.03760509338252246,0.03880963857213562,0.03736322727892224,-0.017174701411810683,0.020572499917858866,0.005327948900972762,0.03291325252264694,0.0004940000939501501,-0.05333385530818735,0.7956924192736174,0.3572716653904081,0.6553526710830586,0.16359806189166193
screen,instant_RF_exact_pathways,1000.0,read,0.0,0.8,0.0,8.0,7.0,0.001,centered_ramp_x_polarity,centering,increasing_centering,alternating_centering,increasing_alternating_centering,0.04005849369046989,0.05479659621789747,0.03696627468038524,0.0051276435645351785,0.02735581571749284,0.04277086520524703,0.054793515739778836,0.036808262482172324,0.0025688867440079454,0.027354498691648462,0.001872921376898047,0.0005810249064401199,0.003414275441319316,-0.004437741477528776,0.0002684304342484672,-7.161582493385096e-05,0.028704582420533722,0.027104591363894204,0.028601868618462624,0.026930261736889255,-0.012661186934200135,0.0242714570662317,0.009662561266588085,0.027666727367817723,0.0003966446339739712,-0.17371519917715927,0.8753284836445849,0.5111894821058942,0.7820814979260861,0.24422729721023598
screen,instant_RF_exact_pathways,1000.0,read,0.0,0.8,0.0,8.0,8.0,0.001,centered_ramp_x_polarity,centering,increasing_centering,alternating_centering,increasing_alternating_centering,0.027452371033542956,0.04191415965072308,0.03018692383741216,0.003693944294873968,0.019419079515106005,0.030884411575713852,0.041865454098061285,0.030181268746432406,0.0002184081806387627,0.019418634404723734,-0.0009516849156698663,0.002020032769394151,-0.0005842838534008899,0.003687481839990809,0.0001314803015259017,-0.00010198799210538873,0.021152352899006552,0.019392430121734527,0.02105149365651492,0.019189582887137506,-0.01430397486459381,0.018747665843309412,0.010755649736719695,0.022499728806004832,0.00020373783482130234,-0.2451403805390725,0.924871813881094,0.6223661279669674,0.8649837533316966,0.3173376868784975
screen,instant_RF_exact_pathways,1000.0,read,90.0,0.8,0.0,8.0,1.0,0.0,centered_ramp_x_polarity,centering,increasing_centering,alternating_centering,increasing_alternating_centering,0.0,0.54726944031104,0.54726944031104,0.54726944031104,0.54726944031104,0.0,-9.020801528761797e-07,-9.020801528761797e-07,-9.020801528761797e-07,-9.020801528761797e-07,0.0,-0.5472694403102966,-0.5472694403102966,-0.5472694403102966,-0.5472694403102966,0.0,0.5478715068166312,0.5478715068166312,0.5478715068166312,0.5478715068166312,0.0,0.0,0.0,0.0,0.0,0.0,0.0010977128796690477,0.0010977128796690477,0.0010977128796690477,0.0010977128796690477
screen,instant_RF_exact_pathways,1000.0,read,90.0,0.8,0.0,8.0,2.0,0.0,centered_ramp_x_polarity,centering,increasing_centering,alternating_centering,increasing_alternating_centering,0.0,0.3995194712832025,0.3995194712832025,0.4064476580061263,0.4064476580061263,0.0,-1.4796512181588717e-06,-1.4796512181588717e-06,-1.487320556997678e-06,-1.487320556997678e-06,0.0,0.3995194712804625,0.3995194712804625,0.40644765800340504,0.40644765800340504,0.0,0.405705043043928,0.405705043043928,0.40570504255914785,0.40570504255914785,0.0,0.0003618865407279609,0.0003618865407279609,0.00012568683675003825,0.00012568683675003825,0.0,0.016929856955248835,0.016929856955248835,0.0046711700976999,0.0046711700976999
screen,instant_RF_exact_pathways,1000.0,read,90.0,0.8,0.0,8.0,3.0,0.0,centered_ramp_x_polarity,centering,increasing_centering,alternating_centering,increasing_alternating_centering,-0.07471020155158575,0.21402798260057843,0.29067201042227053,0.29610737022003214,0.2980411964901385,-2.771703621587067e-07,-7.848446942330157e-07,-5.077457105087048e-07,-5.059873479230918e-07,-5.060587263574876e-07,0.07471020155257863,-0.2140279825991394,-0.29067201042182705,-0.2961073702195998,-0.29804119648970884,0.0,0.30039723941207885,0.3003972386392705,0.3003972390531318,0.30039723828032344,0.07496459660547775,0.07643222727710883,0.0014217289781927739,0.0005207521681789733,0.00047485047474066385,0.18707358529309426,0.22618864566434688,0.03439401479503446,0.03205845476760963,0.027337409191391458
screen,instant_RF_exact_pathways,1000.0,read,90.0,0.8,0.0,8.0,4.0,0.0,centered_ramp_x_polarity,centering,increasing_centering,alternating_centering,increasing_alternating_centering,-0.11451820467331687,0.039996751611249784,0.2125435104307893,0.1613582806669819,0.21938683481320456,-1.8121298421376596e-07,-7.754307087229994e-07,-8.070667481238773e-07,-6.063030322038563e-07,-8.191520558185002e-07,-0.11451820467969157,0.03999675160373301,0.21254351042925704,0.16135828066584282,0.21938683481167529,-2.1261781224524157e-10,0.22240177956849622,0.22240177764247238,0.22240177903699693,0.22240177689835527,0.11012273721144801,0.17499309322799678,0.003984382296295452,0.06236405359216308,0.001478079871909761,0.1886121403224565,0.4629908340267452,0.06413995024113904,0.25275667109845473,0.04251792763530509
screen,instant_RF_exact_pathways,1000.0,read,90.0,0.8,0.0,8.0,5.0,0.0,centered_ramp_x_polarity,centering,increasing_centering,alternating_centering,increasing_alternating_centering,-0.002962216268202575,0.08672051195090721,0.1631442205375459,0.08660614039848426,0.16006763271692037,-5.827113643119439e-07,-7.640201956517524e-07,-3.04249134068829e-07,-1.6081397813362763e-07,-2.8375428086264816e-07,0.17640324016646997,0.08672051194754166,-0.1631442205372622,-0.08660614039833496,-0.16006763271666888,-1.573967900458939e-10,0.16463963264308817,0.1646396294837014,0.1646396322496298,0.16463962893284623,0.163060539762228,0.2472807381944003,0.005257757332017243,0.08171398707228886,0.002751545972133816,0.1408307144663944,0.6518297097981706,0.15839816999546102,0.4332110654584541,0.08061024012213891
screen,instant_RF_exact_pathways,1000.0,read,90.0,0.8,0.0,8.0,6.0,0.0,centered_ramp_x_polarity,centering,increasing_centering,alternating_centering,increasing_alternating_centering,0.11406397632188332,0.14877859396028462,0.12899630240974275,0.02376679502511295,0.1180484797964544,-2.1078888062339895e-07,-3.597454172239942e-07,-4.982676238835901e-07,-9.996523156685828e-08,-4.4927631884985314e-07,-0.1834932115979334,-0.1487785939598497,0.12899630240878043,0.02376679502490272,0.11804847979559946,-3.49489562290195e-10,0.12186734679072388,0.12186734251149187,0.1218673463538631,0.12186734172514153,0.16004326594138912,0.27204165656435136,0.009794294963886245,0.10528525241976654,0.0030811567606905373,0.015780180257432996,0.7824941158942343,0.2521344322269093,0.6322854526098192,0.11770594919992715
screen,instant_RF_exact_pathways,1000.0,read,90.0,0.8,0.0,8.0,7.0,0.0,centered_ramp_x_polarity,centering,increasing_centering,alternating_centering,increasing_alternating_centering,0.11332200833743991,0.15058319288181596,0.11124763800676882,0.01346180285915128,0.08744825632154406,-5.265044271001862e-07,-6.055418992145162e-07,-2.0988251252364506e-07,-2.6422250699171356e-08,-1.5726729110848647e-07,0.18784437742489196,0.15058319288059843,-0.11124763800657084,-0.013461802859125349,-0.08744825632140264,-2.5866686570452657e-10,0.09019740062198156,0.09019739544883251,0.0901974002986488,0.09019739486683288,0.13624865232118835,0.2461291452770408,0.024847161697145053,0.08756639906629052,0.0025330678075831253,-0.11336316103585542,0.8673753759754479,0.4067865693186445,0.7592879160424046,0.18533594834974584
screen,instant_RF_exact_pathways,1000.0,read,90.0,0.8,0.0,8.0,8.0,0.0,centered_ramp_x_polarity,centering,increasing_centering,alternating_centering,increasing_alternating_centering,0.06619746174540023,0.11016550519169209,0.09706460288255078,0.012385469277012891,0.06548202871327181,-7.324727346256242e-08,-2.4187855482349733e-07,-3.6992187577057985e-07,-4.716159516608926e-08,-2.484521895757342e-07,-0.15413354863739503,-0.11016550519142655,0.09706460288184587,0.0123854692769231,0.06548202871280048,-3.8285564996076715e-10,0.06675095235980205,0.06675094656125674,0.06675095204075707,0.0667509458593561,0.09116084865073469,0.1856323577639108,0.030903555504530562,0.06508770270240906,0.0015197490937635168,-0.20733723289670059,0.9203781582766505,0.5298163454443912,0.8560510045833754,0.2581519588544155
screen,instant_RF_exact_pathways,1000.0,read,0.0,1.0,0.0,8.0,1.0,0.0,centered_ramp_x_polarity,centering,increasing_centering,alternating_centering,increasing_alternating_centering,0.0,0.6368838359288833,0.6368838359288833,0.6368838359288833,0.6368838359288833,0.0,0.636883835927641,0.636883835927641,0.636883835927641,0.636883835927641,0.0,1.257931804676126e-06,1.257931804676126e-06,1.257931804676126e-06,1.257931804676126e-06,0.0,0.6368838359288799,0.6368838359288799,0.6368838359288799,0.6368838359288799,0.0,0.0,0.0,0.0,0.0,0.0,2.2561301536644556e-10,2.2561301536644556e-10,2.2561301536644556e-10,2.2561301536644556e-10
screen,instant_RF_exact_pathways,1000.0,read,0.0,1.0,0.0,8.0,2.0,0.0,centered_ramp_x_polarity,centering,increasing_centering,alternating_centering,increasing_alternating_centering,0.0,0.521410456523615,0.521410456523615,0.5214104559005924,0.5214104559005924,0.0,0.5214104565236144,0.5214104565236144,0.5214104559005919,0.5214104559005919,0.0,2.365269433030179e-08,2.365269433030179e-08,2.2464809391178825e-08,2.2464809391178825e-08,0.0,0.5214104565236256,0.5214104565236256,0.5214104559005881,0.5214104559005881,0.0,2.2979930518959e-14,2.2979930518959e-14,5.395764651702351e-15,5.395764651702351e-15,0.0,2.1125270081203128e-09,2.1125270081203128e-09,6.26723447114393e-10,6.26723447114393e-10
screen,instant_RF_exact_pathways,1000.0,read,0.0,1.0,0.0,8.0,3.0,0.0,centered_ramp_x_polarity,centering,increasing_centering,alternating_centering,increasing_alternating_centering,4.520273044761325e-12,0.42682818107889825,0.42682817997635714,0.42682818056448724,0.4268281794664664,4.520273044761325e-12,0.4268281810780654,0.42682817997552497,0.42682818056365246,0.4268281794656323,-3.0352366873673785e-18,8.431673546942747e-07,8.428498691772914e-07,8.441500227273561e-07,8.438325372073375e-07,5.551115123125783e-17,0.42682818107433684,0.42682817997626943,0.4268281805643164,0.426828179466249,4.520268480335219e-12,4.5415831748223516e-12,7.257034482564661e-14,1.6254915469779906e-13,2.1380480503631327e-13,1.0620026437085816e-11,4.330479068992744e-09,3.5761488644917183e-09,2.818583915171189e-09,2.0748737371072497e-09
screen,instant_RF_exact_pathways,1000.0,read,0.0,1.0,0.0,8.0,4.0,0.0,centered_ramp_x_polarity,centering,increasing_centering,alternating_centering,increasing_alternating_centering,-3.2668262539559123e-10,0.349368081199234,0.34936807817078347,0.34936808035710426,0.3493680770019711,-3.2668262539559123e-10,0.3493680811992336,0.3493680781707831,0.349368080357104,0.3493680770019708,6.58172113232966e-10,1.6054806375486534e-08,1.582627111085123e-08,1.4072058518942324e-08,1.4501695367539987e-08,-3.3399855103866116e-10,0.3493680811962917,0.3493680781707257,0.34936808036136624,0.34936807700180167,-1.2240724292685935e-12,2.9199918139932014e-12,4.4387177642898e-14,4.266515545633849e-12,1.6683848001495223e-13,9.488247960821321e-10,7.168599747939019e-09,4.977417721267638e-09,3.446481746779379e-09,2.2041245161901297e-09
screen,instant_RF_exact_pathways,1000.0,read,0.0,1.0,0.0,8.0,5.0,0.0,centered_ramp_x_polarity,centering,increasing_centering,alternating_centering,increasing_alternating_centering,-2.6011848230922396e-10,0.2859349043203487,0.28593489882722045,0.28593490362386315,0.28593489787061643,-2.6011742759735057e-10,0.2859349043197905,0.285934898826663,0.28593490362330176,0.2859348978700568,-5.443566056728172e-10,5.649678634241297e-07,5.645997629871313e-07,5.666077381258987e-07,5.656952810832274e-07,-2.7335589347643463e-10,0.2859349043141054,0.28593489882709744,0.2859349036307735,0.28593489787040965,-6.087375613088368e-13,6.218281790671155e-12,1.1099586709643003e-13,6.920132351062775e-12,2.0410886617921349e-13,9.845597646722002e-10,1.0501519650001153e-08,6.3006220100145375e-09,6.71472239393371e-09,3.4983845186192945e-09
screen,instant_RF_exact_pathways,1000.0,read,0.0,1.0,0.0,8.0,6.0,0.0,centered_ramp_x_polarity,centering,increasing_centering,alternating_centering,increasing_alternating_centering,-6.542742458925943e-10,0.23399574445023202,0.2339957362300054,0.23399574359469902,0.23399573472019816,-6.542743014037455e-10,0.23399574445023177,0.23399573623000516,0.23399574359469888,0.23399573472019797,1.341628757255487e-09,1.0958422384829614e-08,1.0613419162115345e-08,8.445175318023544e-09,9.441800852564762e-09,-6.710497990614073e-10,0.23399574444641796,0.23399573622992587,0.23399574360760778,0.23399573472006588,-9.066875012774704e-12,3.789815527060911e-12,7.042546106053836e-14,1.2915735244323401e-11,1.2947016554832408e-13,3.088217872887846e-09,1.4757324255463964e-08,7.680422461092305e-09,7.680418779079202e-09,3.6917348575953886e-09
screen,instant_RF_exact_pathways,1000.0,read,0.0,1.0,0.0,8.0,7.0,0.0,centered_ramp_x_polarity,centering,increasing_centering,alternating_centering,increasing_alternating_centering,-5.263675051381256e-10,0.19147075211843062,0.19147074113056894,0.19147075140930409,0.1914707398950749,-5.263652846920763e-10,0.19147075211805661,0.1914707411301957,0.19147075140892597,0.19147073989469976,-1.1093967199045986e-09,3.784451864005162e-07,3.7806388035887497e-07,3.805233941654929e-07,3.790326914039471e-07,-5.49097128876852e-10,0.19147075211198478,0.19147074113044055,0.19147075142561493,0.19147073989497357,-9.921429454309898e-12,6.421056229419417e-12,1.2102289723831549e-13,1.6320850283931527e-11,9.938749744052938e-14,3.168072493063489e-09,1.975340558078306e-08,9.042261201903705e-09,1.2554752131560535e-08,5.011680245744667e-09
screen,instant_RF_exact_pathways,1000.0,read,0.0,1.0,0.0,8.0,8.0,0.0,centered_ramp_x_polarity,centering,increasing_centering,alternating_centering,increasing_alternating_centering,-8.725274669441063e-10,0.15665840694087224,0.15665839332863538,0.15665840616603338,0.15665839168126905,-8.725275224552576e-10,0.15665840694087207,0.1566583933286352,0.15665840616603333,0.15665839168126894,1.936752176079347e-09,7.54090015315824e-09,7.118343060183647e-09,4.675056482981759e-09,6.189251566086513e-09,-8.985273081130174e-10,0.15665840693721378,0.1566583933285559,0.1566584061884442,0.15665839168125903,-1.8848477151008155e-11,3.6361771666585245e-12,7.426100095462577e-14,2.241837537320021e-11,7.982056488156754e-15,7.186137811884951e-09,2.6122174245886643e-08,1.0483816718859993e-08,1.4023608963382413e-08,5.5713892482407125e-09
screen,instant_RF_exact_pathways,1000.0,read,90.0,1.0,0.0,8.0,1.0,0.0,centered_ramp_x_polarity,centering,increasing_centering,alternating_centering,increasing_alternating_centering,0.0,0.6368838357851905,0.6368838357851905,0.6368838357851905,0.6368838357851905,0.0,-1.047725047434877e-06,-1.047725047434877e-06,-1.047725047434877e-06,-1.047725047434877e-06,0.0,-0.6368838357843287,-0.6368838357843287,-0.6368838357843287,-0.6368838357843287,0.0,0.6368838359288798,0.6368838359288798,0.6368838359288798,0.6368838359288798,0.0,0.0,0.0,0.0,0.0,0.0,2.2561301536644559e-10,2.2561301536644559e-10,2.2561301536644559e-10,2.2561301536644559e-10
screen,instant_RF_exact_pathways,1000.0,read,90.0,1.0,0.0,8.0,2.0,0.0,centered_ramp_x_polarity,centering,increasing_centering,alternating_centering,increasing_alternating_centering,0.0,0.5214104573847504,0.5214104573847504,0.5214104555738165,0.5214104555738165,0.0,-1.9102922550930475e-06,-1.9102922550930475e-06,-1.910292251611504e-06,-1.910292251611504e-06,0.0,0.5214104573812511,0.5214104573812511,0.5214104555703172,0.5214104555703172,0.0,0.5214104565236256,0.5214104565236256,0.5214104559005881,0.5214104559005881,0.0,1.9465844933752144e-14,1.9465844933752144e-14,6.76068380290837e-15,6.76068380290837e-15,0.0,2.1125270081203128e-09,2.1125270081203128e-09,6.26723447114393e-10,6.26723447114393e-10
screen,instant_RF_exact_pathways,1000.0,read,90.0,1.0,0.0,8.0,3.0,0.0,centered_ramp_x_polarity,centering,increasing_centering,alternating_centering,increasing_alternating_centering,-4.404643316746615e-12,0.42682818084956986,0.42682818007345247,0.4268281793614072,0.4268281785808852,-1.644419175887658e-17,-7.021666293362769e-07,-7.021666271930464e-07,-7.021666294728451e-07,-7.021666273460588e-07,4.404698827897846e-12,-0.42682818084899227,-0.42682818007287493,-0.4268281793608296,-0.4268281785803076,1.1102230246251565e-16,0.4268281810743368,0.4268281799762694,0.42682818056431626,0.42682817946624896,4.461986452612809e-12,4.5434113702368835e-12,8.102434337659814e-14,2.898823819751883e-14,2.8587663950041936e-14,1.0620026437085816e-11,4.3304790689927446e-09,3.5761488644917187e-09,2.8185839151711898e-09,2.0748737371072497e-09
screen,instant_RF_exact_pathways,1000.0,read,90.0,1.0,0.0,8.0,4.0,0.0,centered_ramp_x_polarity,centering,increasing_centering,alternating_centering,increasing_alternating_centering,3.1689456614358846e-10,0.349368081967733,0.3493680787253658,0.3493680791574928,0.34936807623202015,5.472969980994469e-16,-1.2799803522202067e-06,-1.2799803409089592e-06,-1.279980347148455e-06,-1.2799803352899105e-06,3.1689456614358846e-10,0.34936808196538827,0.34936807872302106,0.34936807915514806,0.3493680762296754,-3.3399855103866116e-10,0.3493680811962915,0.34936807817072557,0.3493680803613661,0.3493680770018016,7.27140741272946e-12,1.1977449416400135e-11,2.526990286948994e-13,4.56401080211462e-12,1.1066782713884462e-13,9.488247960821338e-10,7.168599747939024e-09,4.9774177212676395e-09,3.4464817467793806e-09,2.20412451619013e-09
screen,instant_RF_exact_pathways,1000.0,read,90.0,1.0,0.0,8.0,5.0,0.0,centered_ramp_x_polarity,centering,increasing_centering,alternating_centering,increasing_alternating_centering,2.5761565103366024e-10,0.28593490402081895,0.28593489892250545,0.28593490171117214,0.2859348968704743,9.504684814873776e-16,-4.703858764235435e-07,-4.703858669884165e-07,-4.703858769059459e-07,-4.703858665203504e-07,-2.5761565103366024e-10,-0.28593490402043203,-0.28593489892211854,-0.2859349017107852,-0.2859348968700874,-2.733558379652834e-10,0.2859349043141053,0.2859348988270974,0.2859349036307734,0.28593489787040965,1.3378232971610542e-11,2.1038035683839892e-11,4.4604123049359335e-13,7.493640614571736e-12,2.7987913283597884e-13,9.845597646722018e-10,1.0501519650001158e-08,6.300622010014538e-09,6.714722393933713e-09,3.4983845186192945e-09
screen,instant_RF_exact_pathways,1000.0,read,90.0,1.0,0.0,8.0,6.0,0.0,centered_ramp_x_polarity,centering,increasing_centering,alternating_centering,increasing_alternating_centering,6.535491869907872e-10,0.2339957451456979,0.23399573661440376,0.23399574181088806,0.2339957339331431,1.0770621082566243e-15,-8.572905528034554e-07,-8.572905223730343e-07,-8.572905471666708e-07,-8.572905156591877e-07,6.535491869907872e-10,0.23399574514412746,0.23399573661283332,0.23399574180931765,0.2339957339315727,-6.710496880391048e-10,0.23399574444641794,0.23399573622992578,0.23399574360760772,0.23399573472006588,1.7017605029374292e-11,3.0838215053457313e-11,6.528334107707426e-13,1.361050428284846e-11,4.4272766953618013e-13,3.0882178728878428e-09,1.4757324255463966e-08,7.680422461092308e-09,7.680418779079204e-09,3.6917348575953886e-09
screen,instant_RF_exact_pathways,1000.0,read,90.0,1.0,0.0,8.0,7.0,0.0,centered_ramp_x_polarity,centering,increasing_centering,alternating_centering,increasing_alternating_centering,5.370684452721264e-10,0.19147075176347828,0.19147074120314247,0.19147074902236041,0.19147073899909306,1.939251333673501e-15,-3.149847613159921e-07,-3.149847428085721e-07,-3.1498476220032694e-07,-3.1498474175365564e-07,-5.370684175165508e-10,-0.19147075176321918,-0.1914707412028834,-0.19147074902210132,-0.19147073899883396,-5.490970456101252e-10,0.19147075211198475,0.1914707411304405,0.19147075142561484,0.19147073989497354,2.321984398287203e-11,4.0757387435144016e-11,8.500843856125014e-13,1.7312882264013836e-11,6.254231973543505e-13,3.1680724930634857e-09,1.9753405580783064e-08,9.042261201903706e-09,1.2554752131560541e-08,5.011680245744668e-09
screen,instant_RF_exact_pathways,1000.0,read,90.0,1.0,0.0,8.0,8.0,0.0,centered_ramp_x_polarity,centering,increasing_centering,alternating_centering,increasing_alternating_centering,1.0116178450481073e-09,0.15665840757995753,0.15665839359810263,0.15665840399222833,0.15665839102199128,1.2949873802009211e-15,-5.739496358968359e-07,-5.739495856526033e-07,-5.739496302189707e-07,-5.739495786797507e-07,1.0116178450481073e-09,0.15665840757890614,0.15665839359705125,0.15665840399117695,0.1566583910209399,-8.985273081130174e-10,0.15665840693721372,0.15665839332855588,0.15665840618844418,0.15665839168125903,2.6593209030677457e-11,5.037645905035404e-11,1.0346987790742423e-12,2.3510247913846618e-11,7.616966732442766e-13,7.186137811884954e-09,2.6122174245886653e-08,1.0483816718859995e-08,1.4023608963382416e-08,5.5713892482407125e-09
screen,instant_RF_exact_pathways,1000.0,read,90.0,1.0,0.0,8.0,1.0,0.001,centered_ramp_x_polarity,centering,increasing_centering,alternating_centering,increasing_alternating_centering,0.0,0.20793430677042551,0.20793430677042551,0.20793430677042551,0.20793430677042551,0.0,-3.4206863051991803e-07,-3.4206863051991803e-07,-3.4206863051991803e-07,-3.4206863051991803e-07,0.0,-0.20793430677014416,-0.20793430677014416,-0.20793430677014416,-0.20793430677014416,0.0,0.20793430686639466,0.20793430686639466,0.20793430686639466,0.20793430686639466,0.0,0.0,0.0,0.0,0.0,0.0,4.615359086053876e-10,4.615359086053876e-10,4.615359086053876e-10,4.615359086053876e-10
screen,instant_RF_exact_pathways,1000.0,read,90.0,1.0,0.0,8.0,2.0,0.001,centered_ramp_x_polarity,centering,increasing_centering,alternating_centering,increasing_alternating_centering,0.0,0.16950945871084602,0.16950945871084602,0.1693070302726701,0.1693070302726701,0.0,-6.210320499464321e-07,-6.210320499464321e-07,-6.202904157195868e-07,-6.202904157195868e-07,0.0,0.16950945870970838,0.16950945870970838,0.16930703027153382,0.16930703027153382,0.0,0.16950945776097898,0.16950945776097898,0.16930703050535367,0.16930703050535367,-7.888609052210118e-31,6.722218632536547e-15,6.722218632536547e-15,2.294446931414427e-15,2.294446931414427e-15,0.0,5.9403698926522284e-09,5.9403698926522284e-09,1.3743446011901856e-09,1.3743446011901856e-09
screen,instant_RF_exact_pathways,1000.0,read,90.0,1.0,0.0,8.0,3.0,0.001,centered_ramp_x_polarity,centering,increasing_centering,alternating_centering,increasing_alternating_centering,4.239480032586229e-07,0.13817143676788582,0.137816431098018,0.13800643224962167,0.1376518505277571,-6.974275739869368e-13,-2.2730310806302306e-07,-2.2671909438574516e-07,-2.2703166490912463e-07,-2.2644834865942072e-07,-4.239480032586229e-07,-0.13817143676769886,-0.1378164310978315,-0.13800643224943493,-0.13765185052757084,4.2394618360308556e-07,0.1381714369201958,0.13781643093308518,0.138006433355492,0.137651851314565,1.4540105481721761e-12,1.479020708320395e-12,2.876017025309005e-14,7.523637871745346e-15,1.1273647976616585e-14,2.2271783127809195e-11,1.2560876227517186e-08,1.0241606704718295e-08,8.013512611170581e-09,5.716514871499498e-09
screen,instant_RF_exact_pathways,1000.0,read,90.0,1.0,0.0,8.0,4.0,0.001,centered_ramp_x_polarity,centering,increasing_centering,alternating_centering,increasing_alternating_centering,-0.00010410827428670999,0.1126149585597477,0.11164391117689239,0.11234614889099458,0.11127099323385256,3.814233742094494e-10,-4.1258758656432924e-07,-4.090299594376843e-07,-4.116027533604057e-07,-4.0766370285955127e-07,-0.00010410827428600222,0.1126149585589919,0.1116439111761431,0.11234614889024058,0.11127099323310578,-0.00010410893104767505,0.11261495770625475,0.11164391054809922,0.11234614998894879,0.11127099389974558,2.3563134863280528e-12,3.887663921672026e-12,8.551257395644272e-14,1.4791734379227434e-12,3.333557653521297e-14,2.9590322655546365e-09,2.110227142693562e-08,1.4354876462571233e-08,9.773514468173526e-09,5.985151769363773e-09
screen,instant_RF_exact_pathways,1000.0,read,90.0,1.0,0.0,8.0,5.0,0.001,centered_ramp_x_polarity,centering,increasing_centering,alternating_centering,increasing_alternating_centering,-8.166032639006504e-05,0.09177618454074568,0.09003181701046402,0.09155711662641174,0.08973108876974001,1.3433926205603784e-10,-1.5097919318382346e-07,-1.4810956756735004e-07,-1.5061881303991557e-07,-1.476148481613861e-07,8.166032638995402e-05,-0.0917761845406215,-0.0900318170103422,-0.09155711662628785,-0.08973108876961859,-8.166088386055148e-05,0.09177618478263225,0.0900318168892676,0.09155711844156218,0.08973108966433699,4.327613946848263e-12,6.808907101366988e-12,1.4621229194954103e-13,2.417714083050905e-12,8.263322048172045e-14,3.1882368949412674e-09,3.1104367264528727e-08,1.8060601359115408e-08,1.982652567408146e-08,9.970996663609408e-09
screen,instant_RF_exact_pathways,1000.0,read,90.0,1.0,0.0,8.0,6.0,0.001,centered_ramp_x_polarity,centering,increasing_centering,alternating_centering,increasing_alternating_centering,-0.00019679706239494887,0.07478543632064749,0.07220500081333676,0.07451782863898361,0.07174059606927793,7.210092343866987e-10,-2.7399151067702296e-07,-2.645375662128208e-07,-2.7301108251054973e-07,-2.628361288119609e-07,-0.00019679706239363048,0.07478543632014557,0.07220500081285217,0.0745178286384835,0.07174059606879646,-0.00019679840453849795,0.07478543554893852,0.07220500037742832,0.07451783031740311,0.07174059674135441,5.493090519335571e-12,9.953172174378781e-12,2.074143243605773e-13,4.379454047438152e-12,1.2678671675551952e-13,9.958072045808229e-09,4.391523941547613e-08,2.1810204838190023e-08,2.2525488615971364e-08,1.0378526084493483e-08
screen,instant_RF_exact_pathways,1000.0,read,90.0,1.0,0.0,8.0,7.0,0.001,centered_ramp_x_polarity,centering,increasing_centering,alternating_centering,increasing_alternating_centering,-0.00015202470452787414,0.06093399498654263,0.05753753948428387,0.060715952482761376,0.05716747227597474,2.5009584796940117e-10,-1.0024131513819167e-07,-9.465387213907623e-08,-9.988262293494854e-08,-9.404508408786369e-08,0.00015202470452767292,-0.060933994986460176,-0.057537539484206014,-0.06071595248267922,-0.057167472275897385,-0.00015202584296938881,0.06093399529498878,0.057537539422927254,0.06071595476611304,0.05716747305108212,7.479759990498955e-12,1.3120111272371215e-11,2.61312657707402e-13,5.5517964916759396e-12,1.7275786751108142e-13,1.0650666956914204e-08,5.889456490350935e-08,2.5124047967835296e-08,3.760998663720564e-08,1.4490136658445791e-08
screen,instant_RF_exact_pathways,1000.0,read,90.0,1.0,0.0,8.0,8.0,0.001,centered_ramp_x_polarity,centering,increasing_centering,alternating_centering,increasing_alternating_centering,-0.0002393545908038544,0.049642646862832804,0.0455122679513638,0.04940593663266387,0.045036203130391014,8.769288922637841e-10,-1.818758362225304e-07,-1.66743362030999e-07,-1.8100860794130092e-07,-1.6499920485750575e-07,-0.00023935459080224458,0.04964264686249963,0.04551226795105835,0.04940593663233229,0.04503620313008876,-0.0002393565305829834,0.049642646149385156,0.045512267647310256,0.0494059386913632,0.045036203658705316,8.553976249311724e-12,1.617599727783345e-11,3.0618055753132956e-13,7.516161504917701e-12,2.0032103392730598e-13,2.3846038497399842e-08,7.807714537954329e-08,2.8431078439455218e-08,4.167301071169839e-08,1.5872982269010167e-08
screen,finite_RF_static_Bloch,1000.0,read,90.0,0.8,0.0,8.0,1.0,,increasing_alternating_centering_x_rf180,original,increasing_alternating_centering,original_rf180,inc_alt_center_rf180,0.0,0.2697870344096004,0.28711333277371676,0.2697870344096004,0.28711333277371676,0.0,0.2697744019263688,0.28710010648972295,0.2697744019263688,0.28710010648972295,0.0,-0.002610747172157214,-0.0027558501448304547,-0.002610747172157214,-0.0027558501448304547,,,,,,,,,,,,,,,
screen,finite_RF_static_Bloch,1000.0,read,90.0,0.8,0.0,8.0,2.0,,increasing_alternating_centering_x_rf180,original,increasing_alternating_centering,original_rf180,inc_alt_center_rf180,0.00048293310791566735,0.19944691012095758,0.20176904374004082,0.20084766105615798,0.20365272778315688,-0.00046847105845629344,-0.19942779818713444,-0.20176795633885053,-0.20083789138006375,-0.20364652059023614,-0.00014756961809224162,0.002761026444804865,-0.0006624247989117974,0.001980994128975894,-0.00159002673283301,,,,,,,,,,,,,,,
screen,finite_RF_static_Bloch,1000.0,read,90.0,0.8,0.0,8.0,3.0,,increasing_alternating_centering_x_rf180,original,increasing_alternating_centering,original_rf180,inc_alt_center_rf180,-0.08419773136292408,0.1026164201003395,0.13769018045938236,0.19408313188386317,0.14495916087998195,-0.08418061227028248,0.1025895450168853,0.13768488288634428,0.1940212945588064,0.1449360201579829,-0.006348394611282156,0.0023483882638571,0.0012078160087281744,0.004898912080645766,-0.002590054785765315,,,,,,,,,,,,,,,
screen,finite_RF_static_Bloch,1000.0,read,90.0,0.8,0.0,8.0,4.0,,increasing_alternating_centering_x_rf180,original,increasing_alternating_centering,original_rf180,inc_alt_center_rf180,-0.09788569656516549,0.04499564308129846,0.11507472549072165,0.14596483388904444,0.11815821973330212,0.0978971816649719,-0.04499167112355308,-0.11505826985102727,-0.14596477258746363,-0.11813418964996591,-0.0009009400417121568,-0.0005978509928417442,-0.0019460178964053778,-0.00013377498406783023,-0.0023828819293436206,,,,,,,,,,,,,,,
screen,finite_RF_static_Bloch,1000.0,read,90.0,0.8,0.0,8.0,5.0,,increasing_alternating_centering_x_rf180,original,increasing_alternating_centering,original_rf180,inc_alt_center_rf180,-0.11767092060008869,0.005523451207374798,0.08585224604479288,0.129431656838682,0.0920895310760114,-0.12624737051417076,-0.003069001308399183,0.08583154857069515,0.1292403023944299,0.09189348175935348,-0.006563883636896368,0.004592357151757061,-0.0018850519600407919,0.0070354835656585,-0.006005809183035721,,,,,,,,,,,,,,,
screen,finite_RF_static_Bloch,1000.0,read,90.0,0.8,0.0,8.0,6.0,,increasing_alternating_centering_x_rf180,original,increasing_alternating_centering,original_rf180,inc_alt_center_rf180,-0.08168674475554646,0.019934257836277655,0.06839254301851765,0.10404614727556663,0.07081768770226016,0.12147314158586689,0.019860460756066595,-0.0683924302395139,-0.10399192388034491,-0.07077167329005851,-0.004073235999323272,0.0017136901820153717,-0.0001242033534609758,0.003358650108816132,-0.0025524794259834884,,,,,,,,,,,,,,,
screen,finite_RF_static_Bloch,1000.0,read,90.0,0.8,0.0,8.0,7.0,,increasing_alternating_centering_x_rf180,original,increasing_alternating_centering,original_rf180,inc_alt_center_rf180,-0.04843617981462779,0.04136813003409695,0.05253293504593668,0.09059814838996458,0.05332677358717652,-0.13100142390147212,-0.04132097828873353,0.052460481201891125,0.09045990139075502,0.05323993697990753,-0.0033124098737564054,0.001974572303048442,-0.002758111057704252,0.00500307226261198,-0.0030420209718971195,,,,,,,,,,,,,,,
screen,finite_RF_static_Bloch,1000.0,read,90.0,0.8,0.0,8.0,8.0,,increasing_alternating_centering_x_rf180,original,increasing_alternating_centering,original_rf180,inc_alt_center_rf180,-0.029817714273436657,0.041793601509860556,0.04287985682580943,0.07087301911558647,0.04214156015809868,0.11340604140478769,0.04176078400911361,-0.04287894916407023,-0.07087166431208711,-0.042105356080483256,0.0006266816326731008,0.001655912470265133,-0.00027899818457547397,-0.0004382193436201021,-0.0017464483657876084,,,,,,,,,,,,,,,
screen,finite_RF_static_Bloch,1000.0,read,0.0,1.0,0.0,8.0,1.0,,increasing_alternating_centering_x_rf180,original,increasing_alternating_centering,original_rf180,inc_alt_center_rf180,0.0,0.2455084451217991,0.24850106405226652,0.2455084451217991,0.24850106405226652,0.0,-0.0032448769234316712,-0.004910058550749369,-0.0032448769234316712,-0.004910058550749369,0.0,0.2454870004702392,0.2484525511242275,0.2454870004702392,0.2484525511242275,,,,,,,,,,,,,,,
screen,finite_RF_static_Bloch,1000.0,read,0.0,1.0,0.0,8.0,2.0,,increasing_alternating_centering_x_rf180,original,increasing_alternating_centering,original_rf180,inc_alt_center_rf180,0.019581860392955147,0.17408066530266472,0.16710657940215481,0.1635446575185474,0.17615243201099265,-0.0012671168594029793,-0.0031780999121127037,0.00029111478832184734,0.000966144693054164,0.0031682425340857356,0.01952746088786944,0.17405165242871729,0.1671063258278055,0.1635418037300893,0.17612393801704695,,,,,,,,,,,,,,,
screen,finite_RF_static_Bloch,1000.0,read,0.0,1.0,0.0,8.0,3.0,,increasing_alternating_centering_x_rf180,original,increasing_alternating_centering,original_rf180,inc_alt_center_rf180,0.07111542367859028,0.16069829149525128,0.12495895048190177,0.09733856368077214,0.1327146463460129,0.0014122404460943446,0.0012929808305973509,-0.002839343451830773,0.0033115546347892255,0.000591470798455446,0.07119751365090553,0.16069308973961655,0.12492668823874634,0.09728221618228348,0.1327133283323188,,,,,,,,,,,,,,,
screen,finite_RF_static_Bloch,1000.0,read,0.0,1.0,0.0,8.0,4.0,,increasing_alternating_centering_x_rf180,original,increasing_alternating_centering,original_rf180,inc_alt_center_rf180,0.06956378239306515,0.12932732414796347,0.10046737760226368,0.05896130097433697,0.09966513682170233,0.0067361000003861235,0.004887420181354245,-0.0022408196984272355,0.0023630353955490916,0.001970895516153734,0.06952427388889448,0.12923494069036945,0.10044238492466702,0.05891392939115275,0.0996456475143448,,,,,,,,,,,,,,,
screen,finite_RF_static_Bloch,1000.0,read,0.0,1.0,0.0,8.0,5.0,,increasing_alternating_centering_x_rf180,original,increasing_alternating_centering,original_rf180,inc_alt_center_rf180,0.07332514341045654,0.11169357192447797,0.07816957138341778,0.033565207500229496,0.07336635036962584,0.015514133276775576,0.005770167366950598,-0.005616352670434555,-0.005236350892476566,-0.0011087376530861423,0.07378060911835277,0.11154442692401048,0.07796754756274274,0.033154242320769786,0.07335797207785481,,,,,,,,,,,,,,,
screen,finite_RF_static_Bloch,1000.0,read,0.0,1.0,0.0,8.0,6.0,,increasing_alternating_centering_x_rf180,original,increasing_alternating_centering,original_rf180,inc_alt_center_rf180,0.06911485120843763,0.09049070100074613,0.053798897219883283,0.0200583239405775,0.05248137136815229,0.0015768206729450673,0.007266492132741192,0.002460207071492084,0.0008147669927292284,-0.0024146973955748124,0.06883988231519153,0.09019847592776303,0.053742615522887845,0.020041769234593623,0.05242579114490996,,,,,,,,,,,,,,,
screen,finite_RF_static_Bloch,1000.0,read,0.0,1.0,0.0,8.0,7.0,,increasing_alternating_centering_x_rf180,original,increasing_alternating_centering,original_rf180,inc_alt_center_rf180,0.06798015929131893,0.07884813956707859,0.03766314918775467,0.015094335480932369,0.04188950439292737,0.0019368109008063078,-0.0031371731978516474,0.0012443375440218491,-0.004721431216981406,0.0015968904256983985,0.06866525988162303,0.07878570465202546,0.03764258799306449,0.01433691218060037,0.041859055403262437,,,,,,,,,,,,,,,
screen,finite_RF_static_Bloch,1000.0,read,0.0,1.0,0.0,8.0,8.0,,increasing_alternating_centering_x_rf180,original,increasing_alternating_centering,original_rf180,inc_alt_center_rf180,0.053968754531622753,0.06270890884743201,0.032852346214220014,0.008839637442967837,0.0329518293413786,0.0028942005709546607,0.005649352500825831,-0.00034721490374492545,0.001269086421218332,-0.001833280412397764,0.053756137408180915,0.062453919533980815,0.03285051131397491,0.008748063201566288,0.03290079238974129,,,,,,,,,,,,,,,
screen,finite_RF_static_Bloch,1000.0,read,90.0,1.0,0.0,8.0,1.0,,increasing_alternating_centering_x_rf180,original,increasing_alternating_centering,original_rf180,inc_alt_center_rf180,0.0,0.2441917467263025,0.24805902664203094,0.2441917467263025,0.24805902664203094,0.0,0.2441691149836675,0.24801095795424974,0.2441691149836675,0.24801095795424974,0.0,-0.0033245236253082477,-0.004883178596691768,-0.0033245236253082477,-0.004883178596691768,,,,,,,,,,,,,,,
screen,finite_RF_static_Bloch,1000.0,read,90.0,1.0,0.0,8.0,2.0,,increasing_alternating_centering_x_rf180,original,increasing_alternating_centering,original_rf180,inc_alt_center_rf180,0.01748777614745947,0.1810054625174696,0.17079813292236287,0.16359416490470177,0.17087461145705451,-0.01747409067066838,-0.1809909593379285,-0.1707952953030239,-0.16359263677534397,-0.17087106341110775,-0.0017008267852376348,-0.002291309472639517,-0.0009845364990666411,-0.00070709529565026,-0.001101149107315019,,,,,,,,,,,,,,,
screen,finite_RF_static_Bloch,1000.0,read,90.0,1.0,0.0,8.0,3.0,,increasing_alternating_centering_x_rf180,original,increasing_alternating_centering,original_rf180,inc_alt_center_rf180,-0.05895240837223774,0.09808397421500868,0.12603428804179534,0.16030162599454734,0.12929953144909626,-0.05903535499517941,0.09806726087512398,0.1260085135099864,0.16030091078747558,0.1292068084271586,0.0036788527895651635,0.0018106193031298635,0.002548781121597586,0.00047884987368739884,0.004895864481720285,,,,,,,,,,,,,,,
screen,finite_RF_static_Bloch,1000.0,read,90.0,1.0,0.0,8.0,4.0,,increasing_alternating_centering_x_rf180,original,increasing_alternating_centering,original_rf180,inc_alt_center_rf180,-0.06812078088410248,0.054362214233792165,0.102479901452497,0.12335755716682488,0.10335446350142724,0.06821229881217447,-0.05427295960162368,-0.10247388038104,-0.12335751348680404,-0.10334613545404589,0.0007947807914115953,0.003113870980185276,0.0011108741448973944,-0.00010381001602280501,-0.0013120260598990918,,,,,,,,,,,,,,,
screen,finite_RF_static_Bloch,1000.0,read,90.0,1.0,0.0,8.0,5.0,,increasing_alternating_centering_x_rf180,original,increasing_alternating_centering,original_rf180,inc_alt_center_rf180,-0.055115787342879974,0.03926057160997544,0.06719870301731103,0.10445565325821907,0.07727799732267468,-0.05522630876838349,0.03911595587572645,0.06713067391258548,0.10438800512497173,0.07717641439344727,-0.006591979251173918,-0.003366671809106231,0.003022963322781366,-0.0037587077074662124,-0.003961051826752533,,,,,,,,,,,,,,,
screen,finite_RF_static_Bloch,1000.0,read,90.0,1.0,0.0,8.0,6.0,,increasing_alternating_centering_x_rf180,original,increasing_alternating_centering,original_rf180,inc_alt_center_rf180,-0.06082490069658408,0.017959469282255617,0.05265453842660682,0.08459169095333018,0.05846185940109729,0.060975632256592485,-0.017802192437405818,-0.05265122857183834,-0.08456616700025882,-0.058439570878098854,0.0022449236571441566,0.0023715988956512545,0.0005903785184510047,-0.002077878058996057,-0.0016141747790521504,,,,,,,,,,,,,,,
screen,finite_RF_static_Bloch,1000.0,read,90.0,1.0,0.0,8.0,7.0,,increasing_alternating_centering_x_rf180,original,increasing_alternating_centering,original_rf180,inc_alt_center_rf180,-0.05451551310117504,0.01003975030576161,0.04162721945950903,0.06894067860586076,0.04601263465843313,-0.05508269916159986,0.009654510853550183,0.04162569764519586,0.0689405500957387,0.04582903772578452,-0.0018409224424146952,0.0027544521017295017,0.00035594308655045284,0.0001331132357481297,-0.004106318221845614,,,,,,,,,,,,,,,
screen,finite_RF_static_Bloch,1000.0,read,90.0,1.0,0.0,8.0,8.0,,increasing_alternating_centering_x_rf180,original,increasing_alternating_centering,original_rf180,inc_alt_center_rf180,-0.05241036832930332,0.0011126382786846487,0.031170458407442383,0.0569585046037262,0.034605956403180614,0.05269999948074774,-0.0008278170500010721,-0.031152284158000407,-0.056957763661929894,-0.03458223128918149,0.00023596031598389542,0.000743426439482657,-0.001064269265408158,0.0002905259445170538,-0.0012812094443898658,,,,,,,,,,,,,,,
screen,finite_RF_static_Bloch,1000.0,read,0.0,0.8,0.0,8.0,1.0,,increasing_alternating_centering_x_rf180,original,increasing_alternating_centering,original_rf180,inc_alt_center_rf180,0.0,0.2739454106026763,0.2910134879142601,0.2739454106026763,0.2910134879142601,0.0,-0.004991579147107938,-0.005448413794415983,-0.004991579147107938,-0.005448413794415983,0.0,0.2738999308650644,0.2909624802876619,0.2738999308650644,0.2909624802876619,,,,,,,,,,,,,,,
screen,finite_RF_static_Bloch,1000.0,read,0.0,0.8,0.0,8.0,2.0,,increasing_alternating_centering_x_rf180,original,increasing_alternating_centering,original_rf180,inc_alt_center_rf180,0.006690786686626371,0.20311633593669665,0.2029574251374335,0.19475432108962173,0.20128619697698497,0.010719658287962334,0.006792072383082392,0.00021784565898888943,-0.003671357155083128,0.0004740744087857033,0.006611360275905448,0.20300274302849206,0.20295730822437952,0.19471971322832032,0.20128563870011323,,,,,,,,,,,,,,,
screen,finite_RF_static_Bloch,1000.0,read,0.0,0.8,0.0,8.0,3.0,,increasing_alternating_centering_x_rf180,original,increasing_alternating_centering,original_rf180,inc_alt_center_rf180,0.08767541089975638,0.1881336324321432,0.14436125294133134,0.10167903788190151,0.14558206929084602,-0.005567173206861664,-0.0028804625945044347,-0.009038245090426137,0.00643973490748505,-0.005285220795298317,0.08804473472252829,0.18811158015219165,0.1440780395357892,0.10147490605519417,0.14548610016132002,,,,,,,,,,,,,,,
screen,finite_RF_static_Bloch,1000.0,read,0.0,0.8,0.0,8.0,4.0,,increasing_alternating_centering_x_rf180,original,increasing_alternating_centering,original_rf180,inc_alt_center_rf180,0.10458576249718052,0.1455171690923911,0.10656826234349202,0.04463067557264835,0.1102675313209298,0.01445851133110147,0.007134656286986935,-0.0032063817495576697,-0.006088219006869746,-0.0019707457123128796,0.10485859420791403,0.14534215899156755,0.10652001527876084,0.04421346843887482,0.11024991893398214,,,,,,,,,,,,,,,
screen,finite_RF_static_Bloch,1000.0,read,0.0,0.8,0.0,8.0,5.0,,increasing_alternating_centering_x_rf180,original,increasing_alternating_centering,original_rf180,inc_alt_center_rf180,0.12917424570583078,0.13054789918198786,0.08200531796380955,0.003878244310908255,0.08450990879856071,-0.008641606321627585,-0.005332037905887434,-0.0011749185854500414,0.0034959909288760933,-0.0009884960723140993,0.13126725468699013,0.13043896408895866,0.0819969007991343,0.00167893607987568,0.08450412747704143,,,,,,,,,,,,,,,
screen,finite_RF_static_Bloch,1000.0,read,0.0,0.8,0.0,8.0,6.0,,increasing_alternating_centering_x_rf180,original,increasing_alternating_centering,original_rf180,inc_alt_center_rf180,0.08284878101325319,0.10270460224719587,0.06625795919357202,0.02009783476036803,0.06649997271999737,0.008161922866914386,0.004402119102198071,0.0031584138591125247,-0.005014377976120177,0.0019038396477086628,0.12236253846353698,0.10261021718213431,0.06618263804345986,-0.019462244874825167,0.06647271445003737,,,,,,,,,,,,,,,
screen,finite_RF_static_Bloch,1000.0,read,0.0,0.8,0.0,8.0,7.0,,increasing_alternating_centering_x_rf180,original,increasing_alternating_centering,original_rf180,inc_alt_center_rf180,0.05675374183093011,0.09213087536241317,0.049904690311878566,0.036480557032343604,0.05100811381273911,-0.010841731235322493,-0.004103604759438988,7.813748692443647e-05,0.003735435591022961,-0.002924553397936108,0.12934782418799212,0.09203944058403887,0.049904629140568146,-0.036288807673102094,0.0509242050714193,,,,,,,,,,,,,,,
screen,finite_RF_static_Bloch,1000.0,read,0.0,0.8,0.0,8.0,8.0,,increasing_alternating_centering_x_rf180,original,increasing_alternating_centering,original_rf180,inc_alt_center_rf180,0.02468283483865856,0.07039205354452457,0.04296321998265882,0.042305938220883854,0.03955993949767666,0.014184095373778537,0.008987383861626386,0.00028169920127250935,-0.0038513751271529537,0.0016270355862717059,0.10851039530258935,0.0698159590175412,0.04296229645675771,-0.04213026606110136,0.0395264666807045,,,,,,,,,,,,,,,
screen,instant_RF_exact_pathways,1000.0,read,90.0,0.8,0.0,8.0,1.0,0.001,increasing_alternating_centering_x_rf180,original,increasing_alternating_centering,original_rf180,inc_alt_center_rf180,0.0,0.15992509038940247,0.1785125223377237,0.15992509038940247,0.1785125223377237,0.0,-2.647567851899582e-07,-2.9463352815667465e-07,-2.647567851899582e-07,-2.9463352815667465e-07,0.0,-0.15992509038918332,-0.17851252233748055,-0.15992509038918332,-0.17851252233748055,0.0,0.16054957544226223,0.17887293662526704,0.16054957544226223,0.17887293662526704,0.0,0.0,0.0,0.0,0.0,0.0,0.0038746002361893226,0.002010866201569564,0.0038746002361893226,0.002010866201569564
screen,instant_RF_exact_pathways,1000.0,read,90.0,0.8,0.0,8.0,2.0,0.001,increasing_alternating_centering_x_rf180,original,increasing_alternating_centering,original_rf180,inc_alt_center_rf180,-0.010837557760058042,0.1275568297144172,0.13285062746088,0.13602253508666148,0.13047877507306624,-3.052892351147381e-09,-4.78698473944091e-07,-4.837929887686633e-07,1.9138711644271158e-07,1.8323970926699177e-07,-0.010837557760069394,0.12755682971351898,0.1328506274599991,0.13602253508652684,0.13047877507293756,0.0,0.13189586750926569,0.1317363609406283,0.1318958675092657,0.13173636094062832,1.3552527156068805e-20,0.00010968831029626619,4.265571136106859e-05,0.00010968831029626618,4.26557113610686e-05,6.938893903907228e-18,0.0335788560442867,0.01045636173901297,0.033578856044286697,0.010456361739012968
screen,instant_RF_exact_pathways,1000.0,read,90.0,0.8,0.0,8.0,3.0,0.001,increasing_alternating_centering_x_rf180,original,increasing_alternating_centering,original_rf180,inc_alt_center_rf180,-0.061374840903520717,0.053845352638173624,0.09459826381985277,0.1132590022272348,0.09263707250539323,-9.279816520939893e-08,-2.4347512086012256e-07,-1.6467694323366904e-07,3.3925648072572197e-07,3.252564931427766e-07,0.06137484090399075,-0.053845352637623155,-0.09459826381970944,-0.11325900222672669,-0.09263707250482223,-2.7755575615628914e-17,0.08727829866427458,0.09687794285461132,0.0872782986642746,0.09687794285461131,-0.0002707847423436896,0.02492131347719051,0.00018194275450034744,0.025092703201748747,8.254773671489431e-05,-5.551115123125783e-17,0.2787551367063922,0.05287724729914109,0.27875513670639224,0.052877247299141096
screen,instant_RF_exact_pathways,1000.0,read,90.0,0.8,0.0,8.0,4.0,0.001,increasing_alternating_centering_x_rf180,original,increasing_alternating_centering,original_rf180,inc_alt_center_rf180,-0.0770988684658092,0.011405241987724867,0.06914000788793198,0.08704546756664269,0.0676813650010406,-2.6633184064031062e-08,-2.3832745687621135e-07,-2.5987805171220266e-07,4.910267434985685e-07,4.4284296459854616e-07,-0.0770988684678747,0.011405241985234786,0.06914000788744358,0.08704546756525774,0.06768136499959183,0.0,0.07168665597295826,0.0708332225798119,0.07168665597295829,0.07083322257981192,0.039938256208837265,0.05304917036302625,0.0004413725843021645,0.013019908348530092,0.0003503667786432722,5.551115123125783e-17,0.4731466801058613,0.06968383344922799,0.47314668010586125,0.06968383344922796
screen,instant_RF_exact_pathways,1000.0,read,90.0,0.8,0.0,8.0,5.0,0.001,increasing_alternating_centering_x_rf180,original,increasing_alternating_centering,original_rf180,inc_alt_center_rf180,-0.04486272225969094,0.0358583832810075,0.04924840194385574,0.08020662613062529,0.04873392253378258,-1.2197707646711063e-07,-2.4644915198536685e-07,-8.965689922897164e-08,3.8482288972543133e-07,4.1963806601471597e-07,0.11657948882166097,0.0358583832801606,-0.04924840194377413,-0.08020662612970211,-0.04873392253197587,2.0816681711721685e-17,0.04742670762509899,0.0516666325660322,0.047426707625098985,0.05166663256603221,0.04603496482522983,0.07752064230959055,0.000798874040864617,0.03094428470418563,0.00025748126068952346,-1.1102230246251565e-16,0.6861995598071784,0.12308664326457168,0.6861995598071784,0.12308664326457154
screen,instant_RF_exact_pathways,1000.0,read,90.0,0.8,0.0,8.0,6.0,0.001,increasing_alternating_centering_x_rf180,original,increasing_alternating_centering,original_rf180,inc_alt_center_rf180,-0.011497436194007983,0.04541869797671042,0.03585810782508452,0.05655506195647067,0.03549703561083679,1.39893623660857e-07,-1.0180075091562057e-07,-1.3675682853773047e-07,3.035660608060636e-07,4.0850360684481075e-07,-0.1023348321485898,-0.04541869797659633,0.03585810782482374,0.05655506195565596,0.03549703560848624,-6.938893903907228e-18,0.03894612568678316,0.037363227278922245,0.03894612568678318,0.03736322727892225,0.06726194612481005,0.08271071025934465,0.0008729032755560537,0.015135731803694617,0.0005598709447160753,1.1102230246251565e-16,0.7851874809976376,0.1635980618916619,0.7851874809976375,0.16359806189166187
screen,instant_RF_exact_pathways,1000.0,read,90.0,0.8,0.0,8.0,7.0,0.001,increasing_alternating_centering_x_rf180,original,increasing_alternating_centering,original_rf180,inc_alt_center_rf180,-0.00430548159187108,0.05066955190354696,0.025996302304246932,0.05451859065759969,0.02553985946642858,5.148084492915292e-08,-1.9583770596495865e-07,-4.637118942906867e-08,1.439452422603886e-07,3.448926037254315e-07,0.10564458540068389,0.050669551903168505,-0.025996302304205573,-0.05451859065740965,-0.02553985946409985,0.0,0.02576069867418543,0.026930261736889255,0.02576069867418544,0.026930261736889262,0.049901368240287944,0.07739277098236216,0.0006904787025811257,0.027297641916763715,0.0004967178772706187,1.1102230246251565e-16,0.8812835985887849,0.24422729721023598,0.8812835985887848,0.24422729721023595
screen,instant_RF_exact_pathways,1000.0,read,90.0,0.8,0.0,8.0,8.0,0.001,increasing_alternating_centering_x_rf180,original,increasing_alternating_centering,original_rf180,inc_alt_center_rf180,-0.0072660889253973945,0.03215159579951962,0.018919499178171994,0.03879087437373151,0.018292688826986484,2.746047620726505e-07,-6.785351182599451e-08,-7.06402972301925e-08,2.778801593472803e-08,2.996059926031805e-07,-0.07156928052667674,-0.03215159579944802,0.018919499178040117,0.03879087437372156,0.018292688824532943,6.938893903907228e-18,0.02114984294141668,0.01918958288713751,0.021149842941416683,0.01918958288713752,0.04257981314215986,0.05711542048769598,0.000422373524185364,0.014755669987506525,0.0006424361661557709,-1.1102230246251565e-16,0.9206935245330666,0.31733768687849745,0.9206935245330665,0.3173376868784972
screen,instant_RF_exact_pathways,1000.0,read,90.0,1.0,0.0,8.0,1.0,0.001,increasing_alternating_centering_x_rf180,original,increasing_alternating_centering,original_rf180,inc_alt_center_rf180,0.0,0.18663396088449194,0.20793430677042551,0.18663396088449194,0.20793430677042551,0.0,-3.0702785146159754e-07,-3.4206863051991803e-07,-3.0702785146159754e-07,-3.4206863051991803e-07,0.0,-0.1866339608842394,-0.20793430677014416,-0.1866339608842394,-0.20793430677014416,0.0,0.1866339610514622,0.20793430686639466,0.1866339610514622,0.20793430686639466,0.0,0.0,0.0,0.0,0.0,0.0,8.946403422654344e-10,4.615359086053876e-10,8.946403422654344e-10,4.615359086053876e-10
screen,instant_RF_exact_pathways,1000.0,read,90.0,1.0,0.0,8.0,2.0,0.001,increasing_alternating_centering_x_rf180,original,increasing_alternating_centering,original_rf180,inc_alt_center_rf180,1.8512184840613344e-09,0.16951202840484011,0.1693070302726701,0.16951202696186582,0.1693070306809143,-1.0394098100404657e-09,-6.210414651694744e-07,-6.202904157195868e-07,2.384460782276291e-07,2.3815771786747626e-07,1.8512173183271585e-09,0.16951202840370247,0.16930703027153382,0.16951202696169812,0.1693070306807468,2.7755575615628914e-17,0.16951202769283688,0.16930703050535367,0.16951202769283683,0.16930703050535365,0.0,5.900124483705165e-15,2.294446931414427e-15,5.9001244837051646e-15,2.2944469314144262e-15,-1.6543612251060553e-24,4.3122141742843e-09,1.3743446011901856e-09,4.312214174284302e-09,1.3743446011901858e-09
screen,instant_RF_exact_pathways,1000.0,read,90.0,1.0,0.0,8.0,3.0,0.001,increasing_alternating_centering_x_rf180,original,increasing_alternating_centering,original_rf180,inc_alt_center_rf180,2.0508793968643246e-09,0.1240119169747176,0.1376518505277571,0.12401191525099234,0.13765185085491125,6.915942636055575e-08,-2.0400956027377498e-07,-2.2644834865942072e-07,4.247758926569823e-07,4.7149653063189226e-07,-2.0508178627531848e-09,-0.1240119169745498,-0.13765185052757084,-0.12401191525026485,-0.13765185085410375,-4.163336342344337e-17,0.12401191681735917,0.137651851314565,0.12401191681735918,0.13765185131456498,-1.8003975904320654e-14,1.4814477314999301e-12,1.1273647976616585e-14,1.4928431167957199e-12,4.665057368085619e-15,1.6543612251060553e-24,1.2654906002669892e-08,5.716514871499498e-09,1.2654906002669892e-08,5.716514871499499e-09
screen,instant_RF_exact_pathways,1000.0,read,90.0,1.0,0.0,8.0,4.0,0.001,increasing_alternating_centering_x_rf180,original,increasing_alternating_centering,original_rf180,inc_alt_center_rf180,2.7125953150353155e-09,0.11261164175038768,0.11127099323385256,0.11261163937299556,0.11127099356905576,-1.3595133932644886e-08,-4.1257543606592354e-07,-4.0766370285955127e-07,7.29388397055743e-07,7.207049963294704e-07,2.7126144386269146e-09,0.11261164174963191,0.11127099323310578,0.11261163937063343,0.11127099356672174,-2.7755575615628914e-17,0.11261164138723825,0.11127099389974558,0.11261164138723825,0.11127099389974555,2.9323310898903416e-12,3.642688683157365e-12,3.333557653521297e-14,7.012888333672051e-13,2.4266816635394326e-14,0.0,1.7925372392222272e-08,5.985151769363773e-09,1.7925372392222272e-08,5.985151769363774e-09
screen,instant_RF_exact_pathways,1000.0,read,90.0,1.0,0.0,8.0,5.0,0.001,increasing_alternating_centering_x_rf180,original,increasing_alternating_centering,original_rf180,inc_alt_center_rf180,3.106999615920536e-09,0.08236747698717976,0.08973108876974001,0.08236747414653808,0.08973108903609794,7.467239476659808e-08,-1.355011124205936e-07,-1.476148481613861e-07,6.997649182361392e-07,7.623235772619448e-07,-3.10674383441345e-09,-0.08236747698706831,-0.08973108876961859,-0.08236747414356561,-0.08973108903285973,-5.551115123125783e-17,0.0823674767066181,0.08973108966433699,0.0823674767066181,0.08973108966433693,4.228806756836396e-12,6.565084919883592e-12,8.263322048172045e-14,2.26952374153821e-12,1.5878798972735338e-14,6.617444900424222e-24,3.118868760273138e-08,9.970996663609408e-09,3.118868760273138e-08,9.970996663609414e-09
screen,instant_RF_exact_pathways,1000.0,read,90.0,1.0,0.0,8.0,6.0,0.001,increasing_alternating_centering_x_rf180,original,increasing_alternating_centering,original_rf180,inc_alt_center_rf180,3.116840882610994e-09,0.07477989739541373,0.07174059606927793,0.07477989441463578,0.07174059620534087,-4.623106026576669e-08,-2.739712194182731e-07,-2.628361288119609e-07,8.635124778679391e-07,8.284165082084846e-07,3.1170231118426983e-09,0.07477989739491185,0.07174059606879646,0.07477989440965013,0.07174059620055785,-4.163336342344337e-17,0.07477989726839819,0.07174059674135441,0.07477989726839819,0.07174059674135437,8.659099728964915e-12,9.383317254906514e-12,1.2678671675551952e-13,6.48485416772609e-13,5.1054607586530255e-14,6.617444900424222e-24,3.8296556906433925e-08,1.0378526084493483e-08,3.8296556906433925e-08,1.0378526084493488e-08
screen,instant_RF_exact_pathways,1000.0,read,90.0,1.0,0.0,8.0,7.0,0.001,increasing_alternating_centering_x_rf180,original,increasing_alternating_centering,original_rf180,inc_alt_center_rf180,3.6741748046797973e-09,0.054684728689865444,0.05716747227597474,0.05468472512764481,0.05716747238792891,3.776526936291635e-08,-8.996076856577826e-08,-9.404508408786369e-08,7.418535107739762e-07,7.755344646148071e-07,-3.6739497069615545e-09,-0.05468472868979145,-0.057167472275897385,-0.05468472512261281,-0.057167472382668456,-4.163336342344337e-17,0.0546847283409899,0.05716747305108212,0.05468472834098989,0.05716747305108207,9.793916927579153e-12,1.2554005213074247e-11,1.7275786751108142e-13,2.6364707061296474e-12,4.914028814563548e-14,0.0,5.903939560949914e-08,1.4490136658445791e-08,5.9039395609499154e-08,1.4490136658445804e-08
screen,instant_RF_exact_pathways,1000.0,read,90.0,1.0,0.0,8.0,8.0,0.001,increasing_alternating_centering_x_rf180,original,increasing_alternating_centering,original_rf180,inc_alt_center_rf180,3.310551444091203e-09,0.04963675547742614,0.045036203130391014,0.04963675210881831,0.04503620307233463,-9.330585539288025e-08,-1.8185425391634915e-07,-1.6499920485750575e-07,8.248512317415886e-07,7.484004254075518e-07,3.311155787055764e-09,0.04963675547709301,0.04503620313008876,0.04963675210196472,0.04503620306611626,-2.7755575615628914e-17,0.0496367555074751,0.045036203658705316,0.049636755507475094,0.04503620365870528,1.4907594964052205e-11,1.5288902866090813e-11,2.0032103392730598e-13,2.7323845217559807e-13,9.225158406429545e-14,0.0,6.878443227868703e-08,1.5872982269010167e-08,6.878443227868704e-08,1.5872982269010177e-08
screen,instant_RF_exact_pathways,1000.0,read,0.0,1.0,0.0,8.0,1.0,0.001,increasing_alternating_centering_x_rf180,original,increasing_alternating_centering,original_rf180,inc_alt_center_rf180,0.0,0.1866339610514625,0.20793430686639502,0.1866339610514625,0.20793430686639502,0.0,0.1866339610510982,0.20793430686598932,0.1866339610510982,0.20793430686598932,0.0,3.6875220575367384e-07,4.1074746597655864e-07,3.6875220575367384e-07,4.1074746597655864e-07,0.0,0.18663396105146215,0.20793430686639475,0.18663396105146215,0.20793430686639475,0.0,0.0,0.0,0.0,0.0,0.0,8.946403422654347e-10,4.615359086053874e-10,8.946403422654347e-10,4.615359086053874e-10
screen,instant_RF_exact_pathways,1000.0,read,0.0,1.0,0.0,8.0,2.0,0.001,increasing_alternating_centering_x_rf180,original,increasing_alternating_centering,original_rf180,inc_alt_center_rf180,-2.195466031196247e-14,0.1695120276928331,0.16930703050535445,0.16951202769285048,0.16930703050534987,-1.482147737874584e-14,0.1695120276928329,0.16930703050535428,0.16951202769070525,0.1693070305032118,2.8906122705769885e-09,8.121607752290936e-09,7.167963033523136e-09,-8.52808898477063e-07,-8.508719309252538e-07,2.7755575615628914e-17,0.16951202769283683,0.1693070305053537,0.1695120276928368,0.1693070305053537,0.0,7.083573959423051e-15,1.838710053209363e-15,7.083573959423051e-15,1.8387100532093625e-15,-8.271806125530277e-25,4.312214174284302e-09,1.3743446011901854e-09,4.312214174284303e-09,1.3743446011901854e-09
screen,instant_RF_exact_pathways,1000.0,read,0.0,1.0,0.0,8.0,3.0,0.001,increasing_alternating_centering_x_rf180,original,increasing_alternating_centering,original_rf180,inc_alt_center_rf180,2.809391608238343e-12,0.1240119168188417,0.13765185131463376,0.1240119168159081,0.13765185131450955,2.5071750231475676e-12,0.12401191681860019,0.13765185131436375,0.12401191681281933,0.13765185131109006,6.710555193572532e-08,2.447535025170452e-07,2.7263680676979407e-07,8.752656590218711e-07,9.702545152103453e-07,1.3877787807814457e-17,0.12401191681735914,0.1376518513145651,0.1240119168173591,0.13765185131456506,5.12750103534434e-15,1.4773051901428289e-12,6.756711617058491e-14,1.4636241139093654e-12,5.901354097246591e-14,-4.963083675318166e-24,1.2654906002669895e-08,5.7165148714994945e-09,1.26549060026699e-08,5.716514871499495e-09
screen,instant_RF_exact_pathways,1000.0,read,0.0,1.0,0.0,8.0,4.0,0.001,increasing_alternating_centering_x_rf180,original,increasing_alternating_centering,original_rf180,inc_alt_center_rf180,4.13213907535237e-12,0.11261164138793871,0.11127099389979273,0.1126116413836531,0.11127099389963925,4.2174597147948134e-12,0.11261164138793858,0.11127099389979264,0.11261164137789237,0.11127099389396389,1.631206961800417e-08,5.2892092086391834e-09,4.197950275419624e-09,-1.1390563671978858e-06,-1.1238355565131012e-06,0.0,0.11261164138723823,0.11127099389974564,0.1126116413872382,0.11127099389974561,-2.8459809661841955e-12,6.951333409924485e-13,4.6269633918217917e-14,3.603570810484167e-12,1.0872613722574092e-13,0.0,1.7925372392222275e-08,5.9851517693637695e-09,1.792537239222228e-08,5.985151769363771e-09
screen,instant_RF_exact_pathways,1000.0,read,0.0,1.0,0.0,8.0,5.0,0.001,increasing_alternating_centering_x_rf180,original,increasing_alternating_centering,original_rf180,inc_alt_center_rf180,8.543249441217426e-12,0.08236747670887778,0.08973108966438952,0.08236747670014084,0.08973108966419582,8.042969068533523e-12,0.08236747670871772,0.08973108966421275,0.08236747669406445,0.08973108965760246,7.155661651153259e-08,1.6238120194530957e-07,1.7810532098557462e-07,1.0004967204588765e-06,1.087777456010674e-06,1.3877787807814457e-17,0.0823674767066181,0.08973108966433702,0.08236747670661806,0.08973108966433699,-4.154981709550166e-12,2.2530522215720768e-12,5.136534971364724e-14,6.503903427817177e-12,1.472348464085818e-13,-1.3234889800848443e-23,3.118868760273138e-08,9.970996663609404e-09,3.118868760273139e-08,9.970996663609408e-09
screen,instant_RF_exact_pathways,1000.0,read,0.0,1.0,0.0,8.0,6.0,0.001,increasing_alternating_centering_x_rf180,original,increasing_alternating_centering,original_rf180,inc_alt_center_rf180,9.695480529536837e-12,0.07477989726904101,0.07174059674137348,0.07477989725913564,0.07174059674116359,1.0080256074296301e-11,0.07477989726904094,0.07174059674137344,0.07477989725049076,0.07174059673290352,4.935786940846516e-08,3.405137728250677e-09,2.4639318353330777e-09,-1.1370693851186213e-06,-1.0886527216030739e-06,1.3877787807814457e-17,0.07477989726839819,0.07174059674135444,0.07477989726839816,0.07174059674135443,-8.479855086655278e-12,6.373717632880689e-13,1.8067881771291836e-14,9.295457552630327e-12,1.962985844582723e-13,-1.9852334701272664e-23,3.8296556906433925e-08,1.0378526084493478e-08,3.8296556906433945e-08,1.0378526084493481e-08
screen,instant_RF_exact_pathways,1000.0,read,0.0,1.0,0.0,8.0,7.0,0.001,increasing_alternating_centering_x_rf180,original,increasing_alternating_centering,original_rf180,inc_alt_center_rf180,1.4824468042018424e-11,0.054684728343621425,0.0571674730510814,0.05468472832858732,0.05716747305087176,1.4508866330587011e-11,0.054684728343515496,0.057167473050968386,0.05468472832045616,0.05716747304241791,3.4076010370764734e-08,1.0763596880709389e-07,1.1367553637225514e-07,9.430276791469842e-07,9.831432570829102e-07,-2.0816681711721685e-17,0.054684728340989884,0.057167473051082156,0.05468472834098988,0.05716747305108213,-9.602931709974774e-12,2.6252332896845896e-12,1.629484768981005e-15,1.2444976830028852e-11,2.1844131513846983e-13,0.0,5.903939560949916e-08,1.4490136658445783e-08,5.903939560949917e-08,1.449013665844579e-08
screen,instant_RF_exact_pathways,1000.0,read,0.0,1.0,0.0,8.0,8.0,0.001,increasing_alternating_centering_x_rf180,original,increasing_alternating_centering,original_rf180,inc_alt_center_rf180,1.5166722044934744e-11,0.04963675550773804,0.04503620365866576,0.04963675549236967,0.04503620365846411,1.6165846439264442e-11,0.04963675550773799,0.04503620365866573,0.049636755482136,0.04503620364922959,9.66318803005298e-08,2.1549363722822572e-09,1.4404812858882871e-09,-1.0079347434961193e-06,-9.120173182819835e-07,2.0816681711721685e-17,0.049636755507475094,0.04503620365870532,0.04963675550747508,0.04503620365870533,-1.4688202378356324e-11,2.580849971402978e-13,4.0325692805203664e-14,1.5154895218246356e-11,2.48933535554939e-13,-2.6469779601696886e-23,6.878443227868704e-08,1.5872982269010163e-08,6.878443227868707e-08,1.587298226901016e-08
screen,instant_RF_exact_pathways,1000.0,read,0.0,0.8,0.0,8.0,1.0,0.001,increasing_alternating_centering_x_rf180,original,increasing_alternating_centering,original_rf180,inc_alt_center_rf180,0.0,0.16055437185145946,0.17887683999786422,0.16055437185145946,0.17887683999786422,0.0,0.16055317007974165,0.17887648330939204,0.16055317007974165,0.17887648330939204,0.0,0.0006212068594829929,0.00035722050094833273,0.0006212068594829929,0.00035722050094833273,0.0,0.16054957544226223,0.17887293662526701,0.16054957544226223,0.17887293662526701,0.0,0.0,0.0,0.0,0.0,0.0,0.0038746002361893226,0.002010866201569564,0.0038746002361893226,0.002010866201569564
screen,instant_RF_exact_pathways,1000.0,read,0.0,0.8,0.0,8.0,2.0,0.001,increasing_alternating_centering_x_rf180,original,increasing_alternating_centering,original_rf180,inc_alt_center_rf180,-0.00032776215309654466,0.13191218540212818,0.13175088930246578,0.1321733839074956,0.13168432565473667,-0.00033174883338490946,0.1318396735330772,0.1317460226553007,0.13210305488928364,0.13167765517812222,-0.011142245203298755,-0.004373229957029753,0.0011324073911787003,0.004311183419564944,-0.001325424435525358,2.7755575615628914e-17,0.13189586750926574,0.13173636094062832,0.13189586750926569,0.1317363609406283,5.421010862427522e-20,0.00013168963817858554,3.418317688352201e-05,0.0001316896381785855,3.418317688352201e-05,-1.3877787807814457e-17,0.03357885604428669,0.010456361739012968,0.0335788560442867,0.01045636173901297
screen,instant_RF_exact_pathways,1000.0,read,0.0,0.8,0.0,8.0,3.0,0.001,increasing_alternating_centering_x_rf180,original,increasing_alternating_centering,original_rf180,inc_alt_center_rf180,0.047695865284228325,0.11251525161480602,0.09804043570763585,0.06275358190281996,0.09597463127987811,0.047328767459401386,0.11219967076115289,0.09800966685766793,0.0627459607848402,0.09588472434075662,0.011096317708686633,0.008421147607779013,0.002456061113251459,-0.000977980992264025,0.004153250221895054,2.7755575615628914e-17,0.08727829866427463,0.09687794285461131,0.0872782986642746,0.09687794285461131,7.711902382375943e-05,0.02482974912741733,0.0011267932572555867,0.024623981983398803,0.000998145137060822,5.551115123125783e-17,0.2787551367063922,0.052877247299141096,0.2787551367063921,0.052877247299141096
screen,instant_RF_exact_pathways,1000.0,read,0.0,0.8,0.0,8.0,4.0,0.001,increasing_alternating_centering_x_rf180,original,increasing_alternating_centering,original_rf180,inc_alt_center_rf180,0.06341090947062197,0.08581267311891375,0.07162617318927134,0.02006556867361551,0.06928997821459507,0.06307227971850934,0.08544937682882689,0.07161504155815399,0.019994905711744206,0.06923285015958064,-0.011120752431028148,-0.007887893722577971,-0.0012627384382240332,0.0016824956980744322,-0.002813101448599779,2.7755575615628914e-17,0.07168665597295829,0.0708332225798119,0.07168665597295827,0.07083322257981191,-0.03873661359429034,0.012934014733382081,0.0007661762468198014,0.05252045165162187,0.0016159995707692538,0.0,0.47314668010586125,0.06968383344922799,0.47314668010586125,0.06968383344922797
screen,instant_RF_exact_pathways,1000.0,read,0.0,0.8,0.0,8.0,5.0,0.001,increasing_alternating_centering_x_rf180,original,increasing_alternating_centering,original_rf180,inc_alt_center_rf180,0.04843084529804072,0.0794894390963923,0.052528628426461485,0.0284307630687437,0.0499007976968536,0.1049507525777842,0.07921097450788883,0.05250312958061618,-0.02841482446044952,0.04982808319006203,0.008655988573559493,0.006647739869282414,0.0016365172184501175,-0.0009518610995729835,0.0026929048231542126,6.938893903907228e-18,0.04742670762509899,0.0516666325660322,0.04742670762509899,0.051666632566032204,-0.045157133110275124,0.030709443161987163,0.0008126151817479466,0.0769163798593067,0.0018624187687923573,1.1102230246251565e-16,0.6861995598071784,0.12308664326457157,0.6861995598071784,0.12308664326457165
screen,instant_RF_exact_pathways,1000.0,read,0.0,0.8,0.0,8.0,6.0,0.001,increasing_alternating_centering_x_rf180,original,increasing_alternating_centering,original_rf180,inc_alt_center_rf180,0.011747140226501335,0.05571203049193708,0.037891856406237275,0.04156191275627822,0.03548887889707975,0.09475056641255784,0.055621925633359603,0.03788622964506638,-0.0415508338625305,0.03546403656173412,-0.004801533828298887,-0.003167290698931885,-0.0006529817701882804,0.0009595818302109994,-0.001327643069344283,6.938893903907228e-18,0.03894612568678318,0.03736322727892224,0.03894612568678318,0.037363227278922245,-0.06569580730660954,0.015021384253667185,0.0004940000939501501,0.0821513688831789,0.0019281774168523162,0.0,0.7851874809976375,0.16359806189166193,0.7851874809976375,0.1635980618916619
screen,instant_RF_exact_pathways,1000.0,read,0.0,0.8,0.0,8.0,7.0,0.001,increasing_alternating_centering_x_rf180,original,increasing_alternating_centering,original_rf180,inc_alt_center_rf180,0.0028402513247542394,0.05451459858788776,0.02735581571749284,0.04967835140592728,0.025359819860286605,0.10217909593024552,0.054512088066785945,0.027354498691648462,-0.0496783447833548,0.025343161771753244,0.0011481240029404946,0.0005231766408276184,0.0002684304342484672,2.5651450687858404e-05,0.0009190292470492017,0.0,0.025760698674185446,0.026930261736889255,0.025760698674185446,0.026930261736889255,-0.04874600123622562,0.02711320328470768,0.0003966446339739712,0.07707724279244033,0.0016146829054809974,0.0,0.8812835985887847,0.24422729721023598,0.8812835985887847,0.24422729721023598
screen,instant_RF_exact_pathways,1000.0,read,0.0,0.8,0.0,8.0,8.0,0.001,increasing_alternating_centering_x_rf180,original,increasing_alternating_centering,original_rf180,inc_alt_center_rf180,0.0024073306030314087,0.03783901879692642,0.019419079515106005,0.03396190061728422,0.017949291938495215,0.07026284778929275,0.037788124335170266,0.019418634404723734,-0.03394618250363468,0.017947175355211533,0.0005216222082755173,0.001961887546182047,0.0001314803015259017,0.0010331442146269637,-0.00027564082175366426,3.469446951953614e-18,0.02114984294141669,0.019189582887137506,0.021149842941416686,0.019189582887137506,-0.0413017540298647,0.014684286537396693,0.00020373783482130234,0.057050016896007825,0.0012677141635677389,0.0,0.9206935245330666,0.3173376868784975,0.9206935245330665,0.3173376868784974
screen,instant_RF_exact_pathways,1000.0,read,90.0,1.0,0.0,8.0,1.0,0.0,increasing_alternating_centering_x_rf180,original,increasing_alternating_centering,original_rf180,inc_alt_center_rf180,0.0,0.5717088319203254,0.6368838357851905,0.5717088319203254,0.6368838357851905,0.0,-9.405069332735742e-07,-1.047725047434877e-06,-9.405069332735742e-07,-1.047725047434877e-06,0.0,-0.5717088319195518,-0.6368838357843287,-0.5717088319195518,-0.6368838357843287,0.0,0.5717088321694964,0.6368838359288798,0.5717088321694964,0.6368838359288798,0.0,0.0,0.0,0.0,0.0,0.0,4.3583552155117837e-10,2.2561301536644559e-10,4.3583552155117837e-10,2.2561301536644559e-10
screen,instant_RF_exact_pathways,1000.0,read,90.0,1.0,0.0,8.0,2.0,0.0,increasing_alternating_centering_x_rf180,original,increasing_alternating_centering,original_rf180,inc_alt_center_rf180,1.8601535867190933e-09,0.5214104584975701,0.5214104555738165,0.5214104570506238,0.5214104559870238,-9.62817311297927e-15,-1.910292259641127e-06,-1.910292251611504e-06,7.334481268636427e-07,7.334481252650924e-07,1.8601534756967908e-09,0.5214104584940707,0.5214104555703172,0.521410457050108,0.5214104559865079,1.1102230246251565e-16,0.5214104578138995,0.5214104559005881,0.5214104578138995,0.5214104559005882,0.0,1.701439232788821e-14,6.76068380290837e-15,1.701439232788821e-14,6.760683802908371e-15,0.0,1.4638737946851762e-09,6.26723447114393e-10,1.4638737946851762e-09,6.267234471143929e-10
screen,instant_RF_exact_pathways,1000.0,read,90.0,1.0,0.0,8.0,3.0,0.0,increasing_alternating_centering_x_rf180,original,increasing_alternating_centering,original_rf180,inc_alt_center_rf180,2.1029338270750486e-09,0.38314905161276686,0.4268281785808852,0.3831490498516068,0.42682817892265895,2.214690468792585e-07,-6.303109539624004e-07,-7.021666273460588e-07,1.312393884894696e-06,1.462007258390296e-06,-2.1027367069770264e-09,-0.3831490516122484,-0.4268281785803076,-0.38314904984935916,-0.42682817892015507,0.0,0.38314905158900237,0.42682817946624896,0.38314905158900225,0.42682817946624885,-5.329794413557361e-14,4.551826915080609e-12,2.8587663950041936e-14,4.585489465586158e-12,8.952270320018138e-15,0.0,4.558552230674989e-09,2.0748737371072497e-09,4.55855223067499e-09,2.0748737371072506e-09
screen,instant_RF_exact_pathways,1000.0,read,90.0,1.0,0.0,8.0,4.0,0.0,increasing_alternating_centering_x_rf180,original,increasing_alternating_centering,original_rf180,inc_alt_center_rf180,2.7573656136148372e-09,0.3493680813661013,0.34936807623202015,0.3493680789644097,0.34936807658769414,-3.5937509851389614e-14,-1.2799803511970821e-06,-1.2799803352899105e-06,2.2628657500595503e-06,2.262865730029212e-06,2.7573656136148372e-09,0.3493680813637566,0.3493680762296754,0.3493680789570814,0.34936807658036584,0.0,0.34936808104036854,0.3493680770018016,0.3493680810403685,0.34936807700180156,8.986116930999696e-12,1.1223794210296299e-11,1.1066782713884462e-13,2.1857496860322066e-12,5.874023387444797e-14,-8.271806125530277e-25,5.980697346921803e-09,2.20412451619013e-09,5.980697346921804e-09,2.2041245161901305e-09
screen,instant_RF_exact_pathways,1000.0,read,90.0,1.0,0.0,8.0,5.0,0.0,increasing_alternating_centering_x_rf180,original,increasing_alternating_centering,original_rf180,inc_alt_center_rf180,3.2213427481053714e-09,0.2566739718121287,0.2859348968704743,0.2566739688851744,0.28593489716486276,2.9672705784048194e-07,-4.222492922090214e-07,-4.703858665203504e-07,2.1806112046251932e-06,2.429201688154346e-06,-3.2203263944374783e-09,-0.25667397181178137,-0.2859348968700874,-0.25667396887591154,-0.28593489715454395,-1.1102230246251565e-16,0.2566739716190429,0.28593489787040965,0.2566739716190428,0.2859348978704095,1.2998869830178217e-11,2.0288443395029602e-11,2.7987913283597884e-13,7.0259515047995584e-12,1.6257072784152067e-14,-1.6543612251060553e-24,1.0758011531741774e-08,3.4983845186192945e-09,1.0758011531741777e-08,3.4983845186192965e-09
screen,instant_RF_exact_pathways,1000.0,read,90.0,1.0,0.0,8.0,6.0,0.0,increasing_alternating_centering_x_rf180,original,increasing_alternating_centering,original_rf180,inc_alt_center_rf180,3.192108327665366e-09,0.23399574373332235,0.2339957339331431,0.2339957407031811,0.23399573409511018,-1.2382936894483751e-13,-8.572905492818232e-07,-8.572905156591877e-07,2.7020396427021985e-06,2.702039552495465e-06,3.1921082999097905e-09,0.23399574373175192,0.2339957339315727,0.23399574068758033,0.2339957340795094,-2.7755575615628914e-17,0.23399574365851122,0.23399573472006588,0.23399574365851122,0.23399573472006585,2.6675242218515105e-11,2.9075119540696367e-11,4.4272766953618013e-13,2.0630384756472886e-12,1.0588882300220733e-13,0.0,1.2763492058022908e-08,3.6917348575953886e-09,1.2763492058022908e-08,3.691734857595389e-09
screen,instant_RF_exact_pathways,1000.0,read,90.0,1.0,0.0,8.0,7.0,0.0,increasing_alternating_centering_x_rf180,original,increasing_alternating_centering,original_rf180,inc_alt_center_rf180,3.8309152516902145e-09,0.1718767432780152,0.19147073899909306,0.17187673958130215,0.19147073913329526,2.980460601480985e-07,-2.827510423899744e-07,-3.1498474175365564e-07,2.33168146279628e-06,2.5974938235806973e-06,-3.8291388115840874e-09,-0.17187674327778263,-0.19147073899883396,-0.17187673956548633,-0.19147073911567647,-2.7755575615628914e-17,0.17187674298069947,0.19147073989497354,0.17187674298069947,0.1914707398949735,3.024048543824629e-11,3.900567147126177e-11,6.254231973543505e-13,8.215323800416685e-12,7.556096475555684e-14,0.0,2.0053711933333755e-08,5.011680245744668e-09,2.0053711933333755e-08,5.011680245744669e-09
screen,instant_RF_exact_pathways,1000.0,read,90.0,1.0,0.0,8.0,8.0,0.0,increasing_alternating_centering_x_rf180,original,increasing_alternating_centering,original_rf180,inc_alt_center_rf180,3.3891024986409946e-09,0.1566584058516637,0.15665839102199128,0.15665840240944875,0.15665839096887882,-2.697276578640244e-13,-5.739496315303304e-07,-5.739495786797507e-07,2.60331039586849e-06,2.6033101789914114e-06,3.3891024986409946e-09,0.15665840585061233,0.1566583910209399,0.15665840238781817,0.15665839094724823,-2.7755575615628914e-17,0.15665840595213512,0.15665839168125903,0.15665840595213512,0.156658391681259,4.6116695554257775e-11,4.7617988778079076e-11,7.616966732442766e-13,9.292575007892034e-13,1.8966095021217828e-13,0.0,2.2924986031976418e-08,5.5713892482407125e-09,2.2924986031976418e-08,5.571389248240713e-09
screen,instant_RF_exact_pathways,1000.0,read,90.0,0.8,0.0,8.0,1.0,0.0,increasing_alternating_centering_x_rf180,original,increasing_alternating_centering,original_rf180,inc_alt_center_rf180,0.0,0.4908112020452584,0.54726944031104,0.4908112020452584,0.54726944031104,0.0,-8.102429782049828e-07,-9.020801528761797e-07,-8.102429782049828e-07,-9.020801528761797e-07,0.0,-0.4908112020445896,-0.5472694403102966,-0.4908112020445896,-0.5472694403102966,0.0,0.49180550937401357,0.5478715068166312,0.49180550937401357,0.5478715068166312,0.0,0.0,0.0,0.0,0.0,0.0,0.002017669842923321,0.0010977128796690477,0.002017669842923321,0.0010977128796690477
screen,instant_RF_exact_pathways,1000.0,read,90.0,0.8,0.0,8.0,2.0,0.0,increasing_alternating_centering_x_rf180,original,increasing_alternating_centering,original_rf180,inc_alt_center_rf180,-0.01031183951346476,0.4012838267020751,0.4064476580061263,0.40936005819116494,0.4042120499817514,-1.627868858706746e-09,-1.4815843700612237e-06,-1.487320556997678e-06,5.74765976388452e-07,5.67401920593291e-07,-0.010311839513473364,0.40128382669934,0.40644765800340504,0.4093600581907615,0.4042120499813532,-1.1102230246251565e-16,0.405705044047879,0.40570504255914785,0.405705044047879,0.40570504255914774,0.0,0.000316311960928632,0.00012568683675003825,0.00031631196092863197,0.0001256868367500382,1.734723475976807e-18,0.012487635937756538,0.0046711700976999,0.012487635937756538,0.004671170097699902
screen,instant_RF_exact_pathways,1000.0,read,90.0,0.8,0.0,8.0,3.0,0.0,increasing_alternating_centering_x_rf180,original,increasing_alternating_centering,original_rf180,inc_alt_center_rf180,-0.16549664730699928,0.18378950857574847,0.2980411964901385,0.3470117579934068,0.2957667986007975,-2.2437714077168958e-07,-7.334093874159748e-07,-5.060587263574876e-07,1.0177896858022581e-06,1.0207632060890557e-06,0.16549664730830185,-0.18378950857428514,-0.29804119648970884,-0.3470117579919142,-0.29576679859903604,-1.6653345369377348e-16,0.26965632187404015,0.30039723828032344,0.2696563218740402,0.30039723828032333,-0.0008016157179328715,0.07656575134014983,0.00047485047474066385,0.07707204534507558,0.00017952876173355262,2.7755575615628914e-17,0.24417538771374347,0.027337409191391458,0.24417538771374345,0.027337409191391465
screen,instant_RF_exact_pathways,1000.0,read,90.0,0.8,0.0,8.0,4.0,0.0,increasing_alternating_centering_x_rf180,original,increasing_alternating_centering,original_rf180,inc_alt_center_rf180,-0.21418020484690786,0.05320311181419983,0.21938683481320456,0.2665009397691514,0.21850445792124829,-3.3876458407280704e-08,-7.580829868180014e-07,-8.191520558185002e-07,1.5142173936588408e-06,1.4192718662510615e-06,-0.21418020485108707,0.05320311180879893,0.21938683481167529,0.2665009397648496,0.21850445791663892,-1.1102230246251565e-16,0.22240177946923823,0.22240177689835527,0.22240177946923828,0.22240177689835522,0.1224308469451473,0.16349292387526465,0.001478079871909761,0.04045938702081063,0.0008753899626030539,5.551115123125783e-17,0.44521776392479545,0.04251792763530509,0.4452177639247954,0.042517927635305104
screen,instant_RF_exact_pathways,1000.0,read,90.0,0.8,0.0,8.0,5.0,0.0,increasing_alternating_centering_x_rf180,original,increasing_alternating_centering,original_rf180,inc_alt_center_rf180,-0.15017196925570825,0.09527275582684341,0.16006763271692037,0.24679867057866434,0.16142157821303305,-2.576646295914124e-07,-7.486174100040712e-07,-2.8375428086264816e-07,1.1597382332682113e-06,1.366936732818222e-06,0.34071748090926524,0.09527275582390224,-0.16006763271666888,-0.24679867057593946,-0.16142157820724534,-5.551115123125783e-17,0.1477913600571814,0.16463962893284623,0.14779136005718146,0.16463962893284623,0.14163800437420704,0.23910913547610907,0.002751545972133816,0.09515578720170245,0.0004362020719342498,1.1102230246251565e-16,0.6669295093424583,0.08061024012213891,0.6669295093424582,0.08061024012213891
screen,instant_RF_exact_pathways,1000.0,read,90.0,0.8,0.0,8.0,6.0,0.0,increasing_alternating_centering_x_rf180,original,increasing_alternating_centering,original_rf180,inc_alt_center_rf180,-0.04345848860500748,0.1307576093171604,0.1180484797964544,0.17545344104222002,0.11928582291650654,5.22903857105384e-07,-3.321589307522888e-07,-4.4927631884985314e-07,9.596047189521907e-07,1.3653911879600104e-06,-0.3049737072432417,-0.13075760931673852,0.11804847979559946,0.17545344103959584,0.11928582290869214,-2.7755575615628914e-17,0.1218673463803741,0.12186734172514153,0.12186734638037411,0.12186734172514152,0.20529532719689758,0.25486335544993144,0.0030811567606905373,0.04770998117297651,0.0012231096806332028,-1.1102230246251565e-16,0.772111228214572,0.11770594919992715,0.772111228214572,0.11770594919992708
screen,instant_RF_exact_pathways,1000.0,read,90.0,0.8,0.0,8.0,7.0,0.0,increasing_alternating_centering_x_rf180,original,increasing_alternating_centering,original_rf180,inc_alt_center_rf180,-0.017142610180597234,0.15172585925347928,0.08744825632154406,0.16985457219762257,0.0884343590850901,2.9720988419445966e-07,-6.038619860985002e-07,-1.5726729110848647e-07,4.340516583031186e-07,1.177856237487592e-06,0.320594328693502,0.1517258592522776,-0.08744825632140264,-0.16985457219706795,-0.08843435907724617,-1.3877787807814457e-17,0.08096712042560118,0.09019739486683288,0.0809671204256012,0.09019739486683288,0.15205909084068447,0.23734234638310225,0.0025330678075831253,0.08367869340870261,0.0009285056738679668,0.0,0.8740615181218521,0.18533594834974584,0.8740615181218521,0.18533594834974584
screen,instant_RF_exact_pathways,1000.0,read,90.0,0.8,0.0,8.0,8.0,0.0,increasing_alternating_centering_x_rf180,original,increasing_alternating_centering,original_rf180,inc_alt_center_rf180,-0.023873382943225996,0.09757101105213878,0.06548202871327181,0.12122702560883401,0.06526466032674105,9.67103721481471e-07,-2.212427807241876e-07,-2.484521895757342e-07,1.2107023332506876e-07,1.0609645459549931e-06,-0.21901540505534461,-0.09757101105188794,0.06548202871280048,0.12122702560877355,0.06526466031811735,0.0,0.06675095194006753,0.0667509458593561,0.06675095194006754,0.06675094585935612,0.12582876850701774,0.17312642447230486,0.0015197490937635168,0.047077672658674005,0.0012997657871504044,-1.1102230246251565e-16,0.9161819677002013,0.2581519588544155,0.9161819677002013,0.25815195885441544
screen,instant_RF_exact_pathways,1000.0,read,0.0,1.0,0.0,8.0,1.0,0.0,increasing_alternating_centering_x_rf180,original,increasing_alternating_centering,original_rf180,inc_alt_center_rf180,0.0,0.5717088321694999,0.6368838359288833,0.5717088321694999,0.6368838359288833,0.0,0.5717088321683844,0.636883835927641,0.5717088321683844,0.636883835927641,0.0,1.1293225337692751e-06,1.257931804676126e-06,1.1293225337692751e-06,1.257931804676126e-06,0.0,0.5717088321694963,0.6368838359288799,0.5717088321694963,0.6368838359288799,0.0,0.0,0.0,0.0,0.0,0.0,4.358355215511784e-10,2.2561301536644556e-10,4.358355215511784e-10,2.2561301536644556e-10
screen,instant_RF_exact_pathways,1000.0,read,0.0,1.0,0.0,8.0,2.0,0.0,increasing_alternating_centering_x_rf180,original,increasing_alternating_centering,original_rf180,inc_alt_center_rf180,-5.6288307348495437e-14,0.521410457813892,0.5214104559005924,0.5214104578139362,0.5214104559005804,-5.1958437552457326e-14,0.5214104578138914,0.5214104559005919,0.5214104578073451,0.5214104558939936,1.8601155809304613e-09,2.347524320086568e-08,2.2464809391178825e-08,-2.6217120560648666e-06,-2.620862374293623e-06,0.0,0.5214104578138994,0.5214104559005881,0.5214104578138994,0.5214104559005881,3.1554436208840472e-30,2.0528477925657762e-14,5.395764651702351e-15,2.0528477925657756e-14,5.395764651702349e-15,0.0,1.4638737946851766e-09,6.26723447114393e-10,1.4638737946851766e-09,6.26723447114393e-10
screen,instant_RF_exact_pathways,1000.0,read,0.0,1.0,0.0,8.0,3.0,0.0,increasing_alternating_centering_x_rf180,original,increasing_alternating_centering,original_rf180,inc_alt_center_rf180,8.618550317862628e-12,0.38314905159355495,0.4268281794664664,0.3831490515845367,0.4268281794660667,7.629896714433926e-12,0.38314905159280777,0.4268281794656323,0.3831490515750155,0.4268281794554699,2.1935693297555338e-07,7.566564746713014e-07,8.438325372073375e-07,2.7011316156852156e-06,3.0076646111968052e-06,-2.220446049250313e-16,0.38314905158900214,0.426828179466249,0.3831490515890022,0.42682817946624885,1.5011771171803045e-14,4.5331676517379735e-12,2.1380480503631327e-13,4.49255257147041e-12,1.8820149594055326e-13,1.6543612251060553e-24,4.558552230674991e-09,2.0748737371072497e-09,4.5585522306749905e-09,2.0748737371072506e-09
screen,instant_RF_exact_pathways,1000.0,read,0.0,1.0,0.0,8.0,4.0,0.0,increasing_alternating_centering_x_rf180,original,increasing_alternating_centering,original_rf180,inc_alt_center_rf180,1.2732370713308683e-11,0.3493680810425538,0.3493680770019711,0.3493680810293068,0.34936807700145645,1.2749079569829291e-11,0.34936808104255346,0.3493680770019708,0.3493680810114768,0.34936807698364325,2.7707639672144645e-09,1.56083402158496e-08,1.4501695367539987e-08,-3.5296528695730897e-06,-3.527988750454185e-06,-5.551115123125783e-17,0.3493680810403685,0.34936807700180167,0.3493680810403685,0.3493680770018016,-8.74509764682512e-12,2.1663365404193646e-12,1.6683848001495223e-13,1.1093997342594197e-11,3.494016353646654e-13,0.0,5.980697346921804e-09,2.2041245161901297e-09,5.980697346921804e-09,2.20412451619013e-09
screen,instant_RF_exact_pathways,1000.0,read,0.0,1.0,0.0,8.0,5.0,0.0,increasing_alternating_centering_x_rf180,original,increasing_alternating_centering,original_rf180,inc_alt_center_rf180,2.634059637074415e-11,0.25667397162603534,0.28593489787061643,0.25667397159900496,0.28593489786992665,2.4277191368327067e-11,0.25667397162553524,0.2859348978700568,0.25667397158013333,0.2859348978489321,2.9347865237532494e-07,5.066945387318637e-07,5.656952810832274e-07,3.112509317273449e-06,3.4649887120001376e-06,5.551115123125783e-17,0.2566739716190428,0.28593489787040965,0.2566739716190428,0.2859348978704097,-1.2828077154018499e-11,6.9678741360505686e-12,2.0410886617921349e-13,2.0082792282258908e-11,4.909498583690551e-13,0.0,1.0758011531741777e-08,3.4983845186192945e-09,1.0758011531741777e-08,3.498384518619294e-09
screen,instant_RF_exact_pathways,1000.0,read,0.0,1.0,0.0,8.0,6.0,0.0,increasing_alternating_centering_x_rf180,original,increasing_alternating_centering,original_rf180,inc_alt_center_rf180,2.997599390930361e-11,0.23399574366055756,0.23399573472019816,0.23399574362978073,0.23399573471939733,3.001135451263792e-11,0.23399574366055734,0.23399573472019797,0.23399574360282058,0.23399573469247256,3.2230456247671207e-09,1.0332185179390016e-08,9.441800852564762e-09,-3.5520593030865262e-06,-3.5497266417885843e-06,8.326672684688674e-17,0.2339957436585112,0.23399573472006588,0.23399574365851117,0.23399573472006593,-2.62046486684699e-11,2.0267198981875504e-12,1.2947016554832408e-13,2.8777991414830635e-11,6.760930137215083e-13,-3.308722450212111e-24,1.2763492058022908e-08,3.6917348575953886e-09,1.276349205802291e-08,3.6917348575953874e-09
screen,instant_RF_exact_pathways,1000.0,read,0.0,1.0,0.0,8.0,7.0,0.0,increasing_alternating_centering_x_rf180,original,increasing_alternating_centering,original_rf180,inc_alt_center_rf180,4.588543434103087e-11,0.1718767429888963,0.1914707398950749,0.17187674294212713,0.19147073989419117,4.307793011193439e-11,0.1718767429885618,0.19147073989469976,0.1718767429166859,0.1914707398659018,2.9416845533846526e-07,3.391047155331482e-07,3.790326914039471e-07,2.957281176668284e-06,3.2913776078775483e-06,-2.7755575615628914e-17,0.1718767429806994,0.19147073989497357,0.17187674298069944,0.19147073989497357,-2.976791896507024e-11,8.172772235958045e-12,9.938749744052938e-14,3.8633397783151355e-11,7.920940795635977e-13,3.308722450212111e-24,2.0053711933333762e-08,5.011680245744667e-09,2.005371193333376e-08,5.011680245744667e-09
screen,instant_RF_exact_pathways,1000.0,read,0.0,1.0,0.0,8.0,8.0,0.0,increasing_alternating_centering_x_rf180,original,increasing_alternating_centering,original_rf180,inc_alt_center_rf180,4.704611700212524e-11,0.15665840595303046,0.15665839168126905,0.15665840590504237,0.15665839168032708,4.7103432265771517e-11,0.15665840595303032,0.15665839168126894,0.15665840587288962,0.15665839164823167,3.4373669126584698e-09,6.794921050390493e-09,6.189251566086513e-09,-3.173955894456689e-06,-3.1711241970283345e-06,5.551115123125783e-17,0.15665840595213507,0.15665839168125903,0.15665840595213507,0.15665839168125908,-4.534445585168603e-11,8.777067941569146e-13,7.982056488156754e-15,4.7156288669401376e-11,9.421080800465904e-13,-3.308722450212111e-24,2.2924986031976427e-08,5.5713892482407125e-09,2.2924986031976427e-08,5.57138924824071e-09
screen,instant_RF_exact_pathways,1000.0,read,0.0,0.8,0.0,8.0,1.0,0.0,increasing_alternating_centering_x_rf180,original,increasing_alternating_centering,original_rf180,inc_alt_center_rf180,0.0,0.4918741430933228,0.5479395279897853,0.4918741430933228,0.5479395279897853,0.0,0.4918732685899014,0.5479392664273832,0.4918732685899014,0.5479392664273832,0.0,0.0009275184512122105,0.000535388354253085,0.0009275184512122105,0.000535388354253085,0.0,0.4918055093740136,0.5478715068166311,0.4918055093740136,0.5478715068166311,0.0,0.0,0.0,0.0,0.0,0.0,0.0020176698429233207,0.001097712879669048,0.0020176698429233207,0.001097712879669048
screen,instant_RF_exact_pathways,1000.0,read,0.0,0.8,0.0,8.0,2.0,0.0,increasing_alternating_centering_x_rf180,original,increasing_alternating_centering,original_rf180,inc_alt_center_rf180,-0.0009585968007878587,0.40560346278717363,0.40577706176034184,0.4063639234098724,0.4055789255822527,-0.0009639115060883774,0.4055786868828026,0.40577619474746246,0.4063419720241834,0.4055755683827549,-0.01119583786573506,-0.0044830537993365595,0.0008388248480304172,0.004223744850529269,-0.0016502143678388146,-5.551115123125783e-17,0.4057050440478791,0.40570504255914785,0.4057050440478791,0.4057050425591478,5.421010862427522e-20,0.0003816417878704745,0.00010031183393437155,0.00038164178787047443,0.00010031183393437155,1.734723475976807e-18,0.012487635937756534,0.0046711700976999,0.012487635937756534,0.004671170097699901
screen,instant_RF_exact_pathways,1000.0,read,0.0,0.8,0.0,8.0,3.0,0.0,increasing_alternating_centering_x_rf180,original,increasing_alternating_centering,original_rf180,inc_alt_center_rf180,0.1452299914199751,0.34630122962674353,0.30399014706141864,0.1944049048815007,0.2973238137361509,0.14509473131513126,0.3461849071174292,0.30397740589814287,0.19440395464251972,0.29729118473836463,0.011204427629395632,0.0089750612862222,0.0027832020872806617,-0.0006078333114149393,0.004404735119039154,0.0,0.2696563218740402,0.3003972382803235,0.26965632187404015,0.30039723828032344,0.00022578116135957282,0.07619591687491128,0.003535648314321017,0.07558505491287551,0.0031505675136448133,8.326672684688674e-17,0.24417538771374356,0.02733740919139145,0.24417538771374347,0.027337409191391458
screen,instant_RF_exact_pathways,1000.0,read,0.0,0.8,0.0,8.0,4.0,0.0,increasing_alternating_centering_x_rf180,original,increasing_alternating_centering,original_rf180,inc_alt_center_rf180,0.19419095150261628,0.2654832868539148,0.22518798549171487,0.06341835887604372,0.21731400901646006,0.19407397994499026,0.26536579422816453,0.22518258692862872,0.06340187978748445,0.2172926524329389,-0.010830474834663411,-0.007897521915984734,-0.0015592799451548448,0.0014456423983972302,-0.003046590465436293,-5.551115123125783e-17,0.2224017794692383,0.22240177689835536,0.22240177946923828,0.22240177689835527,-0.1191032589443804,0.04018554997929705,0.0027001830669543827,0.1617783592996366,0.005189733442913533,0.0,0.4452177639247954,0.042517927635305076,0.4452177639247954,0.04251792763530509
screen,instant_RF_exact_pathways,1000.0,read,0.0,0.8,0.0,8.0,5.0,0.0,increasing_alternating_centering_x_rf180,original,increasing_alternating_centering,original_rf180,inc_alt_center_rf180,0.15102207632297654,0.24590032485047184,0.16777484717201208,0.08568833136385402,0.1585849300083708,0.32228198839453864,0.24580313147909982,0.16776437696802293,-0.0856836890078956,0.15855954487556617,0.008768042857895815,0.006913054074426646,0.0018743436512832752,-0.0008919472629478866,0.002837385171804557,-2.7755575615628914e-17,0.14779136005718152,0.1646396289328463,0.14779136005718144,0.1646396289328462,-0.1395908741361669,0.09436740796121512,0.0030218322912512084,0.23711943563468388,0.006182985828553089,0.0,0.6669295093424582,0.08061024012213888,0.6669295093424582,0.08061024012213892
screen,instant_RF_exact_pathways,1000.0,read,0.0,0.8,0.0,8.0,6.0,0.0,increasing_alternating_centering_x_rf180,original,increasing_alternating_centering,original_rf180,inc_alt_center_rf180,0.040460840197922815,0.17488043647467955,0.12437353880076432,0.12546620800196087,0.11542015052596846,0.2913599014797666,0.1748551736174902,0.12437080882328923,-0.12546445159196082,0.11541108509360481,-0.004258829184057185,-0.002972426747926262,-0.0008240548926319628,0.000663880350539797,-0.0014465769782230885,-1.3877787807814457e-17,0.12186734638037415,0.12186734172514159,0.12186734638037412,0.12186734172514155,-0.20152993443457712,0.04728147059094342,0.0023664813747317024,0.2530381481802756,0.006593224529486747,-1.1102230246251565e-16,0.772111228214572,0.1177059491999271,0.772111228214572,0.11770594919992705
screen,instant_RF_exact_pathways,1000.0,read,0.0,0.8,0.0,8.0,7.0,0.0,increasing_alternating_centering_x_rf180,original,increasing_alternating_centering,original_rf180,inc_alt_center_rf180,0.012321967272344858,0.1698037786517086,0.09250004638764482,0.14960141036355654,0.08461964537183761,0.3115192579234066,0.16980297517904142,0.09249946683451352,-0.14960140594183194,0.0846143436370468,0.0011785216129501332,0.0005223645702922899,0.0003274401428932372,-3.637296324870834e-05,0.0009472242223023721,-4.163336342344337e-17,0.08096712042560121,0.09019739486683293,0.08096712042560121,0.09019739486683288,-0.14964691653153633,0.08310148847423987,0.002165305451200431,0.23630290660292477,0.005719807048349007,1.1102230246251565e-16,0.8740615181218521,0.18533594834974576,0.8740615181218521,0.18533594834974584
screen,instant_RF_exact_pathways,1000.0,read,0.0,0.8,0.0,8.0,8.0,0.0,increasing_alternating_centering_x_rf180,original,increasing_alternating_centering,original_rf180,inc_alt_center_rf180,0.014898230170874632,0.1204705721166085,0.06870157416942199,0.09921005756368508,0.062339289787373194,0.21329423446736745,0.12045031938648097,0.06870144325182909,-0.0992068123855594,0.06233854594715618,0.000967828290462155,0.002208915072539875,0.0001341211105627669,0.0008024326053480931,-0.0003045330661668598,-4.163336342344337e-17,0.06675095194006757,0.06675094585935616,0.06675095194006755,0.0667509458593561,-0.12343767898848806,0.04673089937616398,0.0018026191672599714,0.1729262290637325,0.004560269866340431,1.1102230246251565e-16,0.9161819677002013,0.25815195885441544,0.9161819677002013,0.2581519588544155
screen,finite_RF_static_Bloch,1000.0,read,90.0,0.8,0.0,8.0,1.0,,increasing_centering_x_rf180,original,increasing_centering,original_rf180,increasing_centering_rf180,0.0,0.2697870344096004,0.28711333277371676,0.2697870344096004,0.28711333277371676,0.0,0.2697744019263688,0.28710010648972295,0.2697744019263688,0.28710010648972295,0.0,-0.002610747172157214,-0.0027558501448304547,-0.002610747172157214,-0.0027558501448304547,,,,,,,,,,,,,,,
screen,finite_RF_static_Bloch,1000.0,read,90.0,0.8,0.0,8.0,2.0,,increasing_centering_x_rf180,original,increasing_centering,original_rf180,increasing_centering_rf180,-0.0038651843862788915,0.19944691012095758,0.20145450204163717,0.20084766105615798,0.19899006859055868,0.003851211173998864,-0.19942779818713444,-0.20141609595172827,-0.20083789138006375,-0.19897497797065872,-0.0007028808309727358,0.002761026444804865,0.003933533323640517,0.001980994128975894,0.00245062017683881,,,,,,,,,,,,,,,
screen,finite_RF_static_Bloch,1000.0,read,90.0,0.8,0.0,8.0,3.0,,increasing_centering_x_rf180,original,increasing_centering,original_rf180,increasing_centering_rf180,-0.0678121211860892,0.1026164201003395,0.13116346385357017,0.19408313188386317,0.15481805445100463,-0.06777657911998489,0.1025895450168853,0.13116244396800786,0.1940212945588064,0.15481761438994407,-0.0024024110280810333,0.0023483882638571,-0.0005172450154455515,0.004898912080645766,-0.00036913222673791825,,,,,,,,,,,,,,,
screen,finite_RF_static_Bloch,1000.0,read,90.0,0.8,0.0,8.0,4.0,,increasing_centering_x_rf180,original,increasing_centering,original_rf180,increasing_centering_rf180,-0.0838975174078605,0.04499564308129846,0.10569221823824776,0.14596483388904444,0.12276389163813323,0.08424003229183931,-0.04499167112355308,-0.10568203090678334,-0.14596477258746363,-0.12241510007885457,0.007316003592128925,-0.0005978509928417442,0.001467426161373671,-0.00013377498406783023,0.009247505762276509,,,,,,,,,,,,,,,
screen,finite_RF_static_Bloch,1000.0,read,90.0,0.8,0.0,8.0,5.0,,increasing_centering_x_rf180,original,increasing_centering,original_rf180,increasing_centering_rf180,-0.10476366340240052,0.005523451207374798,0.09292617458150204,0.129431656838682,0.11207071681040871,-0.11315893116709791,-0.003069001308399183,0.09291938726030047,0.1292403023944299,0.11206975979603165,-0.004029391738445998,0.004592357151757061,0.0011231177685830996,0.0070354835656585,-0.00046314755596146015,,,,,,,,,,,,,,,
screen,finite_RF_static_Bloch,1000.0,read,90.0,0.8,0.0,8.0,6.0,,increasing_centering_x_rf180,original,increasing_centering,original_rf180,increasing_centering_rf180,-0.0745257932330831,0.019934257836277655,0.07373392740970647,0.10404614727556663,0.08332002361591234,0.11433695129315198,0.019860460756066595,-0.07371134555817435,-0.10399192388034491,-0.08322677890143387,0.0004710869025464626,0.0017136901820153717,0.0018247156664183172,0.003358650108816132,0.00394076249576554,,,,,,,,,,,,,,,
screen,finite_RF_static_Bloch,1000.0,read,90.0,0.8,0.0,8.0,7.0,,increasing_centering_x_rf180,original,increasing_centering,original_rf180,increasing_centering_rf180,-0.04414268919390103,0.04136813003409695,0.06265165703091907,0.09059814838996458,0.06773898619288567,-0.12676021945612284,-0.04132097828873353,0.06264658939130412,0.09045990139075502,0.06766724961466983,-0.005348313876388365,0.001974572303048442,-0.0007968477629088447,0.00500307226261198,-0.003116661679733672,,,,,,,,,,,,,,,
screen,finite_RF_static_Bloch,1000.0,read,90.0,0.8,0.0,8.0,8.0,,increasing_centering_x_rf180,original,increasing_centering,original_rf180,increasing_centering_rf180,-0.02676296918941841,0.041793601509860556,0.052449570045615186,0.07087301911558647,0.05476601846192269,0.11031913602384787,0.04176078400911361,-0.05240364721303983,-0.07087166431208711,-0.05471695951039268,0.0019709106405360645,0.001655912470265133,-0.0021943465408081108,-0.0004382193436201021,-0.0023175677141572815,,,,,,,,,,,,,,,
screen,finite_RF_static_Bloch,1000.0,read,0.0,1.0,0.0,8.0,1.0,,increasing_centering_x_rf180,original,increasing_centering,original_rf180,increasing_centering_rf180,0.0,0.2455084451217991,0.24850106405226652,0.2455084451217991,0.24850106405226652,0.0,-0.0032448769234316712,-0.004910058550749369,-0.0032448769234316712,-0.004910058550749369,0.0,0.2454870004702392,0.2484525511242275,0.2454870004702392,0.2484525511242275,,,,,,,,,,,,,,,
screen,finite_RF_static_Bloch,1000.0,read,0.0,1.0,0.0,8.0,2.0,,increasing_centering_x_rf180,original,increasing_centering,original_rf180,increasing_centering_rf180,-0.004232793857909839,0.17408066530266472,0.17832046272770738,0.1635446575185474,0.16355166108568023,0.005414921411751431,-0.0031780999121127037,-0.0056344292284990945,0.000966144693054164,0.003924736788419205,-0.00421701217714901,0.17405165242871729,0.17823142437486358,0.1635418037300893,0.1635045634990866,,,,,,,,,,,,,,,
screen,finite_RF_static_Bloch,1000.0,read,0.0,1.0,0.0,8.0,3.0,,increasing_centering_x_rf180,original,increasing_centering,original_rf180,increasing_centering_rf180,0.07622326539882614,0.16069829149525128,0.1258061492568168,0.09733856368077214,0.1386696868411638,-0.010547481283077483,0.0012929808305973509,-0.0018234463915474343,0.0033115546347892255,-0.010352353870433042,0.07590066020321669,0.16069308973961655,0.1257929339592873,0.09728221618228348,0.13828272060517094,,,,,,,,,,,,,,,
screen,finite_RF_static_Bloch,1000.0,read,0.0,1.0,0.0,8.0,4.0,,increasing_centering_x_rf180,original,increasing_centering,original_rf180,increasing_centering_rf180,0.09883498080570446,0.12932732414796347,0.0881240395917202,0.05896130097433697,0.11659299722379818,0.010497984144945561,0.004887420181354245,0.004007572926499163,0.0023630353955490916,0.011981172285639571,0.09826391098487512,0.12923494069036945,0.08803286723265272,0.05891392939115275,0.11597576691831114,,,,,,,,,,,,,,,
screen,finite_RF_static_Bloch,1000.0,read,0.0,1.0,0.0,8.0,5.0,,increasing_centering_x_rf180,original,increasing_centering,original_rf180,increasing_centering_rf180,0.10557074704436015,0.11169357192447797,0.0683514459311198,0.033565207500229496,0.09579382855123147,0.008215027826511942,0.005770167366950598,0.000676278588464995,-0.005236350892476566,-0.0021152118444502255,0.10581255718724757,0.11154442692401048,0.06834810025264476,0.033154242320769786,0.09577047283665163,,,,,,,,,,,,,,,
screen,finite_RF_static_Bloch,1000.0,read,0.0,1.0,0.0,8.0,6.0,,increasing_centering_x_rf180,original,increasing_centering,original_rf180,increasing_centering_rf180,0.0919797405647582,0.09049070100074613,0.05414098985633633,0.0200583239405775,0.0756883533609259,0.01244605719763012,0.007266492132741192,-0.0002625310829990589,0.0008147669927292284,0.005731800974619098,0.09148736296410104,0.09019847592776303,0.05414035334253345,0.020041769234593623,0.07547100961346508,,,,,,,,,,,,,,,
screen,finite_RF_static_Bloch,1000.0,read,0.0,1.0,0.0,8.0,7.0,,increasing_centering_x_rf180,original,increasing_centering,original_rf180,increasing_centering_rf180,0.083586628977381,0.07884813956707859,0.040810092149246614,0.015094335480932369,0.060642917040481394,0.003310435742923089,-0.0031371731978516474,-0.002134657041522715,-0.004721431216981406,-0.00040847931772938393,0.0843361087125285,0.07878570465202546,0.040754225063729006,0.01433691218060037,0.060641541304832416,,,,,,,,,,,,,,,
screen,finite_RF_static_Bloch,1000.0,read,0.0,1.0,0.0,8.0,8.0,,increasing_centering_x_rf180,original,increasing_centering,original_rf180,increasing_centering_rf180,0.05611901335359255,0.06270890884743201,0.04195268692509646,0.008839637442967837,0.04420242887422485,0.008940500029212891,0.005649352500825831,0.00027916783461031465,0.001269086421218332,0.004839401784215706,0.05569081307294452,0.062453919533980815,0.041951758074665696,0.008748063201566288,0.04393671481519569,,,,,,,,,,,,,,,
screen,finite_RF_static_Bloch,1000.0,read,90.0,1.0,0.0,8.0,1.0,,increasing_centering_x_rf180,original,increasing_centering,original_rf180,increasing_centering_rf180,0.0,0.2441917467263025,0.24805902664203094,0.2441917467263025,0.24805902664203094,0.0,0.2441691149836675,0.24801095795424974,0.2441691149836675,0.24801095795424974,0.0,-0.0033245236253082477,-0.004883178596691768,-0.0033245236253082477,-0.004883178596691768,,,,,,,,,,,,,,,
screen,finite_RF_static_Bloch,1000.0,read,90.0,1.0,0.0,8.0,2.0,,increasing_centering_x_rf180,original,increasing_centering,original_rf180,increasing_centering_rf180,-0.0011391093583136558,0.1810054625174696,0.18255127701827992,0.16359416490470177,0.16400087004719843,0.0011497776718817632,-0.1809909593379285,-0.1825489530569612,-0.16359263677534397,-0.1640008528224949,-0.002430178571335431,-0.002291309472639517,0.0009211290963546121,-0.00070709529565026,7.516470200843832e-05,,,,,,,,,,,,,,,
screen,finite_RF_static_Bloch,1000.0,read,90.0,1.0,0.0,8.0,3.0,,increasing_centering_x_rf180,original,increasing_centering,original_rf180,increasing_centering_rf180,-0.08821658641655035,0.09808397421500868,0.13611539421290675,0.16030162599454734,0.11011645957589507,-0.08820440296894637,0.09806726087512398,0.13608719595428814,0.16030091078747558,0.11011644289769337,-0.0013781189243026021,0.0018106193031298635,0.0027704943663890832,0.00047884987368739884,6.06060126440162e-05,,,,,,,,,,,,,,,
screen,finite_RF_static_Bloch,1000.0,read,90.0,1.0,0.0,8.0,4.0,,increasing_centering_x_rf180,original,increasing_centering,original_rf180,increasing_centering_rf180,-0.10239199863160708,0.054362214233792165,0.11069875262236084,0.12335755716682488,0.07730209692378646,0.10292151920053216,-0.05427295960162368,-0.11069870078382793,-0.12335751348680404,-0.07686173546847613,0.011564217280413102,0.003113870980185276,-0.00010713038399146274,-0.00010381001602280501,0.008239405900213558,,,,,,,,,,,,,,,
screen,finite_RF_static_Bloch,1000.0,read,90.0,1.0,0.0,8.0,5.0,,increasing_centering_x_rf180,original,increasing_centering,original_rf180,increasing_centering_rf180,-0.09699197947437795,0.03926057160997544,0.09880531675816996,0.10445565325821907,0.06700841893203564,-0.09710768687587501,0.03911595587572645,0.09879688623042124,0.10438800512497173,0.06696124860379152,-0.000831110485801164,-0.003366671809106231,-0.0012906939433898965,-0.0037587077074662124,-0.0025138403275510417,,,,,,,,,,,,,,,
screen,finite_RF_static_Bloch,1000.0,read,90.0,1.0,0.0,8.0,6.0,,increasing_centering_x_rf180,original,increasing_centering,original_rf180,increasing_centering_rf180,-0.0937573761334173,0.017959469282255617,0.07657667471867154,0.08459169095333018,0.049451520256328804,0.09389593277939233,-0.017802192437405818,-0.0765653847251378,-0.08456616700025882,-0.04943342650859847,0.007101990620606309,0.0023715988956512545,-0.0013149041261109596,-0.002077878058996057,0.0013376095398480383,,,,,,,,,,,,,,,
screen,finite_RF_static_Bloch,1000.0,read,90.0,1.0,0.0,8.0,7.0,,increasing_centering_x_rf180,original,increasing_centering,original_rf180,increasing_centering_rf180,-0.08086095433307959,0.01003975030576161,0.06656878120099996,0.06894067860586076,0.04460875516801951,-0.08133518574388666,0.009654510853550183,0.06650494859168872,0.0689405500957387,0.04445580208999057,0.0018449677556779064,0.0027544521017295017,-0.002914522843184866,0.0001331132357481297,-0.0036908939534883315,,,,,,,,,,,,,,,
screen,finite_RF_static_Bloch,1000.0,read,90.0,1.0,0.0,8.0,8.0,,increasing_centering_x_rf180,original,increasing_centering,original_rf180,increasing_centering_rf180,-0.07369245216785904,0.0011126382786846487,0.05257074267326622,0.0569585046037262,0.034724156830448744,0.07412876180360004,-0.0008278170500010721,-0.052500001237319766,-0.056957763661929894,-0.03450118604564855,-0.00620219524675311,0.000743426439482657,0.002726326337802778,0.0002905259445170538,-0.003928769403915935,,,,,,,,,,,,,,,
screen,finite_RF_static_Bloch,1000.0,read,0.0,0.8,0.0,8.0,1.0,,increasing_centering_x_rf180,original,increasing_centering,original_rf180,increasing_centering_rf180,0.0,0.2739454106026763,0.2910134879142601,0.2739454106026763,0.2910134879142601,0.0,-0.004991579147107938,-0.005448413794415983,-0.004991579147107938,-0.005448413794415983,0.0,0.2738999308650644,0.2909624802876619,0.2738999308650644,0.2909624802876619,,,,,,,,,,,,,,,
screen,finite_RF_static_Bloch,1000.0,read,0.0,0.8,0.0,8.0,2.0,,increasing_centering_x_rf180,original,increasing_centering,original_rf180,increasing_centering_rf180,-0.0030198809126563697,0.20311633593669665,0.20529422464397,0.19475432108962173,0.19391232888423873,0.007152792966131326,0.006792072383082392,0.004008816485619926,-0.003671357155083128,0.000698179913585732,-0.0030609786947587703,0.20300274302849206,0.2052550804792745,0.19471971322832032,0.19391107198434399,,,,,,,,,,,,,,,
screen,finite_RF_static_Bloch,1000.0,read,0.0,0.8,0.0,8.0,3.0,,increasing_centering_x_rf180,original,increasing_centering,original_rf180,increasing_centering_rf180,0.05241507809442103,0.1881336324321432,0.1641918621363382,0.10167903788190151,0.13015234568051753,-0.007877307870989746,-0.0028804625945044347,-0.00563800863484644,0.00643973490748505,-0.004195119003846701,0.05262635807357702,0.18811158015219165,0.1640950348134632,0.10147490605519417,0.13008471879004274,,,,,,,,,,,,,,,
screen,finite_RF_static_Bloch,1000.0,read,0.0,0.8,0.0,8.0,4.0,,increasing_centering_x_rf180,original,increasing_centering,original_rf180,increasing_centering_rf180,0.08094875687069181,0.1455171690923911,0.1288687137547778,0.04463067557264835,0.10893097710572686,0.014493941128971715,0.007134656286986935,0.0010389089531118684,-0.006088219006869746,0.0023099747882269024,0.08117064643794052,0.14534215899156755,0.12886452596815773,0.04421346843887482,0.10890648185340551,,,,,,,,,,,,,,,
screen,finite_RF_static_Bloch,1000.0,read,0.0,0.8,0.0,8.0,5.0,,increasing_centering_x_rf180,original,increasing_centering,original_rf180,increasing_centering_rf180,0.10767453964709003,0.13054789918198786,0.11105654859981608,0.003878244310908255,0.09206143337582649,-0.0019369907492693059,-0.005332037905887434,-0.0018729534647215136,0.0034959909288760933,0.0050180846207727075,0.10964384284542594,0.13043896408895866,0.1110407539249545,0.00167893607987568,0.09192456876129745,,,,,,,,,,,,,,,
screen,finite_RF_static_Bloch,1000.0,read,0.0,0.8,0.0,8.0,6.0,,increasing_centering_x_rf180,original,increasing_centering,original_rf180,increasing_centering_rf180,0.07794911936561917,0.10270460224719587,0.0850037853192158,0.02009783476036803,0.08034613719800714,0.002650500214497432,0.004402119102198071,0.008956339532124984,-0.005014377976120177,0.0021903426683041677,0.11785810732958724,0.10261021718213431,0.08453063054763417,-0.019462244874825167,0.08031627582026193,,,,,,,,,,,,,,,
screen,finite_RF_static_Bloch,1000.0,read,0.0,0.8,0.0,8.0,7.0,,increasing_centering_x_rf180,original,increasing_centering,original_rf180,increasing_centering_rf180,0.04363715732676721,0.09213087536241317,0.07334590832695016,0.036480557032343604,0.06133274732364781,-0.006181725959404151,-0.004103604759438988,-0.0031559131642233057,0.003735435591022961,-0.0014985987731655074,0.11636470366413676,0.09203944058403887,0.07327798087014448,-0.036288807673102094,0.06131443627714027,,,,,,,,,,,,,,,
screen,finite_RF_static_Bloch,1000.0,read,0.0,0.8,0.0,8.0,8.0,,increasing_centering_x_rf180,original,increasing_centering,original_rf180,increasing_centering_rf180,0.02313469489410469,0.07039205354452457,0.05647113917624298,0.042305938220883854,0.05151971874670695,0.015021476171875088,0.008987383861626386,-0.0005108329019413627,-0.0038513751271529537,0.0016718842811543847,0.10696998057654637,0.0698159590175412,0.056468828654478914,-0.04213026606110136,0.051492584152382725,,,,,,,,,,,,,,,
screen,instant_RF_exact_pathways,1000.0,read,90.0,0.8,0.0,8.0,1.0,0.001,increasing_centering_x_rf180,original,increasing_centering,original_rf180,increasing_centering_rf180,0.0,0.15992509038940247,0.1785125223377237,0.15992509038940247,0.1785125223377237,0.0,-2.647567851899582e-07,-2.9463352815667465e-07,-2.647567851899582e-07,-2.9463352815667465e-07,0.0,-0.15992509038918332,-0.17851252233748055,-0.15992509038918332,-0.17851252233748055,0.0,0.16054957544226223,0.17887293662526704,0.16054957544226223,0.17887293662526704,0.0,0.0,0.0,0.0,0.0,0.0,0.0038746002361893226,0.002010866201569564,0.0038746002361893226,0.002010866201569564
screen,instant_RF_exact_pathways,1000.0,read,90.0,0.8,0.0,8.0,2.0,0.001,increasing_centering_x_rf180,original,increasing_centering,original_rf180,increasing_centering_rf180,0.0030621909304256456,0.1275568297144172,0.1259732419271997,0.13602253508666148,0.13750113822986962,3.748949246426729e-10,-4.78698473944091e-07,-4.770186351898727e-07,1.9138711644271158e-07,1.9344185012157247e-07,0.003062190930429143,0.12755682971351898,0.12597324192629653,0.13602253508652684,0.13750113822973353,-2.7755575615628914e-17,0.13189586750926569,0.1318938678671374,0.1318958675092657,0.1318938678671374,4.0657581468206416e-20,0.00010968831029626619,0.00012497173666104925,0.00010968831029626618,0.00012497173666104928,6.938893903907228e-18,0.0335788560442867,0.044862971656196855,0.033578856044286697,0.044862971656196855
screen,instant_RF_exact_pathways,1000.0,read,90.0,0.8,0.0,8.0,3.0,0.001,increasing_centering_x_rf180,original,increasing_centering,original_rf180,increasing_centering_rf180,-0.049739073649540916,0.053845352638173624,0.08883653469777832,0.1132590022272348,0.09851111063729857,-6.953336002055212e-08,-2.4347512086012256e-07,-1.6915890398864778e-07,3.3925648072572197e-07,3.4403933757664466e-07,0.04973907365002298,-0.053845352637623155,-0.08883653469761726,-0.11325900222672669,-0.09851111063669782,-2.7755575615628914e-17,0.08727829866427458,0.09699377228026573,0.0872782986642746,0.09699377228026572,-7.199470679552025e-05,0.02492131347719051,0.0004906305569279238,0.025092703201748747,0.00059002557469064,-5.551115123125783e-17,0.2787551367063922,0.07953008199070621,0.27875513670639224,0.07953008199070621
screen,instant_RF_exact_pathways,1000.0,read,90.0,0.8,0.0,8.0,4.0,0.001,increasing_centering_x_rf180,original,increasing_centering,original_rf180,increasing_centering_rf180,-0.06433889140545448,0.011405241987724867,0.06448686326943588,0.08704546756664269,0.07578819744289922,-1.6044518583215808e-09,-2.3832745687621135e-07,-2.546360413105157e-07,4.910267434985685e-07,4.731137072059426e-07,-0.0643388914075336,0.011405241985234786,0.06448686326893315,0.08704546756525774,0.0757881974414225,-2.7755575615628914e-17,0.07168665597295826,0.071070614976795,0.07168665597295829,0.071070614976795,0.03906797589992869,0.05304917036302625,0.0012841809178326575,0.013019908348530092,0.00032289480326519834,5.551115123125783e-17,0.4731466801058613,0.1325641799750968,0.47314668010586125,0.1325641799750968
screen,instant_RF_exact_pathways,1000.0,read,90.0,0.8,0.0,8.0,5.0,0.001,increasing_centering_x_rf180,original,increasing_centering,original_rf180,increasing_centering_rf180,-0.031807518241361424,0.0358583832810075,0.04740789621419031,0.08020662613062529,0.05994862082244668,-7.479665010595094e-08,-2.4644915198536685e-07,-1.001677056284494e-07,3.8482288972543133e-07,4.5630768597639786e-07,0.10352428480323714,0.0358583832801606,-0.047407896214084484,-0.08020662612970211,-0.05994862082071006,1.3877787807814457e-17,0.04742670762509899,0.0518397895297024,0.047426707625098985,0.051839789529702404,0.04886837131702715,0.07752064230959055,0.0016679809537225032,0.03094428470418563,0.003959994665344731,0.0,0.6861995598071784,0.24947281323369452,0.6861995598071784,0.24947281323369455
screen,instant_RF_exact_pathways,1000.0,read,90.0,0.8,0.0,8.0,6.0,0.001,increasing_centering_x_rf180,original,increasing_centering,original_rf180,increasing_centering_rf180,-0.001410230307016369,0.04541869797671042,0.0384816220640366,0.05655506195647067,0.04820775573678048,2.1143102378935528e-07,-1.0180075091562057e-07,-1.5293636325856563e-07,3.035660608060636e-07,4.6386147225247386e-07,-0.09224762626143618,-0.04541869797659633,0.0384816220637327,0.05655506195565596,0.048207755734548816,-6.938893903907228e-18,0.03894612568678316,0.03760509338252247,0.03894612568678318,0.03760509338252248,0.06964861578785662,0.08271071025934465,0.003126130266399766,0.015135731803694617,0.005199767598606352,0.0,0.7851874809976376,0.357271665390408,0.7851874809976375,0.35727166539040794
screen,instant_RF_exact_pathways,1000.0,read,90.0,0.8,0.0,8.0,7.0,0.001,increasing_centering_x_rf180,original,increasing_centering,original_rf180,increasing_centering_rf180,0.007127385796207274,0.05066955190354696,0.031339048724684945,0.05451859065759969,0.04231547327494495,1.3719999672978296e-07,-1.9583770596495865e-07,-6.607269171612062e-08,1.439452422603886e-07,4.1091025323900965e-07,0.0942117180122436,0.050669551903168505,-0.03133904872461529,-0.05451859065740965,-0.04231547327294985,0.0,0.02576069867418543,0.02710459136389421,0.02576069867418544,0.027104591363894218,0.052064654649405934,0.07739277098236216,0.0076381729898323675,0.027297641916763715,0.00960769857363985,-1.1102230246251565e-16,0.8812835985887849,0.5111894821058942,0.8812835985887848,0.511189482105894
screen,instant_RF_exact_pathways,1000.0,read,90.0,0.8,0.0,8.0,8.0,0.001,increasing_centering_x_rf180,original,increasing_centering,original_rf180,increasing_centering_rf180,0.00035888877784116813,0.03215159579951962,0.02808637601240312,0.03879087437373151,0.03508454336445617,4.091714895468563e-07,-6.785351182599451e-08,-1.0846075958754057e-07,2.778801593472803e-08,3.963522577200383e-07,-0.06394430282314592,-0.03215159579944802,0.0280863760121937,0.03879087437372156,0.03508454336221736,-6.938893903907228e-18,0.02114984294141668,0.019392430121734538,0.021149842941416683,0.019392430121734534,0.04356494830015984,0.05711542048769598,0.00926393906317692,0.014755669987506525,0.010469136863147304,1.1102230246251565e-16,0.9206935245330666,0.6223661279669673,0.9206935245330665,0.6223661279669673
screen,instant_RF_exact_pathways,1000.0,read,90.0,1.0,0.0,8.0,1.0,0.001,increasing_centering_x_rf180,original,increasing_centering,original_rf180,increasing_centering_rf180,0.0,0.18663396088449194,0.20793430677042551,0.18663396088449194,0.20793430677042551,0.0,-3.0702785146159754e-07,-3.4206863051991803e-07,-3.0702785146159754e-07,-3.4206863051991803e-07,0.0,-0.1866339608842394,-0.20793430677014416,-0.1866339608842394,-0.20793430677014416,0.0,0.1866339610514622,0.20793430686639466,0.1866339610514622,0.20793430686639466,0.0,0.0,0.0,0.0,0.0,0.0,8.946403422654344e-10,4.615359086053876e-10,8.946403422654344e-10,4.615359086053876e-10
screen,instant_RF_exact_pathways,1000.0,read,90.0,1.0,0.0,8.0,2.0,0.001,increasing_centering_x_rf180,original,increasing_centering,original_rf180,increasing_centering_rf180,-5.138404979287969e-10,0.16951202840484011,0.16950945871084602,0.16951202696186582,0.16950945675403123,-1.3030717213969057e-11,-6.210414651694744e-07,-6.210320499464321e-07,2.384460782276291e-07,2.384424627334574e-07,-5.138404979287969e-10,0.16951202840370247,0.16950945870970838,0.16951202696169812,0.16950945675386353,2.7755575615628914e-17,0.16951202769283688,0.16950945776097898,0.16951202769283683,0.16950945776097895,1.5777218104420236e-30,5.900124483705165e-15,6.722218632536547e-15,5.9001244837051646e-15,6.7222186325365476e-15,-8.271806125530277e-25,4.3122141742843e-09,5.9403698926522284e-09,4.312214174284302e-09,5.940369892652229e-09
screen,instant_RF_exact_pathways,1000.0,read,90.0,1.0,0.0,8.0,3.0,0.001,increasing_centering_x_rf180,original,increasing_centering,original_rf180,increasing_centering_rf180,1.474079608376755e-10,0.1240119169747176,0.137816431098018,0.12401191525099234,0.1378164295217007,6.999390046431005e-08,-2.0400956027377498e-07,-2.2671909438574516e-07,4.247758926569823e-07,4.7206025900932217e-07,-1.4734567732599402e-10,-0.1240119169745498,-0.1378164310978315,-0.12401191525026485,-0.13781642952089224,4.163336342344337e-17,0.12401191681735917,0.13781643093308518,0.12401191681735918,0.13781643093308524,-4.786794688580182e-15,1.4814477314999301e-12,2.876017025309005e-14,1.4928431167957199e-12,3.53687608602997e-14,-4.963083675318166e-24,1.2654906002669892e-08,1.0241606704718295e-08,1.2654906002669892e-08,1.024160670471829e-08
screen,instant_RF_exact_pathways,1000.0,read,90.0,1.0,0.0,8.0,4.0,0.001,increasing_centering_x_rf180,original,increasing_centering,original_rf180,increasing_centering_rf180,1.4608075860067515e-10,0.11261164175038768,0.11164391117689239,0.11261163937299556,0.11164390894558103,-9.813492717136337e-09,-4.1257543606592354e-07,-4.090299594376843e-07,7.29388397055743e-07,7.23120380966846e-07,1.4609458087733174e-10,0.11261164174963191,0.1116439111761431,0.11261163937063343,0.1116439089432392,2.7755575615628914e-17,0.11261164138723825,0.11164391054809922,0.11261164138723825,0.11164391054809925,2.877424894558064e-12,3.642688683157365e-12,8.551257395644272e-14,7.012888333672051e-13,2.15376187243466e-14,-3.308722450212111e-24,1.7925372392222272e-08,1.4354876462571233e-08,1.7925372392222272e-08,1.435487646257123e-08
screen,instant_RF_exact_pathways,1000.0,read,90.0,1.0,0.0,8.0,5.0,0.001,increasing_centering_x_rf180,original,increasing_centering,original_rf180,increasing_centering_rf180,1.093613519187464e-09,0.08236747698717976,0.09003181701046402,0.08236747414653808,0.09003181526343586,7.772197964469119e-08,-1.355011124205936e-07,-1.4810956756735004e-07,6.997649182361392e-07,7.648784427340739e-07,-1.093347287706159e-09,-0.08236747698706831,-0.0900318170103422,-0.08236747414356561,-0.09003181526018679,2.7755575615628914e-17,0.0823674767066181,0.0900318168892676,0.0823674767066181,0.09003181688926763,4.193632228538075e-12,6.565084919883592e-12,1.4621229194954103e-13,2.26952374153821e-12,4.428334214223434e-14,-6.617444900424222e-24,3.118868760273138e-08,1.8060601359115408e-08,3.118868760273138e-08,1.80606013591154e-08
screen,instant_RF_exact_pathways,1000.0,read,90.0,1.0,0.0,8.0,6.0,0.001,increasing_centering_x_rf180,original,increasing_centering,original_rf180,increasing_centering_rf180,9.703021858209482e-10,0.07477989739541373,0.07220500081333676,0.07477989441463578,0.072204998802861,-3.916698175822621e-08,-2.739712194182731e-07,-2.645375662128208e-07,8.635124778679391e-07,8.337791493151651e-07,9.704565762103101e-10,0.07477989739491185,0.07220500081285217,0.07477989440965013,0.07220499879804702,-2.7755575615628914e-17,0.07477989726839819,0.07220500037742832,0.07477989726839819,0.07220500037742829,8.55405792936198e-12,9.383317254906514e-12,2.074143243605773e-13,6.48485416772609e-13,2.6640415588652272e-14,6.617444900424222e-24,3.8296556906433925e-08,2.1810204838190023e-08,3.8296556906433925e-08,2.181020483819003e-08
screen,instant_RF_exact_pathways,1000.0,read,90.0,1.0,0.0,8.0,7.0,0.001,increasing_centering_x_rf180,original,increasing_centering,original_rf180,increasing_centering_rf180,2.0555958255008555e-09,0.054684728689865444,0.05753753948428387,0.05468472512764481,0.05753753797765906,4.339437355175336e-08,-8.996076856577826e-08,-9.465387213907623e-08,7.418535107739762e-07,7.805547807524316e-07,-2.0553371712916935e-09,-0.05468472868979145,-0.057537539484206014,-0.05468472512261281,-0.05753753797236455,1.3877787807814457e-17,0.0546847283409899,0.057537539422927254,0.05468472834098989,0.05753753942292726,9.698722052331842e-12,1.2554005213074247e-11,2.61312657707402e-13,2.6364707061296474e-12,4.250020309464391e-14,-1.9852334701272664e-23,5.903939560949914e-08,2.5124047967835296e-08,5.9039395609499154e-08,2.5124047967835293e-08
screen,instant_RF_exact_pathways,1000.0,read,90.0,1.0,0.0,8.0,8.0,0.001,increasing_centering_x_rf180,original,increasing_centering,original_rf180,increasing_centering_rf180,1.7709254757081183e-09,0.04963675547742614,0.0455122679513638,0.04963675210881831,0.04551226635368145,-8.365059305957341e-08,-1.8185425391634915e-07,-1.66743362030999e-07,8.248512317415886e-07,7.563115305673653e-07,1.771467285360817e-09,0.04963675547709301,0.04551226795105835,0.04963675210196472,0.04551226634739735,1.3877787807814457e-17,0.0496367555074751,0.045512267647310256,0.049636755507475094,0.04551226764731026,1.4732955223709165e-11,1.5288902866090813e-11,3.0618055753132956e-13,2.7323845217559807e-13,2.347136732527998e-14,-1.3234889800848443e-23,6.878443227868703e-08,2.8431078439455218e-08,6.878443227868704e-08,2.8431078439455215e-08
screen,instant_RF_exact_pathways,1000.0,read,0.0,1.0,0.0,8.0,1.0,0.001,increasing_centering_x_rf180,original,increasing_centering,original_rf180,increasing_centering_rf180,0.0,0.1866339610514625,0.20793430686639502,0.1866339610514625,0.20793430686639502,0.0,0.1866339610510982,0.20793430686598932,0.1866339610510982,0.20793430686598932,0.0,3.6875220575367384e-07,4.1074746597655864e-07,3.6875220575367384e-07,4.1074746597655864e-07,0.0,0.18663396105146215,0.20793430686639475,0.18663396105146215,0.20793430686639475,0.0,0.0,0.0,0.0,0.0,0.0,8.946403422654347e-10,4.615359086053874e-10,8.946403422654347e-10,4.615359086053874e-10
screen,instant_RF_exact_pathways,1000.0,read,0.0,1.0,0.0,8.0,2.0,0.001,increasing_centering_x_rf180,original,increasing_centering,original_rf180,increasing_centering_rf180,2.7755575615628914e-15,0.1695120276928331,0.16950945776097354,0.16951202769285048,0.1695094577609937,1.4155343563970746e-15,0.1695120276928329,0.16950945776097334,0.16951202769070525,0.1695094577588471,-5.008084116591827e-10,8.121607752290936e-09,8.359357681691822e-09,-8.52808898477063e-07,-8.530719569593213e-07,5.551115123125783e-17,0.16951202769283683,0.169509457760979,0.1695120276928368,0.16950945776097903,0.0,7.083573959423051e-15,7.901428071236249e-15,7.083573959423051e-15,7.901428071236249e-15,-1.6543612251060553e-24,4.312214174284302e-09,5.940369892652228e-09,4.312214174284303e-09,5.940369892652227e-09
screen,instant_RF_exact_pathways,1000.0,read,0.0,1.0,0.0,8.0,3.0,0.001,increasing_centering_x_rf180,original,increasing_centering,original_rf180,increasing_centering_rf180,2.8946289809539394e-12,0.1240119168188417,0.13781643093311616,0.1240119168159081,0.1378164309330772,2.580061164714209e-12,0.12401191681860019,0.1378164309328477,0.12401191681281933,0.1378164309296469,6.98435819777483e-08,2.447535025170452e-07,2.720100522843134e-07,8.752656590218711e-07,9.723657907668875e-07,1.3877787807814457e-17,0.12401191681735914,0.13781643093308524,0.1240119168173591,0.1378164309330852,5.127501035988757e-15,1.4773051901428289e-12,2.7032252791889447e-14,1.4636241139093654e-12,1.8478677594414715e-14,-3.308722450212111e-24,1.2654906002669895e-08,1.024160670471829e-08,1.26549060026699e-08,1.0241606704718292e-08
screen,instant_RF_exact_pathways,1000.0,read,0.0,1.0,0.0,8.0,4.0,0.001,increasing_centering_x_rf180,original,increasing_centering,original_rf180,increasing_centering_rf180,4.21145063267403e-12,0.11261164138793871,0.11164391054811867,0.1126116413836531,0.11164391054804451,4.264963382460962e-12,0.11261164138793858,0.11164391054811854,0.11261164137789237,0.11164391054233729,9.963811353157105e-09,5.2892092086391834e-09,5.50899267356898e-09,-1.1390563671978858e-06,-1.1288727723797988e-06,1.3877787807814457e-17,0.11261164138723823,0.11164391054809927,0.1126116413872382,0.11164391054809926,-2.8573840010930166e-12,6.951333409924485e-13,1.6495920230009372e-14,3.603570810484167e-12,6.754938862871136e-14,0.0,1.7925372392222275e-08,1.4354876462571226e-08,1.792537239222228e-08,1.4354876462571228e-08
screen,instant_RF_exact_pathways,1000.0,read,0.0,1.0,0.0,8.0,5.0,0.001,increasing_centering_x_rf180,original,increasing_centering,original_rf180,increasing_centering_rf180,8.584896682428678e-12,0.08236747670887778,0.09003181688930893,0.08236747670014084,0.09003181688915689,8.049005906229922e-12,0.08236747670871772,0.0900318168891336,0.08236747669406445,0.09003181688252934,7.661971894497348e-08,1.6238120194530957e-07,1.776833706120688e-07,1.0004967204588765e-06,1.0924186080706092e-06,2.7755575615628914e-17,0.0823674767066181,0.09003181688926766,0.08236747670661806,0.09003181688926765,-4.16457217744178e-12,2.2530522215720768e-12,3.861951843108034e-14,6.503903427817177e-12,1.2489854723440106e-13,-1.3234889800848443e-23,3.118868760273138e-08,1.8060601359115398e-08,3.118868760273139e-08,1.8060601359115398e-08
screen,instant_RF_exact_pathways,1000.0,read,0.0,1.0,0.0,8.0,6.0,0.001,increasing_centering_x_rf180,original,increasing_centering,original_rf180,increasing_centering_rf180,9.70848401671276e-12,0.07477989726904101,0.07220500037745327,0.07477989725913564,0.07220500037725638,1.0024120422613692e-11,0.07477989726904094,0.07220500037745319,0.07477989725049076,0.07220500036892713,4.014708709273999e-08,3.405137728250677e-09,3.59229879555013e-09,-1.1370693851186213e-06,-1.0967351369585819e-06,1.3877787807814457e-17,0.07477989726839819,0.07220500037742833,0.07477989726839816,0.07220500037742832,-8.49448385283788e-12,6.373717632880689e-13,2.332986588952005e-14,9.295457552630327e-12,1.869318023938983e-13,-1.9852334701272664e-23,3.8296556906433925e-08,2.181020483819002e-08,3.8296556906433945e-08,2.1810204838190023e-08
screen,instant_RF_exact_pathways,1000.0,read,0.0,1.0,0.0,8.0,7.0,0.001,increasing_centering_x_rf180,original,increasing_centering,original_rf180,increasing_centering_rf180,1.4763107403226172e-11,0.054684728343621425,0.057537539422968596,0.05468472832858732,0.0575375394226976,1.4378463697450883e-11,0.054684728343515496,0.05753753942285651,0.05468472832045616,0.05753753941417564,4.13238823877249e-08,1.0763596880709389e-07,1.135698301626725e-07,9.430276791469842e-07,9.902854228902877e-07,3.469446951953614e-17,0.054684728340989884,0.05753753942292726,0.05468472834098988,0.05753753942292729,-9.614890383202888e-12,2.6252332896845896e-12,3.995411624312045e-14,1.2444976830028852e-11,2.448072733844932e-13,-1.3234889800848443e-23,5.903939560949916e-08,2.5124047967835293e-08,5.903939560949917e-08,2.5124047967835283e-08
screen,instant_RF_exact_pathways,1000.0,read,0.0,1.0,0.0,8.0,8.0,0.001,increasing_centering_x_rf180,original,increasing_centering,original_rf180,increasing_centering_rf180,1.506571950526947e-11,0.04963675550773804,0.045512267647332655,0.04963675549236967,0.04551226764703001,1.5953058318807223e-11,0.04963675550773799,0.04551226764733259,0.049636755482136,0.045512267637683665,8.543676342739303e-08,2.1549363722822572e-09,2.293765169306752e-09,-1.0079347434961193e-06,-9.223591512717018e-07,2.7755575615628914e-17,0.049636755507475094,0.04551226764731028,0.04963675550747508,0.04551226764731029,-1.4623266078446153e-11,2.580849971402978e-13,2.1707833205559004e-14,1.5154895218246356e-11,2.9525197586546473e-13,-2.6469779601696886e-23,6.878443227868704e-08,2.8431078439455205e-08,6.878443227868707e-08,2.84310784394552e-08
screen,instant_RF_exact_pathways,1000.0,read,0.0,0.8,0.0,8.0,1.0,0.001,increasing_centering_x_rf180,original,increasing_centering,original_rf180,increasing_centering_rf180,0.0,0.16055437185145946,0.17887683999786422,0.16055437185145946,0.17887683999786422,0.0,0.16055317007974165,0.17887648330939204,0.16055317007974165,0.17887648330939204,0.0,0.0006212068594829929,0.00035722050094833273,0.0006212068594829929,0.00035722050094833273,0.0,0.16054957544226223,0.17887293662526701,0.16054957544226223,0.17887293662526701,0.0,0.0,0.0,0.0,0.0,0.0,0.0038746002361893226,0.002010866201569564,0.0038746002361893226,0.002010866201569564
screen,instant_RF_exact_pathways,1000.0,read,0.0,0.8,0.0,8.0,2.0,0.001,increasing_centering_x_rf180,original,increasing_centering,original_rf180,increasing_centering_rf180,2.3828327672587024e-05,0.13191218540212818,0.13194471476459416,0.1321733839074956,0.13222974159763418,3.0409674768805406e-05,0.1318396735330772,0.1318089687406476,0.13210305488928364,0.13210275977162284,0.003092757814809035,-0.004373229957029753,-0.005983603750006919,0.004311183419564944,0.005793567441396814,2.7755575615628914e-17,0.13189586750926574,0.1318938678671374,0.13189586750926569,0.13189386786713736,-2.710505431213761e-20,0.00013168963817858554,0.00014689423866479553,0.0001316896381785855,0.00014689423866479545,-6.938893903907228e-18,0.03357885604428669,0.044862971656196855,0.0335788560442867,0.04486297165619686
screen,instant_RF_exact_pathways,1000.0,read,0.0,0.8,0.0,8.0,3.0,0.001,increasing_centering_x_rf180,original,increasing_centering,original_rf180,increasing_centering_rf180,0.04870796372493266,0.11251525161480602,0.09780313432742993,0.06275358190281996,0.09674942834037653,0.048690729455244344,0.11219967076115289,0.09750731912857497,0.0627459607848402,0.09674433860750661,0.0008057023435875986,0.008421147607779013,0.007601039443888036,-0.000977980992264025,-0.0009923868125674034,1.3877787807814457e-17,0.08727829866427463,0.09699377228026572,0.0872782986642746,0.0969937722802657,7.711902383437247e-05,0.02482974912741733,0.0004458240104969779,0.024623981983398803,0.00031717589031282476,5.551115123125783e-17,0.2787551367063922,0.07953008199070621,0.2787551367063921,0.07953008199070623
screen,instant_RF_exact_pathways,1000.0,read,0.0,0.8,0.0,8.0,4.0,0.001,increasing_centering_x_rf180,original,increasing_centering,original_rf180,increasing_centering_rf180,0.0643750767637791,0.08581267311891375,0.0716031166621661,0.02006556867361551,0.07023108898064695,0.0641360737885969,0.08544937682882689,0.07140952112547176,0.019994905711744206,0.07009112379698598,0.00012314641361284295,-0.007887893722577971,-0.005261806568714837,0.0016824956980744322,0.004431729265550409,1.3877787807814457e-17,0.07168665597295829,0.07107061497679498,0.07168665597295827,0.07107061497679498,-0.03880828181292803,0.012934014733382081,0.00027012459048201377,0.05252045165162187,0.0010482796957937738,0.0,0.47314668010586125,0.13256417997509684,0.47314668010586125,0.13256417997509684
screen,instant_RF_exact_pathways,1000.0,read,0.0,0.8,0.0,8.0,5.0,0.001,increasing_centering_x_rf180,original,increasing_centering,original_rf180,increasing_centering_rf180,0.0488355213682921,0.0794894390963923,0.05609390895097084,0.0284307630687437,0.05387075429161433,0.10557224602814831,0.07921097450788883,0.0557630686627482,-0.02841482446044952,0.05370951572255816,-0.0026485836565054736,0.006647739869282414,0.006083321026662632,-0.0009518610995729835,-0.004164863598698238,6.938893903907228e-18,0.04742670762509899,0.0518397895297024,0.04742670762509899,0.051839789529702404,-0.04826051816599776,0.030709443161987163,0.0038652476368746555,0.0769163798593067,0.0018116661681964342,0.0,0.6861995598071784,0.24947281323369452,0.6861995598071784,0.24947281323369455
screen,instant_RF_exact_pathways,1000.0,read,0.0,0.8,0.0,8.0,6.0,0.001,increasing_centering_x_rf180,original,increasing_centering,original_rf180,increasing_centering_rf180,0.012144802442969095,0.05571203049193708,0.04304295346428404,0.04156191275627822,0.041037638171594275,0.0948694141914915,0.055621925633359603,0.04298404640220221,-0.0415508338625305,0.04068070109780361,0.0035250289520210604,-0.003167290698931885,-0.002251132564254838,0.0009595818302109994,0.005400768916909107,1.3877787807814457e-17,0.03894612568678318,0.03760509338252246,0.03894612568678318,0.03760509338252247,-0.06943335320392253,0.015021384253667185,0.005327948900972762,0.0821513688831789,0.003024580326561945,-1.1102230246251565e-16,0.7851874809976375,0.3572716653904081,0.7851874809976375,0.357271665390408
screen,instant_RF_exact_pathways,1000.0,read,0.0,0.8,0.0,8.0,7.0,0.001,increasing_centering_x_rf180,original,increasing_centering,original_rf180,increasing_centering_rf180,0.00292337406582098,0.05451459858788776,0.03696627468038524,0.04967835140592728,0.035053401564245745,0.10198662684917231,0.054512088066785945,0.036808262482172324,-0.0496783447833548,0.034604456481203895,-0.008508937020658153,0.0005231766408276184,0.003414275441319316,2.5651450687858404e-05,-0.005592186769478598,6.938893903907228e-18,0.025760698674185446,0.027104591363894204,0.025760698674185446,0.02710459136389421,-0.052167883983931795,0.02711320328470768,0.009662561266588085,0.07707724279244033,0.007458716790388944,0.0,0.8812835985887847,0.5111894821058942,0.8812835985887847,0.5111894821058942
screen,instant_RF_exact_pathways,1000.0,read,0.0,0.8,0.0,8.0,8.0,0.001,increasing_centering_x_rf180,original,increasing_centering,original_rf180,increasing_centering_rf180,0.002395740367781278,0.03783901879692642,0.03018692383741216,0.03396190061728422,0.028705546025551233,0.06978215170055924,0.037788124335170266,0.030181268746432406,-0.03394618250363468,0.02822911360818669,0.006721243532337221,0.001961887546182047,-0.0005842838534008899,0.0010331442146269637,0.005208216347381249,3.469446951953614e-18,0.02114984294141669,0.019392430121734527,0.021149842941416686,0.019392430121734527,-0.04431792156478165,0.014684286537396693,0.010755649736719695,0.057050016896007825,0.00880345853054918,0.0,0.9206935245330666,0.6223661279669674,0.9206935245330665,0.6223661279669673
screen,instant_RF_exact_pathways,1000.0,read,90.0,1.0,0.0,8.0,1.0,0.0,increasing_centering_x_rf180,original,increasing_centering,original_rf180,increasing_centering_rf180,0.0,0.5717088319203254,0.6368838357851905,0.5717088319203254,0.6368838357851905,0.0,-9.405069332735742e-07,-1.047725047434877e-06,-9.405069332735742e-07,-1.047725047434877e-06,0.0,-0.5717088319195518,-0.6368838357843287,-0.5717088319195518,-0.6368838357843287,0.0,0.5717088321694964,0.6368838359288798,0.5717088321694964,0.6368838359288798,0.0,0.0,0.0,0.0,0.0,0.0,4.3583552155117837e-10,2.2561301536644559e-10,4.3583552155117837e-10,2.2561301536644559e-10
screen,instant_RF_exact_pathways,1000.0,read,90.0,1.0,0.0,8.0,2.0,0.0,increasing_centering_x_rf180,original,increasing_centering,original_rf180,increasing_centering_rf180,-5.156687299390228e-10,0.5214104584975701,0.5214104573847504,0.5214104570506238,0.5214104554221355,-7.082925080324244e-15,-1.910292259641127e-06,-1.9102922550930475e-06,7.334481268636427e-07,7.33448124328797e-07,-5.156688409613253e-10,0.5214104584940707,0.5214104573812511,0.521410457050108,0.5214104554216196,-1.1102230246251565e-16,0.5214104578138995,0.5214104565236256,0.5214104578138995,0.5214104565236255,6.310887241768095e-30,1.701439232788821e-14,1.9465844933752144e-14,1.701439232788821e-14,1.946584493375215e-14,4.1359030627651384e-25,1.4638737946851762e-09,2.1125270081203128e-09,1.4638737946851762e-09,2.112527008120313e-09
screen,instant_RF_exact_pathways,1000.0,read,90.0,1.0,0.0,8.0,3.0,0.0,increasing_centering_x_rf180,original,increasing_centering,original_rf180,increasing_centering_rf180,1.3781509267118963e-10,0.38314905161276686,0.42682818007345247,0.3831490498516068,0.4268281784501075,2.214690449900811e-07,-6.303109539624004e-07,-7.021666271930464e-07,1.312393884894696e-06,1.4620072566541314e-06,-1.376179170620162e-10,-0.3831490516122484,-0.42682818007287493,-0.38314904984935916,-0.4268281784476036,0.0,0.38314905158900237,0.4268281799762694,0.38314905158900225,0.42682817997626926,-1.4027156880620069e-14,4.551826915080609e-12,8.102434337659814e-14,4.585489465586158e-12,1.0065973700152759e-13,0.0,4.558552230674989e-09,3.5761488644917187e-09,4.55855223067499e-09,3.5761488644917195e-09
screen,instant_RF_exact_pathways,1000.0,read,90.0,1.0,0.0,8.0,4.0,0.0,increasing_centering_x_rf180,original,increasing_centering,original_rf180,increasing_centering_rf180,1.0847789333467972e-10,0.3493680813661013,0.3493680787253658,0.3493680789644097,0.34936807643215206,-2.880387333202973e-14,-1.2799803511970821e-06,-1.2799803409089592e-06,2.2628657500595503e-06,2.2628657315437997e-06,1.0847789333467972e-10,0.3493680813637566,0.34936807872302106,0.3493680789570814,0.34936807642482376,-5.551115123125783e-17,0.34936808104036854,0.34936807817072557,0.3493680810403685,0.34936807817072546,8.848362077013735e-12,1.1223794210296299e-11,2.526990286948994e-13,2.1857496860322066e-12,6.301658144454123e-14,8.271806125530277e-25,5.980697346921803e-09,4.9774177212676395e-09,5.980697346921804e-09,4.977417721267641e-09
screen,instant_RF_exact_pathways,1000.0,read,90.0,1.0,0.0,8.0,5.0,0.0,increasing_centering_x_rf180,original,increasing_centering,original_rf180,increasing_centering_rf180,1.0306179798469373e-09,0.2566739718121287,0.28593489892250545,0.2566739688851744,0.28593489702616914,2.96727059216099e-07,-4.222492922090214e-07,-4.703858669884165e-07,2.1806112046251932e-06,2.429201689061897e-06,-1.0296016261790442e-09,-0.25667397181178137,-0.28593489892211854,-0.25667396887591154,-0.28593489701585034,-5.551115123125783e-17,0.2566739716190429,0.2859348988270974,0.2566739716190428,0.2859348988270973,1.2948838616467834e-11,2.0288443395029602e-11,4.4604123049359335e-13,7.0259515047995584e-12,1.3238795673138364e-13,0.0,1.0758011531741774e-08,6.300622010014538e-09,1.0758011531741777e-08,6.300622010014541e-09
screen,instant_RF_exact_pathways,1000.0,read,90.0,1.0,0.0,8.0,6.0,0.0,increasing_centering_x_rf180,original,increasing_centering,original_rf180,increasing_centering_rf180,8.49273512626425e-10,0.23399574373332235,0.23399573661440376,0.2339957407031811,0.23399573443353602,-1.086684994401705e-13,-8.572905492818232e-07,-8.572905223730343e-07,2.7020396427021985e-06,2.7020395609424877e-06,8.49273512626425e-10,0.23399574373175192,0.23399573661283332,0.23399574068758033,0.23399573441793525,5.551115123125783e-17,0.23399574365851122,0.23399573622992578,0.23399574365851122,0.23399573622992584,2.644492363709751e-11,2.9075119540696367e-11,6.528334107707426e-13,2.0630384756472886e-12,8.567598281917281e-14,-3.308722450212111e-24,1.2763492058022908e-08,7.680422461092308e-09,1.2763492058022908e-08,7.680422461092305e-09
screen,instant_RF_exact_pathways,1000.0,read,90.0,1.0,0.0,8.0,7.0,0.0,increasing_centering_x_rf180,original,increasing_centering,original_rf180,increasing_centering_rf180,1.8937214019132398e-09,0.1718767432780152,0.19147074120314247,0.17187673958130215,0.19147073940015083,2.9804606857588577e-07,-2.827510423899744e-07,-3.149847428085721e-07,2.33168146279628e-06,2.597493830953568e-06,-1.8919449062959615e-09,-0.17187674327778263,-0.1914707412028834,-0.17187673956548633,-0.191470739382532,-2.7755575615628914e-17,0.17187674298069947,0.1914707411304405,0.17187674298069947,0.19147074113044046,3.007311570582253e-11,3.900567147126177e-11,8.500843856125014e-13,8.215323800416685e-12,1.328524205899444e-13,3.308722450212111e-24,2.0053711933333755e-08,9.042261201903706e-09,2.0053711933333755e-08,9.042261201903708e-09
screen,instant_RF_exact_pathways,1000.0,read,90.0,1.0,0.0,8.0,8.0,0.0,increasing_centering_x_rf180,original,increasing_centering,original_rf180,increasing_centering_rf180,1.531466481408117e-09,0.1566584058516637,0.15665839359810263,0.15665840240944875,0.15665839168735415,-2.455951445545643e-13,-5.739496315303304e-07,-5.739495856526033e-07,2.60331039586849e-06,2.6033101961510724e-06,1.531466481408117e-09,0.15665840585061233,0.15665839359705125,0.15665840238781817,0.15665839166572357,0.0,0.15665840595213512,0.15665839332855588,0.15665840595213512,0.15665839332855588,4.573823182050114e-11,4.7617988778079076e-11,1.0346987790742423e-12,9.292575007892034e-13,8.419932228550844e-14,0.0,2.2924986031976418e-08,1.0483816718859995e-08,2.2924986031976418e-08,1.0483816718859995e-08
screen,instant_RF_exact_pathways,1000.0,read,90.0,0.8,0.0,8.0,1.0,0.0,increasing_centering_x_rf180,original,increasing_centering,original_rf180,increasing_centering_rf180,0.0,0.4908112020452584,0.54726944031104,0.4908112020452584,0.54726944031104,0.0,-8.102429782049828e-07,-9.020801528761797e-07,-8.102429782049828e-07,-9.020801528761797e-07,0.0,-0.4908112020445896,-0.5472694403102966,-0.4908112020445896,-0.5472694403102966,0.0,0.49180550937401357,0.5478715068166312,0.49180550937401357,0.5478715068166312,0.0,0.0,0.0,0.0,0.0,0.0,0.002017669842923321,0.0010977128796690477,0.002017669842923321,0.0010977128796690477
screen,instant_RF_exact_pathways,1000.0,read,90.0,0.8,0.0,8.0,2.0,0.0,increasing_centering_x_rf180,original,increasing_centering,original_rf180,increasing_centering_rf180,0.0030125934281201028,0.4012838267020751,0.3995194712832025,0.40936005819116494,0.41060829620041245,-9.86961176820773e-10,-1.4815843700612237e-06,-1.4796512181588717e-06,5.74765976388452e-07,5.757121671139836e-07,0.0030125934281248212,0.40128382669934,0.3995194712804625,0.4093600581907615,0.4106082962000088,-1.1102230246251565e-16,0.405705044047879,0.405705043043928,0.405705044047879,0.4057050430439279,0.0,0.000316311960928632,0.0003618865407279609,0.00031631196092863197,0.00036188654072796084,3.469446951953614e-18,0.012487635937756538,0.016929856955248835,0.012487635937756538,0.01692985695524884
screen,instant_RF_exact_pathways,1000.0,read,90.0,0.8,0.0,8.0,3.0,0.0,increasing_centering_x_rf180,original,increasing_centering,original_rf180,increasing_centering_rf180,-0.15115718373703654,0.18378950857574847,0.29067201042227053,0.3470117579934068,0.3027370761028923,-2.0520316682863942e-07,-7.334093874159748e-07,-5.077457105087048e-07,1.0177896858022581e-06,1.0382501958808886e-06,0.15115718373834416,-0.18378950857428514,-0.29067201042182705,-0.3470117579919142,-0.30273707610111195,-1.1102230246251565e-16,0.26965632187404015,0.3003972386392705,0.2696563218740402,0.3003972386392704,-0.00021097229200231493,0.07656575134014983,0.0014217289781927739,0.07707204534507558,0.0017170506911162206,2.7755575615628914e-17,0.24417538771374347,0.03439401479503446,0.24417538771374345,0.03439401479503447
screen,instant_RF_exact_pathways,1000.0,read,90.0,0.8,0.0,8.0,4.0,0.0,increasing_centering_x_rf180,original,increasing_centering,original_rf180,increasing_centering_rf180,-0.19849758571040338,0.05320311181419983,0.2125435104307893,0.2665009397691514,0.22734375267533746,-1.3885970995040645e-08,-7.580829868180014e-07,-8.070667481238773e-07,1.5142173936588408e-06,1.4513476613579243e-06,-0.1984975857146029,0.05320311180879893,0.21254351042925704,0.2665009397648496,0.2273437526707048,-2.7755575615628914e-17,0.22240177946923823,0.22240177764247238,0.22240177946923828,0.2224017776424724,0.11985172156396917,0.16349292387526465,0.003984382296295452,0.04045938702081063,0.0008025670058106077,-5.551115123125783e-17,0.44521776392479545,0.06413995024113904,0.4452177639247954,0.06413995024113892
screen,instant_RF_exact_pathways,1000.0,read,90.0,0.8,0.0,8.0,5.0,0.0,increasing_centering_x_rf180,original,increasing_centering,original_rf180,increasing_centering_rf180,-0.1337393174650257,0.09527275582684341,0.1631442205375459,0.24679867057866434,0.18093081782434112,-2.0582081101325014e-07,-7.486174100040712e-07,-3.04249134068829e-07,1.1597382332682113e-06,1.3982856981902034e-06,0.3242848291181659,0.09527275582390224,-0.1631442205372622,-0.24679867057593946,-0.18093081781893797,-5.551115123125783e-17,0.1477913600571814,0.1646396294837014,0.14779136005718146,0.1646396294837014,0.1507730541825515,0.23910913547610907,0.005257757332017243,0.09515578720170245,0.01207746324016213,1.1102230246251565e-16,0.6669295093424583,0.15839816999546102,0.6669295093424582,0.15839816999546102
screen,instant_RF_exact_pathways,1000.0,read,90.0,0.8,0.0,8.0,6.0,0.0,increasing_centering_x_rf180,original,increasing_centering,original_rf180,increasing_centering_rf180,-0.03015294251096412,0.1307576093171604,0.12899630240974275,0.17545344104222002,0.14353919162383824,6.505842112798626e-07,-3.321589307522888e-07,-4.982676238835901e-07,9.596047189521907e-07,1.444080237100752e-06,-0.29166816114854066,-0.13075760931673852,0.12899630240878043,0.17545344103959584,0.14353919161657414,-4.163336342344337e-17,0.1218673463803741,0.12186734251149187,0.12186734638037411,0.12186734251149184,0.21345061746160504,0.25486335544993144,0.009794294963886245,0.04770998117297651,0.01609153814853634,0.0,0.772111228214572,0.2521344322269093,0.772111228214572,0.2521344322269093
screen,instant_RF_exact_pathways,1000.0,read,90.0,0.8,0.0,8.0,7.0,0.0,increasing_centering_x_rf180,original,increasing_centering,original_rf180,increasing_centering_rf180,-0.0024598395689472696,0.15172585925347928,0.11124763800676882,0.16985457219762257,0.12691651138196483,4.5650159085535636e-07,-6.038619860985002e-07,-2.0988251252364506e-07,4.340516583031186e-07,1.28453272273333e-06,0.305911558080452,0.1517258592522776,-0.11124763800657084,-0.16985457219706795,-0.1269165113754644,-2.7755575615628914e-17,0.08096712042560118,0.09019739544883251,0.0809671204256012,0.0901973954488325,0.1595242273054049,0.23734234638310225,0.024847161697145053,0.08367869340870261,0.03070773602815031,1.1102230246251565e-16,0.8740615181218521,0.4067865693186445,0.8740615181218521,0.4067865693186446
screen,instant_RF_exact_pathways,1000.0,read,90.0,0.8,0.0,8.0,8.0,0.0,increasing_centering_x_rf180,original,increasing_centering,original_rf180,increasing_centering_rf180,-0.013623754664208496,0.09757101105213878,0.09706460288255078,0.12122702560883401,0.10709686277503752,1.299111245881069e-06,-2.212427807241876e-07,-3.6992187577057985e-07,1.2107023332506876e-07,1.2715023841597455e-06,-0.2087657767750178,-0.09757101105188794,0.09706460288184587,0.12122702560877355,0.10709686276748959,-2.7755575615628914e-17,0.06675095194006753,0.06675094656125674,0.06675095194006754,0.06675094656125673,0.1296055528772303,0.17312642447230486,0.030903555504530562,0.047077672658674005,0.03446035656813,-1.1102230246251565e-16,0.9161819677002013,0.5298163454443912,0.9161819677002013,0.529816345444391
screen,instant_RF_exact_pathways,1000.0,read,0.0,1.0,0.0,8.0,1.0,0.0,increasing_centering_x_rf180,original,increasing_centering,original_rf180,increasing_centering_rf180,0.0,0.5717088321694999,0.6368838359288833,0.5717088321694999,0.6368838359288833,0.0,0.5717088321683844,0.636883835927641,0.5717088321683844,0.636883835927641,0.0,1.1293225337692751e-06,1.257931804676126e-06,1.1293225337692751e-06,1.257931804676126e-06,0.0,0.5717088321694963,0.6368838359288799,0.5717088321694963,0.6368838359288799,0.0,0.0,0.0,0.0,0.0,0.0,4.358355215511784e-10,2.2561301536644556e-10,4.358355215511784e-10,2.2561301536644556e-10
screen,instant_RF_exact_pathways,1000.0,read,0.0,1.0,0.0,8.0,2.0,0.0,increasing_centering_x_rf180,original,increasing_centering,original_rf180,increasing_centering_rf180,5.995204332975845e-15,0.521410457813892,0.521410456523615,0.5214104578139362,0.5214104565236652,4.3298697960381105e-15,0.5214104578138914,0.5214104565236144,0.5214104578073451,0.5214104565170724,-5.15657401670494e-10,2.347524320086568e-08,2.365269433030179e-08,-2.6217120560648666e-06,-2.622050262337101e-06,0.0,0.5214104578138994,0.5214104565236256,0.5214104578138994,0.5214104565236256,0.0,2.0528477925657762e-14,2.2979930518959e-14,2.0528477925657756e-14,2.2979930518958994e-14,0.0,1.4638737946851766e-09,2.1125270081203128e-09,1.4638737946851766e-09,2.1125270081203128e-09
screen,instant_RF_exact_pathways,1000.0,read,0.0,1.0,0.0,8.0,3.0,0.0,increasing_centering_x_rf180,original,increasing_centering,original_rf180,increasing_centering_rf180,8.905376436274537e-12,0.38314905159355495,0.42682817997635714,0.3831490515845367,0.4268281799762443,7.907841048648834e-12,0.38314905159280777,0.42682817997552497,0.3831490515750155,0.42682817996564054,2.213222736363367e-07,7.566564746713014e-07,8.428498691772914e-07,2.7011316156852156e-06,3.0086472838275423e-06,-1.6653345369377348e-16,0.38314905158900214,0.42682817997626943,0.3831490515890022,0.4268281799762693,1.5011771174278932e-14,4.5331676517379735e-12,7.257034482564661e-14,4.49255257147041e-12,4.6967035732362105e-14,1.6543612251060553e-24,4.558552230674991e-09,3.5761488644917183e-09,4.5585522306749905e-09,3.576148864491719e-09
screen,instant_RF_exact_pathways,1000.0,read,0.0,1.0,0.0,8.0,4.0,0.0,increasing_centering_x_rf180,original,increasing_centering,original_rf180,increasing_centering_rf180,1.3022916078853086e-11,0.3493680810425538,0.34936807817078347,0.3493680810293068,0.34936807817055937,1.3026413281380655e-11,0.34936808104255346,0.3493680781707831,0.3493680810114768,0.34936807815273285,1.2160075211646103e-10,1.56083402158496e-08,1.582627111085123e-08,-3.5296528695730897e-06,-3.5293133379259716e-06,-5.551115123125783e-17,0.3493680810403685,0.3493680781707257,0.3493680810403685,0.3493680781707256,-8.782166492513597e-12,2.1663365404193646e-12,4.4387177642898e-14,1.1093997342594197e-11,1.8988148730413224e-13,8.271806125530277e-25,5.980697346921804e-09,4.977417721267638e-09,5.980697346921804e-09,4.977417721267639e-09
screen,instant_RF_exact_pathways,1000.0,read,0.0,1.0,0.0,8.0,5.0,0.0,increasing_centering_x_rf180,original,increasing_centering,original_rf180,increasing_centering_rf180,2.656475039941597e-11,0.25667397162603534,0.28593489882722045,0.25667397159900496,0.2859348988267548,2.4485913296956596e-11,0.25667397162553524,0.285934898826663,0.25667397158013333,0.285934898805747,2.956697020297589e-07,5.066945387318637e-07,5.645997629871313e-07,3.112509317273449e-06,3.4660842435584754e-06,0.0,0.2566739716190428,0.28593489882709744,0.2566739716190428,0.28593489882709744,-1.2859339416144975e-11,6.9678741360505686e-12,1.1099586709643003e-13,2.0082792282258908e-11,3.665745971597944e-13,0.0,1.0758011531741777e-08,6.3006220100145375e-09,1.0758011531741777e-08,6.3006220100145375e-09
screen,instant_RF_exact_pathways,1000.0,read,0.0,1.0,0.0,8.0,6.0,0.0,increasing_centering_x_rf180,original,increasing_centering,original_rf180,increasing_centering_rf180,3.015238059234093e-11,0.23399574366055756,0.2339957362300054,0.23399574362978073,0.23399573622938097,3.017003313843247e-11,0.23399574366055734,0.23399573623000516,0.23399574360282058,0.23399573620243844,8.797862463874748e-10,1.0332185179390016e-08,1.0613419162115345e-08,-3.5520593030865262e-06,-3.5508982828574134e-06,2.7755575615628914e-17,0.2339957436585112,0.23399573622992587,0.23399574365851117,0.23399573622992587,-2.6252935498611866e-11,2.0267198981875504e-12,7.042546106053836e-14,2.8777991414830635e-11,5.687614790917553e-13,-1.6543612251060553e-24,1.2763492058022908e-08,7.680422461092305e-09,1.276349205802291e-08,7.680422461092305e-09
screen,instant_RF_exact_pathways,1000.0,read,0.0,1.0,0.0,8.0,7.0,0.0,increasing_centering_x_rf180,original,increasing_centering,original_rf180,increasing_centering_rf180,4.5891013211729614e-11,0.1718767429888963,0.19147074113056894,0.17187674294212713,0.19147074112969079,4.306499601369751e-11,0.1718767429885618,0.1914707411301957,0.1718767429166859,0.1914707411013848,2.9610610104111425e-07,3.391047155331482e-07,3.7806388035887497e-07,2.957281176668284e-06,3.292346442535125e-06,-5.551115123125783e-17,0.1718767429806994,0.19147074113044055,0.17187674298069944,0.19147074113044052,-2.9808506851017523e-11,8.172772235958045e-12,1.2102289723831549e-13,3.8633397783151355e-11,7.731415934140994e-13,3.308722450212111e-24,2.0053711933333762e-08,9.042261201903705e-09,2.005371193333376e-08,9.042261201903706e-09
screen,instant_RF_exact_pathways,1000.0,read,0.0,1.0,0.0,8.0,8.0,0.0,increasing_centering_x_rf180,original,increasing_centering,original_rf180,increasing_centering_rf180,4.695827060530178e-11,0.15665840595303046,0.15665839332863538,0.15665840590504237,0.15665839332760556,4.6996823099831886e-11,0.15665840595303032,0.1566583933286352,0.15665840587288962,0.15665839329549133,1.5791508113580093e-09,6.794921050390493e-09,7.118343060183647e-09,-3.173955894456689e-06,-3.172053321635538e-06,-2.7755575615628914e-17,0.15665840595213507,0.1566583933285559,0.15665840595213507,0.15665839332855588,-4.5379696440873044e-11,8.777067941569146e-13,7.426100095462577e-14,4.7156288669401376e-11,9.73146435326043e-13,3.308722450212111e-24,2.2924986031976427e-08,1.0483816718859993e-08,2.2924986031976427e-08,1.0483816718859995e-08
screen,instant_RF_exact_pathways,1000.0,read,0.0,0.8,0.0,8.0,1.0,0.0,increasing_centering_x_rf180,original,increasing_centering,original_rf180,increasing_centering_rf180,0.0,0.4918741430933228,0.5479395279897853,0.4918741430933228,0.5479395279897853,0.0,0.4918732685899014,0.5479392664273832,0.4918732685899014,0.5479392664273832,0.0,0.0009275184512122105,0.000535388354253085,0.0009275184512122105,0.000535388354253085,0.0,0.4918055093740136,0.5478715068166311,0.4918055093740136,0.5478715068166311,0.0,0.0,0.0,0.0,0.0,0.0,0.0020176698429233207,0.001097712879669048,0.0020176698429233207,0.001097712879669048
screen,instant_RF_exact_pathways,1000.0,read,0.0,0.8,0.0,8.0,2.0,0.0,increasing_centering_x_rf180,original,increasing_centering,original_rf180,increasing_centering_rf180,8.225944906065097e-05,0.40560346278717363,0.40557029479140433,0.4063639234098724,0.4064130148631637,9.114858995012964e-05,0.4055786868828026,0.40552128598545145,0.4063419720241834,0.4063757197167824,0.0031037424999116802,-0.0044830537993365595,-0.0063048100599709216,0.004223744850529269,0.005505731089806587,-5.551115123125783e-17,0.4057050440478791,0.40570504304392807,0.4057050440478791,0.405705043043928,0.0,0.0003816417878704745,0.0004272163674362521,0.00038164178787047443,0.00042721636743625206,3.469446951953614e-18,0.012487635937756534,0.01692985695524883,0.012487635937756534,0.016929856955248835
screen,instant_RF_exact_pathways,1000.0,read,0.0,0.8,0.0,8.0,3.0,0.0,increasing_centering_x_rf180,original,increasing_centering,original_rf180,increasing_centering_rf180,0.14986639033032045,0.34630122962674353,0.30191824624126046,0.1944049048815007,0.29988831182633807,0.14985712041340135,0.3461849071174292,0.30181087212885116,0.19440395464251972,0.299887040067343,0.0006581378907828898,0.0089750612862222,0.008051389831614452,-0.0006078333114149393,-0.0008733668752397972,-5.551115123125783e-17,0.2696563218740402,0.3003972386392706,0.26965632187404015,0.3003972386392705,0.00022578116140117843,0.07619591687491128,0.0011544657153907184,0.07558505491287551,0.0007693849147561164,8.326672684688674e-17,0.24417538771374356,0.03439401479503445,0.24417538771374347,0.03439401479503446
screen,instant_RF_exact_pathways,1000.0,read,0.0,0.8,0.0,8.0,4.0,0.0,increasing_centering_x_rf180,original,increasing_centering,original_rf180,increasing_centering_rf180,0.19838801810809598,0.2654832868539148,0.2233049397996029,0.06341835887604372,0.21962802992982777,0.19831819167273645,0.26536579422816453,0.22323176015010748,0.06340187978748445,0.21958603738216387,0.0006678655353267102,-0.007897521915984734,-0.005716414889522823,0.0014456423983972302,0.004294614960185851,-2.7755575615628914e-17,0.2224017794692383,0.22240177764247251,0.22240177946923828,0.22240177764247246,-0.11907571144907803,0.04018554997929705,0.000564314852885299,0.1617783592996366,0.003081412724146834,-1.1102230246251565e-16,0.4452177639247954,0.064139950241139,0.4452177639247954,0.0641399502411389
screen,instant_RF_exact_pathways,1000.0,read,0.0,0.8,0.0,8.0,5.0,0.0,increasing_centering_x_rf180,original,increasing_centering,original_rf180,increasing_centering_rf180,0.15416854072737823,0.24590032485047184,0.17678130549144275,0.08568833136385402,0.17073785273220315,0.3255153692986694,0.24580313147909982,0.1766553331534064,-0.0856836890078956,0.17068388196508041,-0.0031602164071194453,0.006913054074426646,0.006672573695194262,-0.0008919472629478866,-0.004292644049299716,2.7755575615628914e-17,0.14779136005718152,0.16463962948370148,0.14779136005718144,0.16463962948370142,-0.14872350756981662,0.09436740796121512,0.011776910834317197,0.23711943563468388,0.0058054309379693405,1.1102230246251565e-16,0.6669295093424582,0.15839816999546094,0.6669295093424582,0.158398169995461
screen,instant_RF_exact_pathways,1000.0,read,0.0,0.8,0.0,8.0,6.0,0.0,increasing_centering_x_rf180,original,increasing_centering,original_rf180,increasing_centering_rf180,0.042492785356578106,0.17488043647467955,0.13869016803940945,0.12546620800196087,0.13176872492326888,0.29330521797421794,0.1748551736174902,0.13866469333422335,-0.12546445159196082,0.13165028609899027,0.004607409896237715,-0.002972426747926262,-0.0026581070944228543,0.000663880350539797,0.005585609900280919,0.0,0.12186734638037415,0.12186734251149192,0.12186734638037412,0.1218673425114919,-0.2127711071836629,0.04728147059094342,0.016570778428574108,0.2530381481802756,0.009556348834243387,1.1102230246251565e-16,0.772111228214572,0.2521344322269092,0.772111228214572,0.25213443222690923
screen,instant_RF_exact_pathways,1000.0,read,0.0,0.8,0.0,8.0,7.0,0.0,increasing_centering_x_rf180,original,increasing_centering,original_rf180,increasing_centering_rf180,0.013499761420255663,0.1698037786517086,0.12143191783615882,0.14960141036355654,0.11472931096826244,0.3126078863952791,0.16980297517904142,0.12137094181836242,-0.14960140594183194,0.11457444709276815,-0.009248108403752382,0.0005223645702922899,0.00384774628728467,-3.637296324870834e-05,-0.00595909965000871,-2.7755575615628914e-17,0.08096712042560121,0.09019739544883257,0.08096712042560121,0.09019739544883254,-0.15999795414918272,0.08310148847423987,0.030962788623317798,0.23630290660292477,0.024166252602819967,0.0,0.8740615181218521,0.4067865693186444,0.8740615181218521,0.40678656931864443
screen,instant_RF_exact_pathways,1000.0,read,0.0,0.8,0.0,8.0,8.0,0.0,increasing_centering_x_rf180,original,increasing_centering,original_rf180,increasing_centering_rf180,0.01518883132475822,0.1204705721166085,0.10245646536716303,0.09921005756368508,0.09638478213899783,0.21341329855654326,0.12045031938648097,0.10245421967552622,-0.0992068123855594,0.09621038646002911,0.00788033323742537,0.002208915072539875,-0.0006783555201342783,0.0008024326053480931,0.005795495250099311,-1.3877787807814457e-17,0.06675095194006757,0.06675094656125678,0.06675095194006755,0.06675094656125675,-0.13243920199847808,0.04673089937616398,0.03550645864672994,0.1729262290637325,0.02926258633582038,0.0,0.9161819677002013,0.529816345444391,0.9161819677002013,0.529816345444391
screen,finite_RF_static_Bloch,1000.0,read,90.0,0.8,0.0,8.0,1.0,,increasing_alternating_centering_x_rf90_exploratory,original,increasing_alternating_centering,original_rf90_exploratory,inc_alt_center_rf90_exploratory,0.0,0.2697870344096004,0.28711333277371676,0.2697870344096004,0.28711333277371676,0.0,0.2697744019263688,0.28710010648972295,0.2697744019263688,0.28710010648972295,0.0,-0.002610747172157214,-0.0027558501448304547,-0.002610747172157214,-0.0027558501448304547,,,,,,,,,,,,,,,
screen,finite_RF_static_Bloch,1000.0,read,90.0,0.8,0.0,8.0,2.0,,increasing_alternating_centering_x_rf90_exploratory,original,increasing_alternating_centering,original_rf90_exploratory,inc_alt_center_rf90_exploratory,-0.004955191976909773,0.19944691012095758,0.20176904374004082,0.20192411039757552,0.19929105203974898,-0.0002704614097225333,-0.19942779818713444,-0.20176795633885053,0.20190004187070001,0.1992894223092614,0.0011118120876306065,0.002761026444804865,-0.0006624247989117974,0.0031176036409150767,0.0008059644848290208,,,,,,,,,,,,,,,
screen,finite_RF_static_Bloch,1000.0,read,90.0,0.8,0.0,8.0,3.0,,increasing_alternating_centering_x_rf90_exploratory,original,increasing_alternating_centering,original_rf90_exploratory,inc_alt_center_rf90_exploratory,-0.018347361540383605,0.1026164201003395,0.13769018045938236,0.13746616872326178,0.15419256754192104,-0.05620537708330911,0.1025895450168853,0.13768488288634428,-0.1330037978697285,-0.15411383708357865,0.04080834959847218,0.0023483882638571,0.0012078160087281744,-0.03474100308973076,0.004926774253612497,,,,,,,,,,,,,,,
screen,finite_RF_static_Bloch,1000.0,read,90.0,0.8,0.0,8.0,4.0,,increasing_alternating_centering_x_rf90_exploratory,original,increasing_alternating_centering,original_rf90_exploratory,inc_alt_center_rf90_exploratory,-0.09933236301019235,0.04499564308129846,0.11507472549072165,0.136572797696303,0.10731951709553382,0.09943623391651944,-0.04499167112355308,-0.11505826985102727,-0.13652558715764615,-0.1071559519686009,-0.00816542932011282,-0.0005978509928417442,-0.0019460178964053778,0.0035906993546204607,-0.005922896869055994,,,,,,,,,,,,,,,
screen,finite_RF_static_Bloch,1000.0,read,90.0,0.8,0.0,8.0,5.0,,increasing_alternating_centering_x_rf90_exploratory,original,increasing_alternating_centering,original_rf90_exploratory,inc_alt_center_rf90_exploratory,-0.12392136556674427,0.005523451207374798,0.08585224604479288,0.12206104257930168,0.07846847184997549,-0.13249862197151316,-0.003069001308399183,0.08583154857069515,0.12180396300024265,0.07820589090782382,0.007981258283296728,0.004592357151757061,-0.0018850519600407919,-0.007917873008682155,-0.006414023837183279,,,,,,,,,,,,,,,
screen,finite_RF_static_Bloch,1000.0,read,90.0,0.8,0.0,8.0,6.0,,increasing_alternating_centering_x_rf90_exploratory,original,increasing_alternating_centering,original_rf90_exploratory,inc_alt_center_rf90_exploratory,-0.06841098222540719,0.019934257836277655,0.06839254301851765,0.07719268984920846,0.057239992806041265,0.06840515837686713,0.019860460756066595,-0.0683924302395139,0.0770847875127101,0.05723705489399673,-0.0016622337268362285,0.0017136901820153717,-0.0001242033534609758,0.0040800613079247545,0.0005799340456121784,,,,,,,,,,,,,,,
screen,finite_RF_static_Bloch,1000.0,read,90.0,0.8,0.0,8.0,7.0,,increasing_alternating_centering_x_rf90_exploratory,original,increasing_alternating_centering,original_rf90_exploratory,inc_alt_center_rf90_exploratory,-0.009282429843630105,0.04136813003409695,0.05253293504593668,0.04583789490726841,0.047720270075478036,-0.09931876913767974,-0.04132097828873353,0.052460481201891125,-0.04214223520677515,-0.04767954485383025,0.024735536007323495,0.001974572303048442,-0.002758111057704252,-0.018031767004556828,0.0019710856420139737,,,,,,,,,,,,,,,
screen,finite_RF_static_Bloch,1000.0,read,90.0,0.8,0.0,8.0,8.0,,increasing_alternating_centering_x_rf90_exploratory,original,increasing_alternating_centering,original_rf90_exploratory,inc_alt_center_rf90_exploratory,-0.025897137614756843,0.041793601509860556,0.04287985682580943,0.060613265916498564,0.035802383617690586,0.10949427123586729,0.04176078400911361,-0.04287894916407023,-0.06059370948398622,-0.035739171421302764,0.0013479434796804337,0.001655912470265133,-0.00027899818457547397,-0.0015396025572998247,-0.002126569732459998,,,,,,,,,,,,,,,
screen,finite_RF_static_Bloch,1000.0,read,0.0,1.0,0.0,8.0,1.0,,increasing_alternating_centering_x_rf90_exploratory,original,increasing_alternating_centering,original_rf90_exploratory,inc_alt_center_rf90_exploratory,0.0,0.2455084451217991,0.24850106405226652,0.2455084451217991,0.24850106405226652,0.0,-0.0032448769234316712,-0.004910058550749369,-0.0032448769234316712,-0.004910058550749369,0.0,0.2454870004702392,0.2484525511242275,0.2454870004702392,0.2484525511242275,,,,,,,,,,,,,,,
screen,finite_RF_static_Bloch,1000.0,read,0.0,1.0,0.0,8.0,2.0,,increasing_alternating_centering_x_rf90_exploratory,original,increasing_alternating_centering,original_rf90_exploratory,inc_alt_center_rf90_exploratory,0.0037712913885057375,0.17408066530266472,0.16710657940215481,0.17835521627085393,0.17515242175884976,0.008139735858990875,-0.0031780999121127037,0.00029111478832184734,-0.005325068310178628,0.006283882249246799,0.010181367971699218,0.17405165242871729,0.1671063258278055,-0.1782757045099388,-0.17503966313915137,,,,,,,,,,,,,,,
screen,finite_RF_static_Bloch,1000.0,read,0.0,1.0,0.0,8.0,3.0,,increasing_alternating_centering_x_rf90_exploratory,original,increasing_alternating_centering,original_rf90_exploratory,inc_alt_center_rf90_exploratory,0.03844562956967641,0.16069829149525128,0.12495895048190177,0.12828733414957452,0.13099362270590142,0.026009736295905698,0.0012929808305973509,-0.002839343451830773,-0.027352792841535058,-0.005475380828057482,0.03022466503329657,0.16069308973961655,0.12492668823874634,-0.12533740394220977,-0.13087914040978338,,,,,,,,,,,,,,,
screen,finite_RF_static_Bloch,1000.0,read,0.0,1.0,0.0,8.0,4.0,,increasing_alternating_centering_x_rf90_exploratory,original,increasing_alternating_centering,original_rf90_exploratory,inc_alt_center_rf90_exploratory,0.012062449071389578,0.12932732414796347,0.10046737760226368,0.11367918967617137,0.09688169220186116,0.0017730770296776046,0.004887420181354245,-0.0022408196984272355,-0.0005828243898406717,-0.005937987239944547,0.011814408188594874,0.12923494069036945,0.10044238492466702,0.11367769561862852,0.09669954804152096,,,,,,,,,,,,,,,
screen,finite_RF_static_Bloch,1000.0,read,0.0,1.0,0.0,8.0,5.0,,increasing_alternating_centering_x_rf90_exploratory,original,increasing_alternating_centering,original_rf90_exploratory,inc_alt_center_rf90_exploratory,0.00862104116702897,0.11169357192447797,0.07816957138341778,0.09927804570871772,0.0743750863346865,0.016433283139521235,0.005770167366950598,-0.005616352670434555,-0.007100142123142581,-0.0020533790210064996,0.00889978787117672,0.11154442692401048,0.07796754756274274,0.09902382714061006,0.07434673565051904,,,,,,,,,,,,,,,
screen,finite_RF_static_Bloch,1000.0,read,0.0,1.0,0.0,8.0,6.0,,increasing_alternating_centering_x_rf90_exploratory,original,increasing_alternating_centering,original_rf90_exploratory,inc_alt_center_rf90_exploratory,0.037408789014646705,0.09049070100074613,0.053798897219883283,0.06336023930230196,0.06407722453608582,0.008630336174291915,0.007266492132741192,0.002460207071492084,-0.0023935850401149757,0.001430466072927831,0.03570961624063611,0.09019847592776303,0.053742615522887845,-0.06331501145147735,-0.06406125561571643,,,,,,,,,,,,,,,
screen,finite_RF_static_Bloch,1000.0,read,0.0,1.0,0.0,8.0,7.0,,increasing_alternating_centering_x_rf90_exploratory,original,increasing_alternating_centering,original_rf90_exploratory,inc_alt_center_rf90_exploratory,0.05831143350061907,0.07884813956707859,0.03766314918775467,0.036403845733889904,0.05353028885518506,0.004978021088962553,-0.0031371731978516474,0.0012443375440218491,-0.013427951040103043,-0.004068419209266993,0.02160447206973723,0.07878570465202546,0.03764258799306449,-0.0338368159713861,-0.05337546056060984,,,,,,,,,,,,,,,
screen,finite_RF_static_Bloch,1000.0,read,0.0,1.0,0.0,8.0,8.0,,increasing_alternating_centering_x_rf90_exploratory,original,increasing_alternating_centering,original_rf90_exploratory,inc_alt_center_rf90_exploratory,0.025721569054822507,0.06270890884743201,0.032852346214220014,0.04464014497243542,0.04050515139404593,0.001689666394321829,0.005649352500825831,-0.00034721490374492545,0.001323022975798146,-0.002983878034450782,0.0253779688699406,0.062453919533980815,0.03285051131397491,0.0446205351084628,0.04039509575839749,,,,,,,,,,,,,,,
screen,finite_RF_static_Bloch,1000.0,read,90.0,1.0,0.0,8.0,1.0,,increasing_alternating_centering_x_rf90_exploratory,original,increasing_alternating_centering,original_rf90_exploratory,inc_alt_center_rf90_exploratory,0.0,0.2441917467263025,0.24805902664203094,0.2441917467263025,0.24805902664203094,0.0,0.2441691149836675,0.24801095795424974,0.2441691149836675,0.24801095795424974,0.0,-0.0033245236253082477,-0.004883178596691768,-0.0033245236253082477,-0.004883178596691768,,,,,,,,,,,,,,,
screen,finite_RF_static_Bloch,1000.0,read,90.0,1.0,0.0,8.0,2.0,,increasing_alternating_centering_x_rf90_exploratory,original,increasing_alternating_centering,original_rf90_exploratory,inc_alt_center_rf90_exploratory,0.010728128378601265,0.1810054625174696,0.17079813292236287,0.17796719804994093,0.17848799683343547,-0.009369042346253798,-0.1809909593379285,-0.1707952953030239,0.177659372856685,0.17848599454533584,0.008310619704592615,-0.002291309472639517,-0.0009845364990666411,-0.010462830301417907,-0.000845437623252415,,,,,,,,,,,,,,,
screen,finite_RF_static_Bloch,1000.0,read,90.0,1.0,0.0,8.0,3.0,,increasing_alternating_centering_x_rf90_exploratory,original,increasing_alternating_centering,original_rf90_exploratory,inc_alt_center_rf90_exploratory,-0.02379865717745651,0.09808397421500868,0.12603428804179534,0.12667519409563854,0.1308268507449687,-0.037671044790320116,0.09806726087512398,0.1260085135099864,-0.12071732764556788,-0.13044711980102552,0.04761426809310242,0.0018106193031298635,0.002548781121597586,-0.03839181690517275,0.009960613006397393,,,,,,,,,,,,,,,
screen,finite_RF_static_Bloch,1000.0,read,90.0,1.0,0.0,8.0,4.0,,increasing_alternating_centering_x_rf90_exploratory,original,increasing_alternating_centering,original_rf90_exploratory,inc_alt_center_rf90_exploratory,-0.05907224510613187,0.054362214233792165,0.102479901452497,0.11002143442698946,0.09906687653956242,0.0592286395457106,-0.05427295960162368,-0.10247388038104,-0.10989452536843444,-0.09886680660214016,-0.009572830226836925,0.003113870980185276,0.0011108741448973944,0.005282927921035869,-0.0062928991410889385,,,,,,,,,,,,,,,
screen,finite_RF_static_Bloch,1000.0,read,90.0,1.0,0.0,8.0,5.0,,increasing_alternating_centering_x_rf90_exploratory,original,increasing_alternating_centering,original_rf90_exploratory,inc_alt_center_rf90_exploratory,-0.0651754073415259,0.03926057160997544,0.06719870301731103,0.10812732289233666,0.07089004695814635,-0.0648804666411738,0.03911595587572645,0.06713067391258548,0.10770647971800246,0.07084073111368769,0.0004971767423252939,-0.003366671809106231,0.003022963322781366,-0.009530591934353128,-0.002643780060140237,,,,,,,,,,,,,,,
screen,finite_RF_static_Bloch,1000.0,read,90.0,1.0,0.0,8.0,6.0,,increasing_alternating_centering_x_rf90_exploratory,original,increasing_alternating_centering,original_rf90_exploratory,inc_alt_center_rf90_exploratory,-0.04511708335018938,0.017959469282255617,0.05265453842660682,0.07058992801818305,0.06016791381234487,0.024381715848133003,-0.017802192437405818,-0.05265122857183834,0.07049755096309417,0.060030230676794645,0.0013233012209853973,0.0023715988956512545,0.0005903785184510047,-0.00361015869709421,-0.004068077853309063,,,,,,,,,,,,,,,
screen,finite_RF_static_Bloch,1000.0,read,90.0,1.0,0.0,8.0,7.0,,increasing_alternating_centering_x_rf90_exploratory,original,increasing_alternating_centering,original_rf90_exploratory,inc_alt_center_rf90_exploratory,-0.022264073451100617,0.01003975030576161,0.04162721945950903,0.04051060925845285,0.04983400496109965,-0.04386591193886111,0.009654510853550183,0.04162569764519586,-0.03775384264380499,-0.04964856779102041,0.012792085915649294,0.0027544521017295017,0.00035594308655045284,-0.01468866325156438,-0.004295086351094133,,,,,,,,,,,,,,,
screen,finite_RF_static_Bloch,1000.0,read,90.0,1.0,0.0,8.0,8.0,,increasing_alternating_centering_x_rf90_exploratory,original,increasing_alternating_centering,original_rf90_exploratory,inc_alt_center_rf90_exploratory,-0.028357774392877528,0.0011126382786846487,0.031170458407442383,0.04102095857594736,0.04272100431182757,0.028613481074947326,-0.0008278170500010721,-0.031152284158000407,-0.04100999634407125,-0.04272098237712326,0.0027126882085812564,0.000743426439482657,-0.001064269265408158,-0.0009482838967588231,-4.329139306838165e-05,,,,,,,,,,,,,,,
screen,finite_RF_static_Bloch,1000.0,read,0.0,0.8,0.0,8.0,1.0,,increasing_alternating_centering_x_rf90_exploratory,original,increasing_alternating_centering,original_rf90_exploratory,inc_alt_center_rf90_exploratory,0.0,0.2739454106026763,0.2910134879142601,0.2739454106026763,0.2910134879142601,0.0,-0.004991579147107938,-0.005448413794415983,-0.004991579147107938,-0.005448413794415983,0.0,0.2738999308650644,0.2909624802876619,0.2738999308650644,0.2909624802876619,,,,,,,,,,,,,,,
screen,finite_RF_static_Bloch,1000.0,read,0.0,0.8,0.0,8.0,2.0,,increasing_alternating_centering_x_rf90_exploratory,original,increasing_alternating_centering,original_rf90_exploratory,inc_alt_center_rf90_exploratory,0.0012820689860013335,0.20311633593669665,0.2029574251374335,0.20058143472301193,0.20170459290975012,0.007131514998201659,0.006792072383082392,0.00021784565898888943,-0.0033347411196099318,-0.002777452845501776,-0.0010863224196543397,0.20300274302849206,0.20295730822437952,-0.20055371215015463,-0.2016854693739215,,,,,,,,,,,,,,,
screen,finite_RF_static_Bloch,1000.0,read,0.0,0.8,0.0,8.0,3.0,,increasing_alternating_centering_x_rf90_exploratory,original,increasing_alternating_centering,original_rf90_exploratory,inc_alt_center_rf90_exploratory,0.055372008907117076,0.1881336324321432,0.14436125294133134,0.1385818953472409,0.15018152476354613,0.03404267336345444,-0.0028804625945044347,-0.009038245090426137,-0.038686892141131114,-0.010802001273598373,0.027313402791996177,0.18811158015219165,0.1440780395357892,-0.13307240921578795,-0.14979254704019423,,,,,,,,,,,,,,,
screen,finite_RF_static_Bloch,1000.0,read,0.0,0.8,0.0,8.0,4.0,,increasing_alternating_centering_x_rf90_exploratory,original,increasing_alternating_centering,original_rf90_exploratory,inc_alt_center_rf90_exploratory,0.005762629675693021,0.1455171690923911,0.10656826234349202,0.13702477969657076,0.10383850262336469,0.01627373404699003,0.007134656286986935,-0.0032063817495576697,-0.007059022812884911,-0.001126326802439485,0.005811706385244753,0.14534215899156755,0.10652001527876084,0.13684283118899915,0.10383239386143721,,,,,,,,,,,,,,,
screen,finite_RF_static_Bloch,1000.0,read,0.0,0.8,0.0,8.0,5.0,,increasing_alternating_centering_x_rf90_exploratory,original,increasing_alternating_centering,original_rf90_exploratory,inc_alt_center_rf90_exploratory,-0.0017588641176050357,0.13054789918198786,0.08200531796380955,0.12393419780249186,0.07363275246670853,0.005791005287204802,-0.005332037905887434,-0.0011749185854500414,-0.00949346472628278,0.00045465988135941476,-0.0014966470763228268,0.13043896408895866,0.0819969007991343,0.12357005912614108,0.07363134875999389,,,,,,,,,,,,,,,
screen,finite_RF_static_Bloch,1000.0,read,0.0,0.8,0.0,8.0,6.0,,increasing_alternating_centering_x_rf90_exploratory,original,increasing_alternating_centering,original_rf90_exploratory,inc_alt_center_rf90_exploratory,0.0216561989697049,0.10270460224719587,0.06625795919357202,0.07283341121448918,0.058042967130570236,0.008185991333752921,0.004402119102198071,0.0031584138591125247,-0.0033839954968266674,0.003558290593840707,0.05124853907463141,0.10261021718213431,0.06618263804345986,-0.07275475492101073,-0.05793379498505377,,,,,,,,,,,,,,,
screen,finite_RF_static_Bloch,1000.0,read,0.0,0.8,0.0,8.0,7.0,,increasing_alternating_centering_x_rf90_exploratory,original,increasing_alternating_centering,original_rf90_exploratory,inc_alt_center_rf90_exploratory,0.03730330501807421,0.09213087536241317,0.049904690311878566,0.048456373022809994,0.0435334929903496,0.01499135792939017,-0.004103604759438988,7.813748692443647e-05,-0.02334613057780252,-0.004173030402048928,0.041263280711357236,0.09203944058403887,0.049904629140568146,-0.042461491655026704,-0.043333022387140194,,,,,,,,,,,,,,,
screen,finite_RF_static_Bloch,1000.0,read,0.0,0.8,0.0,8.0,8.0,,increasing_alternating_centering_x_rf90_exploratory,original,increasing_alternating_centering,original_rf90_exploratory,inc_alt_center_rf90_exploratory,-7.74852740065557e-05,0.07039205354452457,0.04296321998265882,0.057333204325874645,0.029826885490002335,0.010696155099858108,0.008987383861626386,0.00028169920127250935,-0.006616442433877823,-0.004625971994373591,-0.0006305107915659663,0.0698159590175412,0.04296229645675771,0.056950144932139304,0.02946597157978985,,,,,,,,,,,,,,,
screen,instant_RF_exact_pathways,1000.0,read,90.0,0.8,0.0,8.0,1.0,0.001,increasing_alternating_centering_x_rf90_exploratory,original,increasing_alternating_centering,original_rf90_exploratory,inc_alt_center_rf90_exploratory,0.0,0.15992509038940247,0.1785125223377237,0.15992509038940247,0.1785125223377237,0.0,-2.647567851899582e-07,-2.9463352815667465e-07,-2.647567851899582e-07,-2.9463352815667465e-07,0.0,-0.15992509038918332,-0.17851252233748055,-0.15992509038918332,-0.17851252233748055,0.0,0.16054957544226223,0.17887293662526704,0.16054957544226223,0.17887293662526704,0.0,0.0,0.0,0.0,0.0,0.0,0.0038746002361893226,0.002010866201569564,0.0038746002361893226,0.002010866201569564
screen,instant_RF_exact_pathways,1000.0,read,90.0,0.8,0.0,8.0,2.0,0.001,increasing_alternating_centering_x_rf90_exploratory,original,increasing_alternating_centering,original_rf90_exploratory,inc_alt_center_rf90_exploratory,-0.005678831187248157,0.1275568297144172,0.13285062746088,0.1320061491785771,0.13162111573779173,-0.0054187758350946,-4.78698473944091e-07,-4.837929887686633e-07,0.0042342590093115045,-0.00118452192029792,-0.004971361155826137,0.12755682971351898,0.1328506274599991,-0.13193822217840748,-0.1316157855877535,0.0,0.13189586750926569,0.1317363609406283,0.13189586750926569,0.1317363609406283,-4.0657581468206416e-20,0.00010968831029626619,4.265571136106859e-05,0.00010968831029626623,4.26557113610686e-05,0.0,0.0335788560442867,0.01045636173901297,0.0335788560442867,0.01045636173901297
screen,instant_RF_exact_pathways,1000.0,read,90.0,0.8,0.0,8.0,3.0,0.001,increasing_alternating_centering_x_rf90_exploratory,original,increasing_alternating_centering,original_rf90_exploratory,inc_alt_center_rf90_exploratory,-0.03371239020748858,0.053845352638173624,0.09459826381985277,0.09301436993476161,0.10005489090895218,0.018190084502516617,-2.4347512086012256e-07,-1.6467694323366904e-07,-0.020121763006748245,-0.001931599706054002,0.049977329606028124,-0.053845352637623155,-0.09459826381970944,0.09081182559480315,0.100036244018745,-5.551115123125783e-17,0.08727829866427458,0.09687794285461132,0.08727829866427461,0.0968779428546113,0.0009619706772074597,0.02492131347719051,0.00018194275450034744,0.024819131965738678,0.0010417319202559747,0.0,0.2787551367063922,0.05287724729914109,0.2787551367063922,0.0528772472991411
screen,instant_RF_exact_pathways,1000.0,read,90.0,0.8,0.0,8.0,4.0,0.001,increasing_alternating_centering_x_rf90_exploratory,original,increasing_alternating_centering,original_rf90_exploratory,inc_alt_center_rf90_exploratory,-0.08094890175233213,0.011405241987724867,0.06914000788793198,0.09714349668469027,0.07392936083256525,0.0006513370959768442,-2.3832745687621135e-07,-2.5987805171220266e-07,0.0004283853639643246,0.0010797009093463329,-0.08095584186170429,0.011405241985234786,0.06914000788744358,0.09714255212886046,0.07392147616936495,-4.163336342344337e-17,0.07168665597295826,0.0708332225798119,0.07168665597295829,0.07083322257981188,0.03353357885979583,0.05304917036302625,0.0004413725843021645,0.01978515575352943,0.0007109368346011801,5.551115123125783e-17,0.4731466801058613,0.06968383344922799,0.47314668010586125,0.069683833449228
screen,instant_RF_exact_pathways,1000.0,read,90.0,0.8,0.0,8.0,5.0,0.001,increasing_alternating_centering_x_rf90_exploratory,original,increasing_alternating_centering,original_rf90_exploratory,inc_alt_center_rf90_exploratory,-0.037854555679615334,0.0358583832810075,0.04924840194385574,0.07691660493676118,0.05245206791999409,0.005804280940131142,-2.4644915198536685e-07,-8.965689922897164e-08,-0.004539607996640657,0.0012648297357432416,0.10945249411724002,0.0358583832801606,-0.04924840194377413,-0.07678252453673708,-0.05243681564343179,-6.938893903907228e-18,0.04742670762509899,0.0516666325660322,0.04742670762509899,0.05166663256603219,0.047826892326290234,0.07752064230959055,0.000798874040864617,0.030002183102971113,0.0011073071605354134,-1.1102230246251565e-16,0.6861995598071784,0.12308664326457168,0.6861995598071784,0.12308664326457158
screen,instant_RF_exact_pathways,1000.0,read,90.0,0.8,0.0,8.0,6.0,0.001,increasing_alternating_centering_x_rf90_exploratory,original,increasing_alternating_centering,original_rf90_exploratory,inc_alt_center_rf90_exploratory,-0.009313039712798343,0.04541869797671042,0.03585810782508452,0.056703729610761956,0.03783009974633771,-0.0039073120855561356,-1.0180075091562057e-07,-1.3675682853773047e-07,0.003036931857120426,-0.0008704151845133312,-0.06247454534995513,-0.04541869797659633,0.03585810782482374,-0.05662234538294585,-0.03782008493148091,-2.7755575615628914e-17,0.03894612568678316,0.037363227278922245,0.03894612568678318,0.03736322727892223,0.06519920813634711,0.08271071025934465,0.0008729032755560537,0.017428315893981194,0.0007897170465396989,2.220446049250313e-16,0.7851874809976376,0.1635980618916619,0.7851874809976375,0.16359806189166196
screen,instant_RF_exact_pathways,1000.0,read,90.0,0.8,0.0,8.0,7.0,0.001,increasing_alternating_centering_x_rf90_exploratory,original,increasing_alternating_centering,original_rf90_exploratory,inc_alt_center_rf90_exploratory,0.014707138088753229,0.05066955190354696,0.025996302304246932,0.03823494583349243,0.028268834322945628,0.012305571905168476,-1.9583770596495865e-07,-4.637118942906867e-08,-0.013289535367556029,-0.0009838139958710168,0.0690664923925106,0.050669551903168505,-0.025996302304205573,0.03585107156842843,0.028251709753564953,-3.469446951953614e-18,0.02576069867418543,0.026930261736889255,0.025760698674185435,0.026930261736889255,0.059853076390895286,0.07739277098236216,0.0006904787025811257,0.017698867530546964,0.0008496516416612133,0.0,0.8812835985887849,0.24422729721023598,0.8812835985887849,0.24422729721023598
screen,instant_RF_exact_pathways,1000.0,read,90.0,0.8,0.0,8.0,8.0,0.001,increasing_alternating_centering_x_rf90_exploratory,original,increasing_alternating_centering,original_rf90_exploratory,inc_alt_center_rf90_exploratory,-0.010089684340105966,0.03215159579951962,0.018919499178171994,0.04374776305478323,0.020425982093329634,6.816535816055156e-05,-6.785351182599451e-08,-7.06402972301925e-08,0.0008022354655856785,0.0008703980369608259,-0.07440407298086307,-0.03215159579944802,0.018919499178040117,0.04374040684030286,0.02040742883692793,-3.469446951953614e-18,0.02114984294141668,0.01918958288713751,0.021149842941416683,0.01918958288713751,0.039754430448486526,0.05711542048769598,0.000422373524185364,0.01754609207017732,0.0006074755551532314,1.1102230246251565e-16,0.9206935245330666,0.31733768687849745,0.9206935245330665,0.31733768687849745
screen,instant_RF_exact_pathways,1000.0,read,90.0,1.0,0.0,8.0,1.0,0.001,increasing_alternating_centering_x_rf90_exploratory,original,increasing_alternating_centering,original_rf90_exploratory,inc_alt_center_rf90_exploratory,0.0,0.18663396088449194,0.20793430677042551,0.18663396088449194,0.20793430677042551,0.0,-3.0702785146159754e-07,-3.4206863051991803e-07,-3.0702785146159754e-07,-3.4206863051991803e-07,0.0,-0.1866339608842394,-0.20793430677014416,-0.1866339608842394,-0.20793430677014416,0.0,0.1866339610514622,0.20793430686639466,0.1866339610514622,0.20793430686639466,0.0,0.0,0.0,0.0,0.0,0.0,8.946403422654344e-10,4.615359086053876e-10,8.946403422654344e-10,4.615359086053876e-10
screen,instant_RF_exact_pathways,1000.0,read,90.0,1.0,0.0,8.0,2.0,0.001,increasing_alternating_centering_x_rf90_exploratory,original,increasing_alternating_centering,original_rf90_exploratory,inc_alt_center_rf90_exploratory,9.256041488825417e-10,0.16951202840484011,0.1693070302726701,0.16951202768335663,0.16930703047679077,-2.011789295648202e-09,-6.210414651694744e-07,-6.202904157195868e-07,1.8071688766514592e-06,1.8059081368056988e-06,0.0004099953387327049,0.16951202840370247,0.16930703027153382,-0.1695120276737235,-0.16930703046715945,2.7755575615628914e-17,0.16951202769283688,0.16930703050535367,0.16951202769283683,0.16930703050535365,7.888609052210118e-31,5.900124483705165e-15,2.294446931414427e-15,5.9001244837051646e-15,2.2944469314144266e-15,-1.6543612251060553e-24,4.3122141742843e-09,1.3743446011901856e-09,4.312214174284302e-09,1.3743446011901858e-09
screen,instant_RF_exact_pathways,1000.0,read,90.0,1.0,0.0,8.0,3.0,0.001,increasing_alternating_centering_x_rf90_exploratory,original,increasing_alternating_centering,original_rf90_exploratory,inc_alt_center_rf90_exploratory,8.770112691625087e-10,0.1240119169747176,0.1376518505277571,0.12401191748872752,0.1376518519187783,1.414067662332988e-07,-2.0400956027377498e-07,-2.2644834865942072e-07,1.0714218053741982e-06,1.1903897832218512e-06,0.027279867982553052,-0.1240119169745498,-0.13765185052757084,0.12401191748409915,0.13765185191363116,-1.3877787807814457e-17,0.12401191681735917,0.137651851314565,0.12401191681735915,0.13765185131456498,5.606018119783993e-14,1.4814477314999301e-12,1.1273647976616585e-14,1.4759747858105033e-12,6.18608834850297e-14,-1.6543612251060553e-24,1.2654906002669892e-08,5.716514871499498e-09,1.2654906002669894e-08,5.716514871499499e-09
screen,instant_RF_exact_pathways,1000.0,read,90.0,1.0,0.0,8.0,4.0,0.001,increasing_alternating_centering_x_rf90_exploratory,original,increasing_alternating_centering,original_rf90_exploratory,inc_alt_center_rf90_exploratory,6.980552524904482e-10,0.11261164175038768,0.11127099323385256,0.11261164221089433,0.11127099439241446,1.8932937593580557e-08,-4.1257543606592354e-07,-4.0766370285955127e-07,-1.9897409300342326e-06,-1.9658962592342798e-06,6.982583122816521e-10,0.11261164174963191,0.11127099323310578,0.1126116421933159,0.11127099437504809,1.3877787807814457e-17,0.11261164138723825,0.11127099389974558,0.11261164138723825,0.1112709938997456,2.204343561065165e-12,3.642688683157365e-12,3.333557653521297e-14,1.4549082173177348e-12,4.9898671760747525e-14,0.0,1.7925372392222272e-08,5.985151769363773e-09,1.7925372392222272e-08,5.985151769363772e-09
screen,instant_RF_exact_pathways,1000.0,read,90.0,1.0,0.0,8.0,5.0,0.001,increasing_alternating_centering_x_rf90_exploratory,original,increasing_alternating_centering,original_rf90_exploratory,inc_alt_center_rf90_exploratory,1.4423153643638997e-09,0.08236747698717976,0.08973108876974001,0.08236747646735967,0.08973108969223528,-1.0288703534417551e-07,-1.355011124205936e-07,-1.476148481613861e-07,-1.289203547614899e-06,-1.4042043186998671e-06,-1.4414273247220777e-09,-0.08236747698706831,-0.08973108876961859,-0.08236747645727047,-0.08973108968124807,0.0,0.0823674767066181,0.08973108966433699,0.0823674767066181,0.08973108966433699,4.366475220324197e-12,6.565084919883592e-12,8.263322048172045e-14,2.1987651101693955e-12,8.278863109172173e-14,0.0,3.118868760273138e-08,9.970996663609408e-09,3.118868760273138e-08,9.970996663609408e-09
screen,instant_RF_exact_pathways,1000.0,read,90.0,1.0,0.0,8.0,6.0,0.001,increasing_alternating_centering_x_rf90_exploratory,original,increasing_alternating_centering,original_rf90_exploratory,inc_alt_center_rf90_exploratory,1.1143378719769004e-09,0.07477989739541373,0.07174059606927793,0.07477989698295613,0.07174059677115821,-8.553035193965071e-08,-2.739712194182731e-07,-2.628361288119609e-07,1.8441428166193055e-06,1.7697475552859672e-06,0.006078601537002834,0.07477989739491185,0.07174059606879646,-0.07477989696021697,-0.07174059674932952,-1.3877787807814457e-17,0.07477989726839819,0.07174059674135441,0.0747798972683982,0.07174059674135441,7.838009639417751e-12,9.383317254906514e-12,1.2678671675551952e-13,1.486817339036184e-12,6.829644030294053e-14,6.617444900424222e-24,3.8296556906433925e-08,1.0378526084493483e-08,3.829655690643392e-08,1.0378526084493483e-08
screen,instant_RF_exact_pathways,1000.0,read,90.0,1.0,0.0,8.0,7.0,0.001,increasing_alternating_centering_x_rf90_exploratory,original,increasing_alternating_centering,original_rf90_exploratory,inc_alt_center_rf90_exploratory,8.670443946146023e-10,0.054684728689865444,0.05716747227597474,0.05468472887295095,0.05716747332610464,6.100568167173546e-08,-8.996076856577826e-08,-9.404508408786369e-08,1.2379294149064926e-06,1.2948507810561426e-06,0.004965488038607212,-0.05468472868979145,-0.057167472275897385,0.054684728858939095,0.05716747331144037,-1.3877787807814457e-17,0.0546847283409899,0.05716747305108212,0.054684728340989905,0.057167473051082114,1.1134199175594085e-11,1.2554005213074247e-11,1.7275786751108142e-13,1.3307410712352125e-12,8.369290126613144e-14,6.617444900424222e-24,5.903939560949914e-08,1.4490136658445791e-08,5.9039395609499134e-08,1.4490136658445793e-08
screen,instant_RF_exact_pathways,1000.0,read,90.0,1.0,0.0,8.0,8.0,0.001,increasing_alternating_centering_x_rf90_exploratory,original,increasing_alternating_centering,original_rf90_exploratory,inc_alt_center_rf90_exploratory,7.181316652449254e-11,0.04963675547742614,0.045036203130391014,0.049636756144796,0.04503620386957404,1.291083403661136e-07,-1.8185425391634915e-07,-1.6499920485750575e-07,-1.5723498366179598e-06,-1.4263864471930027e-06,7.4097797342354e-11,0.04963675547709301,0.04503620313008876,0.04963675611989224,0.04503620384698579,-3.469446951953614e-17,0.0496367555074751,0.045036203658705316,0.049636755507475115,0.045036203658705296,1.3388409261469191e-11,1.5288902866090813e-11,2.0032103392730598e-13,1.7676036182282541e-12,6.74310475339394e-14,1.3234889800848443e-23,6.878443227868703e-08,1.5872982269010167e-08,6.878443227868702e-08,1.5872982269010173e-08
screen,instant_RF_exact_pathways,1000.0,read,0.0,1.0,0.0,8.0,1.0,0.001,increasing_alternating_centering_x_rf90_exploratory,original,increasing_alternating_centering,original_rf90_exploratory,inc_alt_center_rf90_exploratory,0.0,0.1866339610514625,0.20793430686639502,0.1866339610514625,0.20793430686639502,0.0,0.1866339610510982,0.20793430686598932,0.1866339610510982,0.20793430686598932,0.0,3.6875220575367384e-07,4.1074746597655864e-07,3.6875220575367384e-07,4.1074746597655864e-07,0.0,0.18663396105146215,0.20793430686639475,0.18663396105146215,0.20793430686639475,0.0,0.0,0.0,0.0,0.0,0.0,8.946403422654347e-10,4.615359086053874e-10,8.946403422654347e-10,4.615359086053874e-10
screen,instant_RF_exact_pathways,1000.0,read,0.0,1.0,0.0,8.0,2.0,0.001,increasing_alternating_centering_x_rf90_exploratory,original,increasing_alternating_centering,original_rf90_exploratory,inc_alt_center_rf90_exploratory,-9.256001520796531e-10,0.1695120276928331,0.16930703050535445,0.16951202841431398,0.16930703030123517,0.0004099953005521906,0.1695120276928329,0.16930703050535428,-0.1695120284101071,-0.16930703029703353,2.4170019254331685e-09,8.121607752290936e-09,7.167963033523136e-09,-1.1942490362894874e-06,-1.1927856790828221e-06,-2.7755575615628914e-17,0.16951202769283683,0.1693070305053537,0.16951202769283683,0.16930703050535367,0.0,7.083573959423051e-15,1.838710053209363e-15,7.08357395942305e-15,1.8387100532093625e-15,0.0,4.312214174284302e-09,1.3743446011901854e-09,4.312214174284302e-09,1.3743446011901856e-09
screen,instant_RF_exact_pathways,1000.0,read,0.0,1.0,0.0,8.0,3.0,0.001,increasing_alternating_centering_x_rf90_exploratory,original,increasing_alternating_centering,original_rf90_exploratory,inc_alt_center_rf90_exploratory,-1.0255167270933896e-09,0.1240119168188417,0.13765185131463376,0.12401191768070637,0.1376518511509817,-0.0272798679658669,0.12401191681860019,0.13765185131436375,-0.12401191767913626,-0.1376518511492396,4.061123067067778e-08,2.447535025170452e-07,2.7263680676979407e-07,6.240375979493229e-07,6.925321328727495e-07,-9.71445146547012e-17,0.12401191681735914,0.1376518513145651,0.12401191681735918,0.13765185131456503,-7.251561291789349e-14,1.4773051901428289e-12,6.756711617058491e-14,1.4926601698401583e-12,1.040648295002081e-14,4.963083675318166e-24,1.2654906002669895e-08,5.7165148714994945e-09,1.2654906002669892e-08,5.716514871499496e-09
screen,instant_RF_exact_pathways,1000.0,read,0.0,1.0,0.0,8.0,4.0,0.001,increasing_alternating_centering_x_rf90_exploratory,original,increasing_alternating_centering,original_rf90_exploratory,inc_alt_center_rf90_exploratory,1.5884636661578355e-10,0.11261164138793871,0.11127099389979273,0.11261164113791845,0.11127099380861884,1.589832154813564e-10,0.11261164138793858,0.11127099389979264,0.112611641126797,0.11127099379763428,-1.8070189133686383e-08,5.2892092086391834e-09,4.197950275419624e-09,1.582659290632335e-06,1.563497842565429e-06,-5.551115123125783e-17,0.11261164138723823,0.11127099389974564,0.11261164138723824,0.1112709938997456,-7.758588367788196e-13,6.951333409924485e-13,4.6269633918217917e-14,1.4701009476018145e-12,4.5378403748764357e-14,6.617444900424222e-24,1.7925372392222275e-08,5.9851517693637695e-09,1.7925372392222272e-08,5.985151769363772e-09
screen,instant_RF_exact_pathways,1000.0,read,0.0,1.0,0.0,8.0,5.0,0.001,increasing_alternating_centering_x_rf90_exploratory,original,increasing_alternating_centering,original_rf90_exploratory,inc_alt_center_rf90_exploratory,2.2612274552802347e-10,0.08236747670887778,0.08973108966438952,0.08236747640871869,0.08973108959035317,2.256035219749819e-10,0.08236747670871772,0.08973108966421275,0.08236747640276322,0.08973108958386178,-1.0456486739299018e-07,1.6238120194530957e-07,1.7810532098557462e-07,-9.904917093207519e-07,-1.079332457673477e-06,-4.163336342344337e-17,0.0823674767066181,0.08973108966433702,0.0823674767066181,0.08973108966433697,9.724446585232053e-14,2.2530522215720768e-12,5.136534971364724e-14,2.198120872601298e-12,9.367846659518866e-14,6.617444900424222e-24,3.118868760273138e-08,9.970996663609404e-09,3.118868760273138e-08,9.97099666360941e-09
screen,instant_RF_exact_pathways,1000.0,read,0.0,1.0,0.0,8.0,6.0,0.001,increasing_alternating_centering_x_rf90_exploratory,original,increasing_alternating_centering,original_rf90_exploratory,inc_alt_center_rf90_exploratory,-5.802584385206089e-10,0.07477989726904101,0.07174059674137348,0.0747798978264449,0.07174059671851893,0.006078601634926864,0.07477989726904094,0.07174059674137344,-0.07477989780988588,-0.0717405967026265,6.45969832291363e-08,3.405137728250677e-09,2.4639318353330777e-09,-1.573709987957673e-06,-1.5100542106214544e-06,-1.3877787807814457e-17,0.07477989726839819,0.07174059674135444,0.0747798972683982,0.07174059674135444,-8.052807973759538e-13,6.373717632880689e-13,1.8067881771291836e-14,1.4902225169829273e-12,6.563783809019645e-14,6.617444900424222e-24,3.8296556906433925e-08,1.0378526084493478e-08,3.829655690643392e-08,1.0378526084493478e-08
screen,instant_RF_exact_pathways,1000.0,read,0.0,1.0,0.0,8.0,7.0,0.001,increasing_alternating_centering_x_rf90_exploratory,original,increasing_alternating_centering,original_rf90_exploratory,inc_alt_center_rf90_exploratory,-6.848611885934552e-10,0.054684728343621425,0.0571674730510814,0.0546847290074761,0.05716747303007488,-0.0049654887296070385,0.054684728343515496,0.057167473050968386,-0.054684728997564415,-0.05716747301971856,4.0949110677333834e-08,1.0763596880709389e-07,1.1367553637225514e-07,1.0411704199888773e-06,1.0881590982313724e-06,-3.469446951953614e-17,0.054684728340989884,0.057167473051082156,0.0546847283409899,0.057167473051082135,1.334202736969758e-12,2.6252332896845896e-12,1.629484768981005e-15,1.3435821577311598e-12,5.418108978530916e-14,2.6469779601696886e-23,5.903939560949916e-08,1.4490136658445783e-08,5.903939560949914e-08,1.4490136658445788e-08
screen,instant_RF_exact_pathways,1000.0,read,0.0,1.0,0.0,8.0,8.0,0.001,increasing_alternating_centering_x_rf90_exploratory,original,increasing_alternating_centering,original_rf90_exploratory,inc_alt_center_rf90_exploratory,2.6263065333598234e-10,0.04963675550773804,0.04503620365866576,0.049636755152901876,0.04503620356646025,2.6445241135819586e-10,0.04963675550773799,0.04503620365866573,0.04963675513335694,0.045036203548737094,-1.2875559753953483e-07,2.1549363722822572e-09,1.4404812858882871e-09,1.3929444348472975e-06,1.2634743822213688e-06,-1.3877787807814457e-17,0.049636755507475094,0.04503620365870532,0.04963675550747511,0.04503620365870532,-1.4982554114815824e-12,2.580849971402978e-13,4.0325692805203664e-14,1.7812999697649317e-12,6.528525394825507e-14,1.3234889800848443e-23,6.878443227868704e-08,1.5872982269010163e-08,6.878443227868703e-08,1.5872982269010163e-08
screen,instant_RF_exact_pathways,1000.0,read,0.0,0.8,0.0,8.0,1.0,0.001,increasing_alternating_centering_x_rf90_exploratory,original,increasing_alternating_centering,original_rf90_exploratory,inc_alt_center_rf90_exploratory,0.0,0.16055437185145946,0.17887683999786422,0.16055437185145946,0.17887683999786422,0.0,0.16055317007974165,0.17887648330939204,0.16055317007974165,0.17887648330939204,0.0,0.0006212068594829929,0.00035722050094833273,0.0006212068594829929,0.00035722050094833273,0.0,0.16054957544226223,0.17887293662526701,0.16054957544226223,0.17887293662526701,0.0,0.0,0.0,0.0,0.0,0.0,0.0038746002361893226,0.002010866201569564,0.0038746002361893226,0.002010866201569564
screen,instant_RF_exact_pathways,1000.0,read,0.0,0.8,0.0,8.0,2.0,0.001,increasing_alternating_centering_x_rf90_exploratory,original,increasing_alternating_centering,original_rf90_exploratory,inc_alt_center_rf90_exploratory,0.005673008693914711,0.13191218540212818,0.13175088930246578,0.12747791446285145,0.13298962705710377,-0.005418037797738334,0.1318396735330772,0.1317460226553007,-0.12747787561319807,-0.13298956428871292,-0.0052769042977243935,-0.004373229957029753,0.0011324073911787003,-9.952358551982136e-05,0.0001292094649642389,0.0,0.13189586750926574,0.13173636094062832,0.13189586750926569,0.13173636094062827,5.421010862427522e-20,0.00013168963817858554,3.418317688352201e-05,0.0001316896381785855,3.418317688352202e-05,-6.938893903907228e-18,0.03357885604428669,0.010456361739012968,0.0335788560442867,0.010456361739012973
screen,instant_RF_exact_pathways,1000.0,read,0.0,0.8,0.0,8.0,3.0,0.001,increasing_alternating_centering_x_rf90_exploratory,original,increasing_alternating_centering,original_rf90_exploratory,inc_alt_center_rf90_exploratory,0.024930918725766374,0.11251525161480602,0.09804043570763585,0.08733733944567056,0.09779344226426676,-0.001075063086565048,0.11219967076115289,0.09800966685766793,-0.08247968374828382,-0.09774475073833384,-0.01967058542715614,0.008421147607779013,0.002456061113251459,0.0287212922799683,0.003085620358284603,2.7755575615628914e-17,0.08727829866427463,0.09687794285461131,0.0872782986642746,0.09687794285461131,-0.0012234525269371084,0.02482974912741733,0.0011267932572555867,0.02510004418996848,0.00017363579286963144,-5.551115123125783e-17,0.2787551367063922,0.052877247299141096,0.27875513670639224,0.052877247299141096
screen,instant_RF_exact_pathways,1000.0,read,0.0,0.8,0.0,8.0,4.0,0.001,increasing_alternating_centering_x_rf90_exploratory,original,increasing_alternating_centering,original_rf90_exploratory,inc_alt_center_rf90_exploratory,-0.00715049538957066,0.08581267311891375,0.07162617318927134,0.09314235550481378,0.07180536018560071,-0.007402132459493643,0.08544937682882689,0.07161504155815399,0.09300943185910326,0.07177296412893672,-0.00944278296275232,-0.007887893722577971,-0.0012627384382240332,0.004974331536190786,0.002156703857792403,1.3877787807814457e-17,0.07168665597295829,0.0708332225798119,0.07168665597295827,0.0708332225798119,-0.007173967045189349,0.012934014733382081,0.0007661762468198014,0.019990151479191674,0.0006483459474400464,-1.1102230246251565e-16,0.47314668010586125,0.06968383344922799,0.47314668010586136,0.06968383344922799
screen,instant_RF_exact_pathways,1000.0,read,0.0,0.8,0.0,8.0,5.0,0.001,increasing_alternating_centering_x_rf90_exploratory,original,increasing_alternating_centering,original_rf90_exploratory,inc_alt_center_rf90_exploratory,0.0008654225029599699,0.0794894390963923,0.052528628426461485,0.07894279669428823,0.05284740852731738,0.0008555168235947624,0.07921097450788883,0.05250312958061618,0.07869081465690314,0.052838486553225254,-0.000320180188371327,0.006647739869282414,0.0016365172184501175,0.0063024470286264685,0.0009710441894228446,6.938893903907228e-18,0.04742670762509899,0.0516666325660322,0.04742670762509899,0.051666632566032204,0.0011267553238573959,0.030709443161987163,0.0008126151817479466,0.02998346050914967,0.0012133878527678505,0.0,0.6861995598071784,0.12308664326457157,0.6861995598071784,0.12308664326457155
screen,instant_RF_exact_pathways,1000.0,read,0.0,0.8,0.0,8.0,6.0,0.001,increasing_alternating_centering_x_rf90_exploratory,original,increasing_alternating_centering,original_rf90_exploratory,inc_alt_center_rf90_exploratory,0.000873007739486259,0.05571203049193708,0.037891856406237275,0.05493017710618062,0.03798301075996707,0.03467285798268624,0.055621925633359603,0.03788622964506638,-0.054915470679744186,-0.03797830868535117,-0.0031876654717223085,-0.003167290698931885,-0.0006529817701882804,0.0012709984022514064,0.0005976418592727026,0.0,0.03894612568678318,0.03736322727892224,0.03894612568678317,0.03736322727892223,-0.002170147850392769,0.015021384253667185,0.0004940000939501501,0.01744129470859922,0.0007437626984894162,0.0,0.7851874809976375,0.16359806189166193,0.7851874809976375,0.16359806189166196
screen,instant_RF_exact_pathways,1000.0,read,0.0,0.8,0.0,8.0,7.0,0.001,increasing_alternating_centering_x_rf90_exploratory,original,increasing_alternating_centering,original_rf90_exploratory,inc_alt_center_rf90_exploratory,0.018716382580286385,0.05451459858788776,0.02735581571749284,0.03577522574691245,0.027332825456803916,0.029993268964319388,0.054512088066785945,0.027354498691648462,-0.03015905252095231,-0.027323372931770406,-0.01826961486590055,0.0005231766408276184,0.0002684304342484672,0.019243137173574044,0.0007187761010943461,1.0408340855860843e-17,0.025760698674185446,0.026930261736889255,0.02576069867418544,0.02693026173688926,0.00919706438182813,0.02711320328470768,0.0003966446339739712,0.017945837595167432,0.00042634332626185416,-2.220446049250313e-16,0.8812835985887847,0.24422729721023598,0.8812835985887848,0.2442272972102359
screen,instant_RF_exact_pathways,1000.0,read,0.0,0.8,0.0,8.0,8.0,0.001,increasing_alternating_centering_x_rf90_exploratory,original,increasing_alternating_centering,original_rf90_exploratory,inc_alt_center_rf90_exploratory,-0.0033985723686122474,0.03783901879692642,0.019419079515106005,0.04181998027379472,0.020001468623362058,-0.003326772256576113,0.037788124335170266,0.019418634404723734,0.041694091661944696,0.01999782947492205,-0.0010305132982550993,0.001961887546182047,0.0001314803015259017,0.0032424482395149623,0.0003815276966037179,2.0816681711721685e-17,0.02114984294141669,0.019189582887137506,0.021149842941416676,0.019189582887137513,-0.0026339712148477756,0.014684286537396693,0.00020373783482130234,0.01769183097200961,0.000577311054586446,-1.1102230246251565e-16,0.9206935245330666,0.3173376868784975,0.9206935245330666,0.31733768687849734
screen,instant_RF_exact_pathways,1000.0,read,90.0,1.0,0.0,8.0,1.0,0.0,increasing_alternating_centering_x_rf90_exploratory,original,increasing_alternating_centering,original_rf90_exploratory,inc_alt_center_rf90_exploratory,0.0,0.5717088319203254,0.6368838357851905,0.5717088319203254,0.6368838357851905,0.0,-9.405069332735742e-07,-1.047725047434877e-06,-9.405069332735742e-07,-1.047725047434877e-06,0.0,-0.5717088319195518,-0.6368838357843287,-0.5717088319195518,-0.6368838357843287,0.0,0.5717088321694964,0.6368838359288798,0.5717088321694964,0.6368838359288798,0.0,0.0,0.0,0.0,0.0,0.0,4.3583552155117837e-10,2.2561301536644559e-10,4.3583552155117837e-10,2.2561301536644559e-10
screen,instant_RF_exact_pathways,1000.0,read,90.0,1.0,0.0,8.0,2.0,0.0,increasing_alternating_centering_x_rf90_exploratory,original,increasing_alternating_centering,original_rf90_exploratory,inc_alt_center_rf90_exploratory,9.300484826724187e-10,0.5214104584975701,0.5214104555738165,0.521410457774118,0.5214104557804129,9.300476354675237e-10,-1.910292259641127e-06,-1.910292251611504e-06,5.5602562111058135e-06,5.561186266770904e-06,4.91746865449727e-09,0.5214104584940707,0.5214104555703172,-0.521410457744471,-0.5214104557507561,0.0,0.5214104578138995,0.5214104559005881,0.5214104578138996,0.5214104559005882,-6.310887241768095e-30,1.701439232788821e-14,6.76068380290837e-15,1.7014392327888217e-14,6.760683802908371e-15,0.0,1.4638737946851762e-09,6.26723447114393e-10,1.463873794685176e-09,6.267234471143929e-10
screen,instant_RF_exact_pathways,1000.0,read,90.0,1.0,0.0,8.0,3.0,0.0,increasing_alternating_centering_x_rf90_exploratory,original,increasing_alternating_centering,original_rf90_exploratory,inc_alt_center_rf90_exploratory,9.081886354067592e-10,0.38314905161276686,0.4268281785808852,0.38314905211181577,0.4268281799881227,4.505938609267987e-07,-6.303109539624004e-07,-7.021666273460588e-07,3.3120629324281775e-06,3.690801119971318e-06,0.08735825484272414,-0.3831490516122484,-0.4268281785803076,0.3831490520975005,0.42682817997216543,-5.551115123125783e-17,0.38314905158900237,0.42682817946624896,0.3831490515890023,0.42682817946624885,1.6658641858850283e-13,4.551826915080609e-12,2.8587663950041936e-14,4.5478858129599935e-12,1.9123298041792962e-13,0.0,4.558552230674989e-09,2.0748737371072497e-09,4.55855223067499e-09,2.0748737371072506e-09
screen,instant_RF_exact_pathways,1000.0,read,90.0,1.0,0.0,8.0,4.0,0.0,increasing_alternating_centering_x_rf90_exploratory,original,increasing_alternating_centering,original_rf90_exploratory,inc_alt_center_rf90_exploratory,7.046746519634439e-10,0.3493680813661013,0.34936807623202015,0.3493680818621136,0.3493680774327071,1.3922973977793863e-10,-1.2799803511970821e-06,-1.2799803352899105e-06,-6.172462714668884e-06,-6.172323469021934e-06,7.046771499652493e-10,0.3493680813637566,0.3493680762296754,0.34936808180758755,0.34936807737818354,0.0,0.34936808104036854,0.3493680770018016,0.3493680810403686,0.34936807700180167,6.797750893154829e-12,1.1223794210296299e-11,1.1066782713884462e-13,4.4698358301377956e-12,1.5446034013517074e-13,8.271806125530277e-25,5.980697346921803e-09,2.20412451619013e-09,5.9806973469218014e-09,2.2041245161901297e-09
screen,instant_RF_exact_pathways,1000.0,read,90.0,1.0,0.0,8.0,5.0,0.0,increasing_alternating_centering_x_rf90_exploratory,original,increasing_alternating_centering,original_rf90_exploratory,inc_alt_center_rf90_exploratory,1.5017048160537172e-09,0.2566739718121287,0.2859348968704743,0.25667397128618075,0.28593489784623116,-4.095334473743753e-07,-4.222492922090214e-07,-4.703858665203504e-07,-4.0167791509560615e-06,-4.4744491726417655e-06,-1.4981652030066073e-09,-0.25667397181178137,-0.2859348968700874,-0.2566739712547508,-0.285934897811222,-1.6653345369377348e-16,0.2566739716190429,0.28593489787040965,0.25667397161904293,0.28593489787040954,1.348713594280494e-11,2.0288443395029602e-11,2.7987913283597884e-13,6.780563311463787e-12,2.591349920751033e-13,3.308722450212111e-24,1.0758011531741774e-08,3.4983845186192945e-09,1.0758011531741772e-08,3.498384518619296e-09
screen,instant_RF_exact_pathways,1000.0,read,90.0,1.0,0.0,8.0,6.0,0.0,increasing_alternating_centering_x_rf90_exploratory,original,increasing_alternating_centering,original_rf90_exploratory,inc_alt_center_rf90_exploratory,1.132755222954529e-09,0.23399574373332235,0.2339957339331431,0.23399574336688458,0.23399573469946056,5.900309689521006e-10,-8.572905492818232e-07,-8.572905156591877e-07,5.771734953027043e-06,5.77232501761863e-06,1.846761782386963e-08,0.23399574373175192,0.2339957339315727,-0.23399574329570183,-0.23399573462826323,-5.551115123125783e-17,0.23399574365851122,0.23399573472006588,0.2339957436585113,0.2339957347200659,2.420653787052301e-11,2.9075119540696367e-11,4.4272766953618013e-13,4.648202258893555e-12,2.2234825825637806e-13,4.963083675318166e-24,1.2763492058022908e-08,3.6917348575953886e-09,1.2763492058022903e-08,3.6917348575953878e-09
screen,instant_RF_exact_pathways,1000.0,read,90.0,1.0,0.0,8.0,7.0,0.0,increasing_alternating_centering_x_rf90_exploratory,original,increasing_alternating_centering,original_rf90_exploratory,inc_alt_center_rf90_exploratory,9.700509562282633e-10,0.1718767432780152,0.19147073899909306,0.17187674344511478,0.1914707401362436,4.767472976760201e-07,-2.827510423899744e-07,-3.1498474175365564e-07,3.892276598611473e-06,4.3367901969238115e-06,0.039187992407137995,-0.17187674327778263,-0.19147073899883396,0.17187674340104303,0.1914707400871297,0.0,0.17187674298069947,0.19147073989497354,0.1718767429806995,0.19147073989497357,3.4506546278892915e-11,3.900567147126177e-11,6.254231973543505e-13,4.154473714742694e-12,2.8077171972818894e-13,3.308722450212111e-24,2.0053711933333755e-08,5.011680245744668e-09,2.0053711933333752e-08,5.011680245744667e-09
screen,instant_RF_exact_pathways,1000.0,read,90.0,1.0,0.0,8.0,8.0,0.0,increasing_alternating_centering_x_rf90_exploratory,original,increasing_alternating_centering,original_rf90_exploratory,inc_alt_center_rf90_exploratory,1.0773412717490771e-10,0.1566584058516637,0.15665839102199128,0.15665840660236208,0.15665839188042377,2.4501093939450153e-10,-5.739496315303304e-07,-5.739495786797507e-07,-4.961707674432018e-06,-4.961462610642044e-06,1.0774187098050447e-10,0.15665840585061233,0.1566583910209399,0.15665840652378812,0.15665839180185756,-2.7755575615628914e-17,0.15665840595213512,0.15665839168125903,0.15665840595213512,0.156658391681259,4.156472663491185e-11,4.7617988778079076e-11,7.616966732442766e-13,5.5290020019770504e-12,2.3743653205409964e-13,0.0,2.2924986031976418e-08,5.5713892482407125e-09,2.2924986031976418e-08,5.571389248240713e-09
screen,instant_RF_exact_pathways,1000.0,read,90.0,0.8,0.0,8.0,1.0,0.0,increasing_alternating_centering_x_rf90_exploratory,original,increasing_alternating_centering,original_rf90_exploratory,inc_alt_center_rf90_exploratory,0.0,0.4908112020452584,0.54726944031104,0.4908112020452584,0.54726944031104,0.0,-8.102429782049828e-07,-9.020801528761797e-07,-8.102429782049828e-07,-9.020801528761797e-07,0.0,-0.4908112020445896,-0.5472694403102966,-0.4908112020445896,-0.5472694403102966,0.0,0.49180550937401357,0.5478715068166312,0.49180550937401357,0.5478715068166312,0.0,0.0,0.0,0.0,0.0,0.0,0.002017669842923321,0.0010977128796690477,0.002017669842923321,0.0010977128796690477
screen,instant_RF_exact_pathways,1000.0,read,90.0,0.8,0.0,8.0,2.0,0.0,increasing_alternating_centering_x_rf90_exploratory,original,increasing_alternating_centering,original_rf90_exploratory,inc_alt_center_rf90_exploratory,-0.0057911133734526166,0.4012838267020751,0.4064476580061263,0.4058000198990587,0.4051727378296573,-0.00515591582364283,-1.4815843700612237e-06,-1.487320556997678e-06,0.004042441122102939,-0.0011134804377268275,-0.004555154427348884,0.40128382669934,0.40644765800340504,-0.4057798846910117,-0.4051712078142955,-5.551115123125783e-17,0.405705044047879,0.40570504255914785,0.405705044047879,0.4057050425591478,0.0,0.000316311960928632,0.00012568683675003825,0.00031631196092863197,0.00012568683675003822,1.734723475976807e-18,0.012487635937756538,0.0046711700976999,0.012487635937756538,0.004671170097699901
screen,instant_RF_exact_pathways,1000.0,read,90.0,0.8,0.0,8.0,3.0,0.0,increasing_alternating_centering_x_rf90_exploratory,original,increasing_alternating_centering,original_rf90_exploratory,inc_alt_center_rf90_exploratory,-0.09293510224308241,0.18378950857574847,0.2980411964901385,0.28180000461098265,0.30311659028229027,0.06752607998209798,-7.334093874159748e-07,-5.060587263574876e-07,-0.0716412160470932,-0.0041149087143341695,0.14479901223910893,-0.18378950857428514,-0.29804119648970884,0.2725413340431935,0.3030886583668787,0.0,0.26965632187404015,0.30039723828032344,0.26965632187404015,0.30039723828032344,0.002871730779046164,0.07656575134014983,0.00047485047474066385,0.07647096541653493,0.003251795330171929,0.0,0.24417538771374347,0.027337409191391458,0.24417538771374347,0.027337409191391458
screen,instant_RF_exact_pathways,1000.0,read,90.0,0.8,0.0,8.0,4.0,0.0,increasing_alternating_centering_x_rf90_exploratory,original,increasing_alternating_centering,original_rf90_exploratory,inc_alt_center_rf90_exploratory,-0.2307837277773676,0.05320311181419983,0.21938683481320456,0.29074897796125077,0.22614897318288785,0.002306969954100436,-7.580829868180014e-07,-8.191520558185002e-07,-1.3246668596376608e-06,0.0023055842181717977,-0.23079548077591433,0.05320311180879893,0.21938683481167529,0.2907489779582331,0.22613722018519516,-5.551115123125783e-17,0.22240177946923823,0.22240177689835527,0.22240177946923825,0.22240177689835525,0.10347495088000871,0.16349292387526465,0.001478079871909761,0.06075879993045058,0.002218906807104411,0.0,0.44521776392479545,0.04251792763530509,0.44521776392479545,0.0425179276353051
screen,instant_RF_exact_pathways,1000.0,read,90.0,0.8,0.0,8.0,5.0,0.0,increasing_alternating_centering_x_rf90_exploratory,original,increasing_alternating_centering,original_rf90_exploratory,inc_alt_center_rf90_exploratory,-0.1392001599293739,0.09527275582684341,0.16006763271692037,0.24124247665189474,0.1668371936125978,0.018984638945170138,-7.486174100040712e-07,-2.8375428086264816e-07,-0.01598729039008892,0.002997813418210358,0.3292422800547925,0.09527275582390224,-0.16006763271666888,-0.24071214985356046,-0.16681025833933907,-5.551115123125783e-17,0.1477913600571814,0.16463962893284623,0.14779136005718146,0.16463962893284623,0.1471368993033743,0.23910913547610907,0.002751545972133816,0.09271689774690424,0.0034962075463033098,0.0,0.6669295093424583,0.08061024012213891,0.6669295093424583,0.08061024012213891
screen,instant_RF_exact_pathways,1000.0,read,90.0,0.8,0.0,8.0,6.0,0.0,increasing_alternating_centering_x_rf90_exploratory,original,increasing_alternating_centering,original_rf90_exploratory,inc_alt_center_rf90_exploratory,-0.043483966172598615,0.1307576093171604,0.1180484797964544,0.17927606549454556,0.12308296980124094,-0.00545799138821914,-3.321589307522888e-07,-4.4927631884985314e-07,0.0031022911784815807,-0.0023558173271256565,-0.19261728997530703,-0.13075760931673852,0.11804847979559946,-0.17924922161239223,-0.12306042247536128,-1.3877787807814457e-17,0.1218673463803741,0.12186734172514153,0.12186734638037411,0.12186734172514153,0.2011289967253597,0.25486335544993144,0.0030811567606905373,0.05321043881357844,0.002557236849697241,-2.220446049250313e-16,0.772111228214572,0.11770594919992715,0.772111228214572,0.11770594919992697
screen,instant_RF_exact_pathways,1000.0,read,90.0,0.8,0.0,8.0,7.0,0.0,increasing_alternating_centering_x_rf90_exploratory,original,increasing_alternating_centering,original_rf90_exploratory,inc_alt_center_rf90_exploratory,0.03931592650888087,0.15172585925347928,0.08744825632154406,0.11693394795618077,0.09197227153312641,0.045567780721553534,-6.038619860985002e-07,-1.5726729110848647e-07,-0.04845769023214273,-0.002889462915894213,0.224680122550716,0.1517258592522776,-0.08744825632140264,0.10642086469289982,0.09192687166993559,0.0,0.08096712042560118,0.09019739486683288,0.08096712042560116,0.09019739486683286,0.18278493828840883,0.23734234638310225,0.0025330678075831253,0.05489027589595074,0.002865935608840442,0.0,0.8740615181218521,0.18533594834974584,0.8740615181218521,0.18533594834974587
screen,instant_RF_exact_pathways,1000.0,read,90.0,0.8,0.0,8.0,8.0,0.0,increasing_alternating_centering_x_rf90_exploratory,original,increasing_alternating_centering,original_rf90_exploratory,inc_alt_center_rf90_exploratory,-0.02886061312434879,0.09757101105213878,0.06548202871327181,0.12988285735755492,0.06893326189433917,0.0017888421864782709,-2.212427807241876e-07,-2.484521895757342e-07,0.0003268435860725301,0.0021156585631419496,-0.22403469789918223,-0.09757101105188794,0.06548202871280048,0.12988244611429675,0.06890078797980294,-1.3877787807814457e-17,0.06675095194006753,0.0667509458593561,0.06675095194006754,0.0667509458593561,0.12065727610791271,0.17312642447230486,0.0015197490937635168,0.05305255290360571,0.0021031536329770826,0.0,0.9161819677002013,0.2581519588544155,0.9161819677002013,0.2581519588544155
screen,instant_RF_exact_pathways,1000.0,read,0.0,1.0,0.0,8.0,1.0,0.0,increasing_alternating_centering_x_rf90_exploratory,original,increasing_alternating_centering,original_rf90_exploratory,inc_alt_center_rf90_exploratory,0.0,0.5717088321694999,0.6368838359288833,0.5717088321694999,0.6368838359288833,0.0,0.5717088321683844,0.636883835927641,0.5717088321683844,0.636883835927641,0.0,1.1293225337692751e-06,1.257931804676126e-06,1.1293225337692751e-06,1.257931804676126e-06,0.0,0.5717088321694963,0.6368838359288799,0.5717088321694963,0.6368838359288799,0.0,0.0,0.0,0.0,0.0,0.0,4.358355215511784e-10,2.2561301536644556e-10,4.358355215511784e-10,2.2561301536644556e-10
screen,instant_RF_exact_pathways,1000.0,read,0.0,1.0,0.0,8.0,2.0,0.0,increasing_alternating_centering_x_rf90_exploratory,original,increasing_alternating_centering,original_rf90_exploratory,inc_alt_center_rf90_exploratory,-9.30046151204067e-10,0.521410457813892,0.5214104559005924,0.521410458537344,0.5214104556939984,4.756644411685329e-09,0.5214104578138914,0.5214104559005919,-0.5214104585244039,-0.5214104556810589,1.0908581944794834e-09,2.347524320086568e-08,2.2464809391178825e-08,-3.6734392365508127e-06,-3.67335881216602e-06,0.0,0.5214104578138994,0.5214104559005881,0.5214104578138994,0.5214104559005881,9.466330862652142e-30,2.0528477925657762e-14,5.395764651702351e-15,2.052847792565775e-14,5.395764651702349e-15,0.0,1.4638737946851766e-09,6.26723447114393e-10,1.4638737946851766e-09,6.26723447114393e-10
screen,instant_RF_exact_pathways,1000.0,read,0.0,1.0,0.0,8.0,3.0,0.0,increasing_alternating_centering_x_rf90_exploratory,original,increasing_alternating_centering,original_rf90_exploratory,inc_alt_center_rf90_exploratory,-1.051704001664433e-09,0.38314905159355495,0.4268281794664664,0.38314905247413683,0.4268281792953443,-0.08735825469348019,0.38314905159280777,0.4268281794656323,-0.3831490524692936,-0.42682817928994926,1.323781234948187e-07,7.566564746713014e-07,8.438325372073375e-07,1.926484309835561e-06,2.146038495866416e-06,-5.551115123125783e-17,0.38314905158900214,0.426828179466249,0.38314905158900214,0.42682817946624896,-2.528246943396342e-13,4.5331676517379735e-12,2.1380480503631327e-13,4.6036973436406225e-12,3.150980259932817e-14,0.0,4.558552230674991e-09,2.0748737371072497e-09,4.558552230674991e-09,2.0748737371072497e-09
screen,instant_RF_exact_pathways,1000.0,read,0.0,1.0,0.0,8.0,4.0,0.0,increasing_alternating_centering_x_rf90_exploratory,original,increasing_alternating_centering,original_rf90_exploratory,inc_alt_center_rf90_exploratory,1.3661483055926738e-10,0.3493680810425538,0.3493680770019711,0.34936808080681686,0.349368076902849,1.366202151409368e-10,0.34936808104255346,0.3493680770019708,0.34936808077233783,0.3493680768683754,7.200096696833117e-10,1.56083402158496e-08,1.4501695367539987e-08,4.908332911807002e-06,4.907946276628375e-06,1.1102230246251565e-16,0.3493680810403685,0.34936807700180167,0.3493680810403684,0.34936807700180167,-2.374293179898195e-12,2.1663365404193646e-12,1.6683848001495223e-13,4.513279829062192e-12,1.3948858875958454e-13,-1.6543612251060553e-24,5.980697346921804e-09,2.2041245161901297e-09,5.9806973469218056e-09,2.2041245161901297e-09
screen,instant_RF_exact_pathways,1000.0,read,0.0,1.0,0.0,8.0,5.0,0.0,increasing_alternating_centering_x_rf90_exploratory,original,increasing_alternating_centering,original_rf90_exploratory,inc_alt_center_rf90_exploratory,2.0959478597148973e-10,0.25667397162603534,0.28593489787061643,0.2566739713344687,0.28593489778864456,2.0753376794857559e-10,0.25667397162553524,0.2859348978700568,0.25667397131590525,0.2859348977679606,-4.112737124613598e-07,5.066945387318637e-07,5.656952810832274e-07,-3.0869884007189075e-06,-3.439261370828904e-06,5.551115123125783e-17,0.2566739716190428,0.28593489787040965,0.2566739716190427,0.2859348978704096,2.795596590408287e-13,6.9678741360505686e-12,2.0410886617921349e-13,6.7778029927075755e-12,2.935973818770489e-13,-3.308722450212111e-24,1.0758011531741777e-08,3.4983845186192945e-09,1.0758011531741782e-08,3.4983845186192953e-09
screen,instant_RF_exact_pathways,1000.0,read,0.0,1.0,0.0,8.0,6.0,0.0,increasing_alternating_centering_x_rf90_exploratory,original,increasing_alternating_centering,original_rf90_exploratory,inc_alt_center_rf90_exploratory,-5.931034829931292e-10,0.23399574366055756,0.23399573472019816,0.23399574422556915,0.23399573469210627,1.84738280506469e-08,0.23399574366055734,0.23399573472019797,-0.23399574417374125,-0.23399573464027257,6.152261447646955e-10,1.0332185179390016e-08,9.441800852564762e-09,-4.92493885323372e-06,-4.925214011415781e-06,5.551115123125783e-17,0.2339957436585112,0.23399573472006588,0.23399574365851114,0.23399573472006588,-2.5464677131689682e-12,2.0267198981875504e-12,1.2947016554832408e-13,4.661530010461867e-12,2.178125646536723e-13,-3.308722450212111e-24,1.2763492058022908e-08,3.6917348575953886e-09,1.2763492058022911e-08,3.6917348575953886e-09
screen,instant_RF_exact_pathways,1000.0,read,0.0,1.0,0.0,8.0,7.0,0.0,increasing_alternating_centering_x_rf90_exploratory,original,increasing_alternating_centering,original_rf90_exploratory,inc_alt_center_rf90_exploratory,-7.052682049479841e-10,0.1718767429888963,0.1914707398950749,0.17187674367092468,0.19147073987183508,-0.03918799310350485,0.1718767429885618,0.19147073989469976,-0.17187674363979474,-0.19147073983716162,3.3271690054576727e-07,3.391047155331482e-07,3.790326914039471e-07,3.271241246797467e-06,3.6438861232140335e-06,5.551115123125783e-17,0.1718767429806994,0.19147073989497357,0.17187674298069938,0.1914707398949736,4.057628505665054e-12,8.172772235958045e-12,9.938749744052938e-14,4.199581822907178e-12,1.8382559005471649e-13,-3.308722450212111e-24,2.0053711933333762e-08,5.011680245744667e-09,2.0053711933333765e-08,5.011680245744666e-09
screen,instant_RF_exact_pathways,1000.0,read,0.0,1.0,0.0,8.0,8.0,0.0,increasing_alternating_centering_x_rf90_exploratory,original,increasing_alternating_centering,original_rf90_exploratory,inc_alt_center_rf90_exploratory,2.3979424002007477e-10,0.15665840595303046,0.15665839168126905,0.15665840561361102,0.15665839158164385,2.398067300291018e-10,0.15665840595303032,0.15665839168126894,0.1566584055519635,0.15665839152000885,1.5942458669577393e-10,6.794921050390493e-09,6.189251566086513e-09,4.394906357424464e-06,4.3944601125268555e-06,5.551115123125783e-17,0.15665840595213507,0.15665839168125903,0.15665840595213504,0.15665839168125906,-4.478389705896212e-12,8.777067941569146e-13,7.982056488156754e-15,5.571180204032256e-12,2.2306576046728627e-13,-3.308722450212111e-24,2.2924986031976427e-08,5.5713892482407125e-09,2.292498603197643e-08,5.571389248240712e-09
screen,instant_RF_exact_pathways,1000.0,read,0.0,0.8,0.0,8.0,1.0,0.0,increasing_alternating_centering_x_rf90_exploratory,original,increasing_alternating_centering,original_rf90_exploratory,inc_alt_center_rf90_exploratory,0.0,0.4918741430933228,0.5479395279897853,0.4918741430933228,0.5479395279897853,0.0,0.4918732685899014,0.5479392664273832,0.4918732685899014,0.5479392664273832,0.0,0.0009275184512122105,0.000535388354253085,0.0009275184512122105,0.000535388354253085,0.0,0.4918055093740136,0.5478715068166311,0.4918055093740136,0.5478715068166311,0.0,0.0,0.0,0.0,0.0,0.0,0.0020176698429233207,0.001097712879669048,0.0020176698429233207,0.001097712879669048
screen,instant_RF_exact_pathways,1000.0,read,0.0,0.8,0.0,8.0,2.0,0.0,increasing_alternating_centering_x_rf90_exploratory,original,increasing_alternating_centering,original_rf90_exploratory,inc_alt_center_rf90_exploratory,0.005769064747832897,0.40560346278717363,0.40577706176034184,0.4011359950562698,0.4070786587772709,-0.0061399382247206424,0.4055786868828026,0.40577619474746246,-0.4011359199521395,-0.40707835031220024,-0.004575274173923534,-0.0044830537993365595,0.0008388248480304172,-0.00024546676850884083,0.000501137704934602,0.0,0.4057050440478791,0.40570504255914785,0.405705044047879,0.40570504255914774,5.421010862427522e-20,0.0003816417878704745,0.00010031183393437155,0.00038164178787047443,0.00010031183393437155,-1.734723475976807e-18,0.012487635937756534,0.0046711700976999,0.012487635937756538,0.004671170097699902
screen,instant_RF_exact_pathways,1000.0,read,0.0,0.8,0.0,8.0,3.0,0.0,increasing_alternating_centering_x_rf90_exploratory,original,increasing_alternating_centering,original_rf90_exploratory,inc_alt_center_rf90_exploratory,0.06700565282155801,0.34630122962674353,0.30399014706141864,0.27655948786684725,0.30125405812308037,0.005520279607013401,0.3461849071174292,0.30397740589814287,-0.2645561603708845,-0.3012433819831574,-0.07186466490228802,0.0089750612862222,0.0027832020872806617,0.08059273130368323,0.002536207202453666,-5.551115123125783e-17,0.2696563218740402,0.3003972382803235,0.2696563218740402,0.30039723828032344,-0.004248816934819918,0.07619591687491128,0.003535648314321017,0.07741928551808522,0.0005102000226750287,0.0,0.24417538771374356,0.02733740919139145,0.24417538771374356,0.027337409191391458
screen,instant_RF_exact_pathways,1000.0,read,0.0,0.8,0.0,8.0,4.0,0.0,increasing_alternating_centering_x_rf90_exploratory,original,increasing_alternating_centering,original_rf90_exploratory,inc_alt_center_rf90_exploratory,-0.022190867522509594,0.2654832868539148,0.22518798549171487,0.28666103981619906,0.22417487093148952,-0.02225354691809389,0.26536579422816453,0.22518258692862872,0.2866097906612588,0.22417303644362907,-0.010851629694527559,-0.007897521915984734,-0.0015592799451548448,0.005420299402604252,0.0009069116789065827,-5.551115123125783e-17,0.2224017794692383,0.22240177689835536,0.22240177946923828,0.22240177689835527,-0.021873088964481195,0.04018554997929705,0.0027001830669543827,0.06133966308167236,0.0019812072048485023,-5.551115123125783e-17,0.4452177639247954,0.042517927635305076,0.44521776392479545,0.04251792763530509
screen,instant_RF_exact_pathways,1000.0,read,0.0,0.8,0.0,8.0,5.0,0.0,increasing_alternating_centering_x_rf90_exploratory,original,increasing_alternating_centering,original_rf90_exploratory,inc_alt_center_rf90_exploratory,0.0017487313695102313,0.24590032485047184,0.16777484717201208,0.24369275811964206,0.16731601181069253,0.0022777902760805213,0.24580313147909982,0.16776437696802293,0.24304422324432956,0.1672832590093332,-0.009417831220073416,0.006913054074426646,0.0018743436512832752,0.017766989264331262,0.0033104476211144734,-5.551115123125783e-17,0.14779136005718152,0.1646396289328463,0.14779136005718146,0.1646396289328462,0.0024997138377760575,0.09436740796121512,0.0030218322912512084,0.092671092105627,0.0038252302734391457,-1.1102230246251565e-16,0.6669295093424582,0.08061024012213888,0.6669295093424583,0.08061024012213892
screen,instant_RF_exact_pathways,1000.0,read,0.0,0.8,0.0,8.0,6.0,0.0,increasing_alternating_centering_x_rf90_exploratory,original,increasing_alternating_centering,original_rf90_exploratory,inc_alt_center_rf90_exploratory,-0.0034748839031128187,0.17488043647467955,0.12437353880076432,0.17734584746814283,0.12336406589111479,0.10448453546599162,0.1748551736174902,0.12437080882328923,-0.177343502952081,-0.12334333228029035,-0.0007986126696568328,-0.002972426747926262,-0.0008240548926319628,0.0009119072754477735,0.0022616664610852397,-1.3877787807814457e-17,0.12186734638037415,0.12186734172514159,0.1218673463803741,0.12186734172514152,-0.005924142439073139,0.04728147059094342,0.0023664813747317024,0.05328807613319777,0.0024489444779129117,0.0,0.772111228214572,0.1177059491999271,0.772111228214572,0.11770594919992708
screen,instant_RF_exact_pathways,1000.0,read,0.0,0.8,0.0,8.0,7.0,0.0,increasing_alternating_centering_x_rf90_exploratory,original,increasing_alternating_centering,original_rf90_exploratory,inc_alt_center_rf90_exploratory,0.053492218515984985,0.1698037786517086,0.09250004638764482,0.11481189521700322,0.09100038146892443,0.08704064770958425,0.16980297517904142,0.09249946683451352,-0.10073730165767142,-0.09100016229261508,-0.055084446308706264,0.0005223645702922899,0.0003274401428932372,0.05507964540600671,-0.00019972533009860792,-4.163336342344337e-17,0.08096712042560121,0.09019739486683293,0.08096712042560118,0.09019739486683286,0.02652328146947973,0.08310148847423987,0.002165305451200431,0.05578061414417383,0.0013677125906141204,1.1102230246251565e-16,0.8740615181218521,0.18533594834974576,0.8740615181218521,0.18533594834974587
screen,instant_RF_exact_pathways,1000.0,read,0.0,0.8,0.0,8.0,8.0,0.0,increasing_alternating_centering_x_rf90_exploratory,original,increasing_alternating_centering,original_rf90_exploratory,inc_alt_center_rf90_exploratory,-0.007654422124122928,0.1204705721166085,0.06870157416942199,0.12786873241055505,0.06844531233924563,-0.007624905151467756,0.12045031938648097,0.06870144325182909,0.1278161546071888,0.06844237332106916,-0.0022260067923695033,0.002208915072539875,0.0001341211105627669,0.003666517382113754,-0.0006342833722328574,-2.7755575615628914e-17,0.06675095194006757,0.06675094585935616,0.06675095194006753,0.06675094585935609,-0.006669347676874771,0.04673089937616398,0.0018026191672599714,0.053483312758104425,0.0018856848723256448,1.1102230246251565e-16,0.9161819677002013,0.25815195885441544,0.9161819677002013,0.2581519588544155
screen,finite_RF_static_Bloch,1000.0,read,90.0,0.8,0.0,8.0,1.0,,increasing_centering_x_rf90_exploratory,original,increasing_centering,original_rf90_exploratory,increasing_centering_rf90_exploratory,0.0,0.2697870344096004,0.28711333277371676,0.2697870344096004,0.28711333277371676,0.0,0.2697744019263688,0.28710010648972295,0.2697744019263688,0.28710010648972295,0.0,-0.002610747172157214,-0.0027558501448304547,-0.002610747172157214,-0.0027558501448304547,,,,,,,,,,,,,,,
screen,finite_RF_static_Bloch,1000.0,read,90.0,0.8,0.0,8.0,2.0,,increasing_centering_x_rf90_exploratory,original,increasing_centering,original_rf90_exploratory,increasing_centering_rf90_exploratory,-0.002386420635710318,0.19944691012095758,0.20145450204163717,0.20192411039757552,0.2015452816825448,0.0016117352676655594,-0.19942779818713444,-0.20141609595172827,0.20190004187070001,0.20152347937377174,-0.001325683157623918,0.002761026444804865,0.003933533323640517,0.0031176036409150767,0.00296442736212681,,,,,,,,,,,,,,,
screen,finite_RF_static_Bloch,1000.0,read,90.0,0.8,0.0,8.0,3.0,,increasing_centering_x_rf90_exploratory,original,increasing_centering,original_rf90_exploratory,increasing_centering_rf90_exploratory,-0.01530461665283775,0.1026164201003395,0.13116346385357017,0.13746616872326178,0.1507085958236547,-0.04580713110735632,0.1025895450168853,0.13116244396800786,-0.1330037978697285,-0.15023803002596225,0.025706418343477085,0.0023483882638571,-0.0005172450154455515,-0.03474100308973076,-0.011900218025556322,,,,,,,,,,,,,,,
screen,finite_RF_static_Bloch,1000.0,read,90.0,0.8,0.0,8.0,4.0,,increasing_centering_x_rf90_exploratory,original,increasing_centering,original_rf90_exploratory,increasing_centering_rf90_exploratory,-0.10536750344489501,0.04499564308129846,0.10569221823824776,0.136572797696303,0.0919018694083573,0.10535362813602021,-0.04499167112355308,-0.10568203090678334,-0.13652558715764615,-0.09186231880485621,-0.00835189649016366,-0.0005978509928417442,0.001467426161373671,0.0035906993546204607,-0.0026959199813277844,,,,,,,,,,,,,,,
screen,finite_RF_static_Bloch,1000.0,read,90.0,0.8,0.0,8.0,5.0,,increasing_centering_x_rf90_exploratory,original,increasing_centering,original_rf90_exploratory,increasing_centering_rf90_exploratory,-0.12615706697852908,0.005523451207374798,0.09292617458150204,0.12206104257930168,0.08330669897489987,-0.13465115582796436,-0.003069001308399183,0.09291938726030047,0.12180396300024265,0.08314119574097793,0.006138525452976753,0.004592357151757061,0.0011231177685830996,-0.007917873008682155,-0.005248586938879363,,,,,,,,,,,,,,,
screen,finite_RF_static_Bloch,1000.0,read,90.0,0.8,0.0,8.0,6.0,,increasing_centering_x_rf90_exploratory,original,increasing_centering,original_rf90_exploratory,increasing_centering_rf90_exploratory,-0.06591832848469256,0.019934257836277655,0.07373392740970647,0.07719268984920846,0.06507403093794471,0.08150539321723883,0.019860460756066595,-0.07371134555817435,0.0770847875127101,0.06501837441570799,-0.0015002707727168167,0.0017136901820153717,0.0018247156664183172,0.0040800613079247545,0.0026908160196108836,,,,,,,,,,,,,,,
screen,finite_RF_static_Bloch,1000.0,read,90.0,0.8,0.0,8.0,7.0,,increasing_centering_x_rf90_exploratory,original,increasing_centering,original_rf90_exploratory,increasing_centering_rf90_exploratory,-0.009133421509040562,0.04136813003409695,0.06265165703091907,0.04583789490726841,0.05798800039504997,-0.11968129265475573,-0.04132097828873353,0.06264658939130412,-0.04214223520677515,-0.05785596018149323,0.024714205006267632,0.001974572303048442,-0.0007968477629088447,-0.018031767004556828,0.003911017935753519,,,,,,,,,,,,,,,
screen,finite_RF_static_Bloch,1000.0,read,90.0,0.8,0.0,8.0,8.0,,increasing_centering_x_rf90_exploratory,original,increasing_centering,original_rf90_exploratory,increasing_centering_rf90_exploratory,-0.024002372382782272,0.041793601509860556,0.052449570045615186,0.060613265916498564,0.04726686206947092,0.10767082145120627,0.04176078400911361,-0.05240364721303983,-0.06059370948398622,-0.047087319254933396,0.0012739636981183528,0.001655912470265133,-0.0021943465408081108,-0.0015396025572998247,-0.004115897870254716,,,,,,,,,,,,,,,
screen,finite_RF_static_Bloch,1000.0,read,0.0,1.0,0.0,8.0,1.0,,increasing_centering_x_rf90_exploratory,original,increasing_centering,original_rf90_exploratory,increasing_centering_rf90_exploratory,0.0,0.2455084451217991,0.24850106405226652,0.2455084451217991,0.24850106405226652,0.0,-0.0032448769234316712,-0.004910058550749369,-0.0032448769234316712,-0.004910058550749369,0.0,0.2454870004702392,0.2484525511242275,0.2454870004702392,0.2484525511242275,,,,,,,,,,,,,,,
screen,finite_RF_static_Bloch,1000.0,read,0.0,1.0,0.0,8.0,2.0,,increasing_centering_x_rf90_exploratory,original,increasing_centering,original_rf90_exploratory,increasing_centering_rf90_exploratory,-0.003280789238274323,0.17408066530266472,0.17832046272770738,0.17835521627085393,0.17931422445762227,-0.00039144908068466456,-0.0031780999121127037,-0.0056344292284990945,-0.005325068310178628,-0.008172846707249683,-0.005031942624683816,0.17405165242871729,0.17823142437486358,-0.1782757045099388,-0.17912787518847628,,,,,,,,,,,,,,,
screen,finite_RF_static_Bloch,1000.0,read,0.0,1.0,0.0,8.0,3.0,,increasing_centering_x_rf90_exploratory,original,increasing_centering,original_rf90_exploratory,increasing_centering_rf90_exploratory,0.03052002014471611,0.16069829149525128,0.1258061492568168,0.12828733414957452,0.12391521205585614,0.03455569939936797,0.0012929808305973509,-0.0018234463915474343,-0.027352792841535058,0.004086479335688128,0.03638974801200942,0.16069308973961655,0.1257929339592873,-0.12533740394220977,-0.12384781171052958,,,,,,,,,,,,,,,
screen,finite_RF_static_Bloch,1000.0,read,0.0,1.0,0.0,8.0,4.0,,increasing_centering_x_rf90_exploratory,original,increasing_centering,original_rf90_exploratory,increasing_centering_rf90_exploratory,0.02964425856615742,0.12932732414796347,0.0881240395917202,0.11367918967617137,0.10212016368608552,0.018064007854011757,0.004887420181354245,0.004007572926499163,-0.0005828243898406717,0.016601336209316003,0.028286094117336236,0.12923494069036945,0.08803286723265272,0.11367769561862852,0.10076171627824802,,,,,,,,,,,,,,,
screen,finite_RF_static_Bloch,1000.0,read,0.0,1.0,0.0,8.0,5.0,,increasing_centering_x_rf90_exploratory,original,increasing_centering,original_rf90_exploratory,increasing_centering_rf90_exploratory,0.02907015672306927,0.11169357192447797,0.0683514459311198,0.09927804570871772,0.08500607643842882,0.003881712886249707,0.005770167366950598,0.000676278588464995,-0.007100142123142581,-0.008312318015378477,0.028771189831889865,0.11154442692401048,0.06834810025264476,0.09902382714061006,0.0845986903011342,,,,,,,,,,,,,,,
screen,finite_RF_static_Bloch,1000.0,read,0.0,1.0,0.0,8.0,6.0,,increasing_centering_x_rf90_exploratory,original,increasing_centering,original_rf90_exploratory,increasing_centering_rf90_exploratory,0.05107494929262512,0.09049070100074613,0.05414098985633633,0.06336023930230196,0.07808547745051728,0.003033251267328641,0.007266492132741192,-0.0002625310829990589,-0.0023935850401149757,-0.006889356988526586,0.02159216882695987,0.09019847592776303,0.05414035334253345,-0.06331501145147735,-0.07778096520974706,,,,,,,,,,,,,,,
screen,finite_RF_static_Bloch,1000.0,read,0.0,1.0,0.0,8.0,7.0,,increasing_centering_x_rf90_exploratory,original,increasing_centering,original_rf90_exploratory,increasing_centering_rf90_exploratory,0.06649599074084053,0.07884813956707859,0.040810092149246614,0.036403845733889904,0.06486178905689846,0.01559454290090103,-0.0031371731978516474,-0.002134657041522715,-0.013427951040103043,0.0031691080171269204,0.007083973119470413,0.07878570465202546,0.040754225063729006,-0.0338368159713861,-0.06478432244021214,,,,,,,,,,,,,,,
screen,finite_RF_static_Bloch,1000.0,read,0.0,1.0,0.0,8.0,8.0,,increasing_centering_x_rf90_exploratory,original,increasing_centering,original_rf90_exploratory,increasing_centering_rf90_exploratory,0.024244824453662592,0.06270890884743201,0.04195268692509646,0.04464014497243542,0.04812874750376246,0.00657523942940192,0.005649352500825831,0.00027916783461031465,0.001323022975798146,0.0025280777389845494,0.02394393132290471,0.062453919533980815,0.041951758074665696,0.0446205351084628,0.04806230497205239,,,,,,,,,,,,,,,
screen,finite_RF_static_Bloch,1000.0,read,90.0,1.0,0.0,8.0,1.0,,increasing_centering_x_rf90_exploratory,original,increasing_centering,original_rf90_exploratory,increasing_centering_rf90_exploratory,0.0,0.2441917467263025,0.24805902664203094,0.2441917467263025,0.24805902664203094,0.0,0.2441691149836675,0.24801095795424974,0.2441691149836675,0.24801095795424974,0.0,-0.0033245236253082477,-0.004883178596691768,-0.0033245236253082477,-0.004883178596691768,,,,,,,,,,,,,,,
screen,finite_RF_static_Bloch,1000.0,read,90.0,1.0,0.0,8.0,2.0,,increasing_centering_x_rf90_exploratory,original,increasing_centering,original_rf90_exploratory,increasing_centering_rf90_exploratory,-0.0036221983736849095,0.1810054625174696,0.18255127701827992,0.17796719804994093,0.17589081417706634,-0.0004217370245024332,-0.1809909593379285,-0.1825489530569612,0.177659372856685,0.17567964211314985,-0.0013659798279758795,-0.002291309472639517,0.0009211290963546121,-0.010462830301417907,-0.008616371560399658,,,,,,,,,,,,,,,
screen,finite_RF_static_Bloch,1000.0,read,90.0,1.0,0.0,8.0,3.0,,increasing_centering_x_rf90_exploratory,original,increasing_centering,original_rf90_exploratory,increasing_centering_rf90_exploratory,-0.026005925811657435,0.09808397421500868,0.13611539421290675,0.12667519409563854,0.13870068828187918,-0.05575321121069353,0.09806726087512398,0.13608719595428814,-0.12071732764556788,-0.13845060377709723,0.04575727928998399,0.0018106193031298635,0.0027704943663890832,-0.03839181690517275,0.008325337448070467,,,,,,,,,,,,,,,
screen,finite_RF_static_Bloch,1000.0,read,90.0,1.0,0.0,8.0,4.0,,increasing_centering_x_rf90_exploratory,original,increasing_centering,original_rf90_exploratory,increasing_centering_rf90_exploratory,-0.07785486092094188,0.054362214233792165,0.11069875262236084,0.11002143442698946,0.08850311189461625,0.07781974827012025,-0.05427295960162368,-0.11069870078382793,-0.10989452536843444,-0.08850051828051844,-0.0013843727873431777,0.003113870980185276,-0.00010713038399146274,0.005282927921035869,0.0006775537695159523,,,,,,,,,,,,,,,
screen,finite_RF_static_Bloch,1000.0,read,90.0,1.0,0.0,8.0,5.0,,increasing_centering_x_rf90_exploratory,original,increasing_centering,original_rf90_exploratory,increasing_centering_rf90_exploratory,-0.0804817823343553,0.03926057160997544,0.09880531675816996,0.10812732289233666,0.08719028570617589,-0.08064949952426656,0.03911595587572645,0.09879688623042124,0.10770647971800246,0.08673791054843069,-0.0014156055011943255,-0.003366671809106231,-0.0012906939433898965,-0.009530591934353128,-0.008870219569831118,,,,,,,,,,,,,,,
screen,finite_RF_static_Bloch,1000.0,read,90.0,1.0,0.0,8.0,6.0,,increasing_centering_x_rf90_exploratory,original,increasing_centering,original_rf90_exploratory,increasing_centering_rf90_exploratory,-0.05977283032390758,0.017959469282255617,0.07657667471867154,0.07058992801818305,0.06943430313069139,0.057628528940713825,-0.017802192437405818,-0.0765653847251378,0.07049755096309417,0.06936288761607601,0.004148285501764461,0.0023715988956512545,-0.0013149041261109596,-0.00361015869709421,-0.0031483762170919625,,,,,,,,,,,,,,,
screen,finite_RF_static_Bloch,1000.0,read,90.0,1.0,0.0,8.0,7.0,,increasing_centering_x_rf90_exploratory,original,increasing_centering,original_rf90_exploratory,increasing_centering_rf90_exploratory,-0.03216980310479447,0.01003975030576161,0.06656878120099996,0.04051060925845285,0.06486983704889673,-0.08395289570769732,0.009654510853550183,0.06650494859168872,-0.03775384264380499,-0.06485630061336378,0.02168279082897207,0.0027544521017295017,-0.002914522843184866,-0.01468866325156438,0.0013251526324933199,,,,,,,,,,,,,,,
screen,finite_RF_static_Bloch,1000.0,read,90.0,1.0,0.0,8.0,8.0,,increasing_centering_x_rf90_exploratory,original,increasing_centering,original_rf90_exploratory,increasing_centering_rf90_exploratory,-0.04426769642346243,0.0011126382786846487,0.05257074267326622,0.04102095857594736,0.0482113665470665,0.044611821253914365,-0.0008278170500010721,-0.052500001237319766,-0.04100999634407125,-0.04807035927747558,-0.004719235828628992,0.000743426439482657,0.002726326337802778,-0.0009482838967588231,-0.0036846198270676944,,,,,,,,,,,,,,,
screen,finite_RF_static_Bloch,1000.0,read,0.0,0.8,0.0,8.0,1.0,,increasing_centering_x_rf90_exploratory,original,increasing_centering,original_rf90_exploratory,increasing_centering_rf90_exploratory,0.0,0.2739454106026763,0.2910134879142601,0.2739454106026763,0.2910134879142601,0.0,-0.004991579147107938,-0.005448413794415983,-0.004991579147107938,-0.005448413794415983,0.0,0.2738999308650644,0.2909624802876619,0.2738999308650644,0.2909624802876619,,,,,,,,,,,,,,,
screen,finite_RF_static_Bloch,1000.0,read,0.0,0.8,0.0,8.0,2.0,,increasing_centering_x_rf90_exploratory,original,increasing_centering,original_rf90_exploratory,increasing_centering_rf90_exploratory,-0.00024125448004908012,0.20311633593669665,0.20529422464397,0.20058143472301193,0.20251806895023622,0.0005119103514519257,0.006792072383082392,0.004008816485619926,-0.0033347411196099318,-0.005606086665620472,-0.004139085791188268,0.20300274302849206,0.2052550804792745,-0.20055371215015463,-0.2024404604905605,,,,,,,,,,,,,,,
screen,finite_RF_static_Bloch,1000.0,read,0.0,0.8,0.0,8.0,3.0,,increasing_centering_x_rf90_exploratory,original,increasing_centering,original_rf90_exploratory,increasing_centering_rf90_exploratory,0.028710545022568507,0.1881336324321432,0.1641918621363382,0.1385818953472409,0.14335067007400443,0.02351020370526257,-0.0028804625945044347,-0.00563800863484644,-0.038686892141131114,-0.017934234476210547,0.014864561975682145,0.18811158015219165,0.1640950348134632,-0.13307240921578795,-0.1422243925788343,,,,,,,,,,,,,,,
screen,finite_RF_static_Bloch,1000.0,read,0.0,0.8,0.0,8.0,4.0,,increasing_centering_x_rf90_exploratory,original,increasing_centering,original_rf90_exploratory,increasing_centering_rf90_exploratory,-0.013618044867061557,0.1455171690923911,0.1288687137547778,0.13702477969657076,0.1067582794918959,0.026616903088484196,0.007134656286986935,0.0010389089531118684,-0.007059022812884911,0.013462132941724221,-0.014459101944790498,0.14534215899156755,0.12886452596815773,0.13684283118899915,0.10590609622079884,,,,,,,,,,,,,,,
screen,finite_RF_static_Bloch,1000.0,read,0.0,0.8,0.0,8.0,5.0,,increasing_centering_x_rf90_exploratory,original,increasing_centering,original_rf90_exploratory,increasing_centering_rf90_exploratory,-0.023249956063473243,0.13054789918198786,0.11105654859981608,0.12393419780249186,0.08119289115684683,0.004724752541683426,-0.005332037905887434,-0.0018729534647215136,-0.00949346472628278,-0.0013096277434334342,-0.022989520530505902,0.13043896408895866,0.1110407539249545,0.12357005912614108,0.081182328431631,,,,,,,,,,,,,,,
screen,finite_RF_static_Bloch,1000.0,read,0.0,0.8,0.0,8.0,6.0,,increasing_centering_x_rf90_exploratory,original,increasing_centering,original_rf90_exploratory,increasing_centering_rf90_exploratory,0.011259194160604294,0.10270460224719587,0.0850037853192158,0.07283341121448918,0.06639178844711341,-0.0097950907699369,0.004402119102198071,0.008956339532124984,-0.0033839954968266674,-0.008624865836836654,0.025005159101960453,0.10261021718213431,0.08453063054763417,-0.07275475492101073,-0.06582918245355042,,,,,,,,,,,,,,,
screen,finite_RF_static_Bloch,1000.0,read,0.0,0.8,0.0,8.0,7.0,,increasing_centering_x_rf90_exploratory,original,increasing_centering,original_rf90_exploratory,increasing_centering_rf90_exploratory,0.026840381189577975,0.09213087536241317,0.07334590832695016,0.048456373022809994,0.05651178717692497,0.02500523481110023,-0.004103604759438988,-0.0031559131642233057,-0.02334613057780252,0.002606795828513389,0.004771319811998784,0.09203944058403887,0.07327798087014448,-0.042461491655026704,-0.05645163155692231,,,,,,,,,,,,,,,
screen,finite_RF_static_Bloch,1000.0,read,0.0,0.8,0.0,8.0,8.0,,increasing_centering_x_rf90_exploratory,original,increasing_centering,original_rf90_exploratory,increasing_centering_rf90_exploratory,0.002982880353952097,0.07039205354452457,0.05647113917624298,0.057333204325874645,0.04639517031154515,0.0210340235912057,0.008987383861626386,-0.0005108329019413627,-0.006616442433877823,0.004919364393760128,0.0025306139701858077,0.0698159590175412,0.056468828654478914,0.056950144932139304,0.046133628539262825,,,,,,,,,,,,,,,
screen,instant_RF_exact_pathways,1000.0,read,90.0,0.8,0.0,8.0,1.0,0.001,increasing_centering_x_rf90_exploratory,original,increasing_centering,original_rf90_exploratory,increasing_centering_rf90_exploratory,0.0,0.15992509038940247,0.1785125223377237,0.15992509038940247,0.1785125223377237,0.0,-2.647567851899582e-07,-2.9463352815667465e-07,-2.647567851899582e-07,-2.9463352815667465e-07,0.0,-0.15992509038918332,-0.17851252233748055,-0.15992509038918332,-0.17851252233748055,0.0,0.16054957544226223,0.17887293662526704,0.16054957544226223,0.17887293662526704,0.0,0.0,0.0,0.0,0.0,0.0,0.0038746002361893226,0.002010866201569564,0.0038746002361893226,0.002010866201569564
screen,instant_RF_exact_pathways,1000.0,read,90.0,0.8,0.0,8.0,2.0,0.001,increasing_centering_x_rf90_exploratory,original,increasing_centering,original_rf90_exploratory,increasing_centering_rf90_exploratory,0.0015618725859515847,0.1275568297144172,0.1259732419271997,0.1320061491785771,0.13198443397731116,0.001531093272548981,-4.78698473944091e-07,-4.770186351898727e-07,0.0042342590093115045,0.005765353961699239,0.0016633574265244588,0.12755682971351898,0.12597324192629653,-0.13193822217840748,-0.13185845253910547,-2.7755575615628914e-17,0.13189586750926569,0.1318938678671374,0.13189586750926569,0.13189386786713736,-1.3552527156068805e-20,0.00010968831029626619,0.00012497173666104925,0.00010968831029626623,0.00012497173666104928,6.938893903907228e-18,0.0335788560442867,0.044862971656196855,0.0335788560442867,0.04486297165619686
screen,instant_RF_exact_pathways,1000.0,read,90.0,0.8,0.0,8.0,3.0,0.001,increasing_centering_x_rf90_exploratory,original,increasing_centering,original_rf90_exploratory,increasing_centering_rf90_exploratory,-0.02772153588472824,0.053845352638173624,0.08883653469777832,0.09301436993476161,0.10028401610963807,0.02392863552732157,-2.4347512086012256e-07,-1.6915890398864778e-07,-0.020121763006748245,0.0038069468367901934,0.044391087529273475,-0.053845352637623155,-0.08883653469761726,0.09081182559480315,0.10021173106408252,-8.326672684688674e-17,0.08727829866427458,0.09699377228026573,0.08727829866427461,0.09699377228026568,8.964486048736175e-05,0.02492131347719051,0.0004906305569279238,0.024819131965738678,0.0004780939059634544,5.551115123125783e-17,0.2787551367063922,0.07953008199070621,0.2787551367063922,0.07953008199070626
screen,instant_RF_exact_pathways,1000.0,read,90.0,0.8,0.0,8.0,4.0,0.001,increasing_centering_x_rf90_exploratory,original,increasing_centering,original_rf90_exploratory,increasing_centering_rf90_exploratory,-0.07455444068839734,0.011405241987724867,0.06448686326943588,0.09714349668469027,0.07567067727800394,-0.0017488379928336758,-2.3832745687621135e-07,-2.546360413105157e-07,0.0004283853639643246,-0.0013204689374537854,-0.0745650182395261,0.011405241985234786,0.06448686326893315,0.09714255212886046,0.0756591551730327,-5.551115123125783e-17,0.07168665597295826,0.071070614976795,0.07168665597295829,0.07107061497679497,0.03232097178115901,0.05304917036302625,0.0012841809178326575,0.01978515575352943,0.0003411380894948488,1.1102230246251565e-16,0.4731466801058613,0.1325641799750968,0.47314668010586125,0.13256417997509687
screen,instant_RF_exact_pathways,1000.0,read,90.0,0.8,0.0,8.0,5.0,0.001,increasing_centering_x_rf90_exploratory,original,increasing_centering,original_rf90_exploratory,increasing_centering_rf90_exploratory,-0.03137776887809085,0.0358583832810075,0.04740789621419031,0.07691660493676118,0.05708834899185314,0.0064795566193219314,-2.4644915198536685e-07,-1.001677056284494e-07,-0.004539607996640657,0.001940094904127631,0.10299343073119034,0.0358583832801606,-0.047407896214084484,-0.07678252453673708,-0.057055373299791816,-1.3877787807814457e-17,0.04742670762509899,0.0518397895297024,0.04742670762509899,0.05183978952970238,0.049870321164791204,0.07752064230959055,0.0016679809537225032,0.030002183102971113,0.004019842911894271,0.0,0.6861995598071784,0.24947281323369452,0.6861995598071784,0.24947281323369455
screen,instant_RF_exact_pathways,1000.0,read,90.0,0.8,0.0,8.0,6.0,0.001,increasing_centering_x_rf90_exploratory,original,increasing_centering,original_rf90_exploratory,increasing_centering_rf90_exploratory,-0.0036154593743805696,0.04541869797671042,0.0384816220640366,0.056703729610761956,0.04615119432370757,-0.002994270395381421,-1.0180075091562057e-07,-1.5293636325856563e-07,0.003036931857120426,4.261032612666184e-05,-0.07342914931052419,-0.04541869797659633,0.0384816220637327,-0.05662234538294585,-0.04615117465314101,-1.3877787807814457e-17,0.03894612568678316,0.03760509338252247,0.03894612568678318,0.03760509338252247,0.0673817829678168,0.08271071025934465,0.003126130266399766,0.017428315893981194,0.005225518868853108,1.1102230246251565e-16,0.7851874809976376,0.357271665390408,0.7851874809976375,0.357271665390408
screen,instant_RF_exact_pathways,1000.0,read,90.0,0.8,0.0,8.0,7.0,0.001,increasing_centering_x_rf90_exploratory,original,increasing_centering,original_rf90_exploratory,increasing_centering_rf90_exploratory,0.02102110801732507,0.05066955190354696,0.031339048724684945,0.03823494583349243,0.03992555067195548,0.010171720778029714,-1.9583770596495865e-07,-6.607269171612062e-08,-0.013289535367556029,-0.003117684824512066,0.08596116755879273,0.050669551903168505,-0.03133904872461529,0.03585107156842843,0.03980363849943736,-1.3877787807814457e-17,0.02576069867418543,0.02710459136389421,0.025760698674185435,0.0271045913638942,0.06142730330549616,0.07739277098236216,0.0076381729898323675,0.017698867530546964,0.009371572843513327,0.0,0.8812835985887849,0.5111894821058942,0.8812835985887849,0.5111894821058942
screen,instant_RF_exact_pathways,1000.0,read,90.0,0.8,0.0,8.0,8.0,0.001,increasing_centering_x_rf90_exploratory,original,increasing_centering,original_rf90_exploratory,increasing_centering_rf90_exploratory,-0.005484212976677394,0.03215159579951962,0.02808637601240312,0.04374776305478323,0.03419833029098933,0.0015881886956532582,-6.785351182599451e-08,-1.0846075958754057e-07,0.0008022354655856785,0.0023903835539911752,-0.0698636917684862,-0.03215159579944802,0.0280863760121937,0.04374040684030286,0.034114686883458374,-1.734723475976807e-17,0.02114984294141668,0.019392430121734538,0.021149842941416683,0.019392430121734524,0.04095949287920906,0.05711542048769598,0.00926393906317692,0.01754609207017732,0.01065410352486732,0.0,0.9206935245330666,0.6223661279669673,0.9206935245330665,0.6223661279669672
screen,instant_RF_exact_pathways,1000.0,read,90.0,1.0,0.0,8.0,1.0,0.001,increasing_centering_x_rf90_exploratory,original,increasing_centering,original_rf90_exploratory,increasing_centering_rf90_exploratory,0.0,0.18663396088449194,0.20793430677042551,0.18663396088449194,0.20793430677042551,0.0,-3.0702785146159754e-07,-3.4206863051991803e-07,-3.0702785146159754e-07,-3.4206863051991803e-07,0.0,-0.1866339608842394,-0.20793430677014416,-0.1866339608842394,-0.20793430677014416,0.0,0.1866339610514622,0.20793430686639466,0.1866339610514622,0.20793430686639466,0.0,0.0,0.0,0.0,0.0,0.0,8.946403422654344e-10,4.615359086053876e-10,8.946403422654344e-10,4.615359086053876e-10
screen,instant_RF_exact_pathways,1000.0,read,90.0,1.0,0.0,8.0,2.0,0.001,increasing_centering_x_rf90_exploratory,original,increasing_centering,original_rf90_exploratory,increasing_centering_rf90_exploratory,-2.5692320493320153e-10,0.16951202840484011,0.16950945871084602,0.16951202768335663,0.16950945773243933,-2.937446468212389e-10,-6.210414651694744e-07,-6.210320499464321e-07,1.8071688766514592e-06,1.80688454722768e-06,5.139644908502827e-06,0.16951202840370247,0.16950945870970838,-0.1695120276737235,-0.1695094577228091,1.1102230246251565e-16,0.16951202769283688,0.16950945776097898,0.16951202769283683,0.16950945776097903,1.5777218104420236e-30,5.900124483705165e-15,6.722218632536547e-15,5.9001244837051646e-15,6.7222186325365476e-15,-3.308722450212111e-24,4.3122141742843e-09,5.9403698926522284e-09,4.312214174284302e-09,5.940369892652227e-09
screen,instant_RF_exact_pathways,1000.0,read,90.0,1.0,0.0,8.0,3.0,0.001,increasing_centering_x_rf90_exploratory,original,increasing_centering,original_rf90_exploratory,increasing_centering_rf90_exploratory,-7.472295004973262e-11,0.1240119169747176,0.137816431098018,0.12401191748872752,0.13781643153730497,1.4214883074086187e-07,-2.0400956027377498e-07,-2.2671909438574516e-07,1.0714218053741982e-06,1.19086110200309e-06,0.027609028171342476,-0.1240119169745498,-0.1378164310978315,0.12401191748409915,0.1378164315321599,9.71445146547012e-17,0.12401191681735917,0.13781643093308518,0.12401191681735915,0.13781643093308527,5.115032944769525e-15,1.4814477314999301e-12,2.876017025309005e-14,1.4759747858105033e-12,2.8402257508432704e-14,-8.271806125530277e-24,1.2654906002669892e-08,1.0241606704718295e-08,1.2654906002669894e-08,1.0241606704718288e-08
screen,instant_RF_exact_pathways,1000.0,read,90.0,1.0,0.0,8.0,4.0,0.001,increasing_centering_x_rf90_exploratory,original,increasing_centering,original_rf90_exploratory,increasing_centering_rf90_exploratory,-6.080521641749215e-10,0.11261164175038768,0.11164391117689239,0.11261164221089433,0.11164391102934687,1.3952448047137783e-08,-4.1257543606592354e-07,-4.090299594376843e-07,-1.9897409300342326e-06,-1.9722430053588557e-06,-6.079005354653333e-10,0.11261164174963191,0.1116439111761431,0.1126116421933159,0.11164391101192656,6.938893903907228e-17,0.11261164138723825,0.11164391054809922,0.11261164138723825,0.11164391054809929,2.129558626649413e-12,3.642688683157365e-12,8.551257395644272e-14,1.4549082173177348e-12,2.7290734766225627e-14,-9.926167350636332e-24,1.7925372392222272e-08,1.4354876462571233e-08,1.7925372392222272e-08,1.4354876462571224e-08
screen,instant_RF_exact_pathways,1000.0,read,90.0,1.0,0.0,8.0,5.0,0.001,increasing_centering_x_rf90_exploratory,original,increasing_centering,original_rf90_exploratory,increasing_centering_rf90_exploratory,4.1742148626511266e-10,0.08236747698717976,0.09003181701046402,0.08236747646735967,0.09003181690806542,-1.0688969535353671e-07,-1.355011124205936e-07,-1.4810956756735004e-07,-1.289203547614899e-06,-1.4087016981151922e-06,-4.1650029258821775e-10,-0.08236747698706831,-0.0900318170103422,-0.08236747645727047,-0.09003181689704465,5.551115123125783e-17,0.0823674767066181,0.0900318168892676,0.0823674767066181,0.09003181688926766,4.271086049193226e-12,6.565084919883592e-12,1.4621229194954103e-13,2.1987651101693955e-12,5.0978531428570586e-14,-1.3234889800848443e-23,3.118868760273138e-08,1.8060601359115408e-08,3.118868760273138e-08,1.8060601359115398e-08
screen,instant_RF_exact_pathways,1000.0,read,90.0,1.0,0.0,8.0,6.0,0.001,increasing_centering_x_rf90_exploratory,original,increasing_centering,original_rf90_exploratory,increasing_centering_rf90_exploratory,5.928202373439717e-12,0.07477989739541373,0.07220500081333676,0.07477989698295613,0.07220500040680737,-7.281960539750376e-08,-2.739712194182731e-07,-2.645375662128208e-07,1.8441428166193055e-06,1.780756864427254e-06,0.005149793157428265,0.07477989739491185,0.07220500081285217,-0.07477989696021697,-0.0722050003848484,1.3877787807814457e-17,0.07477989726839819,0.07220500037742832,0.0747798972683982,0.07220500037742834,7.720069709936244e-12,9.383317254906514e-12,2.074143243605773e-13,1.486817339036184e-12,3.0984118426491446e-14,-6.617444900424222e-24,3.8296556906433925e-08,2.1810204838190023e-08,3.829655690643392e-08,2.1810204838190013e-08
screen,instant_RF_exact_pathways,1000.0,read,90.0,1.0,0.0,8.0,7.0,0.001,increasing_centering_x_rf90_exploratory,original,increasing_centering,original_rf90_exploratory,increasing_centering_rf90_exploratory,2.993950226626296e-11,0.054684728689865444,0.05753753948428387,0.05468472887295095,0.057537539697308876,6.965839581306906e-08,-8.996076856577826e-08,-9.465387213907623e-08,1.2379294149064926e-06,1.3028947071462635e-06,0.0057056216180328065,-0.05468472868979145,-0.057537539484206014,0.054684728858939095,0.057537539682557336,1.3877787807814457e-17,0.0546847283409899,0.057537539422927254,0.054684728340989905,0.057537539422927275,1.098672960142436e-11,1.2554005213074247e-11,2.61312657707402e-13,1.3307410712352125e-12,2.4778117292727123e-14,-6.617444900424222e-24,5.903939560949914e-08,2.5124047967835296e-08,5.9039395609499134e-08,2.5124047967835286e-08
screen,instant_RF_exact_pathways,1000.0,read,90.0,1.0,0.0,8.0,8.0,0.001,increasing_centering_x_rf90_exploratory,original,increasing_centering,original_rf90_exploratory,increasing_centering_rf90_exploratory,-7.771784951704497e-10,0.04963675547742614,0.0455122679513638,0.049636756144796,0.04551226784155517,1.1590024801527227e-07,-1.8185425391634915e-07,-1.66743362030999e-07,-1.5723498366179598e-06,-1.4413386967173374e-06,-7.751254638144189e-10,0.04963675547709301,0.04551226795105835,0.04963675611989224,0.04551226781873212,1.3877787807814457e-17,0.0496367555074751,0.045512267647310256,0.049636755507475115,0.045512267647310284,1.3250023884150357e-11,1.5288902866090813e-11,3.0618055753132956e-13,1.7676036182282541e-12,3.490519381912695e-14,0.0,6.878443227868703e-08,2.8431078439455218e-08,6.878443227868702e-08,2.8431078439455202e-08
screen,instant_RF_exact_pathways,1000.0,read,0.0,1.0,0.0,8.0,1.0,0.001,increasing_centering_x_rf90_exploratory,original,increasing_centering,original_rf90_exploratory,increasing_centering_rf90_exploratory,0.0,0.1866339610514625,0.20793430686639502,0.1866339610514625,0.20793430686639502,0.0,0.1866339610510982,0.20793430686598932,0.1866339610510982,0.20793430686598932,0.0,3.6875220575367384e-07,4.1074746597655864e-07,3.6875220575367384e-07,4.1074746597655864e-07,0.0,0.18663396105146215,0.20793430686639475,0.18663396105146215,0.20793430686639475,0.0,0.0,0.0,0.0,0.0,0.0,8.946403422654347e-10,4.615359086053874e-10,8.946403422654347e-10,4.615359086053874e-10
screen,instant_RF_exact_pathways,1000.0,read,0.0,1.0,0.0,8.0,2.0,0.001,increasing_centering_x_rf90_exploratory,original,increasing_centering,original_rf90_exploratory,increasing_centering_rf90_exploratory,2.5692195593229883e-10,0.1695120276928331,0.16950945776097354,0.16951202841431398,0.16950945873937637,5.1396067969888826e-06,0.1695120276928329,0.16950945776097334,-0.1695120284101071,-0.1695094587351697,-2.0058884948450443e-10,8.121607752290936e-09,8.359357681691822e-09,-1.1942490362894874e-06,-1.1942118752095711e-06,2.7755575615628914e-17,0.16951202769283683,0.169509457760979,0.16951202769283683,0.16950945776097903,2.3665827156630354e-30,7.083573959423051e-15,7.901428071236249e-15,7.08357395942305e-15,7.90142807123625e-15,-8.271806125530277e-25,4.312214174284302e-09,5.940369892652228e-09,4.312214174284302e-09,5.940369892652227e-09
screen,instant_RF_exact_pathways,1000.0,read,0.0,1.0,0.0,8.0,3.0,0.001,increasing_centering_x_rf90_exploratory,original,increasing_centering,original_rf90_exploratory,increasing_centering_rf90_exploratory,-7.37067351597176e-11,0.1240119168188417,0.13781643093311616,0.12401191768070637,0.13781643172127409,-0.02760902815464117,0.12401191681860019,0.1378164309328477,-0.12401191767913626,-0.13781643171952992,4.206532754933988e-08,2.447535025170452e-07,2.720100522843134e-07,6.240375979493229e-07,6.933594752659309e-07,1.3877787807814457e-17,0.12401191681735914,0.13781643093308524,0.12401191681735918,0.1378164309330853,-4.62590512664734e-15,1.4773051901428289e-12,2.7032252791889447e-14,1.4926601698401583e-12,3.776132736257163e-14,0.0,1.2654906002669895e-08,1.024160670471829e-08,1.2654906002669892e-08,1.0241606704718287e-08
screen,instant_RF_exact_pathways,1000.0,read,0.0,1.0,0.0,8.0,4.0,0.001,increasing_centering_x_rf90_exploratory,original,increasing_centering,original_rf90_exploratory,increasing_centering_rf90_exploratory,4.0042831550568536e-10,0.11261164138793871,0.11164391054811867,0.11261164113791845,0.11164391069852674,4.005285825225968e-10,0.11261164138793858,0.11164391054811854,0.112611641126797,0.11164391068750554,-1.4154311767473623e-08,5.2892092086391834e-09,5.50899267356898e-09,1.582659290632335e-06,1.5687247623297912e-06,2.7755575615628914e-17,0.11261164138723823,0.11164391054809927,0.11261164138723824,0.11164391054809931,-7.597024756062503e-13,6.951333409924485e-13,1.6495920230009372e-14,1.4701009476018145e-12,3.176105123312514e-14,-3.308722450212111e-24,1.7925372392222275e-08,1.4354876462571226e-08,1.7925372392222272e-08,1.435487646257122e-08
screen,instant_RF_exact_pathways,1000.0,read,0.0,1.0,0.0,8.0,5.0,0.001,increasing_centering_x_rf90_exploratory,original,increasing_centering,original_rf90_exploratory,increasing_centering_rf90_exploratory,4.346718401881944e-10,0.08236747670887778,0.09003181688930893,0.08236747640871869,0.09003181702382168,4.341295517518162e-10,0.08236747670871772,0.0900318168891336,0.08236747640276322,0.09003181701730865,-1.0775110243086268e-07,1.6238120194530957e-07,1.776833706120688e-07,-9.904917093207519e-07,-1.0829406430848553e-06,0.0,0.0823674767066181,0.09003181688926766,0.0823674767066181,0.09003181688926766,6.902085868373493e-14,2.2530522215720768e-12,3.861951843108034e-14,2.198120872601298e-12,5.270902814403625e-14,0.0,3.118868760273138e-08,1.8060601359115398e-08,3.118868760273138e-08,1.8060601359115398e-08
screen,instant_RF_exact_pathways,1000.0,read,0.0,1.0,0.0,8.0,6.0,0.001,increasing_centering_x_rf90_exploratory,original,increasing_centering,original_rf90_exploratory,increasing_centering_rf90_exploratory,-1.334267557551172e-10,0.07477989726904101,0.07220500037745327,0.0747798978264449,0.0722050008014304,0.0051497939160385225,0.07477989726904094,0.07220500037745319,-0.07477989780988588,-0.07220500078543511,5.369401938981917e-08,3.405137728250677e-09,3.59229879555013e-09,-1.573709987957673e-06,-1.5198288075005544e-06,-1.3877787807814457e-17,0.07477989726839819,0.07220500037742833,0.0747798972683982,0.07220500037742833,-8.455711286992203e-13,6.373717632880689e-13,2.332986588952005e-14,1.4902225169829273e-12,3.060949088515815e-14,6.617444900424222e-24,3.8296556906433925e-08,2.181020483819002e-08,3.829655690643392e-08,2.181020483819002e-08
screen,instant_RF_exact_pathways,1000.0,read,0.0,1.0,0.0,8.0,7.0,0.001,increasing_centering_x_rf90_exploratory,original,increasing_centering,original_rf90_exploratory,increasing_centering_rf90_exploratory,-3.468510340054465e-10,0.054684728343621425,0.057537539422968596,0.0546847290074761,0.057537539739972235,-0.005705621811325508,0.054684728343515496,0.05753753942285651,-0.054684728997564415,-0.05753753972954891,4.809653538224289e-08,1.0763596880709389e-07,1.135698301626725e-07,1.0411704199888773e-06,1.095200816726699e-06,-6.938893903907228e-18,0.054684728340989884,0.05753753942292726,0.0546847283409899,0.05753753942292727,1.2688799506168953e-12,2.6252332896845896e-12,3.995411624312045e-14,1.3435821577311598e-12,2.7182934906585975e-14,1.3234889800848443e-23,5.903939560949916e-08,2.5124047967835293e-08,5.903939560949914e-08,2.512404796783529e-08
screen,instant_RF_exact_pathways,1000.0,read,0.0,1.0,0.0,8.0,8.0,0.001,increasing_centering_x_rf90_exploratory,original,increasing_centering,original_rf90_exploratory,increasing_centering_rf90_exploratory,3.8730148255172736e-10,0.04963675550773804,0.045512267647332655,0.049636755152901876,0.04551226767979798,3.889364524889416e-10,0.04963675550773799,0.04551226764733259,0.04963675513335694,0.045512267661888,-1.1627187449389263e-07,2.1549363722822572e-09,2.293765169306752e-09,1.3929444348472975e-06,1.2768113891504294e-06,6.938893903907228e-18,0.049636755507475094,0.04551226764731028,0.04963675550747511,0.0455122676473103,-1.5092715652934408e-12,2.580849971402978e-13,2.1707833205559004e-14,1.7812999697649317e-12,3.5651240536752177e-14,0.0,6.878443227868704e-08,2.8431078439455205e-08,6.878443227868703e-08,2.8431078439455192e-08
screen,instant_RF_exact_pathways,1000.0,read,0.0,0.8,0.0,8.0,1.0,0.001,increasing_centering_x_rf90_exploratory,original,increasing_centering,original_rf90_exploratory,increasing_centering_rf90_exploratory,0.0,0.16055437185145946,0.17887683999786422,0.16055437185145946,0.17887683999786422,0.0,0.16055317007974165,0.17887648330939204,0.16055317007974165,0.17887648330939204,0.0,0.0006212068594829929,0.00035722050094833273,0.0006212068594829929,0.00035722050094833273,0.0,0.16054957544226223,0.17887293662526701,0.16054957544226223,0.17887293662526701,0.0,0.0,0.0,0.0,0.0,0.0,0.0038746002361893226,0.002010866201569564,0.0038746002361893226,0.002010866201569564
screen,instant_RF_exact_pathways,1000.0,read,0.0,0.8,0.0,8.0,2.0,0.001,increasing_centering_x_rf90_exploratory,original,increasing_centering,original_rf90_exploratory,increasing_centering_rf90_exploratory,-0.001567374940977917,0.13191218540212818,0.13194471476459416,0.12747791446285145,0.1259430688843395,0.001565521653685259,0.1318396735330772,0.1318089687406476,-0.12747787561319807,-0.12594305875194242,0.0016593779736745386,-0.004373229957029753,-0.005983603750006919,-9.952358551982136e-05,-5.0519404822448955e-05,5.551115123125783e-17,0.13189586750926574,0.1318938678671374,0.13189586750926569,0.1318938678671374,5.421010862427522e-20,0.00013168963817858554,0.00014689423866479553,0.0001316896381785855,0.00014689423866479553,-1.3877787807814457e-17,0.03357885604428669,0.044862971656196855,0.0335788560442867,0.044862971656196855
screen,instant_RF_exact_pathways,1000.0,read,0.0,0.8,0.0,8.0,3.0,0.001,increasing_centering_x_rf90_exploratory,original,increasing_centering,original_rf90_exploratory,increasing_centering_rf90_exploratory,0.02008018704363669,0.11251525161480602,0.09780313432742993,0.08733733944567056,0.09270540920193115,0.004547704177062323,0.11219967076115289,0.09750731912857497,-0.08247968374828382,-0.09262433120379941,-0.024024824438961367,0.008421147607779013,0.007601039443888036,0.0287212922799683,0.0038763596771159608,2.7755575615628914e-17,0.08727829866427463,0.09699377228026572,0.0872782986642746,0.09699377228026572,-8.309517983869433e-05,0.02482974912741733,0.0004458240104969779,0.02510004418996848,0.0006330238932094355,-5.551115123125783e-17,0.2787551367063922,0.07953008199070621,0.27875513670639224,0.07953008199070621
screen,instant_RF_exact_pathways,1000.0,read,0.0,0.8,0.0,8.0,4.0,0.001,increasing_centering_x_rf90_exploratory,original,increasing_centering,original_rf90_exploratory,increasing_centering_rf90_exploratory,-0.008529074711094722,0.08581267311891375,0.0716031166621661,0.09314235550481378,0.07040372433697141,-0.008695966372228872,0.08544937682882689,0.07140952112547176,0.09300943185910326,0.07027360978351926,-0.003322081570339595,-0.007887893722577971,-0.005261806568714837,0.004974331536190786,0.0042783371197143245,1.3877787807814457e-17,0.07168665597295829,0.07107061497679498,0.07168665597295827,0.07107061497679498,-0.006938230752368046,0.012934014733382081,0.00027012459048201377,0.019990151479191674,0.0003880305839235601,0.0,0.47314668010586125,0.13256417997509684,0.47314668010586136,0.13256417997509698
screen,instant_RF_exact_pathways,1000.0,read,0.0,0.8,0.0,8.0,5.0,0.001,increasing_centering_x_rf90_exploratory,original,increasing_centering,original_rf90_exploratory,increasing_centering_rf90_exploratory,0.0024937679873305585,0.0794894390963923,0.05609390895097084,0.07894279669428823,0.05804103453619732,0.002788215895350138,0.07921097450788883,0.0557630686627482,0.07869081465690314,0.058031124707112657,-0.006810527724276607,0.006647739869282414,0.006083321026662632,0.0063024470286264685,-0.0010724995382699202,0.0,0.04742670762509899,0.0518397895297024,0.04742670762509899,0.0518397895297024,0.0008958947134023003,0.030709443161987163,0.0038652476368746555,0.02998346050914967,0.004035159697439465,0.0,0.6861995598071784,0.24947281323369452,0.6861995598071784,0.24947281323369452
screen,instant_RF_exact_pathways,1000.0,read,0.0,0.8,0.0,8.0,6.0,0.001,increasing_centering_x_rf90_exploratory,original,increasing_centering,original_rf90_exploratory,increasing_centering_rf90_exploratory,0.0006339399769499099,0.05571203049193708,0.04304295346428404,0.05493017710618062,0.042895040055477486,0.024781270631875726,0.055621925633359603,0.04298404640220221,-0.054915470679744186,-0.04277207927902585,-0.0054327220515569,-0.003167290698931885,-0.002251132564254838,0.0012709984022514064,-0.003245565514628447,2.0816681711721685e-17,0.03894612568678318,0.03760509338252246,0.03894612568678317,0.03760509338252247,-0.0025472790671870003,0.015021384253667185,0.005327948900972762,0.01744129470859922,0.005200580288717798,-1.1102230246251565e-16,0.7851874809976375,0.3572716653904081,0.7851874809976375,0.357271665390408
screen,instant_RF_exact_pathways,1000.0,read,0.0,0.8,0.0,8.0,7.0,0.001,increasing_centering_x_rf90_exploratory,original,increasing_centering,original_rf90_exploratory,increasing_centering_rf90_exploratory,0.02115139404409997,0.05451459858788776,0.03696627468038524,0.03577522574691245,0.039378295883509905,0.008647335048347811,0.054512088066785945,0.036808262482172324,-0.03015905252095231,-0.039215543057218125,-0.01855773357413305,0.0005231766408276184,0.003414275441319316,0.019243137173574044,0.0035765023999326934,1.3877787807814457e-17,0.025760698674185446,0.027104591363894204,0.02576069867418544,0.02710459136389421,0.00877890360827897,0.02711320328470768,0.009662561266588085,0.017945837595167432,0.009274099185326809,-1.1102230246251565e-16,0.8812835985887847,0.5111894821058942,0.8812835985887848,0.5111894821058942
screen,instant_RF_exact_pathways,1000.0,read,0.0,0.8,0.0,8.0,8.0,0.001,increasing_centering_x_rf90_exploratory,original,increasing_centering,original_rf90_exploratory,increasing_centering_rf90_exploratory,-0.0016299894517771904,0.03783901879692642,0.03018692383741216,0.04181998027379472,0.032537895862503274,-0.0017817756553127617,0.037788124335170266,0.030181268746432406,0.041694091661944696,0.032305460417894075,0.003185976931653088,0.001961887546182047,-0.0005842838534008899,0.0032424482395149623,0.003882253771585114,2.42861286636753e-17,0.02114984294141669,0.019392430121734527,0.021149842941416676,0.019392430121734538,-0.0031714059685736488,0.014684286537396693,0.010755649736719695,0.01769183097200961,0.010591788202758962,-2.220446049250313e-16,0.9206935245330666,0.6223661279669674,0.9206935245330666,0.6223661279669672
screen,instant_RF_exact_pathways,1000.0,read,90.0,1.0,0.0,8.0,1.0,0.0,increasing_centering_x_rf90_exploratory,original,increasing_centering,original_rf90_exploratory,increasing_centering_rf90_exploratory,0.0,0.5717088319203254,0.6368838357851905,0.5717088319203254,0.6368838357851905,0.0,-9.405069332735742e-07,-1.047725047434877e-06,-9.405069332735742e-07,-1.047725047434877e-06,0.0,-0.5717088319195518,-0.6368838357843287,-0.5717088319195518,-0.6368838357843287,0.0,0.5717088321694964,0.6368838359288798,0.5717088321694964,0.6368838359288798,0.0,0.0,0.0,0.0,0.0,0.0,4.3583552155117837e-10,2.2561301536644559e-10,4.3583552155117837e-10,2.2561301536644559e-10
screen,instant_RF_exact_pathways,1000.0,read,90.0,1.0,0.0,8.0,2.0,0.0,increasing_centering_x_rf90_exploratory,original,increasing_centering,original_rf90_exploratory,increasing_centering_rf90_exploratory,-2.578404156849956e-10,0.5214104584975701,0.5214104573847504,0.521410457774118,0.521410456403458,-2.5785337647578176e-10,-1.910292259641127e-06,-1.9102922550930475e-06,5.5602562111058135e-06,5.559998362277418e-06,2.4834769796200362e-09,0.5214104584940707,0.5214104573812511,-0.521410457744471,-0.5214104563738137,0.0,0.5214104578138995,0.5214104565236256,0.5214104578138996,0.5214104565236257,-3.1554436208840472e-30,1.701439232788821e-14,1.9465844933752144e-14,1.7014392327888217e-14,1.9465844933752147e-14,-2.0679515313825692e-25,1.4638737946851762e-09,2.1125270081203128e-09,1.463873794685176e-09,2.1125270081203124e-09
screen,instant_RF_exact_pathways,1000.0,read,90.0,1.0,0.0,8.0,3.0,0.0,increasing_centering_x_rf90_exploratory,original,increasing_centering,original_rf90_exploratory,increasing_centering_rf90_exploratory,-7.435180249260043e-11,0.38314905161276686,0.42682818007345247,0.38314905211181577,0.4268281804981496,4.4961129236443496e-07,-6.303109539624004e-07,-7.021666271930464e-07,3.3120629324281775e-06,3.689818551561967e-06,0.08735825684532689,-0.3831490516122484,-0.42682818007287493,0.3831490520975005,0.42682818048220084,5.551115123125783e-17,0.38314905158900237,0.4268281799762694,0.3831490515890023,0.4268281799762694,1.8187158900606287e-14,4.551826915080609e-12,8.102434337659814e-14,4.5478858129599935e-12,9.527040015658917e-14,-8.271806125530277e-25,4.558552230674989e-09,3.5761488644917187e-09,4.55855223067499e-09,3.5761488644917187e-09
screen,instant_RF_exact_pathways,1000.0,read,90.0,1.0,0.0,8.0,4.0,0.0,increasing_centering_x_rf90_exploratory,original,increasing_centering,original_rf90_exploratory,increasing_centering_rf90_exploratory,-6.197516388972701e-10,0.3493680813661013,0.3493680787253658,0.3493680818621136,0.34936807860162644,4.0636904070347904e-10,-1.2799803511970821e-06,-1.2799803409089592e-06,-6.172462714668884e-06,-6.172056335340058e-06,-6.197444224476101e-10,0.3493680813637566,0.34936807872302106,0.34936808180758755,0.3493680785471076,-5.551115123125783e-17,0.34936808104036854,0.34936807817072557,0.3493680810403686,0.34936807817072557,6.578510759342275e-12,1.1223794210296299e-11,2.526990286948994e-13,4.4698358301377956e-12,7.725140787867122e-14,1.6543612251060553e-24,5.980697346921803e-09,4.9774177212676395e-09,5.9806973469218014e-09,4.9774177212676395e-09
screen,instant_RF_exact_pathways,1000.0,read,90.0,1.0,0.0,8.0,5.0,0.0,increasing_centering_x_rf90_exploratory,original,increasing_centering,original_rf90_exploratory,increasing_centering_rf90_exploratory,4.063577807578156e-10,0.2566739718121287,0.28593489892250545,0.25667397128618075,0.2859348988029153,-4.093126298559284e-07,-4.222492922090214e-07,-4.703858669884165e-07,-4.0167791509560615e-06,-4.474228355591385e-06,-4.02821609402082e-10,-0.25667397181178137,-0.28593489892211854,-0.2566739712547508,-0.28593489876790956,-5.551115123125783e-17,0.2566739716190429,0.2859348988270974,0.25667397161904293,0.2859348988270974,1.3215050875160115e-11,2.0288443395029602e-11,4.4604123049359335e-13,6.780563311463787e-12,1.5321202208789431e-13,1.6543612251060553e-24,1.0758011531741774e-08,6.300622010014538e-09,1.0758011531741772e-08,6.300622010014538e-09
screen,instant_RF_exact_pathways,1000.0,read,90.0,1.0,0.0,8.0,6.0,0.0,increasing_centering_x_rf90_exploratory,original,increasing_centering,original_rf90_exploratory,increasing_centering_rf90_exploratory,-3.8650249667426806e-11,0.23399574373332235,0.23399573661440376,0.23399574336688458,0.23399573620931574,1.2679174549592616e-10,-8.572905492818232e-07,-8.572905223730343e-07,5.771734953027043e-06,5.771861771681327e-06,1.427649054530633e-08,0.23399574373175192,0.23399573661283332,-0.23399574329570183,-0.23399573613812985,-2.7755575615628914e-17,0.23399574365851122,0.23399573622992578,0.2339957436585113,0.23399573622992584,2.3872827572406897e-11,2.9075119540696367e-11,6.528334107707426e-13,4.648202258893555e-12,9.874370137483031e-14,1.6543612251060553e-24,1.2763492058022908e-08,7.680422461092308e-09,1.2763492058022903e-08,7.680422461092305e-09
screen,instant_RF_exact_pathways,1000.0,read,90.0,1.0,0.0,8.0,7.0,0.0,increasing_centering_x_rf90_exploratory,original,increasing_centering,original_rf90_exploratory,increasing_centering_rf90_exploratory,1.4646339696611221e-12,0.1718767432780152,0.19147074120314247,0.17187674344511478,0.1914707413717067,4.763642847552616e-07,-2.827510423899744e-07,-3.149847428085721e-07,3.892276598611473e-06,4.336407182948137e-06,0.03918799584665922,-0.17187674327778263,-0.1914707412028834,0.17187674340104303,0.19147074132260147,0.0,0.17187674298069947,0.1914707411304405,0.1718767429806995,0.19147074113044052,3.408274148162177e-11,3.900567147126177e-11,8.500843856125014e-13,4.154473714742694e-12,8.16281107151936e-14,3.308722450212111e-24,2.0053711933333755e-08,9.042261201903706e-09,2.0053711933333752e-08,9.042261201903706e-09
screen,instant_RF_exact_pathways,1000.0,read,90.0,1.0,0.0,8.0,8.0,0.0,increasing_centering_x_rf90_exploratory,original,increasing_centering,original_rf90_exploratory,increasing_centering_rf90_exploratory,-8.210828128518699e-10,0.1566584058516637,0.15665839359810263,0.15665840660236208,0.15665839352771818,4.1034751955283407e-10,-5.739496315303304e-07,-5.739495856526033e-07,-4.961707674432018e-06,-4.9612972810347385e-06,-8.210698232424818e-10,0.15665840585061233,0.15665839359705125,0.15665840652378812,0.15665839344915722,0.0,0.15665840595213512,0.15665839332855588,0.15665840595213512,0.15665839332855588,4.116438168777056e-11,4.7617988778079076e-11,1.0346987790742423e-12,5.5290020019770504e-12,1.1009369074277362e-13,0.0,2.2924986031976418e-08,1.0483816718859995e-08,2.2924986031976418e-08,1.0483816718859995e-08
screen,instant_RF_exact_pathways,1000.0,read,90.0,0.8,0.0,8.0,1.0,0.0,increasing_centering_x_rf90_exploratory,original,increasing_centering,original_rf90_exploratory,increasing_centering_rf90_exploratory,0.0,0.4908112020452584,0.54726944031104,0.4908112020452584,0.54726944031104,0.0,-8.102429782049828e-07,-9.020801528761797e-07,-8.102429782049828e-07,-9.020801528761797e-07,0.0,-0.4908112020445896,-0.5472694403102966,-0.4908112020445896,-0.5472694403102966,0.0,0.49180550937401357,0.5478715068166312,0.49180550937401357,0.5478715068166312,0.0,0.0,0.0,0.0,0.0,0.0,0.002017669842923321,0.0010977128796690477,0.002017669842923321,0.0010977128796690477
screen,instant_RF_exact_pathways,1000.0,read,90.0,0.8,0.0,8.0,2.0,0.0,increasing_centering_x_rf90_exploratory,original,increasing_centering,original_rf90_exploratory,increasing_centering_rf90_exploratory,0.0014394508007290474,0.4012838267020751,0.3995194712832025,0.4058000198990587,0.4054751152809151,0.0015062925225826605,-1.4815843700612237e-06,-1.4796512181588717e-06,0.004042441122102939,0.005548735577837502,0.0021070925203291457,0.40128382669934,0.3995194712804625,-0.4057798846910117,-0.40543714758956,5.551115123125783e-17,0.405705044047879,0.405705043043928,0.405705044047879,0.40570504304392807,1.0842021724855044e-19,0.000316311960928632,0.0003618865407279609,0.00031631196092863197,0.00036188654072796095,-3.469446951953614e-18,0.012487635937756538,0.016929856955248835,0.012487635937756538,0.01692985695524883
screen,instant_RF_exact_pathways,1000.0,read,90.0,0.8,0.0,8.0,3.0,0.0,increasing_centering_x_rf90_exploratory,original,increasing_centering,original_rf90_exploratory,increasing_centering_rf90_exploratory,-0.0853821701654234,0.18378950857574847,0.29067201042227053,0.28180000461098265,0.3033003362920813,0.07436668692953353,-7.334093874159748e-07,-5.077457105087048e-07,-0.0716412160470932,0.002725696546117238,0.1376292562173755,-0.18378950857428514,-0.29067201042182705,0.2725413340431935,0.303288088413027,1.1102230246251565e-16,0.26965632187404015,0.3003972386392705,0.26965632187404015,0.3003972386392706,0.00031633187930062145,0.07656575134014983,0.0014217289781927739,0.07647096541653493,0.0016432749338785044,0.0,0.24417538771374347,0.03439401479503446,0.24417538771374347,0.03439401479503445
screen,instant_RF_exact_pathways,1000.0,read,90.0,0.8,0.0,8.0,4.0,0.0,increasing_centering_x_rf90_exploratory,original,increasing_centering,original_rf90_exploratory,increasing_centering_rf90_exploratory,-0.22260247976478303,0.05320311181419983,0.2125435104307893,0.29074897796125077,0.22748689681305717,-0.0014834941569958852,-7.580829868180014e-07,-8.070667481238773e-07,-1.3246668596376608e-06,-0.0014848678076168288,-0.22260732588187598,0.05320311180879893,0.21254351042925704,0.2907489779582331,0.22748205069681526,5.551115123125783e-17,0.22240177946923823,0.22240177764247238,0.22240177946923825,0.22240177764247246,0.09955368300990419,0.16349292387526465,0.003984382296295452,0.06075879993045058,0.0008039413613855756,-1.6653345369377348e-16,0.44521776392479545,0.06413995024113904,0.44521776392479545,0.0641399502411389
screen,instant_RF_exact_pathways,1000.0,read,90.0,0.8,0.0,8.0,5.0,0.0,increasing_centering_x_rf90_exploratory,original,increasing_centering,original_rf90_exploratory,increasing_centering_rf90_exploratory,-0.1308669783895639,0.09527275582684341,0.1631442205375459,0.24124247665189474,0.17824696297303333,0.017569649387539753,-7.486174100040712e-07,-3.04249134068829e-07,-0.01598729039008892,0.0015828033657267657,0.3208891908954611,0.09527275582390224,-0.1631442205372622,-0.24071214985356046,-0.17823993531926385,0.0,0.1477913600571814,0.1646396294837014,0.14779136005718146,0.16463962948370145,0.15353277425379358,0.23910913547610907,0.005257757332017243,0.09271689774690424,0.012398293856606,0.0,0.6669295093424583,0.15839816999546102,0.6669295093424583,0.15839816999546097
screen,instant_RF_exact_pathways,1000.0,read,90.0,0.8,0.0,8.0,6.0,0.0,increasing_centering_x_rf90_exploratory,original,increasing_centering,original_rf90_exploratory,increasing_centering_rf90_exploratory,-0.035953855794671113,0.1307576093171604,0.12899630240974275,0.17927606549454556,0.14156090279245678,-0.003036915497315695,-3.321589307522888e-07,-4.982676238835901e-07,0.0031022911784815807,6.520957247275458e-05,-0.2220655778862933,-0.13075760931673852,0.12899630240878043,-0.17924922161239223,-0.14156088777316655,0.0,0.1218673463803741,0.12186734251149187,0.12186734638037411,0.12186734251149188,0.20811150967685083,0.25486335544993144,0.009794294963886245,0.05321043881357844,0.016252888004384056,-1.1102230246251565e-16,0.772111228214572,0.2521344322269093,0.772111228214572,0.2521344322269092
screen,instant_RF_exact_pathways,1000.0,read,90.0,0.8,0.0,8.0,7.0,0.0,increasing_centering_x_rf90_exploratory,original,increasing_centering,original_rf90_exploratory,increasing_centering_rf90_exploratory,0.047362650505041334,0.15172585925347928,0.11124763800676882,0.11693394795618077,0.12381837721451164,0.04471702720000393,-6.038619860985002e-07,-2.0988251252364506e-07,-0.04845769023214273,-0.003740269052665233,0.2803145044144657,0.1517258592522776,-0.11124763800657084,0.10642086469289982,0.1237618718485171,2.7755575615628914e-17,0.08096712042560118,0.09019739544883251,0.08096712042560116,0.09019739544883251,0.1876190678596094,0.23734234638310225,0.024847161697145053,0.05489027589595074,0.03001415906960295,0.0,0.8740615181218521,0.4067865693186445,0.8740615181218521,0.4067865693186445
screen,instant_RF_exact_pathways,1000.0,read,90.0,0.8,0.0,8.0,8.0,0.0,increasing_centering_x_rf90_exploratory,original,increasing_centering,original_rf90_exploratory,increasing_centering_rf90_exploratory,-0.022997488650866635,0.09757101105213878,0.09706460288255078,0.12988285735755492,0.10637896053710029,0.0023324617477397,-2.212427807241876e-07,-3.6992187577057985e-07,0.0003268435860725301,0.002659156654717184,-0.2181723401960327,-0.09757101105188794,0.09706460288184587,0.12988244611429675,0.10634571985199787,0.0,0.06675095194006753,0.06675094656125674,0.06675095194006754,0.06675094656125675,0.1241449735987941,0.17312642447230486,0.030903555504530562,0.05305255290360571,0.03497465753462551,-1.1102230246251565e-16,0.9161819677002013,0.5298163454443912,0.9161819677002013,0.529816345444391
screen,instant_RF_exact_pathways,1000.0,read,0.0,1.0,0.0,8.0,1.0,0.0,increasing_centering_x_rf90_exploratory,original,increasing_centering,original_rf90_exploratory,increasing_centering_rf90_exploratory,0.0,0.5717088321694999,0.6368838359288833,0.5717088321694999,0.6368838359288833,0.0,0.5717088321683844,0.636883835927641,0.5717088321683844,0.636883835927641,0.0,1.1293225337692751e-06,1.257931804676126e-06,1.1293225337692751e-06,1.257931804676126e-06,0.0,0.5717088321694963,0.6368838359288799,0.5717088321694963,0.6368838359288799,0.0,0.0,0.0,0.0,0.0,0.0,4.358355215511784e-10,2.2561301536644556e-10,4.358355215511784e-10,2.2561301536644556e-10
screen,instant_RF_exact_pathways,1000.0,read,0.0,1.0,0.0,8.0,2.0,0.0,increasing_centering_x_rf90_exploratory,original,increasing_centering,original_rf90_exploratory,increasing_centering_rf90_exploratory,2.578391944396685e-10,0.521410457813892,0.521410456523615,0.521410458537344,0.5214104575049062,2.3227140211190545e-09,0.5214104578138914,0.5214104565236144,-0.5214104585244039,-0.5214104574919668,-9.706486735647185e-11,2.347524320086568e-08,2.365269433030179e-08,-3.6734392365508127e-06,-3.673358850288733e-06,1.1102230246251565e-16,0.5214104578138994,0.5214104565236256,0.5214104578138994,0.5214104565236257,6.310887241768095e-30,2.0528477925657762e-14,2.2979930518959e-14,2.052847792565775e-14,2.2979930518958994e-14,-4.1359030627651384e-25,1.4638737946851766e-09,2.1125270081203128e-09,1.4638737946851766e-09,2.1125270081203124e-09
screen,instant_RF_exact_pathways,1000.0,read,0.0,1.0,0.0,8.0,3.0,0.0,increasing_centering_x_rf90_exploratory,original,increasing_centering,original_rf90_exploratory,increasing_centering_rf90_exploratory,-6.891776038742137e-11,0.38314905159355495,0.42682817997635714,0.38314905247413683,0.42682818078802126,-0.08735825669604985,0.38314905159280777,0.42682817997552497,-0.3831490524692936,-0.42682818078262624,1.3336095116572018e-07,7.566564746713014e-07,8.428498691772914e-07,1.926484309835561e-06,2.146038655507271e-06,-1.1102230246251565e-16,0.38314905158900214,0.42682817997626943,0.38314905158900214,0.4268281799762693,-1.6614105956341607e-14,4.5331676517379735e-12,7.257034482564661e-14,4.6036973436406225e-12,1.2648593077195382e-13,8.271806125530277e-25,4.558552230674991e-09,3.5761488644917183e-09,4.558552230674991e-09,3.576148864491719e-09
screen,instant_RF_exact_pathways,1000.0,read,0.0,1.0,0.0,8.0,4.0,0.0,increasing_centering_x_rf90_exploratory,original,increasing_centering,original_rf90_exploratory,increasing_centering_rf90_exploratory,4.040195955568038e-10,0.3493680810425538,0.34936807817078347,0.34936808080681686,0.34936807833906613,4.0402509116077567e-10,0.34936808104255346,0.3493680781707831,0.34936808077233783,0.34936807830459254,-6.044128947279487e-10,1.56083402158496e-08,1.582627111085123e-08,4.908332911807002e-06,4.9079464298072756e-06,-5.551115123125783e-17,0.3493680810403685,0.3493680781707257,0.3493680810403684,0.3493680781707255,-2.2972452965508764e-12,2.1663365404193646e-12,4.4387177642898e-14,4.513279829062192e-12,9.408516973484835e-14,8.271806125530277e-25,5.980697346921804e-09,4.977417721267638e-09,5.9806973469218056e-09,4.97741772126764e-09
screen,instant_RF_exact_pathways,1000.0,read,0.0,1.0,0.0,8.0,5.0,0.0,increasing_centering_x_rf90_exploratory,original,increasing_centering,original_rf90_exploratory,increasing_centering_rf90_exploratory,4.307496026534352e-10,0.25667397162603534,0.28593489882722045,0.2566739713344687,0.2859348989664034,4.2868641969562304e-10,0.25667397162553524,0.285934898826663,0.25667397131590525,0.28593489894571944,-4.1017844346876503e-07,5.066945387318637e-07,5.645997629871313e-07,-3.0869884007189075e-06,-3.439261619932405e-06,0.0,0.2566739716190428,0.28593489882709744,0.2566739716190427,0.28593489882709733,2.378030553061615e-13,6.9678741360505686e-12,1.1099586709643003e-13,6.7778029927075755e-12,1.587277790595985e-13,-3.308722450212111e-24,1.0758011531741777e-08,6.3006220100145375e-09,1.0758011531741782e-08,6.30062201001454e-09
screen,instant_RF_exact_pathways,1000.0,read,0.0,1.0,0.0,8.0,6.0,0.0,increasing_centering_x_rf90_exploratory,original,increasing_centering,original_rf90_exploratory,increasing_centering_rf90_exploratory,-1.295728524475237e-10,0.23399574366055756,0.2339957362300054,0.23399574422556915,0.23399573666544415,1.4990682944970857e-08,0.23399574366055734,0.23399573623000516,-0.23399574417374125,-0.23399573661361045,-5.566320262346004e-10,1.0332185179390016e-08,1.0613419162115345e-08,-4.92493885323372e-06,-4.92521425127723e-06,0.0,0.2339957436585112,0.23399573622992587,0.23399574365851114,0.2339957362299258,-2.6068711724051946e-12,2.0267198981875504e-12,7.042546106053836e-14,4.661530010461867e-12,9.836440092966057e-14,-1.6543612251060553e-24,1.2763492058022908e-08,7.680422461092305e-09,1.2763492058022911e-08,7.680422461092307e-09
screen,instant_RF_exact_pathways,1000.0,read,0.0,1.0,0.0,8.0,7.0,0.0,increasing_centering_x_rf90_exploratory,original,increasing_centering,original_rf90_exploratory,increasing_centering_rf90_exploratory,-3.220445854434928e-10,0.1718767429888963,0.19147074113056894,0.17187674367092468,0.19147074149055274,-0.039187995957718436,0.1718767429885618,0.1914707411301957,-0.17187674363979474,-0.19147074145587928,3.3368598790620293e-07,3.391047155331482e-07,3.7806388035887497e-07,3.271241246797467e-06,3.6438863995293967e-06,-2.7755575615628914e-17,0.1718767429806994,0.19147074113044055,0.17187674298069938,0.1914707411304405,3.945463331779635e-12,8.172772235958045e-12,1.2102289723831549e-13,4.199581822907178e-12,9.32958159670833e-14,-3.308722450212111e-24,2.0053711933333762e-08,9.042261201903705e-09,2.0053711933333765e-08,9.042261201903706e-09
screen,instant_RF_exact_pathways,1000.0,read,0.0,1.0,0.0,8.0,8.0,0.0,increasing_centering_x_rf90_exploratory,original,increasing_centering,original_rf90_exploratory,increasing_centering_rf90_exploratory,4.0531791811737605e-10,0.15665840595303046,0.15665839332863538,0.15665840561361102,0.15665839339453386,4.053304636375543e-10,0.15665840595303032,0.1566583933286352,0.1566584055519635,0.15665839333289885,-7.694215957069398e-10,6.794921050390493e-09,7.118343060183647e-09,4.394906357424464e-06,4.39446035783855e-06,0.0,0.15665840595213507,0.1566583933285559,0.15665840595213504,0.15665839332855588,-4.655530318421318e-12,8.777067941569146e-13,7.426100095462577e-14,5.571180204032256e-12,1.1220409240864963e-13,-3.308722450212111e-24,2.2924986031976427e-08,1.0483816718859993e-08,2.292498603197643e-08,1.0483816718859995e-08
screen,instant_RF_exact_pathways,1000.0,read,0.0,0.8,0.0,8.0,1.0,0.0,increasing_centering_x_rf90_exploratory,original,increasing_centering,original_rf90_exploratory,increasing_centering_rf90_exploratory,0.0,0.4918741430933228,0.5479395279897853,0.4918741430933228,0.5479395279897853,0.0,0.4918732685899014,0.5479392664273832,0.4918732685899014,0.5479392664273832,0.0,0.0009275184512122105,0.000535388354253085,0.0009275184512122105,0.000535388354253085,0.0,0.4918055093740136,0.5478715068166311,0.4918055093740136,0.5478715068166311,0.0,0.0,0.0,0.0,0.0,0.0,0.0020176698429233207,0.001097712879669048,0.0020176698429233207,0.001097712879669048
screen,instant_RF_exact_pathways,1000.0,read,0.0,0.8,0.0,8.0,2.0,0.0,increasing_centering_x_rf90_exploratory,original,increasing_centering,original_rf90_exploratory,increasing_centering_rf90_exploratory,-0.001446880189644506,0.40560346278717363,0.40557029479140433,0.4011359950562698,0.399655946870856,0.0015373744892403507,0.4055786868828026,0.40552128598545145,-0.4011359199521395,-0.39965594636025026,0.002047020721702459,-0.0044830537993365595,-0.0063048100599709216,-0.00024546676850884083,-2.0202307440743146e-05,-5.551115123125783e-17,0.4057050440478791,0.40570504304392807,0.405705044047879,0.4057050430439279,0.0,0.0003816417878704745,0.0004272163674362521,0.00038164178787047443,0.00042721636743625206,3.469446951953614e-18,0.012487635937756534,0.01692985695524883,0.012487635937756538,0.01692985695524884
screen,instant_RF_exact_pathways,1000.0,read,0.0,0.8,0.0,8.0,3.0,0.0,increasing_centering_x_rf90_exploratory,original,increasing_centering,original_rf90_exploratory,increasing_centering_rf90_exploratory,0.06366701089254262,0.34630122962674353,0.30191824624126046,0.27655948786684725,0.2958435153739068,0.013130262174640195,0.3461849071174292,0.30181087212885116,-0.2645561603708845,-0.2957999331848223,-0.07459115509950774,0.0089750612862222,0.008051389831614452,0.08059273130368323,0.005077904749567743,-1.1102230246251565e-16,0.2696563218740402,0.3003972386392706,0.2696563218740402,0.3003972386392705,-0.0002947242701883679,0.07619591687491128,0.0011544657153907184,0.07741928551808522,0.0020831100883762846,2.7755575615628914e-17,0.24417538771374356,0.03439401479503445,0.24417538771374356,0.03439401479503446
screen,instant_RF_exact_pathways,1000.0,read,0.0,0.8,0.0,8.0,4.0,0.0,increasing_centering_x_rf90_exploratory,original,increasing_centering,original_rf90_exploratory,increasing_centering_rf90_exploratory,-0.022290888753059346,0.2654832868539148,0.2233049397996029,0.28666103981619906,0.22219180400882776,-0.022330167963820646,0.26536579422816453,0.22323176015010748,0.2866097906612588,0.2221455886193811,-0.0030698255077965704,-0.007897521915984734,-0.005716414889522823,0.005420299402604252,0.004531580921269591,-1.1102230246251565e-16,0.2224017794692383,0.22240177764247251,0.22240177946923828,0.22240177764247238,-0.020718954049758265,0.04018554997929705,0.000564314852885299,0.06133966308167236,0.0009994739055023427,0.0,0.4452177639247954,0.064139950241139,0.44521776392479545,0.06413995024113904
screen,instant_RF_exact_pathways,1000.0,read,0.0,0.8,0.0,8.0,5.0,0.0,increasing_centering_x_rf90_exploratory,original,increasing_centering,original_rf90_exploratory,increasing_centering_rf90_exploratory,0.004825949694773235,0.24590032485047184,0.17678130549144275,0.24369275811964206,0.1793996884553862,0.005500913878104835,0.24580313147909982,0.1766553331534064,0.24304422324432956,0.17939733879674097,-0.018444686720251027,0.006913054074426646,0.006672573695194262,0.017766989264331262,-0.0009181778351521499,-2.7755575615628914e-17,0.14779136005718152,0.16463962948370148,0.14779136005718146,0.1646396294837014,0.00235597762724489,0.09436740796121512,0.011776910834317197,0.092671092105627,0.012436572605973964,0.0,0.6669295093424582,0.15839816999546094,0.6669295093424583,0.15839816999546102
screen,instant_RF_exact_pathways,1000.0,read,0.0,0.8,0.0,8.0,6.0,0.0,increasing_centering_x_rf90_exploratory,original,increasing_centering,original_rf90_exploratory,increasing_centering_rf90_exploratory,-0.0030086520254167526,0.17488043647467955,0.13869016803940945,0.17734584746814283,0.13814692700745598,0.07542635737341052,0.1748551736174902,0.13866469333422335,-0.177343502952081,-0.13810762586193734,-0.004521241402744687,-0.002972426747926262,-0.0026581070944228543,0.0009119072754477735,-0.003295014473793506,0.0,0.12186734638037415,0.12186734251149192,0.1218673463803741,0.12186734251149187,-0.006425734134972445,0.04728147059094342,0.016570778428574108,0.05328807613319777,0.016151649835856017,1.1102230246251565e-16,0.772111228214572,0.2521344322269092,0.772111228214572,0.2521344322269093
screen,instant_RF_exact_pathways,1000.0,read,0.0,0.8,0.0,8.0,7.0,0.0,increasing_centering_x_rf90_exploratory,original,increasing_centering,original_rf90_exploratory,increasing_centering_rf90_exploratory,0.05659724838614302,0.1698037786517086,0.12143191783615882,0.11481189521700322,0.12303728278759647,0.02621137488895725,0.16980297517904142,0.12137094181836242,-0.10073730165767142,-0.12295796012939317,-0.05398767536277658,0.0005223645702922899,0.00384774628728467,0.05507964540600671,0.004417351760222509,-2.7755575615628914e-17,0.08096712042560121,0.09019739544883257,0.08096712042560118,0.09019739544883251,0.02607246718531754,0.08310148847423987,0.030962788623317798,0.05578061414417383,0.0297143814785693,1.1102230246251565e-16,0.8740615181218521,0.4067865693186444,0.8740615181218521,0.4067865693186445
screen,instant_RF_exact_pathways,1000.0,read,0.0,0.8,0.0,8.0,8.0,0.0,increasing_centering_x_rf90_exploratory,original,increasing_centering,original_rf90_exploratory,increasing_centering_rf90_exploratory,-0.0055939864658728355,0.1204705721166085,0.10245646536716303,0.12786873241055505,0.10426063919523676,-0.005641343635574461,0.12045031938648097,0.10245421967552622,0.1278161546071888,0.10417871126065958,0.003353186569667159,0.002208915072539875,-0.0006783555201342783,0.003666517382113754,0.00413243335910676,-2.7755575615628914e-17,0.06675095194006757,0.06675094656125678,0.06675095194006753,0.06675094656125671,-0.007469983829808388,0.04673089937616398,0.03550645864672994,0.053483312758104425,0.03478888819886199,1.1102230246251565e-16,0.9161819677002013,0.529816345444391,0.9161819677002013,0.5298163454443912
screen,finite_RF_static_Bloch,1000.0,read,90.0,0.8,0.0,8.0,1.0,,increasing_alternating_centering_x_flip160,original,increasing_alternating_centering,original_flip160,inc_alt_center_flip160,0.001095262099890082,0.2697870344096004,0.28711333277371676,0.26198169536593086,0.2804032558299373,0.001095981101247534,0.2697744019263688,0.28710010648972295,0.2619756779805855,0.2803973636451872,0.00010294598401363632,-0.002610747172157214,-0.0027558501448304547,-0.0017756276129685803,-0.0018177846016281846,,,,,,,,,,,,,,,
screen,finite_RF_static_Bloch,1000.0,read,90.0,0.8,0.0,8.0,2.0,,increasing_alternating_centering_x_flip160,original,increasing_alternating_centering,original_flip160,inc_alt_center_flip160,0.001988370025329811,0.19944691012095758,0.20176904374004082,0.18164915523032216,0.1859596588747352,-0.001971276290183094,-0.19942779818713444,-0.20176795633885053,-0.1816464787874723,-0.1859579132293715,0.003243130160972595,0.002761026444804865,-0.0006624247989117974,0.0009860730206458493,0.0008057519379017818,,,,,,,,,,,,,,,
screen,finite_RF_static_Bloch,1000.0,read,90.0,0.8,0.0,8.0,3.0,,increasing_alternating_centering_x_flip160,original,increasing_alternating_centering,original_flip160,inc_alt_center_flip160,0.021522473445870535,0.1026164201003395,0.13769018045938236,0.05948122498371895,0.11607745878863235,0.021502181570937917,0.1025895450168853,0.13768488288634428,0.05947871894184876,0.11607623838224566,0.0011268497388892712,0.0023483882638571,0.0012078160087281744,0.0005460023812708388,0.0005322798650311844,,,,,,,,,,,,,,,
screen,finite_RF_static_Bloch,1000.0,read,90.0,0.8,0.0,8.0,4.0,,increasing_alternating_centering_x_flip160,original,increasing_alternating_centering,original_flip160,inc_alt_center_flip160,0.02078507728814979,0.04499564308129846,0.11507472549072165,0.0017507139944586793,0.09261487369203165,-0.024066693440365168,-0.04499167112355308,-0.11505826985102727,0.001519282039625486,-0.09261401012821387,0.002618045039225731,-0.0005978509928417442,-0.0019460178964053778,-0.0008699319366852142,0.000399946198976883,,,,,,,,,,,,,,,
screen,finite_RF_static_Bloch,1000.0,read,90.0,0.8,0.0,8.0,5.0,,increasing_alternating_centering_x_flip160,original,increasing_alternating_centering,original_flip160,inc_alt_center_flip160,-0.07907094147649006,0.005523451207374798,0.08585224604479288,0.061008817725407616,0.06226667108633564,0.03428708745519018,-0.003069001308399183,0.08583154857069515,-0.06098236818899022,0.06220526914529429,0.0019165674829940095,0.004592357151757061,-0.0018850519600407919,0.0017962767922689586,-0.0027645648365348845,,,,,,,,,,,,,,,
screen,finite_RF_static_Bloch,1000.0,read,90.0,0.8,0.0,8.0,6.0,,increasing_alternating_centering_x_flip160,original,increasing_alternating_centering,original_flip160,inc_alt_center_flip160,-0.041698424150079315,0.019934257836277655,0.06839254301851765,0.04289393182266653,0.049653792854827204,-0.004261313513300301,0.019860460756066595,-0.0683924302395139,0.04289352094352941,-0.04962068356535138,0.0034631313022655073,0.0017136901820153717,-0.0001242033534609758,0.00018774523846953027,0.0018129830052586902,,,,,,,,,,,,,,,
screen,finite_RF_static_Bloch,1000.0,read,90.0,0.8,0.0,8.0,7.0,,increasing_alternating_centering_x_flip160,original,increasing_alternating_centering,original_flip160,inc_alt_center_flip160,-0.02803810996489145,0.04136813003409695,0.05253293504593668,0.05004945723018443,0.03317615227713272,-0.01058913980432375,-0.04132097828873353,0.052460481201891125,-0.05001931470547293,0.03317300498082797,0.00345289497206956,0.001974572303048442,-0.002758111057704252,0.0017367571594554103,0.00045696877077227574,,,,,,,,,,,,,,,
screen,finite_RF_static_Bloch,1000.0,read,90.0,0.8,0.0,8.0,8.0,,increasing_alternating_centering_x_flip160,original,increasing_alternating_centering,original_flip160,inc_alt_center_flip160,0.009057145132510491,0.041793601509860556,0.04287985682580943,0.016634692445026418,0.02677809289348578,0.04127373486952311,0.04176078400911361,-0.04287894916407023,0.016604385984249334,-0.02676161231941139,0.0018705808825020538,0.001655912470265133,-0.00027899818457547397,0.0010036726690924988,0.0009393428967539455,,,,,,,,,,,,,,,
screen,finite_RF_static_Bloch,1000.0,read,0.0,1.0,0.0,8.0,1.0,,increasing_alternating_centering_x_flip160,original,increasing_alternating_centering,original_flip160,inc_alt_center_flip160,0.0008282962057110099,0.2455084451217991,0.24850106405226652,0.27366291093367845,0.2774838260698569,0.00043526677057454874,-0.0032448769234316712,-0.004910058550749369,-0.0025767981642694383,-0.0038067130210125873,0.0008413834854322511,0.2454870004702392,0.2484525511242275,0.2736507791545916,0.27745771329401214,,,,,,,,,,,,,,,
screen,finite_RF_static_Bloch,1000.0,read,0.0,1.0,0.0,8.0,2.0,,increasing_alternating_centering_x_flip160,original,increasing_alternating_centering,original_flip160,inc_alt_center_flip160,0.002358255315569019,0.17408066530266472,0.16710657940215481,0.19926839496996715,0.19465256438502626,-0.008032388057402114,-0.0031780999121127037,0.00029111478832184734,0.003459999750824213,-0.0011031736061433506,0.002356411071898684,0.17405165242871729,0.1671063258278055,0.1992383538268451,0.194649438297832,,,,,,,,,,,,,,,
screen,finite_RF_static_Bloch,1000.0,read,0.0,1.0,0.0,8.0,3.0,,increasing_alternating_centering_x_flip160,original,increasing_alternating_centering,original_flip160,inc_alt_center_flip160,-0.0015652347700912395,0.16069829149525128,0.12495895048190177,0.182297948702298,0.14499337291885725,-0.005615917350865208,0.0012929808305973509,-0.002839343451830773,0.003812430338483444,-0.0059358112948098875,-0.001619857454366408,0.16069308973961655,0.12492668823874634,0.18225807931606183,0.14487182036082522,,,,,,,,,,,,,,,
screen,finite_RF_static_Bloch,1000.0,read,0.0,1.0,0.0,8.0,4.0,,increasing_alternating_centering_x_flip160,original,increasing_alternating_centering,original_flip160,inc_alt_center_flip160,-0.0050280497386289424,0.12932732414796347,0.10046737760226368,0.14524896303337476,0.11136096674904603,0.00036509173638424406,0.004887420181354245,-0.0022408196984272355,0.003975246926099826,-0.0027879012172974107,-0.005075934811610172,0.12923494069036945,0.10044238492466702,0.1451945545609311,0.11132606398361852,,,,,,,,,,,,,,,
screen,finite_RF_static_Bloch,1000.0,read,0.0,1.0,0.0,8.0,5.0,,increasing_alternating_centering_x_flip160,original,increasing_alternating_centering,original_flip160,inc_alt_center_flip160,-0.0056059758607791554,0.11169357192447797,0.07816957138341778,0.1270705886888162,0.08794061228697686,-0.0072284732247415336,0.005770167366950598,-0.005616352670434555,0.015088129278109406,-0.00352686398401728,-0.00472489986004164,0.11154442692401048,0.07796754756274274,0.12617164049266127,0.08786986127135189,,,,,,,,,,,,,,,
screen,finite_RF_static_Bloch,1000.0,read,0.0,1.0,0.0,8.0,6.0,,increasing_alternating_centering_x_flip160,original,increasing_alternating_centering,original_flip160,inc_alt_center_flip160,0.0035884681419342257,0.09049070100074613,0.053798897219883283,0.10268935869614168,0.06958602305721306,0.009854742113830575,0.007266492132741192,0.002460207071492084,-8.29833986877934e-05,0.0049654736538936725,0.0031751706974571248,0.09019847592776303,0.053742615522887845,0.10268932516664228,0.06940863545922421,,,,,,,,,,,,,,,
screen,finite_RF_static_Bloch,1000.0,read,0.0,1.0,0.0,8.0,7.0,,increasing_alternating_centering_x_flip160,original,increasing_alternating_centering,original_flip160,inc_alt_center_flip160,-0.0005842484388313557,0.07884813956707859,0.03766314918775467,0.09115329854586618,0.049384059727710906,-0.020293004431283953,-0.0031371731978516474,0.0012443375440218491,0.015845673244705143,-6.582044470531301e-05,0.0007616688122012855,0.07878570465202546,0.03764258799306449,0.08976546371079383,0.04938401586403415,,,,,,,,,,,,,,,
screen,finite_RF_static_Bloch,1000.0,read,0.0,1.0,0.0,8.0,8.0,,increasing_alternating_centering_x_flip160,original,increasing_alternating_centering,original_flip160,inc_alt_center_flip160,0.0016438104221286054,0.06270890884743201,0.032852346214220014,0.07044331697124326,0.04223056476015987,0.006477390134851755,0.005649352500825831,-0.00034721490374492545,-0.002140224104204439,-0.0016594013739234404,0.0013905611647500662,0.062453919533980815,0.03285051131397491,0.07041079708890413,0.04219795003364829,,,,,,,,,,,,,,,
screen,finite_RF_static_Bloch,1000.0,read,90.0,1.0,0.0,8.0,1.0,,increasing_alternating_centering_x_flip160,original,increasing_alternating_centering,original_flip160,inc_alt_center_flip160,0.0004086636985594083,0.2441917467263025,0.24805902664203094,0.27192851875406643,0.2762044623683543,0.0004233569449577923,0.2441691149836675,0.24801095795424974,0.27191486552940414,0.27618006544494417,0.0006125469440122311,-0.0033245236253082477,-0.004883178596691768,-0.002724924935978306,-0.003671032963349595,,,,,,,,,,,,,,,
screen,finite_RF_static_Bloch,1000.0,read,90.0,1.0,0.0,8.0,2.0,,increasing_alternating_centering_x_flip160,original,increasing_alternating_centering,original_flip160,inc_alt_center_flip160,0.0099365301019472,0.1810054625174696,0.17079813292236287,0.19782692520026016,0.19755612570710063,-0.00992990250230813,-0.1809909593379285,-0.1707952953030239,-0.19781865827382866,-0.1975528967412322,-0.0042448111222798835,-0.002291309472639517,-0.0009845364990666411,0.0018085278354311879,-0.00112951031327582,,,,,,,,,,,,,,,
screen,finite_RF_static_Bloch,1000.0,read,90.0,1.0,0.0,8.0,3.0,,increasing_alternating_centering_x_flip160,original,increasing_alternating_centering,original_flip160,inc_alt_center_flip160,-0.008618576469550929,0.09808397421500868,0.12603428804179534,0.12323609046267794,0.14256782781991367,-0.008574736483665246,0.09806726087512398,0.1260085135099864,0.1231795200419006,0.14254603619309777,-0.00197916257522387,0.0018106193031298635,0.002548781121597586,0.003733608813514264,0.0024926080567581168,,,,,,,,,,,,,,,
screen,finite_RF_static_Bloch,1000.0,read,90.0,1.0,0.0,8.0,4.0,,increasing_alternating_centering_x_flip160,original,increasing_alternating_centering,original_flip160,inc_alt_center_flip160,-0.0007114919852134124,0.054362214233792165,0.102479901452497,0.07213747220641223,0.11954366743990365,0.0007958508207557696,-0.05427295960162368,-0.10247388038104,-0.0721318190303553,-0.11953688898901585,-0.00017312392056557328,0.003113870980185276,0.0011108741448973944,0.0009030945149699607,-0.0012730262408834946,,,,,,,,,,,,,,,
screen,finite_RF_static_Bloch,1000.0,read,90.0,1.0,0.0,8.0,5.0,,increasing_alternating_centering_x_flip160,original,increasing_alternating_centering,original_flip160,inc_alt_center_flip160,0.0029031114546025083,0.03926057160997544,0.06719870301731103,0.05828570119373573,0.08912694405567383,0.002840361646877114,0.03911595587572645,0.06713067391258548,0.05826334616555616,0.0891184258492923,-0.006771572328300681,-0.003366671809106231,0.003022963322781366,0.0016141428802988465,0.0012322056838857626,,,,,,,,,,,,,,,
screen,finite_RF_static_Bloch,1000.0,read,90.0,1.0,0.0,8.0,6.0,,increasing_alternating_centering_x_flip160,original,increasing_alternating_centering,original_flip160,inc_alt_center_flip160,0.00627247268729857,0.017959469282255617,0.05265453842660682,0.027939337977099882,0.06890687980874965,-0.006844784654679591,-0.017802192437405818,-0.05265122857183834,-0.02721135154963278,-0.0689051723387449,-0.005040187368782482,0.0023715988956512545,0.0005903785184510047,0.0063363201813760595,-0.0004850875646066719,,,,,,,,,,,,,,,
screen,finite_RF_static_Bloch,1000.0,read,90.0,1.0,0.0,8.0,7.0,,increasing_alternating_centering_x_flip160,original,increasing_alternating_centering,original_flip160,inc_alt_center_flip160,0.0018863896143076764,0.01003975030576161,0.04162721945950903,0.02176653908748845,0.05524039785554354,0.0015816096478634169,0.009654510853550183,0.04162569764519586,0.021586381607279576,0.05513917804678867,-0.003738735730737016,0.0027544521017295017,0.00035594308655045284,0.002794700869872228,-0.003342543876043837,,,,,,,,,,,,,,,
screen,finite_RF_static_Bloch,1000.0,read,90.0,1.0,0.0,8.0,8.0,,increasing_alternating_centering_x_flip160,original,increasing_alternating_centering,original_flip160,inc_alt_center_flip160,0.012296241087758146,0.0011126382786846487,0.031170458407442383,0.0021568647919162917,0.04451092600843217,-0.016333279947984555,-0.0008278170500010721,-0.031152284158000407,0.0021545083765603995,-0.04450323867942349,0.0008796890325968546,0.000743426439482657,-0.001064269265408158,0.00010079377926826662,-0.0008272128930256938,,,,,,,,,,,,,,,
screen,finite_RF_static_Bloch,1000.0,read,0.0,0.8,0.0,8.0,1.0,,increasing_alternating_centering_x_flip160,original,increasing_alternating_centering,original_flip160,inc_alt_center_flip160,0.0009518995580260481,0.2739454106026763,0.2910134879142601,0.2671004086566273,0.2851203855262372,0.0004647521691059607,-0.004991579147107938,-0.005448413794415983,-0.004619142483597248,-0.004611224961799332,0.0009600804727485923,0.2738999308650644,0.2909624802876619,0.2670604647402036,0.2850830946355497,,,,,,,,,,,,,,,
screen,finite_RF_static_Bloch,1000.0,read,0.0,0.8,0.0,8.0,2.0,,increasing_alternating_centering_x_flip160,original,increasing_alternating_centering,original_flip160,inc_alt_center_flip160,0.0031520716063823395,0.20311633593669665,0.2029574251374335,0.18556659251635427,0.18855975332347347,-0.0003979472818949623,0.006792072383082392,0.00021784565898888943,0.00699187533401972,1.9701328031254944e-05,0.003170363137364768,0.20300274302849206,0.20295730822437952,0.18543482396099226,0.1885597522942445,,,,,,,,,,,,,,,
screen,finite_RF_static_Bloch,1000.0,read,0.0,0.8,0.0,8.0,3.0,,increasing_alternating_centering_x_flip160,original,increasing_alternating_centering,original_flip160,inc_alt_center_flip160,-0.019064742787709588,0.1881336324321432,0.14436125294133134,0.18545813964242497,0.1226210173639035,0.0037645910036396783,-0.0028804625945044347,-0.009038245090426137,-0.006888170187129218,-0.009281361679411243,-0.019027383844898604,0.18811158015219165,0.1440780395357892,0.1853301774431308,0.12226925298182975,,,,,,,,,,,,,,,
screen,finite_RF_static_Bloch,1000.0,read,0.0,0.8,0.0,8.0,4.0,,increasing_alternating_centering_x_flip160,original,increasing_alternating_centering,original_flip160,inc_alt_center_flip160,-0.011359725971299556,0.1455171690923911,0.10656826234349202,0.13672595770580243,0.0864173249856038,0.006696191849031807,0.007134656286986935,-0.0032063817495576697,-0.0004424829531748237,-0.004087329140687621,-0.011582487486411108,0.14534215899156755,0.10652001527876084,0.13672524170541817,0.08632061050620037,,,,,,,,,,,,,,,
screen,finite_RF_static_Bloch,1000.0,read,0.0,0.8,0.0,8.0,5.0,,increasing_alternating_centering_x_flip160,original,increasing_alternating_centering,original_flip160,inc_alt_center_flip160,-0.016357989613029783,0.13054789918198786,0.08200531796380955,0.12682206480054192,0.06192149396933384,0.004348669063514474,-0.005332037905887434,-0.0011749185854500414,-0.009636323577037082,-0.0011305351930852143,-0.01610220037890811,0.13043896408895866,0.0819969007991343,0.1264554363726269,0.061911172703894436,,,,,,,,,,,,,,,
screen,finite_RF_static_Bloch,1000.0,read,0.0,0.8,0.0,8.0,6.0,,increasing_alternating_centering_x_flip160,original,increasing_alternating_centering,original_flip160,inc_alt_center_flip160,-0.015094138657336803,0.10270460224719587,0.06625795919357202,0.09823123127680684,0.0466904495658462,0.009829023654594893,0.004402119102198071,0.0031584138591125247,-0.007862692155531559,0.0007226262559777881,-0.014803613775017488,0.10261021718213431,0.06618263804345986,0.09791605011551915,0.04668485720182722,,,,,,,,,,,,,,,
screen,finite_RF_static_Bloch,1000.0,read,0.0,0.8,0.0,8.0,7.0,,increasing_alternating_centering_x_flip160,original,increasing_alternating_centering,original_flip160,inc_alt_center_flip160,-0.012737862979107173,0.09213087536241317,0.049904690311878566,0.0884816797076512,0.03351763167800942,-0.0006375245153864254,-0.004103604759438988,7.813748692443647e-05,-0.002803165917195128,0.0007410518137818709,-0.012793015315283485,0.09203944058403887,0.049904629140568146,0.0884372653621088,0.03350943860335459,,,,,,,,,,,,,,,
screen,finite_RF_static_Bloch,1000.0,read,0.0,0.8,0.0,8.0,8.0,,increasing_alternating_centering_x_flip160,original,increasing_alternating_centering,original_flip160,inc_alt_center_flip160,-0.015309166761629162,0.07039205354452457,0.04296321998265882,0.06991870653830394,0.027180706214809027,0.01319405670820478,0.008987383861626386,0.00028169920127250935,-0.005101469506172685,-0.0006130974583217815,-0.015704895980615488,0.0698159590175412,0.04296229645675771,0.06973234925676214,0.027173790715363164,,,,,,,,,,,,,,,
screen,instant_RF_exact_pathways,1000.0,read,90.0,0.8,0.0,8.0,1.0,0.001,increasing_alternating_centering_x_flip160,original,increasing_alternating_centering,original_flip160,inc_alt_center_flip160,-0.0018685008614789944,0.15992509038940247,0.1785125223377237,0.14254965990695503,0.15926859099379725,3.3128208515925324e-09,-2.647567851899582e-07,-2.9463352815667465e-07,-2.36753535501878e-07,-2.633174576170019e-07,0.00186850086147608,-0.15992509038918332,-0.17851252233748055,-0.14254965990675844,-0.1592685909935796,-0.0019584866001690904,0.16054957544226223,0.17887293662526704,0.14338928541544405,0.15975415999827977,0.0,0.0,0.0,0.0,0.0,-0.0009274784849019973,0.0038746002361893226,0.002010866201569564,0.005821478530992089,0.003030266011470334
screen,instant_RF_exact_pathways,1000.0,read,90.0,0.8,0.0,8.0,2.0,0.001,increasing_alternating_centering_x_flip160,original,increasing_alternating_centering,original_flip160,inc_alt_center_flip160,-4.213730046417896e-05,0.1275568297144172,0.13285062746088,0.10090523659890077,0.10615689704489939,-1.825288033256807e-10,-4.78698473944091e-07,-4.837929887686633e-07,-3.808381647209403e-07,-3.861152083488383e-07,-4.213730046501163e-05,0.12755682971351898,0.1328506274599991,0.10090523659818208,0.10615689704419719,3.227536070343762e-05,0.13189586750926569,0.1317363609406283,0.10520739483051698,0.10508016362258304,-5.344632833006618e-05,0.00010968831029626619,4.265571136106859e-05,0.00019714482457720302,7.666589731193924e-05,-0.006298008057206483,0.0335788560442867,0.01045636173901297,0.04313256977549502,0.013712067413014799
screen,instant_RF_exact_pathways,1000.0,read,90.0,0.8,0.0,8.0,3.0,0.001,increasing_alternating_centering_x_flip160,original,increasing_alternating_centering,original_flip160,inc_alt_center_flip160,0.01173472087655323,0.053845352638173624,0.09459826381985277,0.014876380664700628,0.067364012722933,5.7380824592457856e-08,-2.4347512086012256e-07,-1.6467694323366904e-07,-2.561521002695285e-07,-1.199730980506171e-07,-0.011734720878244564,-0.053845352637623155,-0.09459826381970944,-0.014876380662495322,-0.06736401272282617,-0.0027608780432840374,0.08727829866427458,0.09687794285461132,0.0621768747302561,0.0690156408773088,-0.015007924603647006,0.02492131347719051,0.00018194275450034744,0.040024002664992994,0.0002767073386558246,-0.13627595861444936,0.2787551367063922,0.05287724729914109,0.4343933395429852,0.07223949152128477
screen,instant_RF_exact_pathways,1000.0,read,90.0,0.8,0.0,8.0,4.0,0.001,increasing_alternating_centering_x_flip160,original,increasing_alternating_centering,original_flip160,inc_alt_center_flip160,-0.04164266477494938,0.011405241987724867,0.06914000788793198,0.028021913840357713,0.04411401496561544,1.4009704290144137e-08,-2.3832745687621135e-07,-2.5987805171220266e-07,-1.5994823201137676e-07,-1.6748912255722395e-07,0.014401162902989914,0.011405241985234786,0.06914000788744358,-0.02802191383990122,0.04411401496529749,0.00031043344533400463,0.07168665597295826,0.0708332225798119,0.045610882776276104,0.045067882828463746,-0.01869472601220403,0.05304917036302625,0.0004413725843021645,0.07181781822359631,0.0005152944326681975,-0.13402360371179095,0.4731466801058613,0.06968383344922799,0.6454226351263931,0.10793618475796883
screen,instant_RF_exact_pathways,1000.0,read,90.0,0.8,0.0,8.0,5.0,0.001,increasing_alternating_centering_x_flip160,original,increasing_alternating_centering,original_flip160,inc_alt_center_flip160,-0.03604040629434031,0.0358583832810075,0.04924840194385574,0.0514232253957948,0.028772837764302735,2.8834318459286378e-08,-2.4644915198536685e-07,-8.965689922897164e-08,-2.3789943071988476e-07,-5.227285950420317e-08,0.0049107220644349706,0.0358583832801606,-0.04924840194377413,0.05142322539524451,-0.028772837764255252,-0.0018305972989459823,0.04742670762509899,0.0516666325660322,0.026950118042525336,0.02935944568451256,-0.0027782034069723793,0.07752064230959055,0.000798874040864617,0.08002631016206219,0.0005263384863638708,-0.06487656554552934,0.6861995598071784,0.12308664326457168,0.8258180159393609,0.1978285338512248
screen,instant_RF_exact_pathways,1000.0,read,90.0,0.8,0.0,8.0,6.0,0.001,increasing_alternating_centering_x_flip160,original,increasing_alternating_centering,original_flip160,inc_alt_center_flip160,0.0007522493630021734,0.04541869797671042,0.03585810782508452,0.028121112738905867,0.019312771950282137,6.938829972845185e-08,-1.0180075091562057e-07,-1.3675682853773047e-07,-1.0683373967320075e-07,-7.24015175668588e-08,-0.03384292111257071,-0.04541869797659633,0.03585810782482374,-0.028121112738702936,0.019312771950146426,0.0007795604718266805,0.03894612568678316,0.037363227278922245,0.019765576912816614,0.01896223897678238,0.027753213637548874,0.08271071025934465,0.0008729032755560537,0.0542536482207892,0.00016905487454947708,0.00545802544906171,0.7851874809976376,0.1635980618916619,0.8982226370914104,0.2820912434344964
screen,instant_RF_exact_pathways,1000.0,read,90.0,0.8,0.0,8.0,7.0,0.001,increasing_alternating_centering_x_flip160,original,increasing_alternating_centering,original_flip160,inc_alt_center_flip160,0.03047135530628123,0.05066955190354696,0.025996302304246932,0.007306442686447642,0.013104548393428846,-4.133122872373491e-08,-1.9583770596495865e-07,-4.637118942906867e-08,-1.2959858854541863e-07,-2.1463300733263576e-08,0.05625486312866455,0.050669551903168505,-0.025996302304205573,0.007306442685298259,-0.013104548393411268,-0.0006394403437789305,0.02576069867418543,0.026930261736889255,0.01167643888393094,0.012206561602855832,0.05189345001993642,0.07739277098236216,0.0006904787025811257,0.025129595427398267,0.0003207531675536537,0.11042980839605443,0.8812835985887849,0.24422729721023598,0.9530388277608158,0.4264123347783213
screen,instant_RF_exact_pathways,1000.0,read,90.0,0.8,0.0,8.0,8.0,0.001,increasing_alternating_centering_x_flip160,original,increasing_alternating_centering,original_flip160,inc_alt_center_flip160,0.007172972655401014,0.03215159579951962,0.018919499178171994,0.014606781901266238,0.008547657935319624,8.35383533159604e-08,-6.785351182599451e-08,-7.06402972301925e-08,-1.117226828558046e-07,-3.097111494404218e-08,-0.057130218943063596,-0.03215159579944802,0.018919499178040117,0.014606781900838972,0.008547657935263514,0.0011667105916527906,0.02114984294141668,0.01918958288713751,0.008561846916257821,0.007768297453631443,0.05679347489729611,0.05711542048769598,0.000422373524185364,0.0003879427286493483,0.0004883706624348408,0.18149917670512894,0.9206935245330666,0.31733768687849745,0.9734996196397365,0.5516429586902963
screen,instant_RF_exact_pathways,1000.0,read,90.0,1.0,0.0,8.0,1.0,0.001,increasing_alternating_centering_x_flip160,original,increasing_alternating_centering,original_flip160,inc_alt_center_flip160,-0.0006365060004502876,0.18663396088449194,0.20793430677042551,0.1809913566626191,0.20165519654810238,1.0625207566322643e-09,-3.0702785146159754e-07,-3.4206863051991803e-07,-2.9778770793110876e-07,-3.31765966232797e-07,0.0006365060004494272,-0.1866339608842394,-0.20793430677014416,-0.18099135666237412,-0.20165519654782946,-0.0006422982074368866,0.1866339610514622,0.20793430686639466,0.18100613417617425,0.20166418178366982,0.0,0.0,0.0,0.0,0.0,-3.708040562977813e-05,8.946403422654344e-10,4.615359086053876e-10,8.163428974756348e-05,4.455345101335169e-05
screen,instant_RF_exact_pathways,1000.0,read,90.0,1.0,0.0,8.0,2.0,0.001,increasing_alternating_centering_x_flip160,original,increasing_alternating_centering,original_flip160,inc_alt_center_flip160,-9.302018908946552e-05,0.16951202840484011,0.1693070302726701,0.15952084128772656,0.1592228229664671,-6.742610489995495e-13,-6.210414651694744e-07,-6.202904157195868e-07,-5.841773046607275e-07,-5.834269294718889e-07,-9.302018909007614e-05,0.16951202840370247,0.16930703027153382,0.15952084128665692,0.1592228229653982,1.217671537551146e-05,0.16951202769283688,0.16930703050535367,0.1594431104590024,0.1592502899868947,-2.3864430317978533e-05,5.900124483705165e-15,2.294446931414427e-15,3.905038861298084e-05,1.5185958291396629e-05,-0.0006001044753313161,4.3122141742843e-09,1.3743446011901856e-09,0.0008823624782398167,0.00028225506503892745
screen,instant_RF_exact_pathways,1000.0,read,90.0,1.0,0.0,8.0,3.0,0.001,increasing_alternating_centering_x_flip160,original,increasing_alternating_centering,original_flip160,inc_alt_center_flip160,0.008332106756438654,0.1240119169747176,0.1376518505277571,0.10360641633840584,0.125578456647884,3.569346944413636e-08,-2.0400956027377498e-07,-2.2644834865942072e-07,-2.2097569842854986e-07,-2.077210173700592e-07,-0.008332106756520963,-0.1240119169745498,-0.13765185052757084,-0.10360641633817019,-0.1255784566477122,-0.001197076537178307,0.12401191681735917,0.137651851314565,0.11312830473088031,0.12557116269090784,-0.009439010176241772,1.4814477314999301e-12,1.1273647976616585e-14,0.009510517864591077,7.150768687913101e-05,-0.07558909050095983,1.2654906002669892e-08,5.716514871499498e-09,0.07964186488525161,0.004052767445900667
screen,instant_RF_exact_pathways,1000.0,read,90.0,1.0,0.0,8.0,4.0,0.001,increasing_alternating_centering_x_flip160,original,increasing_alternating_centering,original_flip160,inc_alt_center_flip160,0.022202327124919943,0.11261164175038768,0.11127099323385256,0.07733083807660232,0.09819251668498714,-1.103653504790035e-08,-4.1257543606592354e-07,-4.0766370285955127e-07,-3.550840975655816e-07,-3.612088994071097e-07,0.022202327125061802,0.11261164174963191,0.11127099323310578,0.0773308380757871,0.09819251668432277,0.00015453718822272533,0.11261164138723825,0.11127099389974558,0.09963083428956156,0.09844472399029161,-0.022193855801890636,3.642688683157365e-12,3.333557653521297e-14,0.02239345974837273,0.00019960394287273997,-0.17858627494772883,1.7925372392222272e-08,5.985151769363773e-09,0.1862857474293958,0.007699460541446358
screen,instant_RF_exact_pathways,1000.0,read,90.0,1.0,0.0,8.0,5.0,0.001,increasing_alternating_centering_x_flip160,original,increasing_alternating_centering,original_flip160,inc_alt_center_flip160,0.03626718056337643,0.08236747698717976,0.08973108876974001,0.03283848237540401,0.07646927472134069,7.487808811694393e-08,-1.355011124205936e-07,-1.476148481613861e-07,-1.9082537595019328e-07,-1.2806102357404185e-07,-0.03626718056383361,-0.08236747698706831,-0.08973108876961859,-0.03283848237484956,-0.07646927472123345,-0.0010452575510040002,0.0823674767066181,0.08973108966433699,0.07067549513736818,0.07699385054408306,-0.03749700243855665,6.565084919883592e-12,8.263322048172045e-14,0.03795108363612517,0.00045408119108606755,-0.3452584905918013,3.118868760273138e-08,9.970996663609408e-09,0.36121498353308423,0.01595647172359199
screen,instant_RF_exact_pathways,1000.0,read,90.0,1.0,0.0,8.0,6.0,0.001,increasing_alternating_centering_x_flip160,original,increasing_alternating_centering,original_flip160,inc_alt_center_flip160,0.049584168088900385,0.07477989739541373,0.07174059606927793,0.012465093513446154,0.05900996027621075,-3.856778360627827e-08,-2.739712194182731e-07,-2.628361288119609e-07,-1.9099468083870963e-07,-2.1842737383867567e-07,0.04958416808993898,0.07477989739491185,0.07174059606879646,0.01246509351198291,0.059009960275806496,0.0005100644790741876,0.07477989726839819,0.07174059674135441,0.062230111879940916,0.05970087583197133,-0.049324142473689596,9.383317254906514e-12,1.2678671675551952e-13,0.04996324998593101,0.0006391075029848787,-0.45212758986795526,3.8296556906433925e-08,1.0378526084493483e-08,0.47599683053794045,0.023869212751954357
screen,instant_RF_exact_pathways,1000.0,read,90.0,1.0,0.0,8.0,7.0,0.001,increasing_alternating_centering_x_flip160,original,increasing_alternating_centering,original_flip160,inc_alt_center_flip160,0.026478000461791662,0.054684728689865444,0.05716747227597474,0.016347387315673124,0.04530813136357408,9.954708175591235e-08,-8.996076856577826e-08,-9.404508408786369e-08,-1.7237001565200425e-07,-7.690724941817731e-08,-0.05917277509216725,-0.05468472868979145,-0.057167472275897385,0.016347387314764372,-0.045308131363508815,-0.00047896302661743634,0.0546847283409899,0.05716747305108212,0.044135128581705714,0.0461389102651805,-0.05992948610735591,1.2554005213074247e-11,1.7275786751108142e-13,0.060701071840479674,0.0007715857207425093,-0.5949129457283063,5.903939560949914e-08,1.4490136658445791e-08,0.632271226744131,0.037358236466565796
screen,instant_RF_exact_pathways,1000.0,read,90.0,1.0,0.0,8.0,8.0,0.001,increasing_alternating_centering_x_flip160,original,increasing_alternating_centering,original_flip160,inc_alt_center_flip160,0.012734995299328068,0.04963675547742614,0.045036203130391014,0.026283893523306373,0.03441833647559932,-5.792165799852075e-08,-1.8185425391634915e-07,-1.6499920485750575e-07,-8.696925676543635e-08,-1.280358657051137e-07,0.06530278234552792,0.04963675547709301,0.04503620313008876,-0.02628389352316249,0.034418336475361175,0.0009994874636143208,0.0496367555074751,0.045036203658705316,0.03885298075717495,0.035251916372019486,-0.06460486246904577,1.5288902866090813e-11,2.0032103392730598e-13,0.06539997376595612,0.0007951112818217594,-0.6567832453320106,6.878443227868703e-08,1.5872982269010167e-08,0.7081805694117602,0.051397271168299605
screen,instant_RF_exact_pathways,1000.0,read,0.0,1.0,0.0,8.0,1.0,0.001,increasing_alternating_centering_x_flip160,original,increasing_alternating_centering,original_flip160,inc_alt_center_flip160,-0.0006423145818991172,0.1866339610514625,0.20793430686639502,0.18100732842709377,0.2016653596601272,-0.0006423142119243441,0.1866339610510982,0.20793430686598932,0.18100732789021323,0.20166535949318,-5.777465149697257e-06,3.6875220575367384e-07,4.1074746597655864e-07,1.394125629042783e-05,8.20578640095346e-06,-0.0006422982074369421,0.18663396105146215,0.20793430686639475,0.1810061341761742,0.20166418178366985,0.0,0.0,0.0,0.0,0.0,-3.708040562977816e-05,8.946403422654347e-10,4.615359086053874e-10,8.16342897475635e-05,4.4553451013351684e-05
screen,instant_RF_exact_pathways,1000.0,read,0.0,1.0,0.0,8.0,2.0,0.001,increasing_alternating_centering_x_flip160,original,increasing_alternating_centering,original_flip160,inc_alt_center_flip160,3.5612180112415404e-05,0.1695120276928331,0.16930703050535445,0.15942311645825835,0.1592537314508921,3.5624276489426565e-05,0.1695120276928329,0.16930703050535428,0.15942310297681075,0.15925373006582155,-8.656575636961877e-05,8.121607752290936e-09,7.167963033523136e-09,6.55630124586803e-05,-2.100369755565724e-05,1.2176715375455949e-05,0.16951202769283683,0.1693070305053537,0.15944311045900234,0.15925028998689467,-3.471350041758384e-05,7.083573959423051e-15,1.838710053209363e-15,4.68831321522477e-05,1.2169631729418995e-05,-0.0006001044753313165,4.312214174284302e-09,1.3743446011901854e-09,0.000882362478239817,0.00028225506503892745
screen,instant_RF_exact_pathways,1000.0,read,0.0,1.0,0.0,8.0,3.0,0.001,increasing_alternating_centering_x_flip160,original,increasing_alternating_centering,original_flip160,inc_alt_center_flip160,-0.010278723882404653,0.1240119168188417,0.13765185131463376,0.12264461864234698,0.12600582925573436,-0.010278737137771499,0.12401191681860019,0.13765185131436375,0.1226446164586887,0.12600581381668075,8.549220029496726e-05,2.447535025170452e-07,2.7263680676979407e-07,-2.3143635602340327e-05,6.237644799687968e-05,-0.001197076537178307,0.12401191681735914,0.1376518513145651,0.11312830473088024,0.12557116269090787,-0.009048806725849895,1.4773051901428289e-12,6.756711617058491e-14,0.009481464331515962,0.0004326576042563304,-0.07558909050095987,1.2654906002669895e-08,5.7165148714994945e-09,0.07964186488525166,0.004052767445900666
screen,instant_RF_exact_pathways,1000.0,read,0.0,1.0,0.0,8.0,4.0,0.001,increasing_alternating_centering_x_flip160,original,increasing_alternating_centering,original_flip160,inc_alt_center_flip160,-0.004284406754679393,0.11261164138793871,0.11127099389979273,0.10436793081081472,0.09874287656798934,-0.004284413652603819,0.11261164138793858,0.11127099389979264,0.10436792336111109,0.09874286222036133,-9.266283247501397e-05,5.2892092086391834e-09,4.197950275419624e-09,3.943374508773897e-05,-5.3230178646208216e-05,0.00015453718822272533,0.11261164138723823,0.11127099389974564,0.0996308342895615,0.09844472399029164,-0.004316645630553743,6.951333409924485e-13,4.6269633918217917e-14,0.004612215998671437,0.00029557036746883015,-0.1785862749477289,1.7925372392222275e-08,5.9851517693637695e-09,0.18628574742939588,0.007699460541446356
screen,instant_RF_exact_pathways,1000.0,read,0.0,1.0,0.0,8.0,5.0,0.001,increasing_alternating_centering_x_flip160,original,increasing_alternating_centering,original_flip160,inc_alt_center_flip160,-0.014418812363603858,0.08236747670887778,0.08973108966438952,0.08437702944900718,0.07732183004091506,-0.014418840639566444,0.08236747670871772,0.08973108966421275,0.08437702437199421,0.0773217966879228,0.00010107286802952674,1.6238120194530957e-07,1.7810532098557462e-07,-2.9270574319979015e-05,7.1818017828588e-05,-0.001045257551004014,0.0823674767066181,0.08973108966433702,0.07067549513736814,0.07699385054408303,-0.013209308244463532,2.2530522215720768e-12,5.136534971364724e-14,0.01353313424267912,0.00032382599601390186,-0.3452584905918014,3.118868760273138e-08,9.970996663609404e-09,0.36121498353308434,0.015956471723592
screen,instant_RF_exact_pathways,1000.0,read,0.0,1.0,0.0,8.0,6.0,0.001,increasing_alternating_centering_x_flip160,original,increasing_alternating_centering,original_flip160,inc_alt_center_flip160,-0.004324149074621947,0.07477989726904101,0.07174059674137348,0.06721449136466019,0.059851041762370716,-0.004324171733832635,0.07477989726904094,0.07174059674137344,0.06721449027169818,0.05985101801019804,-6.5441868210354e-05,3.405137728250677e-09,2.4639318353330777e-09,1.2121294123958363e-05,-5.3321515292288555e-05,0.0005100644790741737,0.07477989726839819,0.07174059674135444,0.06223011187994089,0.05970087583197131,-0.004587607401367237,6.373717632880689e-13,1.8067881771291836e-14,0.004732385455584628,0.00014477805359808672,-0.4521275898679553,3.8296556906433925e-08,1.0378526084493478e-08,0.4759968305379405,0.023869212751954364
screen,instant_RF_exact_pathways,1000.0,read,0.0,1.0,0.0,8.0,7.0,0.001,increasing_alternating_centering_x_flip160,original,increasing_alternating_centering,original_flip160,inc_alt_center_flip160,-0.015002792537290505,0.054684728343621425,0.0571674730510814,0.0587217354285245,0.04620168759869397,-0.015002829440591017,0.054684728343515496,0.057167473050968386,0.05872173003206342,0.0462016452989253,8.768804387313213e-05,1.0763596880709389e-07,1.1367553637225514e-07,-2.5174969519282128e-05,6.251911392141516e-05,-0.00047896302661745715,0.054684728340989884,0.057167473051082156,0.04413512858170569,0.04613891026518051,-0.014259453691863815,2.6252332896845896e-12,1.629484768981005e-15,0.014317663541357386,5.8209846869967705e-05,-0.5949129457283064,5.903939560949916e-08,1.4490136658445783e-08,0.6322712267441312,0.03735823646656579
screen,instant_RF_exact_pathways,1000.0,read,0.0,1.0,0.0,8.0,8.0,0.001,increasing_alternating_centering_x_flip160,original,increasing_alternating_centering,original_flip160,inc_alt_center_flip160,-0.003009757135745847,0.04963675550773804,0.04503620365866576,0.042758537662915014,0.03514822867809689,-0.0030097795900875315,0.04963675550773799,0.04503620365866573,0.04275853630331792,0.03514820486415813,-3.013145838688383e-05,2.1549363722822572e-09,1.4404812858882871e-09,-1.0782799520822111e-05,-4.0914972362792337e-05,0.0009994874636143278,0.049636755507475094,0.04503620365870532,0.038852980757174936,0.03525191637201949,-0.0034694043100019765,2.580849971402978e-13,4.0325692805203664e-14,0.003577949508548723,0.0001085451983289876,-0.6567832453320105,6.878443227868704e-08,1.5872982269010163e-08,0.7081805694117601,0.05139727116829959
screen,instant_RF_exact_pathways,1000.0,read,0.0,0.8,0.0,8.0,1.0,0.001,increasing_alternating_centering_x_flip160,original,increasing_alternating_centering,original_flip160,inc_alt_center_flip160,-0.0019593904919064653,0.16055437185145946,0.17887683999786422,0.14339893729823283,0.15976201495273112,-0.0019585353278279705,0.16055317007974165,0.17887648330939204,0.14339651973831483,0.15976129764013725,-8.994078808995576e-05,0.0006212068594829929,0.00035722050094833273,0.0008326735264197893,0.0004787463797951733,-0.001958486600169146,0.16054957544226223,0.17887293662526701,0.14338928541544407,0.15975415999827972,0.0,0.0,0.0,0.0,0.0,-0.0009274784849019947,0.0038746002361893226,0.002010866201569564,0.0058214785309920886,0.0030302660114703353
screen,instant_RF_exact_pathways,1000.0,read,0.0,0.8,0.0,8.0,2.0,0.001,increasing_alternating_centering_x_flip160,original,increasing_alternating_centering,original_flip160,inc_alt_center_flip160,6.774549613203229e-05,0.13191218540212818,0.13175088930246578,0.10519693516897727,0.1051033845654469,8.478725423610722e-05,0.1318396735330772,0.1317460226553007,0.1051063937043566,0.10509753008081618,-3.268603314444951e-05,-0.004373229957029753,0.0011324073911787003,-0.004363619072604072,0.001109332242459932,3.227536070343762e-05,0.13189586750926574,0.13173636094062832,0.10520739483051701,0.10508016362258303,-7.774370123582439e-05,0.00013168963817858554,3.418317688352201e-05,0.0002366882172514997,6.143805472061178e-05,-0.00629800805720649,0.03357885604428669,0.010456361739012968,0.04313256977549501,0.0137120674130148
screen,instant_RF_exact_pathways,1000.0,read,0.0,0.8,0.0,8.0,3.0,0.001,increasing_alternating_centering_x_flip160,original,increasing_alternating_centering,original_flip160,inc_alt_center_flip160,-0.017093154849417147,0.11251525161480602,0.09804043570763585,0.1024065464328616,0.07083857567627426,-0.017155291233940634,0.11219967076115289,0.09800966685766793,0.10215788930578505,0.07081259416835946,0.0007514313929412198,0.008421147607779013,0.002456061113251459,0.007132068766690714,0.001918413665104379,-0.0027608780432840235,0.08727829866427463,0.09687794285461131,0.062176874730256106,0.06901564087730876,-0.01434013779180381,0.02482974912741733,0.0011267932572555867,0.03983295491113312,0.0017898612491675694,-0.13627595861444936,0.2787551367063922,0.052877247299141096,0.43439333954298526,0.07223949152128481
screen,instant_RF_exact_pathways,1000.0,read,0.0,0.8,0.0,8.0,4.0,0.001,increasing_alternating_centering_x_flip160,original,increasing_alternating_centering,original_flip160,inc_alt_center_flip160,-0.010516994690616233,0.08581267311891375,0.07162617318927134,0.07103085676803828,0.046327362147779626,-0.010753857924077875,0.08544937682882689,0.07161504155815399,0.07091308921759296,0.046324896022842184,-0.003014595389674743,-0.007887893722577971,-0.0012627384382240332,-0.0040885683092337696,-0.00047800841455457484,0.0003104334453340185,0.07168665597295829,0.0708332225798119,0.04561088277627612,0.045067882828463746,-0.009402149149060183,0.012934014733382081,0.0007661762468198014,0.022780698697585037,0.0012107110619625743,-0.1340236037117909,0.47314668010586125,0.06968383344922799,0.645422635126393,0.10793618475796883
screen,instant_RF_exact_pathways,1000.0,read,0.0,0.8,0.0,8.0,5.0,0.001,increasing_alternating_centering_x_flip160,original,increasing_alternating_centering,original_flip160,inc_alt_center_flip160,-0.012484776692418667,0.0794894390963923,0.052528628426461485,0.07007941742911238,0.030633830066762884,-0.012730142126408453,0.07921097450788883,0.05250312958061618,0.07007160231714367,0.030633615263462567,0.004079377793581295,0.006647739869282414,0.0016365172184501175,0.001046563859420622,0.00011471900216961981,-0.0018305972989459962,0.04742670762509899,0.0516666325660322,0.026950118042525346,0.029359445684512556,-0.009064553930782926,0.030709443161987163,0.0008126151817479466,0.040171816520795454,0.0012104346097733113,-0.06487656554552923,0.6861995598071784,0.12308664326457157,0.825818015939361,0.1978285338512249
screen,instant_RF_exact_pathways,1000.0,read,0.0,0.8,0.0,8.0,6.0,0.001,increasing_alternating_centering_x_flip160,original,increasing_alternating_centering,original_flip160,inc_alt_center_flip160,-0.01323616672813379,0.05571203049193708,0.037891856406237275,0.05099424696712707,0.019937906153293484,-0.013272449686406285,0.055621925633359603,0.03788622964506638,0.05094075301970904,0.01993260734500954,-0.004389817609273709,-0.003167290698931885,-0.0006529817701882804,0.0023351457190833114,0.000459637038553207,0.0007795604718267013,0.03894612568678318,0.03736322727892224,0.019765576912816617,0.01896223897678238,-0.011547403728012945,0.015021384253667185,0.0004940000939501501,0.02697549603642687,0.0009007081486968917,0.005458025449061599,0.7851874809976375,0.16359806189166193,0.8982226370914104,0.2820912434344964
screen,instant_RF_exact_pathways,1000.0,read,0.0,0.8,0.0,8.0,7.0,0.001,increasing_alternating_centering_x_flip160,original,increasing_alternating_centering,original_flip160,inc_alt_center_flip160,-0.005879797681194877,0.05451459858788776,0.02735581571749284,0.04611766848187316,0.01307908793028337,-0.005819567304345609,0.054512088066785945,0.027354498691648462,0.046046016211100625,0.013068859531617533,0.0023073627292652583,0.0005231766408276184,0.0002684304342484672,-0.002569773782070234,-0.000517157259384127,-0.0006394403437789166,0.025760698674185446,0.026930261736889255,0.011676438883930943,0.012206561602855834,-0.0031092869759921857,0.02711320328470768,0.0003966446339739712,0.030624706042219015,0.0007988604154931195,0.1104298083960541,0.8812835985887847,0.24422729721023598,0.9530388277608158,0.4264123347783212
screen,instant_RF_exact_pathways,1000.0,read,0.0,0.8,0.0,8.0,8.0,0.001,increasing_alternating_centering_x_flip160,original,increasing_alternating_centering,original_flip160,inc_alt_center_flip160,-0.00973201267675309,0.03783901879692642,0.019419079515106005,0.036573187272368794,0.008421235313795291,-0.009748458610349425,0.037788124335170266,0.019418634404723734,0.03653565100309899,0.008417702462303034,0.00041773919177359427,0.001961887546182047,0.0001314803015259017,0.001656572678608084,0.00024390462572553318,0.001166710591652801,0.02114984294141669,0.019189582887137506,0.008561846916257825,0.007768297453631442,-0.008791127474159674,0.014684286537396693,0.00020373783482130234,0.023869503243763898,0.0005978270670288335,0.18149917670512883,0.9206935245330666,0.3173376868784975,0.9734996196397365,0.5516429586902962
screen,instant_RF_exact_pathways,1000.0,read,90.0,1.0,0.0,8.0,1.0,0.0,increasing_alternating_centering_x_flip160,original,increasing_alternating_centering,original_flip160,inc_alt_center_flip160,-0.0019567289424893275,0.5717088319203254,0.6368838357851905,0.5544265514032402,0.6176448263256159,3.2417543825102102e-09,-9.405069332735742e-07,-1.047725047434877e-06,-9.122494388671011e-07,-1.0162257986458936e-06,0.001956728942486663,-0.5717088319195518,-0.6368838357843287,-0.5544265514024896,-0.6176448263247799,-0.001965310255901853,0.5717088321694964,0.6368838359288798,0.5544693206015251,0.6176790141050066,0.0,0.0,0.0,0.0,0.0,-2.1783498215377565e-05,4.3583552155117837e-10,2.2561301536644559e-10,7.712942435723388e-05,5.534571591935013e-05
screen,instant_RF_exact_pathways,1000.0,read,90.0,1.0,0.0,8.0,2.0,0.0,increasing_alternating_centering_x_flip160,original,increasing_alternating_centering,original_flip160,inc_alt_center_flip160,-0.00014804660894762733,0.5214104584975701,0.5214104555738165,0.4905242668951443,0.490376217362443,-3.738775566878715e-11,-1.910292259641127e-06,-1.910292251611504e-06,-1.7967883943218345e-06,-1.7968257740478802e-06,-0.00014804660894884858,0.5214104584940707,0.5214104555703172,0.49052426689185347,0.49037621735915105,1.1364964525029109e-10,0.5214104578138995,0.5214104559005881,0.490438975636262,0.4904389738366003,-6.786489059172324e-05,1.701439232788821e-14,6.76068380290837e-15,0.00011261095155750199,4.474606095552503e-05,-0.000360174396822207,1.4638737946851762e-09,6.26723447114393e-10,0.0006037904765815168,0.00024361524260896222
screen,instant_RF_exact_pathways,1000.0,read,90.0,1.0,0.0,8.0,3.0,0.0,increasing_alternating_centering_x_flip160,original,increasing_alternating_centering,original_flip160,inc_alt_center_flip160,0.02559365299830041,0.38314905161276686,0.4268281785808852,0.3201904479792708,0.38946322794568955,1.0989958366823167e-07,-6.303109539624004e-07,-7.021666273460588e-07,-6.821625708056521e-07,-6.441186605210788e-07,-0.025593652998553595,-0.3831490516122484,-0.4268281785803076,-0.3201904479785441,-0.3894632279451569,-0.0038333951792051124,0.38314905158900237,0.42682817946624896,0.34952288278347937,0.38936861548152085,-0.029038018077058973,4.551826915080609e-12,2.8587663950041936e-14,0.029220862469752616,0.00018284438817040325,-0.07504251829910269,4.558552230674989e-09,2.0748737371072497e-09,0.07892155321702705,0.003879032434245873
screen,instant_RF_exact_pathways,1000.0,read,90.0,1.0,0.0,8.0,4.0,0.0,increasing_alternating_centering_x_flip160,original,increasing_alternating_centering,original_flip160,inc_alt_center_flip160,0.0680527738604827,0.3493680813661013,0.34936807623202015,0.24031181865921877,0.30836458738562034,-3.231585815286745e-08,-1.2799803511970821e-06,-1.2799803352899105e-06,-1.1022390497277371e-06,-1.134554891973433e-06,0.0680527738609234,0.3493680813637566,0.3493680762296754,0.24031181865669096,0.3083645873835332,4.655277829890281e-10,0.34936808104036854,0.3493680770018016,0.3090962262818032,0.3090962227087641,-0.06833873653904046,1.1223794210296299e-11,1.1066782713884462e-13,0.06900294275580839,0.0006642062056547848,-0.17724647766478538,5.980697346921803e-09,2.20412451619013e-09,0.18509151796148818,0.007845036520129975
screen,instant_RF_exact_pathways,1000.0,read,90.0,1.0,0.0,8.0,5.0,0.0,increasing_alternating_centering_x_flip160,original,increasing_alternating_centering,original_flip160,inc_alt_center_flip160,0.11113922302604975,0.2566739718121287,0.2859348968704743,0.10332210961722682,0.24372225770162217,2.3220880407539857e-07,-4.222492922090214e-07,-4.703858665203504e-07,-5.927272364016709e-07,-4.086550066376013e-07,-0.11113922302744686,-0.25667397181178137,-0.2859348968700874,-0.10332210961552668,-0.24372225770127956,-0.004153559440077836,0.2566739716190429,0.28593489787040965,0.22023935609518402,0.24534672290647297,-0.11567735976045873,2.0288443395029602e-11,2.7987913283597884e-13,0.11722065436130202,0.0015432945808347399,-0.34310295085994963,1.0758011531741774e-08,3.4983845186192945e-09,0.3594538440674,0.01635088594782333
screen,instant_RF_exact_pathways,1000.0,read,90.0,1.0,0.0,8.0,6.0,0.0,increasing_alternating_centering_x_flip160,original,increasing_alternating_centering,original_flip160,inc_alt_center_flip160,0.15164625716606706,0.23399574373332235,0.2339957339331431,0.04078474571195946,0.19243099307784728,-1.1333616834342713e-07,-8.572905492818232e-07,-8.572905156591877e-07,-6.001430296123615e-07,-7.134791643331531e-07,0.15164625716915986,0.23399574373175192,0.2339957339315727,0.04078474570754394,0.1924309930765246,1.5000765074546507e-09,0.23399574365851122,0.23399573472006588,0.19472588007222127,0.19472587263385244,-0.15235797850016503,2.9075119540696367e-11,4.4272766953618013e-13,0.1545935025110686,0.002235523982271156,-0.44893073781908494,1.2763492058022908e-08,3.6917348575953886e-09,0.4740885163936346,0.025157769502792474
screen,instant_RF_exact_pathways,1000.0,read,90.0,1.0,0.0,8.0,7.0,0.0,increasing_alternating_centering_x_flip160,original,increasing_alternating_centering,original_flip160,inc_alt_center_flip160,0.08347464562351772,0.1718767432780152,0.19147073899909306,0.04860835210280593,0.15167699344740151,3.1062539055094663e-07,-2.827510423899744e-07,-3.1498474175365564e-07,-5.375119676267852e-07,-2.5912027643951973e-07,-0.18069134982596285,-0.17187674327778263,-0.19147073899883396,0.048608352099834023,-0.15167699344718016,-0.0037800100942496084,0.17187674298069947,0.19147073989497354,0.1387188412888555,0.15453282810887997,-0.18522679401079442,3.900567147126177e-11,6.254231973543505e-13,0.18802184269928754,0.002795048650112879,-0.5908100248699508,2.0053711933333755e-08,5.011680245744668e-09,0.6304990707037359,0.03968903079175342
screen,instant_RF_exact_pathways,1000.0,read,90.0,1.0,0.0,8.0,8.0,0.0,increasing_alternating_centering_x_flip160,original,increasing_alternating_centering,original_flip160,inc_alt_center_flip160,0.040595266790851,0.1566584058516637,0.15665839102199128,0.07899143409501228,0.11958668605619084,-1.674551856886248e-07,-5.739496315303304e-07,-5.739495786797507e-07,-2.7979698592748893e-07,-4.472521187655341e-07,0.19857813497954366,0.15665840585061233,0.1566583910209399,-0.07899143409451674,0.11958668605535448,3.1004023792746693e-09,0.15665840595213512,0.15665839168125903,0.12262376881162959,0.12262375764115588,-0.1995797648641008,4.7617988778079076e-11,7.616966732442766e-13,0.20257728057876162,0.0029975156678045106,-0.6509683946319292,2.2924986031976418e-08,5.5713892482407125e-09,0.7067219355129666,0.055753523527440625
screen,instant_RF_exact_pathways,1000.0,read,90.0,0.8,0.0,8.0,1.0,0.0,increasing_alternating_centering_x_flip160,original,increasing_alternating_centering,original_flip160,inc_alt_center_flip160,-0.005858982875432739,0.4908112020452584,0.54726944031104,0.4378605060644508,0.48845976145479963,9.993159274214181e-09,-8.102429782049828e-07,-9.020801528761797e-07,-7.243368003901423e-07,-8.06180815787125e-07,0.005858982875424301,-0.4908112020445896,-0.5472694403102966,-0.4378605060638517,-0.48845976145413433,-0.005992596206547851,0.49180550937401357,0.5478715068166312,0.43923903478573184,0.48931243602180163,0.0,0.0,0.0,0.0,0.0,-0.0004691056477024373,0.002017669842923321,0.0010977128796690477,0.0031286286236871554,0.0017395660127304446
screen,instant_RF_exact_pathways,1000.0,read,90.0,0.8,0.0,8.0,2.0,0.0,increasing_alternating_centering_x_flip160,original,increasing_alternating_centering,original_flip160,inc_alt_center_flip160,-0.00020745739731764523,0.4012838267020751,0.4064476580061263,0.3192379865868514,0.32419436049358497,-2.0717928923201e-10,-1.4815843700612237e-06,-1.487320556997678e-06,-1.180604350372829e-06,-1.1865477165985152e-06,-0.00020745739731975466,0.40128382669934,0.40644765800340504,0.3192379865846683,0.3241943604914136,3.0123720184960234e-10,0.405705044047879,0.40570504255914785,0.32361264655148503,0.3236126453639911,-0.00015198892981395525,0.000316311960928632,0.00012568683675003825,0.0005685133254447532,0.00022589927145220414,-0.0026675278757529505,0.012487635937756538,0.0046711700976999,0.01719063048654054,0.0067066367707309515
screen,instant_RF_exact_pathways,1000.0,read,90.0,0.8,0.0,8.0,3.0,0.0,increasing_alternating_centering_x_flip160,original,increasing_alternating_centering,original_flip160,inc_alt_center_flip160,0.03706887435513492,0.18378950857574847,0.2980411964901385,0.06097580365182122,0.21229636592134615,1.7824474185903702e-07,-7.334093874159748e-07,-5.060587263574876e-07,-7.742959716401686e-07,-3.6870056872264437e-07,-0.03706887435869724,-0.18378950857428514,-0.29804119648970884,-0.06097580364690505,-0.212296365921026,-0.008841152802514518,0.26965632187404015,0.30039723828032344,0.192102591388468,0.21400235499223677,-0.04611172208298907,0.07656575134014983,0.00047485047474066385,0.12295305582247452,0.0007504328740762955,-0.1471031036286139,0.24417538771374347,0.027337409191391458,0.4092824530665544,0.04534137091558848
screen,instant_RF_exact_pathways,1000.0,read,90.0,0.8,0.0,8.0,4.0,0.0,increasing_alternating_centering_x_flip160,original,increasing_alternating_centering,original_flip160,inc_alt_center_flip160,-0.10323321951489113,0.05320311181419983,0.21938683481320456,0.07609506257582707,0.13904556605994067,4.215735511506973e-08,-7.580829868180014e-07,-8.191520558185002e-07,-5.086376847525133e-07,-5.275493986379423e-07,0.04895690563019067,0.05320311180879893,0.21938683481167529,-0.07609506257412714,0.1390455660589399,9.351497354259664e-10,0.22240177946923823,0.22240177689835527,0.1415039013178847,0.1415038996821515,-0.05764688001557902,0.16349292387526465,0.001478079871909761,0.22141305431200609,0.0017513302930721667,-0.14936511562958027,0.44521776392479545,0.04251792763530509,0.6301212052423374,0.07805625332326677
screen,instant_RF_exact_pathways,1000.0,read,90.0,0.8,0.0,8.0,5.0,0.0,increasing_alternating_centering_x_flip160,original,increasing_alternating_centering,original_flip160,inc_alt_center_flip160,-0.1274685990535983,0.09527275582684341,0.16006763271692037,0.15411581179696113,0.09144208963343978,9.758939580994444e-08,-7.486174100040712e-07,-2.8375428086264816e-07,-7.303472896815425e-07,-1.6789476473017498e-07,0.009782487112054886,0.09527275582390224,-0.16006763271666888,0.1541158117952306,-0.09144208963328564,-0.007274278654781918,0.1477913600571814,0.16463962893284623,0.08398210204029719,0.0935560922611801,-0.007799974181117109,0.23910913547610907,0.002751545972133816,0.2460920688811987,0.0019345051961063265,-0.07863042990974911,0.6669295093424583,0.08061024012213891,0.8182615193139525,0.15331182018388406
screen,instant_RF_exact_pathways,1000.0,read,90.0,0.8,0.0,8.0,6.0,0.0,increasing_alternating_centering_x_flip160,original,increasing_alternating_centering,original_flip160,inc_alt_center_flip160,-0.012323733737595266,0.1307576093171604,0.1180484797964544,0.08676664972576005,0.061733786467458765,2.188405953288453e-07,-3.321589307522888e-07,-4.4927631884985314e-07,-3.3866768787817515e-07,-2.369444806468942e-07,-0.10030565292023483,-0.13075760931673852,0.11804847979559946,-0.08676664972509911,0.06173378646700405,2.2926520404364936e-09,0.1218673463803741,0.12186734172514153,0.06184898665952787,0.06184898429694735,0.08722316478377903,0.25486335544993144,0.0030811567606905373,0.16525764633839793,0.0006986124329360714,-0.0024426339354616244,0.772111228214572,0.11770594919992715,0.8943980640315694,0.23755015108146296
screen,instant_RF_exact_pathways,1000.0,read,90.0,0.8,0.0,8.0,7.0,0.0,increasing_alternating_centering_x_flip160,original,increasing_alternating_centering,original_flip160,inc_alt_center_flip160,0.084897065632895,0.15172585925347928,0.08744825632154406,0.022002755229477155,0.04262221793043692,-1.205466087985413e-07,-6.038619860985002e-07,-1.5726729110848647e-07,-4.0087217950947404e-07,-7.482409331800158e-08,0.17454914241748362,0.1517258592522776,-0.08744825632140264,0.022002755225825375,-0.04262221793037124,-0.005046508435577787,0.08096712042560118,0.09019739486683288,0.03669961149791303,0.04088337750356695,0.16218820054133498,0.23734234638310225,0.0025330678075831253,0.07364914049287143,0.0010280624586872622,0.11702586934390513,0.8740615181218521,0.18533594834974584,0.951599265801937,0.37989956537373587
screen,instant_RF_exact_pathways,1000.0,read,90.0,0.8,0.0,8.0,8.0,0.0,increasing_alternating_centering_x_flip160,original,increasing_alternating_centering,original_flip160,inc_alt_center_flip160,0.013401666440163038,0.09757101105213878,0.06548202871327181,0.04795438526455849,0.029267069365854558,2.752170273914091e-07,-2.212427807241876e-07,-2.484521895757342e-07,-3.572586912636509e-07,-1.0925107272378837e-07,-0.18174035566226548,-0.09757101105188794,0.06548202871280048,0.047954385263227706,0.029267069365650645,3.6191271507446388e-09,0.06675095194006753,0.0667509458593561,0.027022017780859216,0.027022015319274954,0.16851197527866224,0.17312642447230486,0.0015197490937635168,0.004922006370643891,0.0018273062707647918,0.20480003172626648,0.9161819677002013,0.2581519588544155,0.9729564961084127,0.5197265189888934
screen,instant_RF_exact_pathways,1000.0,read,0.0,1.0,0.0,8.0,1.0,0.0,increasing_alternating_centering_x_flip160,original,increasing_alternating_centering,original_flip160,inc_alt_center_flip160,-0.0019653105244143987,0.5717088321694999,0.6368838359288833,0.5544918192524666,0.6177015124874357,-0.001965310247542096,0.5717088321683844,0.636883835927641,0.5544918188408243,0.6177015123525388,-8.585194417822812e-06,1.1293225337692751e-06,1.257931804676126e-06,2.1365965314420835e-05,1.2909380167504874e-05,-0.001965310255901853,0.5717088321694963,0.6368838359288799,0.5544693206015249,0.6176790141050066,0.0,0.0,0.0,0.0,0.0,-2.1783498215377605e-05,4.358355215511784e-10,2.2561301536644556e-10,7.712942435723392e-05,5.534571591935013e-05
screen,instant_RF_exact_pathways,1000.0,read,0.0,1.0,0.0,8.0,2.0,0.0,increasing_alternating_centering_x_flip160,original,increasing_alternating_centering,original_flip160,inc_alt_center_flip160,7.037559010225625e-05,0.521410457813892,0.5214104559005924,0.4903938901067495,0.49046426378355223,7.037886277927452e-05,0.5214104578138914,0.5214104559005919,0.49039388600908673,0.4904642629585665,-9.184143620898516e-05,2.347524320086568e-08,2.2464809391178825e-08,6.339509078696543e-05,-2.8447355855829413e-05,1.1364975627259355e-10,0.5214104578138994,0.5214104559005881,0.490438975636262,0.4904389738366004,-0.00010015692646138696,2.0528477925657762e-14,5.395764651702351e-15,0.00013586917409012293,3.571224761360326e-05,-0.000360174396822207,1.4638737946851766e-09,6.26723447114393e-10,0.0006037904765815168,0.00024361524260896217
screen,instant_RF_exact_pathways,1000.0,read,0.0,1.0,0.0,8.0,3.0,0.0,increasing_alternating_centering_x_flip160,original,increasing_alternating_centering,original_flip160,inc_alt_center_flip160,-0.031671154030148474,0.38314905159355495,0.4268281794664664,0.37874383464496886,0.39075180848773183,-0.03167116026884376,0.38314905159280777,0.4268281794656323,0.37874383441453074,0.3907518020185115,8.422829262198515e-05,7.566564746713014e-07,8.438325372073375e-07,-1.3211889076392827e-05,7.110357960812837e-05,-0.0038333951792053345,0.38314905158900214,0.426828179466249,0.34952288278347937,0.3893686154815209,-0.0277290745144098,4.5331676517379735e-12,2.1380480503631327e-13,0.029094785562535124,0.0013657110438059599,-0.07504251829910269,4.558552230674991e-09,2.0748737371072497e-09,0.07892155321702705,0.0038790324342458725
screen,instant_RF_exact_pathways,1000.0,read,0.0,1.0,0.0,8.0,4.0,0.0,increasing_alternating_centering_x_flip160,original,increasing_alternating_centering,original_flip160,inc_alt_center_flip160,-0.013702019890839912,0.3493680810425538,0.3493680770019711,0.3238746032977895,0.3101725793663669,-0.013702023684248055,0.34936808104255346,0.3493680770019708,0.32387460094571807,0.31017257322088737,-0.00010077557765839999,1.56083402158496e-08,1.4501695367539987e-08,3.9032709457967304e-05,-6.174397484528099e-05,4.655277829890281e-10,0.3493680810403685,0.34936807700180167,0.30909622628180317,0.30909622270876413,-0.013300569707421855,2.1663365404193646e-12,1.6683848001495223e-13,0.014358827614797856,0.0010582579053765027,-0.1772464776647854,5.980697346921804e-09,2.2041245161901297e-09,0.1850915179614882,0.007845036520129973
screen,instant_RF_exact_pathways,1000.0,read,0.0,1.0,0.0,8.0,5.0,0.0,increasing_alternating_centering_x_flip160,original,increasing_alternating_centering,original_flip160,inc_alt_center_flip160,-0.04522121400041346,0.25667397162603534,0.28593489787061643,0.2625880552650013,0.2466277675091689,-0.04522122603143586,0.25667397162553524,0.2859348978700568,0.26258805396898577,0.2466277541820715,0.00010710814575155941,5.066945387318637e-07,5.656952810832274e-07,-2.6089008973939166e-05,8.107813751997162e-05,-0.004153559440077781,0.2566739716190428,0.28593489787040965,0.22023935609518397,0.245346722906473,-0.040512087440563324,6.9678741360505686e-12,2.0410886617921349e-13,0.04177231592629503,0.001260228478967945,-0.3431029508599497,1.0758011531741777e-08,3.4983845186192945e-09,0.35945384406740005,0.016350885947823326
screen,instant_RF_exact_pathways,1000.0,read,0.0,1.0,0.0,8.0,6.0,0.0,increasing_alternating_centering_x_flip160,original,increasing_alternating_centering,original_flip160,inc_alt_center_flip160,-0.014964630413279889,0.23399574366055756,0.23399573472019816,0.21058637570488845,0.19562173635124916,-0.014964640127379636,0.23399574366055734,0.23399573472019797,0.21058637529033142,0.1956217262225924,-7.616328566823091e-05,1.0332185179390016e-08,9.441800852564762e-09,1.3213634094966667e-05,-6.295054195759108e-05,1.5000765352102263e-09,0.2339957436585112,0.23399573472006588,0.19472588007222122,0.19472587263385244,-0.014122065387356043,2.0267198981875504e-12,1.2947016554832408e-13,0.014990661671471648,0.0008685962822183564,-0.448930737819085,1.2763492058022908e-08,3.6917348575953886e-09,0.47408851639363464,0.025157769502792474
screen,instant_RF_exact_pathways,1000.0,read,0.0,1.0,0.0,8.0,7.0,0.0,increasing_alternating_centering_x_flip160,original,increasing_alternating_centering,original_flip160,inc_alt_center_flip160,-0.04831679426933916,0.1718767429888963,0.1914707398950749,0.18401624733485147,0.15529344997169092,-0.04831680950546505,0.1718767429885618,0.19147073989469976,0.18401624533058153,0.15529343273125445,0.00010029503308755943,3.391047155331482e-07,3.790326914039471e-07,-2.7159463685183757e-05,7.317549737824648e-05,-0.003780010094249636,0.1718767429806994,0.19147073989497357,0.13871884128885548,0.15453282810888,-0.04361631861764639,8.172772235958045e-12,9.938749744052938e-14,0.0443523640768261,0.0007360454511063237,-0.5908100248699508,2.0053711933333762e-08,5.011680245744667e-09,0.6304990707037359,0.03968903079175341
screen,instant_RF_exact_pathways,1000.0,read,0.0,1.0,0.0,8.0,8.0,0.0,increasing_alternating_centering_x_flip160,original,increasing_alternating_centering,original_flip160,inc_alt_center_flip160,-0.0124216067821393,0.15665840595303046,0.15665839168126905,0.13544496416632867,0.12302334311242796,-0.012421617480963348,0.15665840595303032,0.15665839168126894,0.1354449638187157,0.12302333206599098,-4.2429394059035385e-05,6.794921050390493e-09,6.189251566086513e-09,-9.703857718668016e-06,-5.2133857447187705e-05,3.1004023515190937e-09,0.15665840595213507,0.15665839168125903,0.12262376881162958,0.12262375764115588,-0.011283337565074042,8.777067941569146e-13,7.982056488156754e-15,0.011653792352780976,0.0003704547868372085,-0.650968394631929,2.2924986031976427e-08,5.5713892482407125e-09,0.7067219355129665,0.055753523527440625
screen,instant_RF_exact_pathways,1000.0,read,0.0,0.8,0.0,8.0,1.0,0.0,increasing_alternating_centering_x_flip160,original,increasing_alternating_centering,original_flip160,inc_alt_center_flip160,-0.00599321587905971,0.4918741430933228,0.5479395279897853,0.43937715338949995,0.48944932240690275,-0.005992596072609324,0.4918732685899014,0.5479392664273832,0.43937539506156736,0.4894487968264399,-0.0001336251650216469,0.0009275184512122105,0.000535388354253085,0.0012430346542898903,0.0007172793923091179,-0.0059925962065476845,0.4918055093740136,0.5478715068166311,0.4392390347857319,0.4893124360218017,0.0,0.0,0.0,0.0,0.0,-0.00046910564770243773,0.0020176698429233207,0.001097712879669048,0.003128628623687155,0.0017395660127304444
screen,instant_RF_exact_pathways,1000.0,read,0.0,0.8,0.0,8.0,2.0,0.0,increasing_alternating_centering_x_flip160,original,increasing_alternating_centering,original_flip160,inc_alt_center_flip160,0.00015059950164875158,0.40560346278717363,0.40577706176034184,0.3234175884061304,0.32374178688094735,0.00015693561057461558,0.4055786868828026,0.40577619474746246,0.32338646481246736,0.32374090828770186,-8.089791385202695e-05,-0.0044830537993365595,0.0008388248480304172,-0.004486743421678585,0.0007542373118363649,3.0123742389420727e-10,0.4057050440478791,0.40570504255914785,0.3236126465514849,0.3236126453639911,-0.00022430956468937041,0.0003816417878704745,0.00010031183393437155,0.0006859318291788467,0.00018029231055337327,-0.0026675278757529574,0.012487635937756534,0.0046711700976999,0.017190630486540542,0.0067066367707309515
screen,instant_RF_exact_pathways,1000.0,read,0.0,0.8,0.0,8.0,3.0,0.0,increasing_alternating_centering_x_flip160,original,increasing_alternating_centering,original_flip160,inc_alt_center_flip160,-0.05303240235564599,0.34630122962674353,0.30399014706141864,0.314982432237953,0.21963894731698214,-0.05305576433552939,0.3461849071174292,0.30397740589814287,0.3148893713039751,0.21962610574915936,0.0009107683778344436,0.0089750612862222,0.0027832020872806617,0.007656138604020636,0.002375047782913541,-0.008841152802514518,0.2696563218740402,0.3003972382803235,0.19210259138846797,0.21400235499223674,-0.044030760103981645,0.07619591687491128,0.003535648314321017,0.12224659777516783,0.005555569110595918,-0.14710310362861387,0.24417538771374356,0.02733740919139145,0.4092824530665545,0.045341370915588486
screen,instant_RF_exact_pathways,1000.0,read,0.0,0.8,0.0,8.0,4.0,0.0,increasing_alternating_centering_x_flip160,original,increasing_alternating_centering,original_flip160,inc_alt_center_flip160,-0.03441572637452911,0.2654832868539148,0.22518798549171487,0.22058838481155016,0.14587735707482108,-0.0344975828248244,0.26536579422816453,0.22518258692862872,0.2205557786018018,0.14587498847744157,-0.0033769028594628613,-0.007897521915984734,-0.0015592799451548448,-0.0037926295787366776,-0.0008312904673696501,9.351497909371176e-10,0.2224017794692383,0.22240177689835536,0.14150390131788468,0.14150389968215152,-0.028954751337581033,0.04018554997929705,0.0027001830669543827,0.07060259494070671,0.004162476690783013,-0.14936511562958044,0.4452177639247954,0.042517927635305076,0.6301212052423375,0.07805625332326675
screen,instant_RF_exact_pathways,1000.0,read,0.0,0.8,0.0,8.0,5.0,0.0,increasing_alternating_centering_x_flip160,original,increasing_alternating_centering,original_flip160,inc_alt_center_flip160,-0.04040024223633212,0.24590032485047184,0.16777484717201208,0.21654824871345477,0.09802252879866286,-0.04048498510432125,0.24580313147909982,0.16776437696802293,0.21654556258008947,0.09802182296469135,0.004332112018613233,0.006913054074426646,0.0018743436512832752,0.0010785859895343422,0.0003719875850042045,-0.007274278654781863,0.14779136005718152,0.1646396289328463,0.08398210204029714,0.09355609226118008,-0.027035705649795586,0.09436740796121512,0.0030218322912512084,0.12258789202721192,0.004206610707452422,-0.07863042990974922,0.6669295093424582,0.08061024012213888,0.8182615193139526,0.1533118201838841
screen,instant_RF_exact_pathways,1000.0,read,0.0,0.8,0.0,8.0,6.0,0.0,increasing_alternating_centering_x_flip160,original,increasing_alternating_centering,original_flip160,inc_alt_center_flip160,-0.04430395256910091,0.17488043647467955,0.12437353880076432,0.1606029710866114,0.06579212084359524,-0.04430433612859069,0.1748551736174902,0.12437080882328923,0.16058003439755955,0.06579133347476789,-0.00454069372600444,-0.002972426747926262,-0.0008240548926319628,0.0027141987262410947,0.0003218768555309543,2.2926520543142814e-09,0.12186734638037415,0.12186734172514159,0.06184898665952786,0.06184898429694736,-0.03567308713956444,0.04728147059094342,0.0023664813747317024,0.08420912038059288,0.0036210440248167215,-0.0024426339354615134,0.772111228214572,0.1177059491999271,0.8943980640315694,0.23755015108146302
screen,instant_RF_exact_pathways,1000.0,read,0.0,0.8,0.0,8.0,7.0,0.0,increasing_alternating_centering_x_flip160,original,increasing_alternating_centering,original_flip160,inc_alt_center_flip160,-0.0209752050085954,0.1698037786517086,0.09250004638764482,0.1426766059686707,0.044397668696011555,-0.020956858640290094,0.16980297517904142,0.09249946683451352,0.14265591971779726,0.044395552732979265,0.0021909674334932372,0.0005223645702922899,0.0003274401428932372,-0.0024294979334643745,-0.00043345492737019,-0.005046508435577773,0.08096712042560121,0.09019739486683293,0.03669961149791303,0.04088337750356697,-0.008666601332020518,0.08310148847423987,0.002165305451200431,0.09280772931145717,0.003204944956397219,0.11702586934390513,0.8740615181218521,0.18533594834974576,0.951599265801937,0.3798995653737358
screen,instant_RF_exact_pathways,1000.0,read,0.0,0.8,0.0,8.0,8.0,0.0,increasing_alternating_centering_x_flip160,original,increasing_alternating_centering,original_flip160,inc_alt_center_flip160,-0.034569367968956266,0.1204705721166085,0.06870157416942199,0.11636878855480602,0.030030422638663255,-0.03457839033572986,0.12045031938648097,0.06870144325182909,0.11635732345267802,0.030030056982296254,0.0005895167333781601,0.002208915072539875,0.0001341211105627669,0.0016334713471683616,0.00014819411856941377,3.6191271507446388e-09,0.06675095194006757,0.06675094585935616,0.027022017780859216,0.027022015319274964,-0.02693459791169492,0.04673089937616398,0.0018026191672599714,0.0745704748483902,0.00270759672779128,0.2048000317262666,0.9161819677002013,0.25815195885441544,0.9729564961084127,0.5197265189888934
screen,finite_RF_static_Bloch,1000.0,read,90.0,0.8,0.0,8.0,1.0,,increasing_alternating_centering_x_flip_train,original,increasing_alternating_centering,original_flip_train,inc_alt_center_flip_train,0.0,0.2697870344096004,0.28711333277371676,0.2697870344096004,0.28711333277371676,0.0,0.2697744019263688,0.28710010648972295,0.2697744019263688,0.28710010648972295,0.0,-0.002610747172157214,-0.0027558501448304547,-0.002610747172157214,-0.0027558501448304547,,,,,,,,,,,,,,,
screen,finite_RF_static_Bloch,1000.0,read,90.0,0.8,0.0,8.0,2.0,,increasing_alternating_centering_x_flip_train,original,increasing_alternating_centering,original_flip_train,inc_alt_center_flip_train,0.0012726429471082712,0.19944691012095758,0.20176904374004082,0.19547436630568416,0.19906914287187566,-0.0012757637604828287,-0.19942779818713444,-0.20176795633885053,-0.1954530042046774,-0.19906892611687632,0.00023987045312744886,0.002761026444804865,-0.0006624247989117974,0.002889814868663674,-0.00029376592192553947,,,,,,,,,,,,,,,
screen,finite_RF_static_Bloch,1000.0,read,90.0,0.8,0.0,8.0,3.0,,increasing_alternating_centering_x_flip_train,original,increasing_alternating_centering,original_flip_train,inc_alt_center_flip_train,0.01480312889162827,0.1026164201003395,0.13769018045938236,0.07731841333563944,0.12719530258631057,0.014792542781520701,0.1025895450168853,0.13768488288634428,0.07730338917695093,0.1271912698279306,0.0006292697892240897,0.0023483882638571,0.0012078160087281744,0.0015241596037329475,0.0010128571378281116,,,,,,,,,,,,,,,
screen,finite_RF_static_Bloch,1000.0,read,90.0,0.8,0.0,8.0,4.0,,increasing_alternating_centering_x_flip_train,original,increasing_alternating_centering,original_flip_train,inc_alt_center_flip_train,0.02477019726092269,0.04499564308129846,0.11507472549072165,0.0013506582268424624,0.09619993789718834,-0.027200900270673605,-0.04499167112355308,-0.11505826985102727,0.001067806815783871,-0.09619969218236392,0.0003036547632155038,-0.0005978509928417442,-0.0019460178964053778,0.0008270829764314672,-0.00021742916391666257,,,,,,,,,,,,,,,
screen,finite_RF_static_Bloch,1000.0,read,90.0,0.8,0.0,8.0,5.0,,increasing_alternating_centering_x_flip_train,original,increasing_alternating_centering,original_flip_train,inc_alt_center_flip_train,-0.09053031240792671,0.005523451207374798,0.08585224604479288,0.0710530861985064,0.060851568627997774,0.04295062805437029,-0.003069001308399183,0.08583154857069515,-0.0710384580406047,0.060812719892859926,0.0028616433326100676,0.004592357151757061,-0.0018850519600407919,0.001441713406202873,-0.002174052372984912,,,,,,,,,,,,,,,
screen,finite_RF_static_Bloch,1000.0,read,90.0,0.8,0.0,8.0,6.0,,increasing_alternating_centering_x_flip_train,original,increasing_alternating_centering,original_flip_train,inc_alt_center_flip_train,-0.04125037078018809,0.019934257836277655,0.06839254301851765,0.038410491653497955,0.04561840605554986,0.0043247257057448946,0.019860460756066595,-0.0683924302395139,0.038398583887337315,-0.045529581402498284,0.0037269136824787377,0.0017136901820153717,-0.0001242033534609758,0.0009563600318683555,0.002845380178870746,,,,,,,,,,,,,,,
screen,finite_RF_static_Bloch,1000.0,read,90.0,0.8,0.0,8.0,7.0,,increasing_alternating_centering_x_flip_train,original,increasing_alternating_centering,original_flip_train,inc_alt_center_flip_train,-0.023317425178776024,0.04136813003409695,0.05253293504593668,0.04099122914253865,0.028838608975602354,-0.024046806871248286,-0.04132097828873353,0.052460481201891125,-0.04094610291760291,0.028788549701773462,0.004508251225956047,0.001974572303048442,-0.002758111057704252,0.0019228942969338324,0.0016984621621371843,,,,,,,,,,,,,,,
screen,finite_RF_static_Bloch,1000.0,read,90.0,0.8,0.0,8.0,8.0,,increasing_alternating_centering_x_flip_train,original,increasing_alternating_centering,original_flip_train,inc_alt_center_flip_train,0.015110913686507452,0.041793601509860556,0.04287985682580943,0.008071620515464215,0.02426878951792054,0.052506054844508335,0.04176078400911361,-0.04287894916407023,0.007964329404312326,-0.024169348924363177,0.002817928750500216,0.001655912470265133,-0.00027899818457547397,0.0013116839883405072,0.002194702084000116,,,,,,,,,,,,,,,
screen,finite_RF_static_Bloch,1000.0,read,0.0,1.0,0.0,8.0,1.0,,increasing_alternating_centering_x_flip_train,original,increasing_alternating_centering,original_flip_train,inc_alt_center_flip_train,0.0,0.2455084451217991,0.24850106405226652,0.2455084451217991,0.24850106405226652,0.0,-0.0032448769234316712,-0.004910058550749369,-0.0032448769234316712,-0.004910058550749369,0.0,0.2454870004702392,0.2484525511242275,0.2454870004702392,0.2484525511242275,,,,,,,,,,,,,,,
screen,finite_RF_static_Bloch,1000.0,read,0.0,1.0,0.0,8.0,2.0,,increasing_alternating_centering_x_flip_train,original,increasing_alternating_centering,original_flip_train,inc_alt_center_flip_train,-0.00018483259497142912,0.17408066530266472,0.16710657940215481,0.18153397892350107,0.17437506042801973,-0.0008453591334911365,-0.0031780999121127037,0.00029111478832184734,-0.002071698435053538,0.0005521571318898764,-0.00020264441457518156,0.17405165242871729,0.1671063258278055,0.18152215724090634,0.17437418622541936,,,,,,,,,,,,,,,
screen,finite_RF_static_Bloch,1000.0,read,0.0,1.0,0.0,8.0,3.0,,increasing_alternating_centering_x_flip_train,original,increasing_alternating_centering,original_flip_train,inc_alt_center_flip_train,0.004410849969667785,0.16069829149525128,0.12495895048190177,0.16508943085927041,0.13376093981558868,-0.004315704677318663,0.0012929808305973509,-0.002839343451830773,0.00503548100325263,-0.003412547956494158,0.004471185233123565,0.16069308973961655,0.12492668823874634,0.16501261804026898,0.13371740177252234,,,,,,,,,,,,,,,
screen,finite_RF_static_Bloch,1000.0,read,0.0,1.0,0.0,8.0,4.0,,increasing_alternating_centering_x_flip_train,original,increasing_alternating_centering,original_flip_train,inc_alt_center_flip_train,-0.0007060633517175507,0.12932732414796347,0.10046737760226368,0.13245082594371238,0.10288481604629503,-0.004489268656790001,0.004887420181354245,-0.0022408196984272355,0.00750796080718791,-0.004109547729383571,-0.0006425959303934525,0.12923494069036945,0.10044238492466702,0.13223786075738417,0.1028027090612883,,,,,,,,,,,,,,,
screen,finite_RF_static_Bloch,1000.0,read,0.0,1.0,0.0,8.0,5.0,,increasing_alternating_centering_x_flip_train,original,increasing_alternating_centering,original_flip_train,inc_alt_center_flip_train,-6.608129432472687e-05,0.11169357192447797,0.07816957138341778,0.11310424817300593,0.07951416633762101,-0.0035156269284844326,0.005770167366950598,-0.005616352670434555,0.011386282966657276,-0.00351586399921231,0.00048362133878071534,0.11154442692401048,0.07796754756274274,0.11252965615776192,0.0794363981352749,,,,,,,,,,,,,,,
screen,finite_RF_static_Bloch,1000.0,read,0.0,1.0,0.0,8.0,6.0,,increasing_alternating_centering_x_flip_train,original,increasing_alternating_centering,original_flip_train,inc_alt_center_flip_train,0.007520097649006796,0.09049070100074613,0.053798897219883283,0.09238329094854426,0.0632115848166882,0.00966128300393903,0.007266492132741192,0.002460207071492084,-0.0019552467354595872,0.002899751207230334,0.007238301275318854,0.09019847592776303,0.053742615522887845,0.09236259771512956,0.06314503858557323,,,,,,,,,,,,,,,
screen,finite_RF_static_Bloch,1000.0,read,0.0,1.0,0.0,8.0,7.0,,increasing_alternating_centering_x_flip_train,original,increasing_alternating_centering,original_flip_train,inc_alt_center_flip_train,0.005883684907507736,0.07884813956707859,0.03766314918775467,0.08013795899337789,0.04483665352156171,-0.013908047655161314,-0.0031371731978516474,0.0012443375440218491,0.011116507219733996,0.0015899703064461775,0.006588381214420805,0.07878570465202546,0.03764258799306449,0.07936318881482723,0.04480845337028708,,,,,,,,,,,,,,,
screen,finite_RF_static_Bloch,1000.0,read,0.0,1.0,0.0,8.0,8.0,,increasing_alternating_centering_x_flip_train,original,increasing_alternating_centering,original_flip_train,inc_alt_center_flip_train,0.009098687972779795,0.06270890884743201,0.032852346214220014,0.06083500946131066,0.04007713480087846,0.008887648425438476,0.005649352500825831,-0.00034721490374492545,-0.004909586349006264,-0.0020185053281385444,0.008993103309449788,0.062453919533980815,0.03285051131397491,0.06063657590958949,0.04002627099903337,,,,,,,,,,,,,,,
screen,finite_RF_static_Bloch,1000.0,read,90.0,1.0,0.0,8.0,1.0,,increasing_alternating_centering_x_flip_train,original,increasing_alternating_centering,original_flip_train,inc_alt_center_flip_train,0.0,0.2441917467263025,0.24805902664203094,0.2441917467263025,0.24805902664203094,0.0,0.2441691149836675,0.24801095795424974,0.2441691149836675,0.24801095795424974,0.0,-0.0033245236253082477,-0.004883178596691768,-0.0033245236253082477,-0.004883178596691768,,,,,,,,,,,,,,,
screen,finite_RF_static_Bloch,1000.0,read,90.0,1.0,0.0,8.0,2.0,,increasing_alternating_centering_x_flip_train,original,increasing_alternating_centering,original_flip_train,inc_alt_center_flip_train,0.0020783215356319773,0.1810054625174696,0.17079813292236287,0.1864116304691467,0.17828262240967194,-0.002063839365011172,-0.1809909593379285,-0.1707952953030239,-0.18641067791397875,-0.17827885324408532,-0.0018701258590739602,-0.002291309472639517,-0.0009845364990666411,-0.0005959310501893397,-0.0011592839356904241,,,,,,,,,,,,,,,
screen,finite_RF_static_Bloch,1000.0,read,90.0,1.0,0.0,8.0,3.0,,increasing_alternating_centering_x_flip_train,original,increasing_alternating_centering,original_flip_train,inc_alt_center_flip_train,-0.01238865173147638,0.09808397421500868,0.12603428804179534,0.11934515998850188,0.13490682208381216,-0.012376986097861767,0.09806726087512398,0.1260085135099864,0.11931068918058868,0.13487495571758934,-0.000674319140849455,0.0018106193031298635,0.002548781121597586,0.0028682154615842894,0.002932058139202557,,,,,,,,,,,,,,,
screen,finite_RF_static_Bloch,1000.0,read,90.0,1.0,0.0,8.0,4.0,,increasing_alternating_centering_x_flip_train,original,increasing_alternating_centering,original_flip_train,inc_alt_center_flip_train,-0.004233096534049262,0.054362214233792165,0.102479901452497,0.06958642009841268,0.11347101078306825,0.004315047486994628,-0.05427295960162368,-0.10247388038104,-0.06957822886483436,-0.11346410215725605,-0.0003168003872893073,0.003113870980185276,0.0011108741448973944,0.001067675112336598,-0.001252122110240591,,,,,,,,,,,,,,,
screen,finite_RF_static_Bloch,1000.0,read,90.0,1.0,0.0,8.0,5.0,,increasing_alternating_centering_x_flip_train,original,increasing_alternating_centering,original_flip_train,inc_alt_center_flip_train,0.002503609341251295,0.03926057160997544,0.06719870301731103,0.05092987929109258,0.08137162003967946,0.0024357978774393538,0.03911595587572645,0.06713067391258548,0.050921059152336814,0.0813715750666352,-0.007422994304733964,-0.003366671809106231,0.003022963322781366,0.0009478076859130934,-8.555148693327415e-05,,,,,,,,,,,,,,,
screen,finite_RF_static_Bloch,1000.0,read,90.0,1.0,0.0,8.0,6.0,,increasing_alternating_centering_x_flip_train,original,increasing_alternating_centering,original_flip_train,inc_alt_center_flip_train,0.008815372194894668,0.017959469282255617,0.05265453842660682,0.020855671620394083,0.06436611295963995,-0.009333819745709411,-0.017802192437405818,-0.05265122857183834,-0.020158093758163066,-0.064340949638305,-0.005367276893486176,0.0023715988956512545,0.0005903785184510047,0.00534885920312158,-0.0017996380675648455,,,,,,,,,,,,,,,
screen,finite_RF_static_Bloch,1000.0,read,90.0,1.0,0.0,8.0,7.0,,increasing_alternating_centering_x_flip_train,original,increasing_alternating_centering,original_flip_train,inc_alt_center_flip_train,0.011447464923787344,0.01003975030576161,0.04162721945950903,0.010054040493072533,0.053088974570607295,0.011086786290081106,0.009654510853550183,0.04162569764519586,0.009894278692667121,0.0529522517743939,-0.003194359436558385,0.0027544521017295017,0.00035594308655045284,0.0017852113007080098,-0.003807657151029424,,,,,,,,,,,,,,,
screen,finite_RF_static_Bloch,1000.0,read,90.0,1.0,0.0,8.0,8.0,,increasing_alternating_centering_x_flip_train,original,increasing_alternating_centering,original_flip_train,inc_alt_center_flip_train,0.009774792314713539,0.0011126382786846487,0.031170458407442383,0.001942502630942475,0.04177511507441375,-0.012860728092227202,-0.0008278170500010721,-0.031152284158000407,0.0014150969741757475,-0.04177009822605079,0.003785821529856913,0.000743426439482657,-0.001064269265408158,-0.001330720490898476,0.0006474053340676221,,,,,,,,,,,,,,,
screen,finite_RF_static_Bloch,1000.0,read,0.0,0.8,0.0,8.0,1.0,,increasing_alternating_centering_x_flip_train,original,increasing_alternating_centering,original_flip_train,inc_alt_center_flip_train,0.0,0.2739454106026763,0.2910134879142601,0.2739454106026763,0.2910134879142601,0.0,-0.004991579147107938,-0.005448413794415983,-0.004991579147107938,-0.005448413794415983,0.0,0.2738999308650644,0.2909624802876619,0.2738999308650644,0.2909624802876619,,,,,,,,,,,,,,,
screen,finite_RF_static_Bloch,1000.0,read,0.0,0.8,0.0,8.0,2.0,,increasing_alternating_centering_x_flip_train,original,increasing_alternating_centering,original_flip_train,inc_alt_center_flip_train,6.666148233966385e-05,0.20311633593669665,0.2029574251374335,0.20012509729670375,0.20003284797978027,-9.578548456657971e-05,0.006792072383082392,0.00021784565898888943,0.006990329048065238,0.00032031683940515624,7.505167124022272e-05,0.20300274302849206,0.20295730822437952,0.20000297464741595,0.20003259151454364,,,,,,,,,,,,,,,
screen,finite_RF_static_Bloch,1000.0,read,0.0,0.8,0.0,8.0,3.0,,increasing_alternating_centering_x_flip_train,original,increasing_alternating_centering,original_flip_train,inc_alt_center_flip_train,-0.014589704603745673,0.1881336324321432,0.14436125294133134,0.19132826499275224,0.1329661808981947,0.0009145802286407234,-0.0028804625945044347,-0.009038245090426137,-0.004213789666996457,-0.009456991934277436,-0.014618868423967757,0.18811158015219165,0.1440780395357892,0.1912818573774814,0.1326294483371112,,,,,,,,,,,,,,,
screen,finite_RF_static_Bloch,1000.0,read,0.0,0.8,0.0,8.0,4.0,,increasing_alternating_centering_x_flip_train,original,increasing_alternating_centering,original_flip_train,inc_alt_center_flip_train,-0.012024726444552547,0.1455171690923911,0.10656826234349202,0.1399853268886958,0.08901169369524417,0.00705347627296663,0.007134656286986935,-0.0032063817495576697,-0.0005735561953081315,-0.003861117958886106,-0.01223409701051198,0.14534215899156755,0.10652001527876084,0.13998415187951044,0.08892791115619177,,,,,,,,,,,,,,,
screen,finite_RF_static_Bloch,1000.0,read,0.0,0.8,0.0,8.0,5.0,,increasing_alternating_centering_x_flip_train,original,increasing_alternating_centering,original_flip_train,inc_alt_center_flip_train,-0.022536634946119738,0.13054789918198786,0.08200531796380955,0.13009345055111504,0.059014234386817,0.005963671540572578,-0.005332037905887434,-0.0011749185854500414,-0.011464956568242384,-0.0013441657072324133,-0.022146282713457754,0.13043896408895866,0.0819969007991343,0.12958727039020357,0.05899892438692145,,,,,,,,,,,,,,,
screen,finite_RF_static_Bloch,1000.0,read,0.0,0.8,0.0,8.0,6.0,,increasing_alternating_centering_x_flip_train,original,increasing_alternating_centering,original_flip_train,inc_alt_center_flip_train,-0.025966091523552018,0.10270460224719587,0.06625795919357202,0.10399808022495154,0.04158534564777567,0.013079734015351993,0.004402119102198071,0.0031584138591125247,-0.011945215818983739,-0.0001091870467172921,-0.025297007585728004,0.10261021718213431,0.06618263804345986,0.10330978903043678,0.04158520230603434,,,,,,,,,,,,,,,
screen,finite_RF_static_Bloch,1000.0,read,0.0,0.8,0.0,8.0,7.0,,increasing_alternating_centering_x_flip_train,original,increasing_alternating_centering,original_flip_train,inc_alt_center_flip_train,-0.020576956627548687,0.09213087536241317,0.049904690311878566,0.09164800132689288,0.02884485964880959,-0.0006348875538855535,-0.004103604759438988,7.813748692443647e-05,-0.0028132740036293873,0.0007335806888484832,-0.020634470906337382,0.09203944058403887,0.049904629140568146,0.09160481230041717,0.028835529950609062,,,,,,,,,,,,,,,
screen,finite_RF_static_Bloch,1000.0,read,0.0,0.8,0.0,8.0,8.0,,increasing_alternating_centering_x_flip_train,original,increasing_alternating_centering,original_flip_train,inc_alt_center_flip_train,-0.022205672665233725,0.07039205354452457,0.04296321998265882,0.07504004500227533,0.025405538775175856,0.012436927670126156,0.008987383861626386,0.00028169920127250935,-0.004770701809335665,-0.001039458799563386,-0.02265031390734161,0.0698159590175412,0.04296229645675771,0.07488824178861397,0.025384265320488875,,,,,,,,,,,,,,,
screen,instant_RF_exact_pathways,1000.0,read,90.0,0.8,0.0,8.0,1.0,0.001,increasing_alternating_centering_x_flip_train,original,increasing_alternating_centering,original_flip_train,inc_alt_center_flip_train,0.0,0.15992509038940247,0.1785125223377237,0.15992509038940247,0.1785125223377237,0.0,-2.647567851899582e-07,-2.9463352815667465e-07,-2.647567851899582e-07,-2.9463352815667465e-07,0.0,-0.15992509038918332,-0.17851252233748055,-0.15992509038918332,-0.17851252233748055,0.0,0.16054957544226223,0.17887293662526704,0.16054957544226223,0.17887293662526704,0.0,0.0,0.0,0.0,0.0,0.0,0.0038746002361893226,0.002010866201569564,0.0038746002361893226,0.002010866201569564
screen,instant_RF_exact_pathways,1000.0,read,90.0,0.8,0.0,8.0,2.0,0.001,increasing_alternating_centering_x_flip_train,original,increasing_alternating_centering,original_flip_train,inc_alt_center_flip_train,0.0010426535936111925,0.1275568297144172,0.13285062746088,0.12021591752504711,0.12655236886512108,-1.0287136581588341e-09,-4.78698473944091e-07,-4.837929887686633e-07,-4.539652263237679e-07,-4.60088454806499e-07,0.0010426535936146897,0.12755682971351898,0.1328506274599991,0.12021591752418996,0.12655236886428475,7.90668384259563e-06,0.13189586750926569,0.1317363609406283,0.12535783629557484,0.12520623641078005,-1.2187377831620832e-05,0.00010968831029626619,4.265571136106859e-05,0.00012963103820071457,5.041106143389615e-05,-0.005548992860110152,0.0335788560442867,0.01045636173901297,0.04152262235045495,0.012851135185071066
screen,instant_RF_exact_pathways,1000.0,read,90.0,0.8,0.0,8.0,3.0,0.001,increasing_alternating_centering_x_flip_train,original,increasing_alternating_centering,original_flip_train,inc_alt_center_flip_train,0.013651171823122858,0.053845352638173624,0.09459826381985277,0.024985853216530234,0.07938993622133224,5.456460633752194e-08,-2.4347512086012256e-07,-1.6467694323366904e-07,-2.7621763998996434e-07,-1.4285485602598887e-07,-0.013651171824113982,-0.053845352637623155,-0.09459826381970944,-0.024985853215003448,-0.07938993622120372,-0.0014510446692954232,0.08727829866427458,0.09687794285461132,0.07408565240458778,0.0822342519256291,-0.014526191975472558,0.02492131347719051,0.00018194275450034744,0.03954017289154983,0.0002746101933871094,-0.0979892279478849,0.2787551367063922,0.05287724729914109,0.40030360318557295,0.07643648583043695
screen,instant_RF_exact_pathways,1000.0,read,90.0,0.8,0.0,8.0,4.0,0.001,increasing_alternating_centering_x_flip_train,original,increasing_alternating_centering,original_flip_train,inc_alt_center_flip_train,-0.04162932827589086,0.011405241987724867,0.06914000788793198,0.03228905989423307,0.04839449751854932,1.4594654235236212e-08,-2.3832745687621135e-07,-2.5987805171220266e-07,-1.7765238762500275e-07,-1.8460832822575784e-07,0.022948791509732766,0.011405241985234786,0.06914000788744358,-0.03228905989374435,0.04839449751819721,0.00025274706755895604,0.07168665597295826,0.0708332225798119,0.050456420285234026,0.04985573395964661,-0.025987827720044786,0.05304917036302625,0.0004413725843021645,0.0792597583447608,0.0006641328459919331,-0.12993132253553413,0.4731466801058613,0.06968383344922799,0.6502997399097991,0.11690557071763158
screen,instant_RF_exact_pathways,1000.0,read,90.0,0.8,0.0,8.0,5.0,0.001,increasing_alternating_centering_x_flip_train,original,increasing_alternating_centering,original_flip_train,inc_alt_center_flip_train,-0.040165959438222085,0.0358583832810075,0.04924840194385574,0.05527870030579066,0.02850275953041681,5.2411436890702894e-08,-2.4644915198536685e-07,-8.965689922897164e-08,-2.6134669745213314e-07,-5.214300780503504e-08,0.0013253253883927507,0.0358583832801606,-0.04924840194377413,0.05527870030517286,-0.028502759530369116,-0.0018671020253961043,0.04742670762509899,0.0516666325660322,0.026541785580889102,0.028914608496426204,-0.007640728336963082,0.07752064230959055,0.000798874040864617,0.08473239564774553,0.00036989904205651634,-0.045263822856817404,0.6861995598071784,0.12308664326457168,0.8448956700223673,0.23651893062294319
screen,instant_RF_exact_pathways,1000.0,read,90.0,0.8,0.0,8.0,6.0,0.001,increasing_alternating_centering_x_flip_train,original,increasing_alternating_centering,original_flip_train,inc_alt_center_flip_train,0.010153549274279326,0.04541869797671042,0.03585810782508452,0.01760587864708212,0.018198837769735545,1.1011666362689892e-07,-1.0180075091562057e-07,-1.3675682853773047e-07,-1.4287236070550697e-07,-6.771177470071795e-08,-0.04547208938530808,-0.04541869797659633,0.03585810782482374,-0.017605878646502413,0.01819883776960958,0.0008483668190126872,0.03894612568678316,0.037363227278922245,0.018072644105349797,0.01733811251650157,0.037421685957368674,0.08271071025934465,0.0008729032755560537,0.04456259673950426,0.00014647571308433726,0.045010646557700484,0.7851874809976376,0.1635980618916619,0.9141129924466823,0.33753421989840715
screen,instant_RF_exact_pathways,1000.0,read,90.0,0.8,0.0,8.0,7.0,0.001,increasing_alternating_centering_x_flip_train,original,increasing_alternating_centering,original_flip_train,inc_alt_center_flip_train,0.03248242483624532,0.05066955190354696,0.025996302304246932,0.004661751973138226,0.01247092721008352,-3.343349540436204e-08,-1.9583770596495865e-07,-4.637118942906867e-08,-1.360140161661242e-07,-1.9980995034596264e-08,0.06885667896846058,0.050669551903168505,-0.025996302304205573,-0.0046617519711540135,-0.012470927210067513,-0.0006848456535662358,0.02576069867418543,0.026930261736889255,0.010676345309724656,0.011161062718862243,0.06363407428821724,0.07739277098236216,0.0006904787025811257,0.013711943226505945,0.0006437252349421538,0.16283221732884978,0.8812835985887849,0.24422729721023598,0.9597747279352403,0.48555064388554114
screen,instant_RF_exact_pathways,1000.0,read,90.0,0.8,0.0,8.0,8.0,0.001,increasing_alternating_centering_x_flip_train,original,increasing_alternating_centering,original_flip_train,inc_alt_center_flip_train,0.0007314939520914332,0.03215159579951962,0.018919499178171994,0.02103007116672704,0.00852946849747084,1.1093980210098493e-07,-6.785351182599451e-08,-7.06402972301925e-08,-1.3914342838681748e-07,-3.099041169003053e-08,-0.06357169764634032,-0.03215159579944802,0.018919499178040117,0.021030071166266727,0.008529468497414542,0.001188114877172703,0.02114984294141668,0.01918958288713751,0.008330909558721485,0.00755876438161502,0.05094057514240366,0.05711542048769598,0.000422373524185364,0.006451197597402478,0.0006987257762955197,0.22039680506300796,0.9206935245330666,0.31733768687849745,0.975101465153078,0.5921424325615168
screen,instant_RF_exact_pathways,1000.0,read,90.0,1.0,0.0,8.0,1.0,0.001,increasing_alternating_centering_x_flip_train,original,increasing_alternating_centering,original_flip_train,inc_alt_center_flip_train,0.0,0.18663396088449194,0.20793430677042551,0.18663396088449194,0.20793430677042551,0.0,-3.0702785146159754e-07,-3.4206863051991803e-07,-3.0702785146159754e-07,-3.4206863051991803e-07,0.0,-0.1866339608842394,-0.20793430677014416,-0.1866339608842394,-0.20793430677014416,0.0,0.1866339610514622,0.20793430686639466,0.1866339610514622,0.20793430686639466,0.0,0.0,0.0,0.0,0.0,0.0,8.946403422654344e-10,4.615359086053876e-10,8.946403422654344e-10,4.615359086053876e-10
screen,instant_RF_exact_pathways,1000.0,read,90.0,1.0,0.0,8.0,2.0,0.001,increasing_alternating_centering_x_flip_train,original,increasing_alternating_centering,original_flip_train,inc_alt_center_flip_train,-2.742222744483991e-05,0.16951202840484011,0.1693070302726701,0.1682472936651266,0.16801487330551176,4.8097356306297865e-11,-6.210414651694744e-07,-6.202904157195868e-07,-6.163658025408068e-07,-6.155666557346129e-07,-2.742222744483991e-05,0.16951202840370247,0.16930703027153382,0.1682472936639976,0.1680148733043841,1.5570884178972566e-06,0.16951202769283688,0.16930703050535367,0.16822447239388763,0.16802103229482232,-1.4892209605336084e-10,5.900124483705165e-15,2.294446931414427e-15,2.436934990144348e-10,9.476779728352171e-11,-0.0001548791755264778,4.3122141742843e-09,1.3743446011901856e-09,0.00021857737495348015,6.369526155742924e-05
screen,instant_RF_exact_pathways,1000.0,read,90.0,1.0,0.0,8.0,3.0,0.001,increasing_alternating_centering_x_flip_train,original,increasing_alternating_centering,original_flip_train,inc_alt_center_flip_train,0.004503842219921422,0.1240119169747176,0.1376518505277571,0.1143082920613361,0.13245206783429703,1.8530817085167515e-08,-2.0400956027377498e-07,-2.2644834865942072e-07,-2.146565099097326e-07,-2.1856448121021084e-07,-0.004503842219961113,-0.1240119169745498,-0.13765185052757084,-0.11430829206113455,-0.1324520678341167,-0.0005117835888858585,0.12401191681735917,0.137651851314565,0.1193588692630323,0.13248702017135228,-0.004975777245723326,1.4814477314999301e-12,1.1273647976616585e-14,0.005005297925055411,2.952067786191112e-05,-0.039034642384471956,1.2654906002669892e-08,5.716514871499498e-09,0.041129992481327066,0.0020953431584639732
screen,instant_RF_exact_pathways,1000.0,read,90.0,1.0,0.0,8.0,4.0,0.001,increasing_alternating_centering_x_flip_train,original,increasing_alternating_centering,original_flip_train,inc_alt_center_flip_train,0.02048655431571056,0.11261164175038768,0.11127099323385256,0.080500404313384,0.09964631011255944,-2.8797835660498744e-09,-4.1257543606592354e-07,-4.0766370285955127e-07,-3.685464086804714e-07,-3.66514459040149e-07,0.020486554315871153,0.11261164174963191,0.11127099323310578,0.08050040431254037,0.09964631011188539,0.00013673721923268545,0.11261164138723825,0.11127099389974558,0.10112599520494986,0.09992208493668987,-0.02044523961757842,3.642688683157365e-12,3.333557653521297e-14,0.02067023142704061,0.0002249918058528326,-0.16535043196666085,1.7925372392222272e-08,5.985151769363773e-09,0.17159233375284919,0.006241889845967709
screen,instant_RF_exact_pathways,1000.0,read,90.0,1.0,0.0,8.0,5.0,0.001,increasing_alternating_centering_x_flip_train,original,increasing_alternating_centering,original_flip_train,inc_alt_center_flip_train,0.045462372673230514,0.08236747698717976,0.08973108876974001,0.019967071894520138,0.0727930563503109,9.860396193134215e-08,-1.355011124205936e-07,-1.476148481613861e-07,-2.0905062031818452e-07,-1.2256039412763488e-07,-0.04546237267423166,-0.08236747698706831,-0.08973108876961859,-0.01996707189342578,-0.07279305635020772,-0.001348972992537334,0.0823674767066181,0.08973108966433699,0.06727821248555334,0.07329285245073489,-0.04704443681188645,6.565084919883592e-12,8.263322048172045e-14,0.047452278296354115,0.00040784147798521764,-0.40464994526937903,3.118868760273138e-08,9.970996663609408e-09,0.4254890368559302,0.020839070368860284
screen,instant_RF_exact_pathways,1000.0,read,90.0,1.0,0.0,8.0,6.0,0.001,increasing_alternating_centering_x_flip_train,original,increasing_alternating_centering,original_flip_train,inc_alt_center_flip_train,0.05054310942585671,0.07477989739541373,0.07174059606927793,0.0064703477726885325,0.053974155872409446,-3.019546825195087e-08,-2.739712194182731e-07,-2.628361288119609e-07,-1.8163888761943693e-07,-2.0069926526507557e-07,0.0634838049682907,0.07477989739491185,0.07174059606879646,-0.006470347770139003,0.0539741558720363,0.0007230764475824186,0.07477989726839819,0.07174059674135441,0.0569890990283816,0.05467287494892024,-0.06325315915226307,9.383317254906514e-12,1.2678671675551952e-13,0.06388929873047594,0.000636139568956349,-0.5341530136670183,3.8296556906433925e-08,1.0378526084493483e-08,0.5676816134716687,0.033528571886619514
screen,instant_RF_exact_pathways,1000.0,read,90.0,1.0,0.0,8.0,7.0,0.001,increasing_alternating_centering_x_flip_train,original,increasing_alternating_centering,original_flip_train,inc_alt_center_flip_train,0.010170926530839147,0.054684728689865444,0.05716747227597474,0.028866327803961516,0.04151999792090996,1.2419990980997436e-07,-8.996076856577826e-08,-9.404508408786369e-08,-1.909794144113932e-07,-7.086382012350426e-08,-0.0679035821380733,-0.05468472868979145,-0.057167472275897385,0.028866327803329758,-0.04151999792084949,-0.0006477212890976872,0.0546847283409899,0.05716747305108212,0.04041807313838256,0.0422530965593771,-0.06909322361574796,1.2554005213074247e-11,1.7275786751108142e-13,0.06975988193077977,0.0006666583026505695,-0.6478480282152463,5.903939560949914e-08,1.4490136658445791e-08,0.696798403688737,0.04895033092423171
screen,instant_RF_exact_pathways,1000.0,read,90.0,1.0,0.0,8.0,8.0,0.001,increasing_alternating_centering_x_flip_train,original,increasing_alternating_centering,original_flip_train,inc_alt_center_flip_train,0.011295588693956686,0.04963675547742614,0.045036203130391014,0.025732681737289927,0.032427718084211486,-3.902696189948079e-08,-1.8185425391634915e-07,-1.6499920485750575e-07,-9.848387773111723e-08,-1.2065579057175462e-07,0.06276095216809274,0.04963675547709301,0.04503620313008876,-0.02573268173710147,0.03242771808398702,0.001226061953316357,0.0496367555074751,0.045036203658705316,0.03640839955925211,0.03303390966379868,-0.06198464169930802,1.5288902866090813e-11,2.0032103392730598e-13,0.062543491307051,0.0005588495926544,-0.6627627521743663,6.878443227868703e-08,1.5872982269010167e-08,0.7185765069460267,0.055813701860210375
screen,instant_RF_exact_pathways,1000.0,read,0.0,1.0,0.0,8.0,1.0,0.001,increasing_alternating_centering_x_flip_train,original,increasing_alternating_centering,original_flip_train,inc_alt_center_flip_train,0.0,0.1866339610514625,0.20793430686639502,0.1866339610514625,0.20793430686639502,0.0,0.1866339610510982,0.20793430686598932,0.1866339610510982,0.20793430686598932,0.0,3.6875220575367384e-07,4.1074746597655864e-07,3.6875220575367384e-07,4.1074746597655864e-07,0.0,0.18663396105146215,0.20793430686639475,0.18663396105146215,0.20793430686639475,0.0,0.0,0.0,0.0,0.0,0.0,8.946403422654347e-10,4.615359086053874e-10,8.946403422654347e-10,4.615359086053874e-10
screen,instant_RF_exact_pathways,1000.0,read,0.0,1.0,0.0,8.0,2.0,0.001,increasing_alternating_centering_x_flip_train,original,increasing_alternating_centering,original_flip_train,inc_alt_center_flip_train,-7.695233627591502e-06,0.1695120276928331,0.16930703050535445,0.16823145309353002,0.16801876067242377,-7.692804238845774e-06,0.1695120276928329,0.16930703050535428,0.16823145045298954,0.16801876046127207,-3.82292953604757e-05,8.121607752290936e-09,7.167963033523136e-09,2.9806776404705225e-05,-8.423472600489239e-06,1.5570884178972566e-06,0.16951202769283683,0.1693070305053537,0.16822447239388763,0.1680210322948224,-2.1662395350125824e-10,7.083573959423051e-15,1.838710053209363e-15,2.9257364458441103e-10,7.594444621924659e-11,-0.00015487917552647784,4.312214174284302e-09,1.3743446011901854e-09,0.00021857737495348015,6.369526155742922e-05
screen,instant_RF_exact_pathways,1000.0,read,0.0,1.0,0.0,8.0,3.0,0.001,increasing_alternating_centering_x_flip_train,original,increasing_alternating_centering,original_flip_train,inc_alt_center_flip_train,-0.005268633943866188,0.1240119168188417,0.13765185131463376,0.12433326497559984,0.13270456552752571,-0.005268644362762476,0.12401191681860019,0.13765185131436375,0.12433326294243165,0.13270455307543272,3.497524222684551e-05,2.447535025170452e-07,2.7263680676979407e-07,2.2485125657617025e-05,5.748825118871528e-05,-0.0005117835888858308,0.12401191681735914,0.1376518513145651,0.11935886926303221,0.13248702017135233,-0.004741024996658811,1.4773051901428289e-12,6.756711617058491e-14,0.004951335249925656,0.00021031025185710707,-0.03903464238447199,1.2654906002669895e-08,5.7165148714994945e-09,0.04112999248132709,0.0020953431584639724
screen,instant_RF_exact_pathways,1000.0,read,0.0,1.0,0.0,8.0,4.0,0.001,increasing_alternating_centering_x_flip_train,original,increasing_alternating_centering,original_flip_train,inc_alt_center_flip_train,-0.006704927950557632,0.11261164138793871,0.11127099389979273,0.10823444253440184,0.10018886709569823,-0.006704932756384008,0.11261164138793858,0.11127099389979264,0.10823443542440536,0.10018885517987541,-8.809392758804758e-05,5.2892092086391834e-09,4.197950275419624e-09,3.9231275277081645e-05,-4.886374356989914e-05,0.0001367372192326577,0.11261164138723823,0.11127099389974564,0.10112599520494983,0.0999220849366899,-0.006747567123304464,6.951333409924485e-13,4.6269633918217917e-14,0.007010317615675269,0.0002627504917219413,-0.16535043196666088,1.7925372392222275e-08,5.9851517693637695e-09,0.1715923337528492,0.006241889845967707
screen,instant_RF_exact_pathways,1000.0,read,0.0,1.0,0.0,8.0,5.0,0.001,increasing_alternating_centering_x_flip_train,original,increasing_alternating_centering,original_flip_train,inc_alt_center_flip_train,-0.0198607369382392,0.08236747670887778,0.08973108966438952,0.0863488505980592,0.07385172661533174,-0.019860793108684743,0.08236747670871772,0.08973108966421275,0.08634884902629492,0.07385166887310521,7.585992239599402e-05,1.6238120194530957e-07,1.7810532098557462e-07,1.6475438598113358e-05,9.235108511314765e-05,-0.00134897299253732,0.0823674767066181,0.08973108966433702,0.06727821248555331,0.0732928524507349,-0.018225323933496473,2.2530522215720768e-12,5.136534971364724e-14,0.018774923111973756,0.0005495991762755969,-0.40464994526937914,3.118868760273138e-08,9.970996663609404e-09,0.4254890368559303,0.02083907036886028
screen,instant_RF_exact_pathways,1000.0,read,0.0,1.0,0.0,8.0,6.0,0.001,increasing_alternating_centering_x_flip_train,original,increasing_alternating_centering,original_flip_train,inc_alt_center_flip_train,-0.01276349548778724,0.07477989726904101,0.07174059674137348,0.07088989095549268,0.05508709494003791,-0.012763533926850174,0.07477989726904094,0.07174059674137344,0.07088989025428426,0.05508705579976658,-5.569593738067807e-05,3.405137728250677e-09,2.4639318353330777e-09,-9.970816311199466e-06,-6.566769489777045e-05,0.0007230764475824464,0.07477989726839819,0.07174059674135444,0.05698909902838156,0.054672874948920265,-0.012954692546517802,6.373717632880689e-13,1.8067881771291836e-14,0.013356792142059273,0.00040209959492216725,-0.5341530136670185,3.8296556906433925e-08,1.0378526084493478e-08,0.5676816134716688,0.03352857188661949
screen,instant_RF_exact_pathways,1000.0,read,0.0,1.0,0.0,8.0,7.0,0.001,increasing_alternating_centering_x_flip_train,original,increasing_alternating_centering,original_flip_train,inc_alt_center_flip_train,-0.020970525547627933,0.054684728343621425,0.0571674730510814,0.06097231389451421,0.042484533054346255,-0.020970576033607274,0.054684728343515496,0.057167473050968386,0.06097230272095665,0.04248447139480226,0.0001092887390783646,1.0763596880709389e-07,1.1367553637225514e-07,-3.691280528324024e-05,7.238197336268953e-05,-0.0006477212890976872,0.054684728340989884,0.057167473051082156,0.04041807313838253,0.04225309655937712,-0.019776979709453572,2.6252332896845896e-12,1.629484768981005e-15,0.019997692012821946,0.00022071230074476803,-0.6478480282152467,5.903939560949916e-08,1.4490136658445783e-08,0.6967984036887371,0.048950330924231546
screen,instant_RF_exact_pathways,1000.0,read,0.0,1.0,0.0,8.0,8.0,0.001,increasing_alternating_centering_x_flip_train,original,increasing_alternating_centering,original_flip_train,inc_alt_center_flip_train,-0.00916153446777411,0.04963675550773804,0.04503620365866576,0.046886921338988405,0.033124835022142016,-0.009161548792968863,0.04963675550773799,0.04503620365866573,0.04688689481415132,0.0331247941721102,-2.148199886965535e-06,2.1549363722822572e-09,1.4404812858882871e-09,-4.987319115527268e-05,-5.2022105497324605e-05,0.0012260619533163847,0.049636755507475094,0.04503620365870532,0.03640839955925208,0.0330339096637987,-0.009876894489972704,2.580849971402978e-13,4.0325692805203664e-14,0.009959150947764865,8.225645757440211e-05,-0.6627627521743661,6.878443227868704e-08,1.5872982269010163e-08,0.7185765069460268,0.05581370186021073
screen,instant_RF_exact_pathways,1000.0,read,0.0,0.8,0.0,8.0,1.0,0.001,increasing_alternating_centering_x_flip_train,original,increasing_alternating_centering,original_flip_train,inc_alt_center_flip_train,0.0,0.16055437185145946,0.17887683999786422,0.16055437185145946,0.17887683999786422,0.0,0.16055317007974165,0.17887648330939204,0.16055317007974165,0.17887648330939204,0.0,0.0006212068594829929,0.00035722050094833273,0.0006212068594829929,0.00035722050094833273,0.0,0.16054957544226223,0.17887293662526701,0.16054957544226223,0.17887293662526701,0.0,0.0,0.0,0.0,0.0,0.0,0.0038746002361893226,0.002010866201569564,0.0038746002361893226,0.002010866201569564
screen,instant_RF_exact_pathways,1000.0,read,0.0,0.8,0.0,8.0,2.0,0.001,increasing_alternating_centering_x_flip_train,original,increasing_alternating_centering,original_flip_train,inc_alt_center_flip_train,-4.009040757366189e-05,0.13191218540212818,0.13175088930246578,0.12541935149167316,0.1252179649844371,-8.909905863579981e-06,0.1318396735330772,0.1317460226553007,0.1253131347125763,0.1252105739289362,0.001015471823358911,-0.004373229957029753,0.0011324073911787003,-0.005160619836760933,0.0013604893348064312,7.90668384259563e-06,0.13189586750926574,0.13173636094062832,0.12535783629557484,0.12520623641078002,-1.7727913040878243e-05,0.00013168963817858554,3.418317688352201e-05,0.00015563248691914257,4.039811258320081e-05,-0.005548992860110374,0.03357885604428669,0.010456361739012968,0.04152262235045516,0.012851135185071067
screen,instant_RF_exact_pathways,1000.0,read,0.0,0.8,0.0,8.0,3.0,0.001,increasing_alternating_centering_x_flip_train,original,increasing_alternating_centering,original_flip_train,inc_alt_center_flip_train,-0.01541323047714882,0.11251525161480602,0.09804043570763585,0.1139508324068631,0.0840627860225441,-0.015365609286842219,0.11219967076115289,0.09800966685766793,0.11356130826489359,0.0840056950745664,-0.0003512010903855157,0.008421147607779013,0.002456061113251459,0.00941389777843429,0.0030976101935212197,-0.0014510446692953816,0.08727829866427463,0.09687794285461131,0.0740856524045878,0.0822342519256291,-0.013871563943056647,0.02482974912741733,0.0011267932572555867,0.03932691116385957,0.0017523913506411793,-0.09798922794788478,0.2787551367063922,0.052877247299141096,0.40030360318557284,0.07643648583043695
screen,instant_RF_exact_pathways,1000.0,read,0.0,0.8,0.0,8.0,4.0,0.001,increasing_alternating_centering_x_flip_train,original,increasing_alternating_centering,original_flip_train,inc_alt_center_flip_train,-0.014084260143689659,0.08581267311891375,0.07162617318927134,0.07942426612852241,0.05115350605519034,-0.01422439646959503,0.08544937682882689,0.07161504155815399,0.07920540076158754,0.051146669021319605,-0.0015692303831016559,-0.007887893722577971,-0.0012627384382240332,-0.0058922440759578455,-0.0008363191747055635,0.00025274706755895604,0.07168665597295829,0.0708332225798119,0.05045642028523402,0.04985573395964659,-0.012649340854438522,0.012934014733382081,0.0007661762468198014,0.02605382945789126,0.001236650116890458,-0.1299313225355342,0.47314668010586125,0.06968383344922799,0.6502997399097991,0.11690557071763162
screen,instant_RF_exact_pathways,1000.0,read,0.0,0.8,0.0,8.0,5.0,0.001,increasing_alternating_centering_x_flip_train,original,increasing_alternating_centering,original_flip_train,inc_alt_center_flip_train,-0.019997985839168397,0.0794894390963923,0.052528628426461485,0.07744099549869533,0.03048219898959611,-0.020249133038732006,0.07921097450788883,0.05250312958061618,0.07743897859340661,0.030482000627401955,0.004562282716202053,0.006647739869282414,0.0016365172184501175,0.0005589080772936365,0.00010996814266339282,-0.0018671020253961043,0.04742670762509899,0.0516666325660322,0.026541785580889092,0.028914608496426197,-0.015750644466202307,0.030709443161987163,0.0008126151817479466,0.0471303807254274,0.0014829082789858776,-0.045263822856817404,0.6861995598071784,0.12308664326457157,0.8448956700223673,0.23651893062294307
screen,instant_RF_exact_pathways,1000.0,read,0.0,0.8,0.0,8.0,6.0,0.001,increasing_alternating_centering_x_flip_train,original,increasing_alternating_centering,original_flip_train,inc_alt_center_flip_train,-0.024214321205754417,0.05571203049193708,0.037891856406237275,0.06063484387904087,0.018600348587586645,-0.02419432188787904,0.055621925633359603,0.03788622964506638,0.06051940263430066,0.018589384758128394,-0.005615574655643359,-0.003167290698931885,-0.0006529817701882804,0.0037398124315347883,0.0006385467046350336,0.000848366819012715,0.03894612568678318,0.03736322727892224,0.018072644105349787,0.017338112516501563,-0.02142617444694913,0.015021384253667185,0.0004940000939501501,0.03711539088613076,0.0011618322794645977,0.04501064655770015,0.7851874809976375,0.16359806189166193,0.9141129924466824,0.3375342198984071
screen,instant_RF_exact_pathways,1000.0,read,0.0,0.8,0.0,8.0,7.0,0.001,increasing_alternating_centering_x_flip_train,original,increasing_alternating_centering,original_flip_train,inc_alt_center_flip_train,-0.013666320846100387,0.05451459858788776,0.02735581571749284,0.05310882969042469,0.012283725973929387,-0.013586652795047234,0.054512088066785945,0.027354498691648462,0.053013737114923846,0.012269494944739135,0.002840337779009429,0.0005231766408276184,0.0002684304342484672,-0.003176707131021217,-0.0005911155585909387,-0.0006848456535662219,0.025760698674185446,0.026930261736889255,0.01067634530972465,0.011161062718862236,-0.00988431856996241,0.02711320328470768,0.0003966446339739712,0.03762840098886808,0.001027523768171956,0.16283221732884967,0.8812835985887847,0.24422729721023598,0.9597747279352403,0.4855506438855413
screen,instant_RF_exact_pathways,1000.0,read,0.0,0.8,0.0,8.0,8.0,0.001,increasing_alternating_centering_x_flip_train,original,increasing_alternating_centering,original_flip_train,inc_alt_center_flip_train,-0.01759765163033667,0.03783901879692642,0.019419079515106005,0.044452196526048295,0.008434605613891205,-0.01762220334804221,0.037788124335170266,0.019418634404723734,0.04442358190244426,0.008431888623955521,0.0004497528241503581,0.001961887546182047,0.0001314803015259017,0.0015947247245988447,0.0002140703040930575,0.0011881148771727135,0.02114984294141669,0.019189582887137506,0.008330909558721485,0.007558764381615015,-0.016039343035323846,0.014684286537396693,0.00020373783482130234,0.031329591174146285,0.0008096994362470503,0.22039680506300796,0.9206935245330666,0.3173376868784975,0.975101465153078,0.5921424325615169
screen,instant_RF_exact_pathways,1000.0,read,90.0,1.0,0.0,8.0,1.0,0.0,increasing_alternating_centering_x_flip_train,original,increasing_alternating_centering,original_flip_train,inc_alt_center_flip_train,0.0,0.5717088319203254,0.6368838357851905,0.5717088319203254,0.6368838357851905,0.0,-9.405069332735742e-07,-1.047725047434877e-06,-9.405069332735742e-07,-1.047725047434877e-06,0.0,-0.5717088319195518,-0.6368838357843287,-0.5717088319195518,-0.6368838357843287,0.0,0.5717088321694964,0.6368838359288798,0.5717088321694964,0.6368838359288798,0.0,0.0,0.0,0.0,0.0,0.0,4.3583552155117837e-10,2.2561301536644559e-10,4.3583552155117837e-10,2.2561301536644559e-10
screen,instant_RF_exact_pathways,1000.0,read,90.0,1.0,0.0,8.0,2.0,0.0,increasing_alternating_centering_x_flip_train,original,increasing_alternating_centering,original_flip_train,inc_alt_center_flip_train,-9.358733107145412e-06,0.5214104584975701,0.5214104555738165,0.5174581940765982,0.5174488324197375,8.656733398115736e-11,-1.910292259641127e-06,-1.910292251611504e-06,-1.8958481729457211e-06,-1.895761597582117e-06,-9.358733106812345e-06,0.5214104584940707,0.5214104555703172,0.5174581940731252,0.5174488324162648,1.4532819392343299e-11,0.5214104578138995,0.5214104559005881,0.5174500025764559,0.5174500006776773,-4.2349981209220567e-10,1.701439232788821e-14,6.76068380290837e-15,7.027473422702495e-10,2.7923727646951884e-10,-6.893075236273994e-05,1.4638737946851762e-09,6.26723447114393e-10,9.965578607651831e-05,3.07241965634308e-05
screen,instant_RF_exact_pathways,1000.0,read,90.0,1.0,0.0,8.0,3.0,0.0,increasing_alternating_centering_x_flip_train,original,increasing_alternating_centering,original_flip_train,inc_alt_center_flip_train,0.01385738620679905,0.38314905161276686,0.4268281785808852,0.35327815930731743,0.4108146724822348,5.7151544693192224e-08,-6.303109539624004e-07,-7.021666273460588e-07,-6.629270665248469e-07,-6.776311952153131e-07,-0.013857386206921285,-0.3831490516122484,-0.4268281785803076,-0.3532781593066954,-0.4108146724816759,-0.0016388832973501244,0.38314905158900237,0.42682817946624896,0.36877292707457726,0.41081317165447373,-0.015318789570115733,4.551826915080609e-12,2.8587663950041936e-14,0.01540052605888875,8.173648424977651e-05,-0.0386709480518413,4.558552230674989e-09,2.0748737371072497e-09,0.040500254584259945,0.0018293040487401516
screen,instant_RF_exact_pathways,1000.0,read,90.0,1.0,0.0,8.0,4.0,0.0,increasing_alternating_centering_x_flip_train,original,increasing_alternating_centering,original_flip_train,inc_alt_center_flip_train,0.06292978587449438,0.3493680813661013,0.34936807623202015,0.2500025485679948,0.31293232930840803,-7.3322501773634145e-09,-1.2799803511970821e-06,-1.2799803352899105e-06,-1.1436833730488123e-06,-1.151015607319004e-06,0.06292978587499354,0.3493680813637566,0.3493680762296754,0.25000254856537885,0.3129323293062912,4.119071750352532e-10,0.34936808104036854,0.3493680770018016,0.3137348364061289,0.3137348327794692,-0.06305050363503789,1.1223794210296299e-11,1.1066782713884462e-13,0.06379711835885198,0.0007466147127009519,-0.16399992701538843,5.980697346921803e-09,2.20412451619013e-09,0.17010329000884938,0.006103359216888119
screen,instant_RF_exact_pathways,1000.0,read,90.0,1.0,0.0,8.0,5.0,0.0,increasing_alternating_centering_x_flip_train,original,increasing_alternating_centering,original_flip_train,inc_alt_center_flip_train,0.1394304108150315,0.2566739718121287,0.2859348968704743,0.06333873107161701,0.23203006694499412,3.0671806484154253e-07,-4.222492922090214e-07,-4.703858665203504e-07,-6.496144583601987e-07,-3.9103296782998513e-07,-0.1394304108180729,-0.25667397181178137,-0.2859348968700874,-0.06333873106828572,-0.23203006694466463,-0.005360439158924701,0.2566739716190429,0.28593489787040965,0.20965272571849167,0.23355321281093375,-0.14540830576212352,2.0288443395029602e-11,2.7987913283597884e-13,0.1468392991697372,0.0014309933876051287,-0.4025834985529666,1.0758011531741774e-08,3.4983845186192945e-09,0.4232887707674207,0.020705264954827125
screen,instant_RF_exact_pathways,1000.0,read,90.0,1.0,0.0,8.0,6.0,0.0,increasing_alternating_centering_x_flip_train,original,increasing_alternating_centering,original_flip_train,inc_alt_center_flip_train,0.15771632238179512,0.23399574373332235,0.2339957339331431,0.018244748392604968,0.17596106097422085,-8.518138898882815e-08,-8.572905492818232e-07,-8.572905156591877e-07,-5.705957194053253e-07,-6.557770747715179e-07,0.19420581915686047,0.23399574373175192,0.2339957339315727,-0.018244748383682414,0.17596106097299885,2.126535114665984e-09,0.23399574365851122,0.23399573472006588,0.17832608889140744,0.1783260820794972,-0.19574420347597074,2.9075119540696367e-11,4.4272766953618013e-13,0.19805635091585566,0.0023121474112525156,-0.530965811047428,1.2763492058022908e-08,3.6917348575953886e-09,0.5656976664711381,0.03473184635195284
screen,instant_RF_exact_pathways,1000.0,read,90.0,1.0,0.0,8.0,7.0,0.0,increasing_alternating_centering_x_flip_train,original,increasing_alternating_centering,original_flip_train,inc_alt_center_flip_train,0.031291743270147915,0.1718767432780152,0.19147073899909306,0.08801875561397948,0.13890449460520526,3.894621857663711e-07,-2.827510423899744e-07,-3.1498474175365564e-07,-5.966268471947788e-07,-2.39398360792089e-07,-0.207329254495905,-0.17187674327778263,-0.19147073899883396,0.08801875561195739,-0.13890449460499896,-0.005111862241937187,0.17187674298069947,0.19147073989497354,0.1270359564605115,0.14151809113284838,-0.21403406213254805,3.900567147126177e-11,6.254231973543505e-13,0.21659710233611143,0.0025630401651831414,-0.6433913561216182,2.0053711933333755e-08,5.011680245744668e-09,0.6952315016808901,0.051840130517240166
screen,instant_RF_exact_pathways,1000.0,read,90.0,1.0,0.0,8.0,8.0,0.0,increasing_alternating_centering_x_flip_train,original,increasing_alternating_centering,original_flip_train,inc_alt_center_flip_train,0.03436771850966089,0.1566584058516637,0.15665839102199128,0.07816749439507059,0.11253519807505905,-1.076384002648087e-07,-5.739496315303304e-07,-5.739495786797507e-07,-3.141440114767048e-07,-4.2178235889093386e-07,0.1907027072983804,0.15665840585061233,0.1566583910209399,-0.07816749439443935,0.11253519807426862,3.8032346438843234e-09,0.15665840595213512,0.15665839168125903,0.11490843387944448,0.11490842341180302,-0.19224321512711565,4.7617988778079076e-11,7.616966732442766e-13,0.19458008143808253,0.00233686626411059,-0.6558804123897807,2.2924986031976418e-08,5.5713892482407125e-09,0.7171646404962827,0.06128421075290526
screen,instant_RF_exact_pathways,1000.0,read,90.0,0.8,0.0,8.0,1.0,0.0,increasing_alternating_centering_x_flip_train,original,increasing_alternating_centering,original_flip_train,inc_alt_center_flip_train,0.0,0.4908112020452584,0.54726944031104,0.4908112020452584,0.54726944031104,0.0,-8.102429782049828e-07,-9.020801528761797e-07,-8.102429782049828e-07,-9.020801528761797e-07,0.0,-0.4908112020445896,-0.5472694403102966,-0.4908112020445896,-0.5472694403102966,0.0,0.49180550937401357,0.5478715068166312,0.49180550937401357,0.5478715068166312,0.0,0.0,0.0,0.0,0.0,0.0,0.002017669842923321,0.0010977128796690477,0.002017669842923321,0.0010977128796690477
screen,instant_RF_exact_pathways,1000.0,read,90.0,0.8,0.0,8.0,2.0,0.0,increasing_alternating_centering_x_flip_train,original,increasing_alternating_centering,original_flip_train,inc_alt_center_flip_train,0.0010970597927866255,0.4012838267020751,0.4064476580061263,0.38033911883076377,0.38660000992760163,-9.439845549164366e-10,-1.4815843700612237e-06,-1.487320556997678e-06,-1.4071691312726023e-06,-1.413849302763973e-06,0.0010970597927906223,0.40128382669934,0.40644765800340504,0.3803391188281606,0.3866000099250163,7.379580280186815e-11,0.405705044047879,0.40570504255914785,0.385594389395636,0.38559438798070067,-3.465806860345811e-05,0.000316311960928632,0.00012568683675003825,0.00037382149273456554,0.00014853829995251368,-0.0021568959688444012,0.012487635937756538,0.0046711700976999,0.015564740087864645,0.005591378278963607
screen,instant_RF_exact_pathways,1000.0,read,90.0,0.8,0.0,8.0,3.0,0.0,increasing_alternating_centering_x_flip_train,original,increasing_alternating_centering,original_flip_train,inc_alt_center_flip_train,0.04097228456831928,0.18378950857574847,0.2980411964901385,0.09697599563519489,0.2521999681179042,1.6726627643240516e-07,-7.334093874159748e-07,-5.060587263574876e-07,-8.316674110645995e-07,-4.3705047357370704e-07,-0.04097228457047308,-0.18378950857428514,-0.29804119648970884,-0.0969759956316287,-0.2521999681175255,-0.004646676688860707,0.26965632187404015,0.30039723828032344,0.22889612695025183,0.2549903666676744,-0.0447120730368679,0.07656575134014983,0.00047485047474066385,0.1215377263567795,0.0007347524545024271,-0.10894800949320166,0.24417538771374347,0.027337409191391458,0.3681611365659318,0.04237514855037814
screen,instant_RF_exact_pathways,1000.0,read,90.0,0.8,0.0,8.0,4.0,0.0,increasing_alternating_centering_x_flip_train,original,increasing_alternating_centering,original_flip_train,inc_alt_center_flip_train,-0.0984029881840174,0.05320311181419983,0.21938683481320456,0.08558928052766333,0.15337001534265068,4.645719942908472e-08,-7.580829868180014e-07,-8.191520558185002e-07,-5.675726008453827e-07,-5.821844704167968e-07,0.07277557286445079,0.05320311180879893,0.21938683481167529,-0.08558928052578144,0.1533700153415457,7.613753238988608e-10,0.22240177946923823,0.22240177689835527,0.15653677110167957,0.15653676929217195,-0.08023310857282812,0.16349292387526465,0.001478079871909761,0.2444825620811423,0.002234609504959308,-0.15038287348062623,0.44521776392479545,0.04251792763530509,0.6307908591326211,0.0777081493625045
screen,instant_RF_exact_pathways,1000.0,read,90.0,0.8,0.0,8.0,5.0,0.0,increasing_alternating_centering_x_flip_train,original,increasing_alternating_centering,original_flip_train,inc_alt_center_flip_train,-0.140785249554655,0.09527275582684341,0.16006763271692037,0.1666896734844204,0.09069930081984239,1.714660714767124e-07,-7.486174100040712e-07,-2.8375428086264816e-07,-8.038292623152094e-07,-1.67500061697074e-07,-0.002048585761598845,0.09527275582390224,-0.16006763271666888,0.16668967348248223,-0.09069930081968773,-0.0074193381676346815,0.1477913600571814,0.16463962893284623,0.08270965423856996,0.09213858494660009,-0.02271840542884107,0.23910913547610907,0.002751545972133816,0.26052513636875174,0.001449141435935403,-0.07576541934470071,0.6669295093424583,0.08061024012213891,0.8360432067635306,0.17395851819851052
screen,instant_RF_exact_pathways,1000.0,read,90.0,0.8,0.0,8.0,6.0,0.0,increasing_alternating_centering_x_flip_train,original,increasing_alternating_centering,original_flip_train,inc_alt_center_flip_train,0.01377482125837734,0.1307576093171604,0.1180484797964544,0.056787996569194255,0.057853688306865596,3.4308640004220305e-07,-3.321589307522888e-07,-4.4927631884985314e-07,-4.4760347496605575e-07,-2.2163446302141704e-07,-0.13416440423846668,-0.13075760931673852,0.11804847979559946,-0.05678799656743025,0.05785368830644106,2.49500840820982e-09,0.1218673463803741,0.12186734172514153,0.056551586078389365,0.056551583918165206,0.11707515664184362,0.25486335544993144,0.0030811567606905373,0.1350550704824703,0.0003480284350730216,0.01913957723756954,0.772111228214572,0.11770594919992715,0.9097794541582832,0.2745137523812079
screen,instant_RF_exact_pathways,1000.0,read,90.0,0.8,0.0,8.0,7.0,0.0,increasing_alternating_centering_x_flip_train,original,increasing_alternating_centering,original_flip_train,inc_alt_center_flip_train,0.09122338018627213,0.15172585925347928,0.08744825632154406,0.013489660006773247,0.04043543726111016,-9.269548052951703e-08,-6.038619860985002e-07,-1.5726729110848647e-07,-4.241408308878435e-07,-7.024161642734681e-08,0.21222833831273646,0.1517258592522776,-0.08744825632140264,-0.013489660000105347,-0.040435437261049145,-0.005404850352991916,0.08096712042560118,0.09019739486683288,0.033556269079922846,0.03738169316816262,0.1980954246421346,0.23734234638310225,0.0025330678075831253,0.038822802327662435,0.0021089483942778953,0.1537633576214389,0.8740615181218521,0.18533594834974584,0.9580273907684275,0.4230651786177601
screen,instant_RF_exact_pathways,1000.0,read,90.0,0.8,0.0,8.0,8.0,0.0,increasing_alternating_centering_x_flip_train,original,increasing_alternating_centering,original_flip_train,inc_alt_center_flip_train,-0.0055404437669085566,0.09757101105213878,0.06548202871327181,0.06691755216756712,0.029288126061791597,3.5828856217871954e-07,-2.212427807241876e-07,-2.484521895757342e-07,-4.406412645383339e-07,-1.095621112111609e-07,-0.20068246586921812,-0.09757101105188794,0.06548202871280048,0.06691755216611635,0.02928812606158667,3.6855230950427753e-09,0.06675095194006753,0.0667509458593561,0.02629315712232982,0.026293154727141492,0.1515161633151353,0.17312642447230486,0.0015197490937635168,0.022602119358244178,0.002511607294838128,0.22923849340206803,0.9161819677002013,0.2581519588544155,0.9742312946772465,0.5454397792335287
screen,instant_RF_exact_pathways,1000.0,read,0.0,1.0,0.0,8.0,1.0,0.0,increasing_alternating_centering_x_flip_train,original,increasing_alternating_centering,original_flip_train,inc_alt_center_flip_train,0.0,0.5717088321694999,0.6368838359288833,0.5717088321694999,0.6368838359288833,0.0,0.5717088321683844,0.636883835927641,0.5717088321683844,0.636883835927641,0.0,1.1293225337692751e-06,1.257931804676126e-06,1.1293225337692751e-06,1.257931804676126e-06,0.0,0.5717088321694963,0.6368838359288799,0.5717088321694963,0.6368838359288799,0.0,0.0,0.0,0.0,0.0,0.0,4.358355215511784e-10,2.2561301536644556e-10,4.358355215511784e-10,2.2561301536644556e-10
screen,instant_RF_exact_pathways,1000.0,read,0.0,1.0,0.0,8.0,2.0,0.0,increasing_alternating_centering_x_flip_train,original,increasing_alternating_centering,original_flip_train,inc_alt_center_flip_train,-2.9055054008630954e-05,0.521410457813892,0.5214104559005924,0.5174716927134172,0.517442635746109,-2.9054259963912088e-05,0.5214104578138914,0.5214104559005919,0.5174716918493836,0.5174426356761201,-3.841320705211738e-05,2.347524320086568e-08,2.2464809391178825e-08,2.9903609665703984e-05,-8.510607820223084e-06,1.4532930414645762e-11,0.5214104578138994,0.5214104559005881,0.5174500025764558,0.5174500006776774,-6.250130099127172e-10,2.0528477925657762e-14,5.395764651702351e-15,8.478900112972787e-10,2.228618686712875e-10,-6.893075236273997e-05,1.4638737946851766e-09,6.26723447114393e-10,9.965578607651834e-05,3.0724196563430794e-05
screen,instant_RF_exact_pathways,1000.0,read,0.0,1.0,0.0,8.0,3.0,0.0,increasing_alternating_centering_x_flip_train,original,increasing_alternating_centering,original_flip_train,inc_alt_center_flip_train,-0.016261783114134343,0.38314905159355495,0.4268281794664664,0.3840784951020165,0.41149583986079363,-0.01626178665561623,0.38314905159280777,0.4268281794656323,0.38407849445696635,0.41149583567417464,3.635182918196189e-05,7.566564746713014e-07,8.438325372073375e-07,2.2259824113263036e-05,5.869882935776096e-05,-0.0016388832973502354,0.38314905158900214,0.426828179466249,0.36877292707457726,0.4108131716544739,-0.01457236052321872,4.5331676517379735e-12,2.1380480503631327e-13,0.01523276004631488,0.0006603995187767983,-0.0386709480518413,4.558552230674991e-09,2.0748737371072497e-09,0.040500254584259945,0.001829304048740151
screen,instant_RF_exact_pathways,1000.0,read,0.0,1.0,0.0,8.0,4.0,0.0,increasing_alternating_centering_x_flip_train,original,increasing_alternating_centering,original_flip_train,inc_alt_center_flip_train,-0.0211662284315019,0.3493680810425538,0.3493680770019711,0.33580327847849106,0.31463704600640646,-0.021166230311960132,0.34936808104255346,0.3493680770019708,0.33580327628671236,0.3146370419341696,-8.898738098428497e-05,1.56083402158496e-08,1.4501695367539987e-08,3.836682091165276e-05,-5.062166671748053e-05,4.1190723054640443e-10,0.3493680810403685,0.34936807700180167,0.3137348364061289,0.31373483277946934,-0.020859400539918537,2.1663365404193646e-12,1.6683848001495223e-13,0.02174825197535027,0.0008888514334322336,-0.16399992701538843,5.980697346921804e-09,2.2041245161901297e-09,0.17010329000884938,0.006103359216888116
screen,instant_RF_exact_pathways,1000.0,read,0.0,1.0,0.0,8.0,5.0,0.0,increasing_alternating_centering_x_flip_train,original,increasing_alternating_centering,original_flip_train,inc_alt_center_flip_train,-0.06253390391221159,0.25667397162603534,0.28593489787061643,0.2688160649763238,0.23554308730869333,-0.06253392315453427,0.25667397162553524,0.2859348978700568,0.2688160645872617,0.235543067677249,8.164525955242265e-05,5.066945387318637e-07,5.656952810832274e-07,1.4462790354952027e-05,9.616705064972605e-05,-0.00536043915892459,0.2566739716190428,0.28593489787040965,0.20965272571849167,0.23355321281093394,-0.05621453095177415,6.9678741360505686e-12,2.0410886617921349e-13,0.05817311057572297,0.001958579617185055,-0.4025834985529666,1.0758011531741777e-08,3.4983845186192945e-09,0.4232887707674207,0.020705264954827107
screen,instant_RF_exact_pathways,1000.0,read,0.0,1.0,0.0,8.0,6.0,0.0,increasing_alternating_centering_x_flip_train,original,increasing_alternating_centering,original_flip_train,inc_alt_center_flip_train,-0.04175442439103458,0.23399574366055756,0.23399573472019816,0.2219003774564124,0.18014594412501844,-0.04175443828112865,0.23399574366055734,0.23399573472019797,0.22190037708868968,0.18014592986720165,-5.8897002726283855e-05,1.0332185179390016e-08,9.441800852564762e-09,-1.2774804144597809e-05,-7.167269725520849e-05,2.1265351979327107e-09,0.2339957436585112,0.23399573472006588,0.1783260888914074,0.1783260820794973,-0.03996190874546162,2.0267198981875504e-12,1.2947016554832408e-13,0.04173056223657375,0.0017686534892148809,-0.530965811047428,1.2763492058022908e-08,3.6917348575953886e-09,0.5656976664711381,0.034731846351952825
screen,instant_RF_exact_pathways,1000.0,read,0.0,1.0,0.0,8.0,7.0,0.0,increasing_alternating_centering_x_flip_train,original,increasing_alternating_centering,original_flip_train,inc_alt_center_flip_train,-0.06788846630725798,0.1718767429888963,0.1914707398950749,0.19130136433108003,0.14300689493000066,-0.06788848467706535,0.1718767429885618,0.19147073989469976,0.19130136006417336,0.143006872293246,0.00012082845477397506,3.391047155331482e-07,3.790326914039471e-07,-4.040458044825841e-05,8.046380230158746e-05,-0.005111862241937187,0.1718767429806994,0.19147073989497357,0.1270359564605115,0.14151809113284847,-0.06091510445582029,8.172772235958045e-12,9.938749744052938e-14,0.06235406908678033,0.001438964622886655,-0.6433913561216181,2.0053711933333762e-08,5.011680245744667e-09,0.6952315016808901,0.05184013051724031
screen,instant_RF_exact_pathways,1000.0,read,0.0,1.0,0.0,8.0,8.0,0.0,increasing_alternating_centering_x_flip_train,original,increasing_alternating_centering,original_flip_train,inc_alt_center_flip_train,-0.03196207607676038,0.15665840595303046,0.15665839168126905,0.1480713786994609,0.11610928835093912,-0.03196208282025695,0.15665840595303032,0.15665839168126894,0.1480713689430653,0.11610927185104697,-8.147084511269485e-06,6.794921050390493e-09,6.189251566086513e-09,-5.375207717158518e-05,-6.189976735233896e-05,3.803234671639899e-09,0.15665840595213507,0.15665839168125903,0.11490843387944445,0.11490842341180309,-0.030207915779483136,8.777067941569146e-13,7.982056488156754e-15,0.03136462747681924,0.0011567116964663817,-0.6558804123897807,2.2924986031976427e-08,5.5713892482407125e-09,0.7171646404962828,0.061284210752905334
screen,instant_RF_exact_pathways,1000.0,read,0.0,0.8,0.0,8.0,1.0,0.0,increasing_alternating_centering_x_flip_train,original,increasing_alternating_centering,original_flip_train,inc_alt_center_flip_train,0.0,0.4918741430933228,0.5479395279897853,0.4918741430933228,0.5479395279897853,0.0,0.4918732685899014,0.5479392664273832,0.4918732685899014,0.5479392664273832,0.0,0.0009275184512122105,0.000535388354253085,0.0009275184512122105,0.000535388354253085,0.0,0.4918055093740136,0.5478715068166311,0.4918055093740136,0.5478715068166311,0.0,0.0,0.0,0.0,0.0,0.0,0.0020176698429233207,0.001097712879669048,0.0020176698429233207,0.001097712879669048
screen,instant_RF_exact_pathways,1000.0,read,0.0,0.8,0.0,8.0,2.0,0.0,increasing_alternating_centering_x_flip_train,original,increasing_alternating_centering,original_flip_train,inc_alt_center_flip_train,-7.204383134279402e-05,0.40560346278717363,0.40577706176034184,0.3855439328844628,0.38564548802628823,-6.151779118002132e-05,0.4055786868828026,0.40577619474746246,0.3855079724650638,0.38564396253854366,0.0010285064716314277,-0.0044830537993365595,0.0008388248480304172,-0.005265676584712988,0.001084708534285417,7.379602484647307e-11,0.4057050440478791,0.40570504255914785,0.38559438939563595,0.3855943879807007,-5.1149358646922986e-05,0.0003816417878704745,0.00010031183393437155,0.00045102911193364,0.0001185497993506141,-0.0021568959688444064,0.012487635937756534,0.0046711700976999,0.015564740087864647,0.005591378278963606
screen,instant_RF_exact_pathways,1000.0,read,0.0,0.8,0.0,8.0,3.0,0.0,increasing_alternating_centering_x_flip_train,original,increasing_alternating_centering,original_flip_train,inc_alt_center_flip_train,-0.04744892455878208,0.34630122962674353,0.30399014706141864,0.35033151762959197,0.260571510505485,-0.047435558986404724,0.3461849071174292,0.30397740589814287,0.35019193697407197,0.2605488767683809,-0.00026212303514235556,0.0089750612862222,0.0027832020872806617,0.009888352896247014,0.00343437066216312,-0.0046466766888607625,0.2696563218740402,0.3003972382803235,0.22889612695025185,0.2549903666676744,-0.042648698925733045,0.07619591687491128,0.003535648314321017,0.12078655834611533,0.005477590859792017,-0.10894800949320169,0.24417538771374356,0.02733740919139145,0.3681611365659319,0.04237514855037814
screen,instant_RF_exact_pathways,1000.0,read,0.0,0.8,0.0,8.0,4.0,0.0,increasing_alternating_centering_x_flip_train,original,increasing_alternating_centering,original_flip_train,inc_alt_center_flip_train,-0.04512483135423456,0.2654832868539148,0.22518798549171487,0.2464348637646137,0.16101473104817923,-0.045174338090888166,0.26536579422816453,0.22518258692862872,0.2463686822135913,0.1610111368231673,-0.0017031718966853768,-0.007897521915984734,-0.0015592799451548448,-0.0057109108749988004,-0.0010758408008542883,7.613752961432851e-10,0.2224017794692383,0.22240177689835536,0.15653677110167957,0.15653676929217192,-0.03907761584978783,0.04018554997929705,0.0027001830669543827,0.08081791139158627,0.004254928629455769,-0.1503828734806263,0.4452177639247954,0.042517927635305076,0.6307908591326211,0.0777081493625045
screen,instant_RF_exact_pathways,1000.0,read,0.0,0.8,0.0,8.0,5.0,0.0,increasing_alternating_centering_x_flip_train,original,increasing_alternating_centering,original_flip_train,inc_alt_center_flip_train,-0.06373184811121294,0.24590032485047184,0.16777484717201208,0.2394483179279446,0.09759099213827192,-0.0638181912451824,0.24580313147909982,0.16776437696802293,0.23944763127467325,0.09759068551841399,0.004709904250456542,0.006913054074426646,0.0018743436512832752,0.0005734417757303586,0.0002446356030435289,-0.007419338167634654,0.14779136005718152,0.1646396289328463,0.08270965423856996,0.0921385849466001,-0.04755034006246059,0.09436740796121512,0.0030218322912512084,0.1440268435077948,0.005130927775370289,-0.07576541934470082,0.6669295093424582,0.08061024012213888,0.8360432067635306,0.1739585181985105
screen,instant_RF_exact_pathways,1000.0,read,0.0,0.8,0.0,8.0,6.0,0.0,increasing_alternating_centering_x_flip_train,original,increasing_alternating_centering,original_flip_train,inc_alt_center_flip_train,-0.07825444608005039,0.17488043647467955,0.12437353880076432,0.19026326417118639,0.061501920417220794,-0.07823747178892887,0.1748551736174902,0.12437080882328923,0.19022073734511666,0.06149890076198685,-0.005561463075646285,-0.002972426747926262,-0.0008240548926319628,0.00402253364868546,0.0006094424283334738,2.49500840820982e-09,0.12186734638037415,0.12186734172514159,0.05655158607838937,0.05655158391816522,-0.06587503208999532,0.04728147059094342,0.0023664813747317024,0.11533431914307804,0.0045442978368710205,0.019139577237569427,0.772111228214572,0.1177059491999271,0.9097794541582833,0.27451375238120784
screen,instant_RF_exact_pathways,1000.0,read,0.0,0.8,0.0,8.0,7.0,0.0,increasing_alternating_centering_x_flip_train,original,increasing_alternating_centering,original_flip_train,inc_alt_center_flip_train,-0.045799650379608814,0.1698037786517086,0.09250004638764482,0.16494519980920908,0.041841817165536484,-0.04577654184355709,0.16980297517904142,0.09249946683451352,0.1649177214098565,0.04183767122177151,0.0026165816250377626,0.0005223645702922899,0.0003274401428932372,-0.0030106652223167315,-0.0005890080246780216,-0.005404850352991944,0.08096712042560121,0.09019739486683293,0.03355626907992286,0.03738169316816262,-0.029926412210802625,0.08310148847423987,0.002165305451200431,0.11493253344075725,0.004069938206915185,0.153763357621439,0.8740615181218521,0.18533594834974576,0.9580273907684275,0.4230651786177601
screen,instant_RF_exact_pathways,1000.0,read,0.0,0.8,0.0,8.0,8.0,0.0,increasing_alternating_centering_x_flip_train,original,increasing_alternating_centering,original_flip_train,inc_alt_center_flip_train,-0.05865946305750003,0.1204705721166085,0.06870157416942199,0.140568117125688,0.030139656121001487,-0.05867170048899022,0.12045031938648097,0.06870144325182909,0.1405598058121503,0.03013922918850819,0.0007066400728743753,0.002208915072539875,0.0001341211105627669,0.00152857525550457,0.00016042136640183753,3.6855230811649875e-09,0.06675095194006757,0.06675094585935616,0.026293157122329824,0.026293154727141495,-0.048945099618521504,0.04673089937616398,0.0018026191672599714,0.09736726327369723,0.0034938834462717137,0.22923849340206814,0.9161819677002013,0.25815195885441544,0.9742312946772465,0.5454397792335287
screen,finite_RF_static_Bloch,1000.0,read,90.0,0.8,0.0,8.0,1.0,,increasing_alternating_centering_x_duration500,original,increasing_alternating_centering,original_duration500,inc_alt_center_duration500,0.0,0.2697870344096004,0.28711333277371676,0.2697870344096004,0.28711333277371676,0.0,0.2697744019263688,0.28710010648972295,0.2697744019263688,0.28710010648972295,0.0,-0.002610747172157214,-0.0027558501448304547,-0.002610747172157214,-0.0027558501448304547,,,,,,,,,,,,,,,
screen,finite_RF_static_Bloch,1000.0,read,90.0,0.8,0.0,8.0,2.0,,increasing_alternating_centering_x_duration500,original,increasing_alternating_centering,original_duration500,inc_alt_center_duration500,-6.903258000401369e-06,0.19944691012095758,0.20176904374004082,0.19945305926783993,0.20176828962892276,6.838099995104541e-06,-0.19942779818713444,-0.20176795633885053,-0.19943388237458695,-0.20176720242630794,-4.6689239702412365e-06,0.002761026444804865,-0.0006624247989117974,0.00276575709343422,-0.0006623630742526834,,,,,,,,,,,,,,,
screen,finite_RF_static_Bloch,1000.0,read,90.0,0.8,0.0,8.0,3.0,,increasing_alternating_centering_x_duration500,original,increasing_alternating_centering,original_duration500,inc_alt_center_duration500,1.3130596995328259e-05,0.1026164201003395,0.13769018045938236,0.10260998288274932,0.1376968738387875,1.3284509364427932e-05,0.1025895450168853,0.13768488288634428,0.10258295339269703,0.13769157577152044,-6.576023759226682e-06,0.0023483882638571,0.0012078160087281744,0.002355049984577148,0.0012079017056889952,,,,,,,,,,,,,,,
screen,finite_RF_static_Bloch,1000.0,read,90.0,0.8,0.0,8.0,4.0,,increasing_alternating_centering_x_duration500,original,increasing_alternating_centering,original_duration500,inc_alt_center_duration500,-4.432562062145484e-06,0.04499564308129846,0.11507472549072165,0.04499901145052635,0.11507366129788739,4.472413084793958e-06,-0.04499167112355308,-0.11505826985102727,-0.044995039321218844,-0.11505716563560824,-2.32059785599246e-06,-0.0005978509928417442,-0.0019460178964053778,-0.0005978862823077318,-0.001948373783727358,,,,,,,,,,,,,,,
screen,finite_RF_static_Bloch,1000.0,read,90.0,0.8,0.0,8.0,5.0,,increasing_alternating_centering_x_duration500,original,increasing_alternating_centering,original_duration500,inc_alt_center_duration500,2.6829865332703845e-06,0.005523451207374798,0.08585224604479288,0.005534843572934274,0.08586632139688563,2.4121115898771694e-05,-0.003069001308399183,0.08583154857069515,-0.0030791111166209237,0.08584555987837218,-1.001231692114319e-05,0.004592357151757061,-0.0018850519600407919,0.004599300828207836,-0.0018881206005111595,,,,,,,,,,,,,,,
screen,finite_RF_static_Bloch,1000.0,read,90.0,0.8,0.0,8.0,6.0,,increasing_alternating_centering_x_duration500,original,increasing_alternating_centering,original_duration500,inc_alt_center_duration500,3.645770975478635e-05,0.019934257836277655,0.06839254301851765,0.019918559426087182,0.06841330231808196,-5.846186617766702e-06,0.019860460756066595,-0.0683924302395139,0.019845557895551397,-0.06841317928664686,4.375086890741169e-06,0.0017136901820153717,-0.0001242033534609758,0.0017037727034097578,-0.00012974574517584845,,,,,,,,,,,,,,,
screen,finite_RF_static_Bloch,1000.0,read,90.0,0.8,0.0,8.0,7.0,,increasing_alternating_centering_x_duration500,original,increasing_alternating_centering,original_duration500,inc_alt_center_duration500,1.0687187515324992e-05,0.04136813003409695,0.05253293504593668,0.04136735769500685,0.05254284989436191,9.613786676881952e-06,-0.04132097828873353,0.052460481201891125,-0.041320255272818684,0.052470818004482854,8.828679807884252e-06,0.001974572303048442,-0.002758111057704252,0.0019735214353389084,-0.0027503332456059017,,,,,,,,,,,,,,,
screen,finite_RF_static_Bloch,1000.0,read,90.0,0.8,0.0,8.0,8.0,,increasing_alternating_centering_x_duration500,original,increasing_alternating_centering,original_duration500,inc_alt_center_duration500,8.638777511914275e-06,0.041793601509860556,0.04287985682580943,0.0417879903201699,0.04288288441363069,2.4361295633892888e-06,0.04176078400911361,-0.04287894916407023,0.041755284117810626,-0.04288201292580982,8.526670338139834e-06,0.001655912470265133,-0.00027899818457547397,0.0016529922079444852,-0.000273391776557982,,,,,,,,,,,,,,,
screen,finite_RF_static_Bloch,1000.0,read,0.0,1.0,0.0,8.0,1.0,,increasing_alternating_centering_x_duration500,original,increasing_alternating_centering,original_duration500,inc_alt_center_duration500,0.0,0.2455084451217991,0.24850106405226652,0.2455084451217991,0.24850106405226652,0.0,-0.0032448769234316712,-0.004910058550749369,-0.0032448769234316712,-0.004910058550749369,0.0,0.2454870004702392,0.2484525511242275,0.2454870004702392,0.2484525511242275,,,,,,,,,,,,,,,
screen,finite_RF_static_Bloch,1000.0,read,0.0,1.0,0.0,8.0,2.0,,increasing_alternating_centering_x_duration500,original,increasing_alternating_centering,original_duration500,inc_alt_center_duration500,-2.312206239474257e-06,0.17408066530266472,0.16710657940215481,0.17408458945196295,0.16710819134521357,1.5614636773774934e-06,-0.0031780999121127037,0.00029111478832184734,-0.003180891475143328,0.0002898846889686007,-2.2597256505718644e-06,0.17405165242871729,0.1671063258278055,0.17405552623827217,0.1671079399117098,,,,,,,,,,,,,,,
screen,finite_RF_static_Bloch,1000.0,read,0.0,1.0,0.0,8.0,3.0,,increasing_alternating_centering_x_duration500,original,increasing_alternating_centering,original_duration500,inc_alt_center_duration500,-1.381532990749057e-05,0.16069829149525128,0.12495895048190177,0.16071013117768185,0.12495697483442485,5.091697689319115e-06,0.0012929808305973509,-0.002839343451830773,0.0012928336983222379,-0.002834398886416567,-1.37051227293572e-05,0.16069308973961655,0.12492668823874634,0.16070493098899047,0.1249248243653909,,,,,,,,,,,,,,,
screen,finite_RF_static_Bloch,1000.0,read,0.0,1.0,0.0,8.0,4.0,,increasing_alternating_centering_x_duration500,original,increasing_alternating_centering,original_duration500,inc_alt_center_duration500,-1.3056323216076304e-05,0.12932732414796347,0.10046737760226368,0.12932181563059236,0.1004488127616765,-2.8502437333264782e-06,0.004887420181354245,-0.0022408196984272355,0.00489552555105059,-0.0022355645724642173,-1.2633084873370226e-05,0.12923494069036945,0.10044238492466702,0.1292291214377469,0.1004239325871711,,,,,,,,,,,,,,,
screen,finite_RF_static_Bloch,1000.0,read,0.0,1.0,0.0,8.0,5.0,,increasing_alternating_centering_x_duration500,original,increasing_alternating_centering,original_duration500,inc_alt_center_duration500,-2.6724630020735773e-05,0.11169357192447797,0.07816957138341778,0.11169692094529887,0.07814619577421794,-1.8967010246898758e-05,0.005770167366950598,-0.005616352670434555,0.005766853024670433,-0.005638634022961619,-2.8569800642017085e-05,0.11154442692401048,0.07796754756274274,0.11154795181827497,0.07794250265636521,,,,,,,,,,,,,,,
screen,finite_RF_static_Bloch,1000.0,read,0.0,1.0,0.0,8.0,6.0,,increasing_alternating_centering_x_duration500,original,increasing_alternating_centering,original_duration500,inc_alt_center_duration500,-1.4719195464446555e-05,0.09049070100074613,0.053798897219883283,0.09050224216828115,0.053795719191953854,-4.4431354574671865e-05,0.007266492132741192,0.002460207071492084,0.00728940352450401,0.00243868710868023,-1.1930578307645101e-05,0.09019847592776303,0.053742615522887845,0.09020820602219709,0.05374041503901425,,,,,,,,,,,,,,,
screen,finite_RF_static_Bloch,1000.0,read,0.0,1.0,0.0,8.0,7.0,,increasing_alternating_centering_x_duration500,original,increasing_alternating_centering,original_duration500,inc_alt_center_duration500,-2.9725887989801025e-05,0.07884813956707859,0.03766314918775467,0.07885325032431124,0.037638534056997526,5.176409501607502e-06,-0.0031371731978516474,0.0012443375440218491,-0.0031280812430030574,0.0012586059083720467,-3.057955815892466e-05,0.07878570465202546,0.03764258799306449,0.07879118094333695,0.03761748472621706,,,,,,,,,,,,,,,
screen,finite_RF_static_Bloch,1000.0,read,0.0,1.0,0.0,8.0,8.0,,increasing_alternating_centering_x_duration500,original,increasing_alternating_centering,original_duration500,inc_alt_center_duration500,6.370856024770499e-06,0.06270890884743201,0.032852346214220014,0.06270918639953113,0.032858994622343915,6.528501895792724e-06,0.005649352500825831,-0.00034721490374492545,0.005643905364635043,-0.00034613353803992125,5.889017263747964e-06,0.062453919533980815,0.03285051131397491,0.06245469070555217,0.03285717150281001,,,,,,,,,,,,,,,
screen,finite_RF_static_Bloch,1000.0,read,90.0,1.0,0.0,8.0,1.0,,increasing_alternating_centering_x_duration500,original,increasing_alternating_centering,original_duration500,inc_alt_center_duration500,0.0,0.2441917467263025,0.24805902664203094,0.2441917467263025,0.24805902664203094,0.0,0.2441691149836675,0.24801095795424974,0.2441691149836675,0.24801095795424974,0.0,-0.0033245236253082477,-0.004883178596691768,-0.0033245236253082477,-0.004883178596691768,,,,,,,,,,,,,,,
screen,finite_RF_static_Bloch,1000.0,read,90.0,1.0,0.0,8.0,2.0,,increasing_alternating_centering_x_duration500,original,increasing_alternating_centering,original_duration500,inc_alt_center_duration500,-3.945512327907519e-06,0.1810054625174696,0.17079813292236287,0.18100828048430814,0.1707970053768735,4.054055842389603e-06,-0.1809909593379285,-0.1707952953030239,-0.18099390365496876,-0.17079418556422177,-6.887334654986574e-06,-0.002291309472639517,-0.0009845364990666411,-0.002281324970681621,-0.0009814393317637317,,,,,,,,,,,,,,,
screen,finite_RF_static_Bloch,1000.0,read,90.0,1.0,0.0,8.0,3.0,,increasing_alternating_centering_x_duration500,original,increasing_alternating_centering,original_duration500,inc_alt_center_duration500,5.468456941867816e-06,0.09808397421500868,0.12603428804179534,0.09808673308201912,0.12604251536574765,5.805554500457055e-06,0.09806726087512398,0.1260085135099864,0.09806982535884706,0.12601688354820995,-1.7505855074817066e-05,0.0018106193031298635,0.002548781121597586,0.0018211427150286977,0.0025417986784216032,,,,,,,,,,,,,,,
screen,finite_RF_static_Bloch,1000.0,read,90.0,1.0,0.0,8.0,4.0,,increasing_alternating_centering_x_duration500,original,increasing_alternating_centering,original_duration500,inc_alt_center_duration500,4.391047282739646e-06,0.054362214233792165,0.102479901452497,0.05434897880041855,0.10247105706640612,-4.646116626920438e-06,-0.05427295960162368,-0.10247388038104,-0.05425964317460561,-0.10246521007064885,-1.7254618837397092e-05,0.003113870980185276,0.0011108741448973944,0.003114902761374743,0.001094651307249464,,,,,,,,,,,,,,,
screen,finite_RF_static_Bloch,1000.0,read,90.0,1.0,0.0,8.0,5.0,,increasing_alternating_centering_x_duration500,original,increasing_alternating_centering,original_duration500,inc_alt_center_duration500,-3.7356001461513744e-05,0.03926057160997544,0.06719870301731103,0.039257633670251674,0.06715840907612575,-3.654280431122231e-05,0.03911595587572645,0.06713067391258548,0.03911285948907664,0.06709103472162445,-1.3763574591463788e-05,-0.003366671809106231,0.003022963322781366,-0.0033683859599852014,0.003007485597310932,,,,,,,,,,,,,,,
screen,finite_RF_static_Bloch,1000.0,read,90.0,1.0,0.0,8.0,6.0,,increasing_alternating_centering_x_duration500,original,increasing_alternating_centering,original_duration500,inc_alt_center_duration500,3.382723603435542e-05,0.017959469282255617,0.05265453842660682,0.017944984886402816,0.052673881266788375,-3.561825106607533e-05,-0.017802192437405818,-0.05265122857183834,-0.017786000349742863,-0.05267065473524146,-1.918884295886705e-05,0.0023715988956512545,0.0005903785184510047,0.0023834164831544316,0.0005830072629953147,,,,,,,,,,,,,,,
screen,finite_RF_static_Bloch,1000.0,read,90.0,1.0,0.0,8.0,7.0,,increasing_alternating_centering_x_duration500,original,increasing_alternating_centering,original_duration500,inc_alt_center_duration500,4.2146639022667964e-05,0.01003975030576161,0.04162721945950903,0.010025875558988713,0.0416554913517588,4.627479215813836e-05,0.009654510853550183,0.04162569764519586,0.009636696545802828,0.04165415812960664,-3.4490851724397475e-05,0.0027544521017295017,0.00035594308655045284,0.002766271933205242,0.000333272066301796,,,,,,,,,,,,,,,
screen,finite_RF_static_Bloch,1000.0,read,90.0,1.0,0.0,8.0,8.0,,increasing_alternating_centering_x_duration500,original,increasing_alternating_centering,original_duration500,inc_alt_center_duration500,1.1804683209645133e-05,0.0011126382786846487,0.031170458407442383,0.0011000258805416044,0.031169650692508984,-1.0411154680195836e-05,-0.0008278170500010721,-0.031152284158000407,-0.0008168289141527621,-0.031151707176832293,1.3433729057624796e-05,0.000743426439482657,-0.001064269265408158,0.0007367818285390537,-0.0010574801472941365,,,,,,,,,,,,,,,
screen,finite_RF_static_Bloch,1000.0,read,0.0,0.8,0.0,8.0,1.0,,increasing_alternating_centering_x_duration500,original,increasing_alternating_centering,original_duration500,inc_alt_center_duration500,0.0,0.2739454106026763,0.2910134879142601,0.2739454106026763,0.2910134879142601,0.0,-0.004991579147107938,-0.005448413794415983,-0.004991579147107938,-0.005448413794415983,0.0,0.2738999308650644,0.2909624802876619,0.2738999308650644,0.2909624802876619,,,,,,,,,,,,,,,
screen,finite_RF_static_Bloch,1000.0,read,0.0,0.8,0.0,8.0,2.0,,increasing_alternating_centering_x_duration500,original,increasing_alternating_centering,original_duration500,inc_alt_center_duration500,-4.427022881725584e-06,0.20311633593669665,0.2029574251374335,0.20312166140880294,0.20295832358665808,4.652021054762923e-06,0.006792072383082392,0.00021784565898888943,0.006785936032223695,0.00021636132918495532,-4.633626436351124e-06,0.20300274302849206,0.20295730822437952,0.20300827669245153,0.20295820826190264,,,,,,,,,,,,,,,
screen,finite_RF_static_Bloch,1000.0,read,0.0,0.8,0.0,8.0,3.0,,increasing_alternating_centering_x_duration500,original,increasing_alternating_centering,original_duration500,inc_alt_center_duration500,-3.252808097209403e-06,0.1881336324321432,0.14436125294133134,0.18813900767546896,0.14436337537655988,1.2394914968357363e-05,-0.0028804625945044347,-0.009038245090426137,-0.002889640607217431,-0.009035028188170776,-2.9067454008768756e-06,0.18811158015219165,0.1440780395357892,0.18811681526719318,0.14408036790538986,,,,,,,,,,,,,,,
screen,finite_RF_static_Bloch,1000.0,read,0.0,0.8,0.0,8.0,4.0,,increasing_alternating_centering_x_duration500,original,increasing_alternating_centering,original_duration500,inc_alt_center_duration500,-3.7752312603833715e-06,0.1455171690923911,0.10656826234349202,0.1455218679089936,0.10656918592883413,1.3995515501967655e-05,0.007134656286986935,-0.0032063817495576697,0.0071263242433195016,-0.0032007182777231357,-4.018901993363411e-06,0.14534215899156755,0.10652001527876084,0.14534727222243168,0.10652110960763161,,,,,,,,,,,,,,,
screen,finite_RF_static_Bloch,1000.0,read,0.0,0.8,0.0,8.0,5.0,,increasing_alternating_centering_x_duration500,original,increasing_alternating_centering,original_duration500,inc_alt_center_duration500,-1.8547944005131711e-06,0.13054789918198786,0.08200531796380955,0.13054880525507098,0.08200436924249216,2.624929167652744e-05,-0.005332037905887434,-0.0011749185854500414,-0.0053395058405726285,-0.0011561372284587083,-1.283198525214857e-06,0.13043896408895866,0.0819969007991343,0.13043956543512764,0.08199621894677807,,,,,,,,,,,,,,,
screen,finite_RF_static_Bloch,1000.0,read,0.0,0.8,0.0,8.0,6.0,,increasing_alternating_centering_x_duration500,original,increasing_alternating_centering,original_duration500,inc_alt_center_duration500,6.0767069946510155e-06,0.10270460224719587,0.06625795919357202,0.10269906567109816,0.06625849932446896,1.599364695913704e-05,0.004402119102198071,0.0031584138591125247,0.004378266203977682,0.0031505546078512735,5.4364089624864276e-06,0.10261021718213431,0.06618263804345986,0.10260569611266052,0.06618355338294855,,,,,,,,,,,,,,,
screen,finite_RF_static_Bloch,1000.0,read,0.0,0.8,0.0,8.0,7.0,,increasing_alternating_centering_x_duration500,original,increasing_alternating_centering,original_duration500,inc_alt_center_duration500,2.3192581221423425e-05,0.09213087536241317,0.049904690311878566,0.0921193417452809,0.04991634927596771,1.2618591222878645e-05,-0.004103604759438988,7.813748692443647e-05,-0.004101926745448779,9.24340921375243e-05,2.3104819153990652e-05,0.09203944058403887,0.049904629140568146,0.09202797031641426,0.049916263692097514,,,,,,,,,,,,,,,
screen,finite_RF_static_Bloch,1000.0,read,0.0,0.8,0.0,8.0,8.0,,increasing_alternating_centering_x_duration500,original,increasing_alternating_centering,original_duration500,inc_alt_center_duration500,9.889426603376661e-06,0.07039205354452457,0.04296321998265882,0.0703909848300601,0.04297204069479771,-1.7813727683640979e-06,0.008987383861626386,0.00028169920127250935,0.008987062860385513,0.0002795968272632731,9.870843450179856e-06,0.0698159590175412,0.04296229645675771,0.06981492280658362,0.04297113108925031,,,,,,,,,,,,,,,
screen,instant_RF_exact_pathways,1000.0,read,90.0,0.8,0.0,8.0,1.0,0.001,increasing_alternating_centering_x_duration500,original,increasing_alternating_centering,original_duration500,inc_alt_center_duration500,0.0,0.15992509038940247,0.1785125223377237,0.15992509038940247,0.1785125223377237,0.0,-2.647567851899582e-07,-2.9463352815667465e-07,-2.647567851899582e-07,-2.9463352815667465e-07,0.0,-0.15992509038918332,-0.17851252233748055,-0.15992509038918332,-0.17851252233748055,0.0,0.16054957544226223,0.17887293662526704,0.16054957544226223,0.17887293662526704,0.0,0.0,0.0,0.0,0.0,0.0,0.0038746002361893226,0.002010866201569564,0.0038746002361893226,0.002010866201569564
screen,instant_RF_exact_pathways,1000.0,read,90.0,0.8,0.0,8.0,2.0,0.001,increasing_alternating_centering_x_duration500,original,increasing_alternating_centering,original_duration500,inc_alt_center_duration500,2.8670609012737547e-06,0.1275568297144172,0.13285062746088,0.12759840907732753,0.1328950738846916,-1.1623904622316292e-11,-4.78698473944091e-07,-4.837929887686633e-07,-4.788552965018155e-07,-4.839614352310101e-07,2.8670609012737547e-06,0.12755682971351898,0.1328506274599991,0.127598409076429,0.1328950738838104,3.229905704393854e-06,0.13189586750926569,0.1317363609406283,0.1319391883736687,0.1317829117107357,-5.1017411661064926e-08,0.00010968831029626619,4.265571136106859e-05,0.00010971079959124942,4.2627183244390755e-05,-2.1560663773304012e-05,0.0335788560442867,0.01045636173901297,0.03358096433761527,0.010436909368568227
screen,instant_RF_exact_pathways,1000.0,read,90.0,0.8,0.0,8.0,3.0,0.001,increasing_alternating_centering_x_duration500,original,increasing_alternating_centering,original_duration500,inc_alt_center_duration500,5.310756216867635e-05,0.053845352638173624,0.09459826381985277,0.0538933769687655,0.09469939571261332,-2.9858717034296346e-11,-2.4347512086012256e-07,-1.6467694323366904e-07,-2.436123691071945e-07,-1.6484405019777532e-07,-5.310756216866247e-05,-0.053845352637623155,-0.09459826381970944,-0.053893376968214904,-0.09469939571246985,3.966121697945857e-05,0.08727829866427458,0.09687794285461132,0.08734006898286305,0.09697937439017924,-7.280418200160399e-06,0.02492131347719051,0.00018194275450034744,0.02492943521986629,0.00018278407897596725,-3.3252701591268696e-05,0.2787551367063922,0.05287724729914109,0.27869548847414294,0.05278434636530055
screen,instant_RF_exact_pathways,1000.0,read,90.0,0.8,0.0,8.0,4.0,0.001,increasing_alternating_centering_x_duration500,original,increasing_alternating_centering,original_duration500,inc_alt_center_duration500,0.0001217356274943026,0.011405241987724867,0.06914000788793198,0.011444469523277169,0.06930097105097859,-2.9497335974389076e-10,-2.3832745687621135e-07,-2.5987805171220266e-07,-2.3861082319362343e-07,-2.6045639138935863e-07,0.00012173562749063192,0.011405241985234786,0.06914000788744358,0.011444469520789717,0.06930097105048914,8.121250605080954e-05,0.07168665597295826,0.0708332225798119,0.07176095343168458,0.07098873254458903,-3.512732252871492e-05,0.05304917036302625,0.0004413725843021645,0.05307899430391603,0.00043606920266322916,-0.00014880766468922113,0.4731466801058613,0.06968383344922799,0.47303909965113483,0.06942744532981227
screen,instant_RF_exact_pathways,1000.0,read,90.0,0.8,0.0,8.0,5.0,0.001,increasing_alternating_centering_x_duration500,original,increasing_alternating_centering,original_duration500,inc_alt_center_duration500,0.00020846416814607194,0.0358583832810075,0.04924840194385574,0.03585727953220583,0.04945576236320014,-6.217194557734506e-11,-2.4644915198536685e-07,-8.965689922897164e-08,-2.467051698222327e-07,-8.99750890114148e-08,-0.00020625667054070124,0.0358583832801606,-0.04924840194377413,0.03585727953135714,-0.04945576236311829,0.00013488313903707583,0.04742670762509899,0.0516666325660322,0.04749386291039774,0.05186867099036802,-6.525962509723593e-05,0.07752064230959055,0.000798874040864617,0.07758182205636203,0.0007947941625388705,-0.00046547971674504307,0.6861995598071784,0.12308664326457168,0.6860729580312241,0.12249456177187242
screen,instant_RF_exact_pathways,1000.0,read,90.0,0.8,0.0,8.0,6.0,0.001,increasing_alternating_centering_x_duration500,original,increasing_alternating_centering,original_duration500,inc_alt_center_duration500,0.0002223680450901544,0.04541869797671042,0.03585810782508452,0.04543426812932158,0.036096046022785835,-5.879674332538232e-10,-1.0180075091562057e-07,-1.3675682853773047e-07,-1.0205704068280464e-07,-1.3760108573816836e-07,0.00025350835031044683,-0.04541869797659633,0.03585810782482374,-0.04543426812920696,0.03609604602252356,0.00016786874270306035,0.03894612568678316,0.037363227278922245,0.039014082504284,0.037599052839126144,-8.717606968552949e-05,0.08271071025934465,0.0008729032755560537,0.08279437172036702,0.0008693886668928956,-0.0010461690677348034,0.7851874809976376,0.1635980618916619,0.7850681340484674,0.1624325458747569
screen,instant_RF_exact_pathways,1000.0,read,90.0,0.8,0.0,8.0,7.0,0.001,increasing_alternating_centering_x_duration500,original,increasing_alternating_centering,original_duration500,inc_alt_center_duration500,0.0002175727619001186,0.05066955190354696,0.025996302304246932,0.05070876122069756,0.026253084383297657,-9.399048490380096e-11,-1.9583770596495865e-07,-4.637118942906867e-08,-1.9614261754581834e-07,-4.6770091494832175e-08,-0.0002959913962001376,0.050669551903168505,-0.025996302304205573,0.05070876122031822,-0.026253084383255996,0.00020161608231554495,0.02576069867418543,0.026930261736889255,0.025815433002510404,0.027186612147529772,-0.00010261865329166953,0.07739277098236216,0.0006904787025811257,0.07749019361632217,0.0006852826832494614,-0.002386543446607381,0.8812835985887849,0.24422729721023598,0.8811921692891095,0.24174932446395317
screen,instant_RF_exact_pathways,1000.0,read,90.0,0.8,0.0,8.0,8.0,0.001,increasing_alternating_centering_x_duration500,original,increasing_alternating_centering,original_duration500,inc_alt_center_duration500,0.0002341036579835698,0.03215159579951962,0.018919499178171994,0.03217745886496329,0.019179465901599232,-7.052545304171405e-10,-6.785351182599451e-08,-7.06402972301925e-08,-6.808458021981452e-08,-7.157662015442965e-08,0.00028582978886879107,-0.03215159579944802,0.018919499178040117,-0.032177458864891255,0.019179465901465673,0.0002101364249366272,0.02114984294141668,0.01918958288713751,0.02120174185430507,0.019451618224962528,-9.129916298167284e-05,0.05711542048769598,0.000422373524185364,0.05720189771402217,0.0004175515875298777,-0.004201813681925737,0.9206935245330666,0.31733768687849745,0.9206201298171893,0.3130624784806944
screen,instant_RF_exact_pathways,1000.0,read,90.0,1.0,0.0,8.0,1.0,0.001,increasing_alternating_centering_x_duration500,original,increasing_alternating_centering,original_duration500,inc_alt_center_duration500,0.0,0.18663396088449194,0.20793430677042551,0.18663396088449194,0.20793430677042551,0.0,-3.0702785146159754e-07,-3.4206863051991803e-07,-3.0702785146159754e-07,-3.4206863051991803e-07,0.0,-0.1866339608842394,-0.20793430677014416,-0.1866339608842394,-0.20793430677014416,0.0,0.1866339610514622,0.20793430686639466,0.1866339610514622,0.20793430686639466,0.0,0.0,0.0,0.0,0.0,0.0,8.946403422654344e-10,4.615359086053876e-10,8.946403422654344e-10,4.615359086053876e-10
screen,instant_RF_exact_pathways,1000.0,read,90.0,1.0,0.0,8.0,2.0,0.001,increasing_alternating_centering_x_duration500,original,increasing_alternating_centering,original_duration500,inc_alt_center_duration500,4.151061607837736e-06,0.16951202840484011,0.1693070302726701,0.16956770420229259,0.16936685713173041,-1.520825036632009e-11,-6.210414651694744e-07,-6.202904157195868e-07,-6.21245444669488e-07,-6.205096034699667e-07,4.151061607837736e-06,0.16951202840370247,0.16930703027153382,0.16956770420115455,0.16936685713059374,4.151061557461366e-06,0.16951202769283688,0.16930703050535367,0.16956770349000194,0.1693668573640762,-2.744222049040712e-18,5.900124483705165e-15,2.294446931414427e-15,5.9013341808879695e-15,2.2929124065481904e-15,-2.816732654559803e-12,4.3122141742843e-09,1.3743446011901856e-09,4.31255103525068e-09,1.3718647295020053e-09
screen,instant_RF_exact_pathways,1000.0,read,90.0,1.0,0.0,8.0,3.0,0.001,increasing_alternating_centering_x_duration500,original,increasing_alternating_centering,original_duration500,inc_alt_center_duration500,5.635379747727376e-05,0.1240119169747176,0.1376518505277571,0.12409968513437275,0.13779597248488953,-9.270652085770357e-11,-2.0400956027377498e-07,-2.2644834865942072e-07,-2.0415394594231275e-07,-2.266854408488162e-07,-5.635379747720437e-05,-0.1240119169745498,-0.13765185052757084,-0.12409968513420483,-0.13779597248470307,5.635379717772171e-05,0.12401191681735917,0.137651851314565,0.12409968497654424,0.1377959732709278,-4.33145545791769e-16,1.4814477314999301e-12,1.1273647976616585e-14,1.481930420365629e-12,1.1323191296523652e-14,-1.1090273751188363e-11,1.2654906002669892e-08,5.716514871499498e-09,1.2654432612076884e-08,5.7049512071553015e-09
screen,instant_RF_exact_pathways,1000.0,read,90.0,1.0,0.0,8.0,4.0,0.001,increasing_alternating_centering_x_duration500,original,increasing_alternating_centering,original_duration500,inc_alt_center_duration500,0.00012757567696834726,0.11261164175038768,0.11127099323385256,0.11272835466816404,0.11151528182859727,-4.673991926586414e-10,-4.1257543606592354e-07,-4.0766370285955127e-07,-4.130030373537171e-07,-4.085587033400035e-07,0.00012757567696750072,0.11261164174963191,0.11127099323310578,0.11272835466740748,0.11151528182784885,0.0001275756761622282,0.11261164138723825,0.11127099389974558,0.1127283543049286,0.11151528249359816,-2.3778563969522006e-15,3.642688683157365e-12,3.333557653521297e-14,3.6446993637079814e-12,3.296840068887721e-14,-1.6243351038137074e-11,1.7925372392222272e-08,5.985151769363773e-09,1.7920505515793394e-08,5.964041541896757e-09
screen,instant_RF_exact_pathways,1000.0,read,90.0,1.0,0.0,8.0,5.0,0.001,increasing_alternating_centering_x_duration500,original,increasing_alternating_centering,original_duration500,inc_alt_center_duration500,0.0002342558529708494,0.08236747698717976,0.08973108876974001,0.08248410771521836,0.09008197535074945,-3.8536968519893986e-10,-1.355011124205936e-07,-1.476148481613861e-07,-1.3569297933052332e-07,-1.4819208475651477e-07,-0.00023425585297054408,-0.08236747698706831,-0.08973108876961859,-0.08248410771510674,-0.09008197535062756,0.00023425585222100476,0.0823674767066181,0.08973108966433699,0.08248410743378759,0.09008197624372748,-5.362872804831819e-15,6.565084919883592e-12,8.263322048172045e-14,6.57013481735648e-12,8.232024514977695e-14,-4.226261271617044e-11,3.118868760273138e-08,9.970996663609408e-09,3.117414310392195e-08,9.914189552083809e-09
screen,instant_RF_exact_pathways,1000.0,read,90.0,1.0,0.0,8.0,6.0,0.001,increasing_alternating_centering_x_duration500,original,increasing_alternating_centering,original_duration500,inc_alt_center_duration500,0.0003223223678561621,0.07477989739541373,0.07174059606927793,0.07491038030567462,0.07219340134739499,-1.180892923874209e-09,-2.739712194182731e-07,-2.628361288119609e-07,-2.744492698485295e-07,-2.644950721660915e-07,0.00032232236785399715,0.07477989739491185,0.07174059606879646,0.07491038030517187,0.07219340134691048,0.0003223223648706336,0.07477989726839819,0.07174059674135441,0.07491038017887476,0.07219340201670162,-9.426463471815918e-15,9.383317254906514e-12,1.2678671675551952e-13,9.392395627986087e-12,1.2643862636327665e-13,-6.432552120972086e-11,3.8296556906433925e-08,1.0378526084493483e-08,3.8269318689546466e-08,1.0286962346396307e-08
screen,instant_RF_exact_pathways,1000.0,read,90.0,1.0,0.0,8.0,7.0,0.001,increasing_alternating_centering_x_duration500,original,increasing_alternating_centering,original_duration500,inc_alt_center_duration500,0.000427989973703323,0.054684728689865444,0.05716747227597474,0.054800918547266236,0.057711652107078855,-7.040778653141738e-10,-8.996076856577826e-08,-9.404508408786369e-08,-9.015191020731755e-08,-9.494030359471715e-08,-0.0004279899737027401,-0.05468472868979145,-0.057167472275897385,-0.05480091854719209,-0.057711652107000765,0.0004279899714696028,0.0546847283409899,0.05716747305108212,0.05480091819722138,0.05771165287878321,-1.556741095025796e-14,1.2554005213074247e-11,1.7275786751108142e-13,1.2568688866687318e-11,1.7187411017389474e-13,-1.345945929574445e-10,5.903939560949914e-08,1.4490136658445791e-08,5.898381659175947e-08,1.4299963047748675e-08
screen,instant_RF_exact_pathways,1000.0,read,90.0,1.0,0.0,8.0,8.0,0.001,increasing_alternating_centering_x_duration500,original,increasing_alternating_centering,original_duration500,inc_alt_center_duration500,0.000493171058785484,0.04963675547742614,0.045036203130391014,0.04975855749960456,0.04565117621135492,-1.8068315201662217e-09,-1.8185425391634915e-07,-1.6499920485750575e-07,-1.823005001650319e-07,-1.6725228262635472e-07,0.0004931710587821672,0.04963675547709301,0.04503620313008876,0.04975855749927062,0.04565117621104854,0.000493171054588265,0.0496367555074751,0.045036203658705316,0.04975855753017945,0.04565117673599793,-2.1987562341365698e-14,1.5288902866090813e-11,2.0032103392730598e-13,1.5309525564031684e-11,1.9895616952681193e-13,-2.2128312730351318e-10,6.878443227868703e-08,1.5872982269010167e-08,6.870185620990596e-08,1.556912307292558e-08
screen,instant_RF_exact_pathways,1000.0,read,0.0,1.0,0.0,8.0,1.0,0.001,increasing_alternating_centering_x_duration500,original,increasing_alternating_centering,original_duration500,inc_alt_center_duration500,0.0,0.1866339610514625,0.20793430686639502,0.1866339610514625,0.20793430686639502,0.0,0.1866339610510982,0.20793430686598932,0.1866339610510982,0.20793430686598932,0.0,3.6875220575367384e-07,4.1074746597655864e-07,3.6875220575367384e-07,4.1074746597655864e-07,0.0,0.18663396105146215,0.20793430686639475,0.18663396105146215,0.20793430686639475,0.0,0.0,0.0,0.0,0.0,0.0,8.946403422654347e-10,4.615359086053874e-10,8.946403422654347e-10,4.615359086053874e-10
screen,instant_RF_exact_pathways,1000.0,read,0.0,1.0,0.0,8.0,2.0,0.001,increasing_alternating_centering_x_duration500,original,increasing_alternating_centering,original_duration500,inc_alt_center_duration500,4.151061557405855e-06,0.1695120276928331,0.16930703050535445,0.16956770348999825,0.169366857364077,4.151061557405855e-06,0.1695120276928329,0.16930703050535428,0.16956770348999806,0.16936685736407683,2.3183965650377476e-13,8.121607752290936e-09,7.167963033523136e-09,8.124328812124771e-09,7.1709159330134745e-09,4.151061557405855e-06,0.16951202769283683,0.1693070305053537,0.16956770349000197,0.16936685736407625,-4.271049499880504e-18,7.083573959423051e-15,1.838710053209363e-15,7.085661546962903e-15,1.836526591249334e-15,-2.8167326545581486e-12,4.312214174284302e-09,1.3743446011901854e-09,4.312551035250679e-09,1.3718647295020048e-09
screen,instant_RF_exact_pathways,1000.0,read,0.0,1.0,0.0,8.0,3.0,0.001,increasing_alternating_centering_x_duration500,original,increasing_alternating_centering,original_duration500,inc_alt_center_duration500,5.635379717715272e-05,0.1240119168188417,0.13765185131463376,0.12409968497802731,0.13779597327099652,5.6353797177055576e-05,0.12401191681860019,0.13765185131436375,0.12409968497778562,0.13779597327072624,1.109946586524739e-10,2.447535025170452e-07,2.7263680676979407e-07,2.449263661562238e-07,2.7292066506762517e-07,5.635379717763844e-05,0.12401191681735914,0.1376518513145651,0.12409968497654426,0.13779597327092785,-4.953308411374861e-16,1.4773051901428289e-12,6.756711617058491e-14,1.477792900210394e-12,6.755949539701257e-14,-1.1090273751181746e-11,1.2654906002669895e-08,5.7165148714994945e-09,1.2654432612076883e-08,5.704951207155299e-09
screen,instant_RF_exact_pathways,1000.0,read,0.0,1.0,0.0,8.0,4.0,0.001,increasing_alternating_centering_x_duration500,original,increasing_alternating_centering,original_duration500,inc_alt_center_duration500,0.00012757567616125676,0.11261164138793871,0.11127099389979273,0.11272835430563014,0.11151528249364541,0.00012757567616125676,0.11261164138793858,0.11127099389979264,0.11272835430563001,0.11151528249364533,6.380257855424715e-12,5.2892092086391834e-09,4.197950275419624e-09,5.294398920096298e-09,4.209520244732163e-09,0.00012757567616218657,0.11261164138723823,0.11127099389974564,0.11272835430492861,0.11151528249359821,-9.483042073562803e-16,6.951333409924485e-13,4.6269633918217917e-14,6.961842402916785e-13,4.637222901009158e-14,-1.6243351038130457e-11,1.7925372392222275e-08,5.9851517693637695e-09,1.792050551579339e-08,5.964041541896754e-09
screen,instant_RF_exact_pathways,1000.0,read,0.0,1.0,0.0,8.0,5.0,0.001,increasing_alternating_centering_x_duration500,original,increasing_alternating_centering,original_duration500,inc_alt_center_duration500,0.00023425585221877043,0.08236747670887778,0.08973108966438952,0.08248410743604931,0.09008197624377981,0.00023425585221831247,0.08236747670871772,0.08973108966421275,0.08248410743588902,0.09008197624360237,4.618897177461681e-10,1.6238120194530957e-07,1.7810532098557462e-07,1.6261066291368776e-07,1.78796671671699e-07,0.000234255852220977,0.0823674767066181,0.08973108966433702,0.08248410743378762,0.0900819762437275,-2.2601477489565215e-15,2.2530522215720768e-12,5.136534971364724e-14,2.255069555476264e-12,5.112253586887813e-14,-4.2262612716157206e-11,3.118868760273138e-08,9.970996663609404e-09,3.117414310392194e-08,9.914189552083806e-09
screen,instant_RF_exact_pathways,1000.0,read,0.0,1.0,0.0,8.0,6.0,0.001,increasing_alternating_centering_x_duration500,original,increasing_alternating_centering,original_duration500,inc_alt_center_duration500,0.00032232236486777477,0.07477989726904101,0.07174059674137348,0.07491038017951968,0.07219340201671992,0.00032232236486777477,0.07477989726904094,0.07174059674137344,0.0749103801795196,0.07219340201671988,1.706523479802834e-11,3.405137728250677e-09,2.4639318353330777e-09,3.41063474687131e-09,2.486494088751739e-09,0.00032232236487059196,0.07477989726839819,0.07174059674135444,0.07491038017887479,0.07219340201670163,-2.83091063307115e-15,6.373717632880689e-13,1.8067881771291836e-14,6.394435349315352e-13,1.7308742781687014e-14,-6.4325521209701e-11,3.8296556906433925e-08,1.0378526084493478e-08,3.826931868954645e-08,1.0286962346396305e-08
screen,instant_RF_exact_pathways,1000.0,read,0.0,1.0,0.0,8.0,7.0,0.001,increasing_alternating_centering_x_duration500,original,increasing_alternating_centering,original_duration500,inc_alt_center_duration500,0.0004279899714649607,0.054684728343621425,0.0571674730510814,0.05480091819985659,0.05771165287878152,0.00042798997146412804,0.054684728343515496,0.057167473050968386,0.05480091819975043,0.05771165287866745,8.430234393175759e-10,1.0763596880709389e-07,1.1367553637225514e-07,1.0786424925915589e-07,1.1474684026363472e-07,0.00042798997146957507,0.054684728340989884,0.057167473051082156,0.05480091819722139,0.057711652878783236,-2.698842807891686e-15,2.6252332896845896e-12,1.629484768981005e-15,2.6288754340327103e-12,2.5727863092097696e-15,-1.3459459295741804e-10,5.903939560949916e-08,1.4490136658445783e-08,5.8983816591759466e-08,1.4299963047748669e-08
screen,instant_RF_exact_pathways,1000.0,read,0.0,1.0,0.0,8.0,8.0,0.001,increasing_alternating_centering_x_duration500,original,increasing_alternating_centering,original_duration500,inc_alt_center_duration500,0.0004931710545845389,0.04963675550773804,0.04503620365866576,0.04975855753044492,0.04565117673595718,0.0004931710545845389,0.04963675550773799,0.04503620365866573,0.04975855753044487,0.04565117673595715,2.5732401585976977e-11,2.1549363722822572e-09,1.4404812858882871e-09,2.1597552344839935e-09,1.4710325496760004e-09,0.0004931710545882442,0.049636755507475094,0.04503620365870532,0.04975855753017947,0.045651176735997945,-1.2918250015853766e-15,2.580849971402978e-13,4.0325692805203664e-14,2.6055602432884767e-13,4.1504894992168185e-14,-2.2128312730347348e-10,6.878443227868704e-08,1.5872982269010163e-08,6.870185620990593e-08,1.5569123072925578e-08
screen,instant_RF_exact_pathways,1000.0,read,0.0,0.8,0.0,8.0,1.0,0.001,increasing_alternating_centering_x_duration500,original,increasing_alternating_centering,original_duration500,inc_alt_center_duration500,0.0,0.16055437185145946,0.17887683999786422,0.16055437185145946,0.17887683999786422,0.0,0.16055317007974165,0.17887648330939204,0.16055317007974165,0.17887648330939204,0.0,0.0006212068594829929,0.00035722050094833273,0.0006212068594829929,0.00035722050094833273,0.0,0.16054957544226223,0.17887293662526701,0.16054957544226223,0.17887293662526701,0.0,0.0,0.0,0.0,0.0,0.0,0.0038746002361893226,0.002010866201569564,0.0038746002361893226,0.002010866201569564
screen,instant_RF_exact_pathways,1000.0,read,0.0,0.8,0.0,8.0,2.0,0.001,increasing_alternating_centering_x_duration500,original,increasing_alternating_centering,original_duration500,inc_alt_center_duration500,3.2342511295802012e-06,0.13191218540212818,0.13175088930246578,0.13195549070802357,0.13179742885949075,3.2889468516983378e-06,0.1318396735330772,0.1317460226553007,0.13188294375080656,0.13179258181988174,-3.0806004006154325e-07,-0.004373229957029753,0.0011324073911787003,-0.004375005784782935,0.0011303235033854567,3.2299057044216095e-06,0.13189586750926574,0.13173636094062832,0.13193918837366872,0.13178291171073572,-7.940242686865404e-08,0.00013168963817858554,3.418317688352201e-05,0.00013172844819869174,3.4142584476759545e-05,-2.156066377331789e-05,0.03357885604428669,0.010456361739012968,0.03358096433761526,0.010436909368568224
screen,instant_RF_exact_pathways,1000.0,read,0.0,0.8,0.0,8.0,3.0,0.001,increasing_alternating_centering_x_duration500,original,increasing_alternating_centering,original_duration500,inc_alt_center_duration500,3.1212456493553975e-05,0.11251525161480602,0.09804043570763585,0.11258544346102055,0.09814184001034393,3.1442525907143803e-05,0.11219967076115289,0.09800966685766793,0.1122696377350127,0.09811107635743488,-4.563987136350922e-06,0.008421147607779013,0.002456061113251459,0.008426774125587448,0.0024571236439235433,3.966121697952796e-05,0.08727829866427463,0.09687794285461131,0.08734006898286306,0.09697937439017927,-8.313014893422677e-06,0.02482974912741733,0.0011267932572555867,0.024837943671641508,0.001126674786586343,-3.325270159137972e-05,0.2787551367063922,0.052877247299141096,0.278695488474143,0.052784346365300536
screen,instant_RF_exact_pathways,1000.0,read,0.0,0.8,0.0,8.0,4.0,0.001,increasing_alternating_centering_x_duration500,original,increasing_alternating_centering,original_duration500,inc_alt_center_duration500,6.464527699431843e-05,0.08581267311891375,0.07162617318927134,0.085904673034077,0.07178281838142891,6.483758156253239e-05,0.08544937682882689,0.07161504155815399,0.08554121468451042,0.07177171699540005,6.330699725195024e-06,-0.007887893722577971,-0.0012627384382240332,-0.007893886203269885,-0.0012624002191907512,8.121250605086505e-05,0.07168665597295829,0.0708332225798119,0.07176095343168458,0.07098873254458905,-1.5472351513669616e-05,0.012934014733382081,0.0007661762468198014,0.012950768407647178,0.000767457569571229,-0.0001488076646894987,0.47314668010586125,0.06968383344922799,0.47303909965113483,0.06942744532981207
screen,instant_RF_exact_pathways,1000.0,read,0.0,0.8,0.0,8.0,5.0,0.001,increasing_alternating_centering_x_duration500,original,increasing_alternating_centering,original_duration500,inc_alt_center_duration500,0.00010153414221980572,0.0794894390963923,0.052528628426461485,0.07958648768048784,0.052727211152776836,0.00010184973470979408,0.07921097450788883,0.05250312958061618,0.07930784488504741,0.05270184969248456,-7.519072421867216e-06,0.006647739869282414,0.0016365172184501175,0.006653928238694917,0.0016351865154407535,0.0001348831390370897,0.04742670762509899,0.0516666325660322,0.047493862910397755,0.05186867099036805,-3.1456384806258925e-05,0.030709443161987163,0.0008126151817479466,0.030737706468853692,0.0008094221038082161,-0.00046547971674471,0.6861995598071784,0.12308664326457157,0.686072958031224,0.12249456177187247
screen,instant_RF_exact_pathways,1000.0,read,0.0,0.8,0.0,8.0,6.0,0.001,increasing_alternating_centering_x_duration500,original,increasing_alternating_centering,original_duration500,inc_alt_center_duration500,0.00012511997135838254,0.05571203049193708,0.037891856406237275,0.05581448400818674,0.03811942989384532,0.00012511298555133166,0.055621925633359603,0.03788622964506638,0.055724399197444666,0.038113816194702776,1.3634110388547477e-06,-0.003167290698931885,-0.0006529817701882804,-0.0031698516028296833,-0.0006541792630472239,0.00016786874270308116,0.03894612568678318,0.03736322727892224,0.03901408250428401,0.03759905283912615,-3.9731434028168755e-05,0.015021384253667185,0.0004940000939501501,0.015053086024287473,0.0004859704305422703,-0.0010461690677350255,0.7851874809976375,0.16359806189166193,0.7850681340484675,0.162432545874757
screen,instant_RF_exact_pathways,1000.0,read,0.0,0.8,0.0,8.0,7.0,0.001,increasing_alternating_centering_x_duration500,original,increasing_alternating_centering,original_duration500,inc_alt_center_duration500,0.0001479969168202283,0.05451459858788776,0.02735581571749284,0.05461455296847478,0.027603767014900096,0.00014795775747467738,0.054512088066785945,0.027354498691648462,0.05461204968311328,0.027602418065450468,4.737869219251798e-06,0.0005231766408276184,0.0002684304342484672,0.000522900904096623,0.00027289256673672363,0.00020161608231556577,0.025760698674185446,0.026930261736889255,0.025815433002510414,0.02718661214752979,-4.9896157829659726e-05,0.02711320328470768,0.0003966446339739712,0.027155011883849747,0.00038855707528637906,-0.002386543446607825,0.8812835985887847,0.24422729721023598,0.8811921692891096,0.241749324463953
screen,instant_RF_exact_pathways,1000.0,read,0.0,0.8,0.0,8.0,8.0,0.001,increasing_alternating_centering_x_duration500,original,increasing_alternating_centering,original_duration500,inc_alt_center_duration500,0.00015687702508821594,0.03783901879692642,0.019419079515106005,0.037935988526711595,0.019672926269979397,0.00015700910144320762,0.037788124335170266,0.019418634404723734,0.037885009933471,0.019672529104467675,-1.0609480677763183e-05,0.001961887546182047,0.0001314803015259017,0.0019660233568289808,0.0001250066314950724,0.00021013642493664109,0.02114984294141669,0.019189582887137506,0.021201741854305078,0.019451618224962535,-4.795523099759488e-05,0.014684286537396693,0.00020373783482130234,0.014724539870089433,0.00019603593651644748,-0.004201813681925848,0.9206935245330666,0.3173376868784975,0.9206201298171893,0.31306247848069435
screen,instant_RF_exact_pathways,1000.0,read,90.0,1.0,0.0,8.0,1.0,0.0,increasing_alternating_centering_x_duration500,original,increasing_alternating_centering,original_duration500,inc_alt_center_duration500,0.0,0.5717088319203254,0.6368838357851905,0.5717088319203254,0.6368838357851905,0.0,-9.405069332735742e-07,-1.047725047434877e-06,-9.405069332735742e-07,-1.047725047434877e-06,0.0,-0.5717088319195518,-0.6368838357843287,-0.5717088319195518,-0.6368838357843287,0.0,0.5717088321694964,0.6368838359288798,0.5717088321694964,0.6368838359288798,0.0,0.0,0.0,0.0,0.0,0.0,4.3583552155117837e-10,2.2561301536644559e-10,4.3583552155117837e-10,2.2561301536644559e-10
screen,instant_RF_exact_pathways,1000.0,read,90.0,1.0,0.0,8.0,2.0,0.0,increasing_alternating_centering_x_duration500,original,increasing_alternating_centering,original_duration500,inc_alt_center_duration500,1.2774136193272057e-09,0.5214104584975701,0.5214104555738165,0.5214104566458607,0.5214104549995208,-4.680484261477451e-15,-1.910292259641127e-06,-1.910292251611504e-06,-1.910292252855955e-06,-1.9102922495068165e-06,1.2774136193272057e-09,0.5214104584940707,0.5214104555703172,0.5214104566423614,0.5214104549960215,1.2775724922420295e-09,0.5214104578138995,0.5214104559005881,0.5214104559617905,0.5214104553260516,-4.623381948941458e-18,1.701439232788821e-14,6.76068380290837e-15,1.7018447510544245e-14,6.760115603615463e-15,-1.229018468052182e-12,1.4638737946851762e-09,6.26723447114393e-10,1.4646409754374629e-09,6.262616093986276e-10
screen,instant_RF_exact_pathways,1000.0,read,90.0,1.0,0.0,8.0,3.0,0.0,increasing_alternating_centering_x_duration500,original,increasing_alternating_centering,original_duration500,inc_alt_center_duration500,-1.0660268778828197e-09,0.38314905161276686,0.4268281785808852,0.383149051883461,0.42682817778555243,1.7553522222533567e-15,-6.303109539624004e-07,-7.021666273460588e-07,-6.303109544087223e-07,-7.021666260370285e-07,1.0660268778828197e-09,-0.3831490516122484,-0.4268281785803076,-0.3831490518829425,-0.42682817778497484,-1.066649379932727e-09,0.38314905158900237,0.42682817946624896,0.38314905186007625,0.42682817867067346,-3.381590524947033e-17,4.551826915080609e-12,2.8587663950041936e-14,4.551829585250198e-12,2.855651821438125e-14,-1.5676656087659147e-12,4.558552230674989e-09,2.0748737371072497e-09,4.5595510394558964e-09,2.074304880279391e-09
screen,instant_RF_exact_pathways,1000.0,read,90.0,1.0,0.0,8.0,4.0,0.0,increasing_alternating_centering_x_duration500,original,increasing_alternating_centering,original_duration500,inc_alt_center_duration500,2.339755056368631e-10,0.3493680813661013,0.34936807623202015,0.3493680803729464,0.34936807547284077,-8.594205923496577e-16,-1.2799803511970821e-06,-1.2799803352899105e-06,-1.2799803475566914e-06,-1.2799803325089404e-06,2.339755056368631e-10,0.3493680813637566,0.3493680762296754,0.3493680803706017,0.34936807547049603,2.348052308143167e-10,0.34936808104036854,0.3493680770018016,0.3493680800465477,0.349368076242786,-5.098761766186734e-16,1.1223794210296299e-11,1.1066782713884462e-13,1.1223771030730254e-11,1.1013477139618104e-13,-1.4459126828379036e-12,5.980697346921803e-09,2.20412451619013e-09,5.9826119903774585e-09,2.204593246962948e-09
screen,instant_RF_exact_pathways,1000.0,read,90.0,1.0,0.0,8.0,5.0,0.0,increasing_alternating_centering_x_duration500,original,increasing_alternating_centering,original_duration500,inc_alt_center_duration500,-9.111616461332517e-10,0.2566739718121287,0.2859348968704743,0.25667397217468263,0.2859348963218666,1.5000996376916614e-15,-4.222492922090214e-07,-4.703858665203504e-07,-4.2224929280713514e-07,-4.703858656183645e-07,9.111616461332517e-10,-0.25667397181178137,-0.2859348968700874,-0.2566739721743353,-0.28593489632147967,-9.11600517294886e-10,0.2566739716190429,0.28593489787040965,0.256673971982231,0.2859348973219973,4.807980973194694e-16,2.0288443395029602e-11,2.7987913283597884e-13,2.0288412045594877e-11,2.803285814985728e-13,-1.8067089801591407e-12,1.0758011531741774e-08,3.4983845186192945e-09,1.076050122887431e-08,3.4990675067716728e-09
screen,instant_RF_exact_pathways,1000.0,read,90.0,1.0,0.0,8.0,6.0,0.0,increasing_alternating_centering_x_duration500,original,increasing_alternating_centering,original_duration500,inc_alt_center_duration500,2.693666123487759e-10,0.23399574373332235,0.2339957339331431,0.23399574323408548,0.23399573370327284,-9.880506980823405e-16,-8.572905492818232e-07,-8.572905156591877e-07,-8.57290547450529e-07,-8.572905148159442e-07,2.6936655683762467e-10,0.23399574373175192,0.2339957339315727,0.23399574323251507,0.2339957337017024,2.6980909173524026e-10,0.23399574365851122,0.23399573472006588,0.23399574315843075,0.2339957344897945,1.4794818042893797e-15,2.9075119540696367e-11,4.4272766953618013e-13,2.9075055784462437e-11,4.4414339510653814e-13,-5.457744287340356e-13,1.2763492058022908e-08,3.6917348575953886e-09,1.2767117456343324e-08,3.694814481487071e-09
screen,instant_RF_exact_pathways,1000.0,read,90.0,1.0,0.0,8.0,7.0,0.0,increasing_alternating_centering_x_duration500,original,increasing_alternating_centering,original_duration500,inc_alt_center_duration500,-2.213370875470133e-10,0.1718767432780152,0.19147073899909306,0.1718767436420139,0.1914707391417547,3.673710005975173e-16,-2.827510423899744e-07,-3.1498474175365564e-07,-2.8275104299091593e-07,-3.149847419872262e-07,2.213370875470133e-10,-0.17187674327778263,-0.19147073899883396,-0.17187674364178135,-0.1914707391414956,-2.2256213538796032e-10,0.17187674298069947,0.19147073989497354,0.17187674334550238,0.19147074003721432,1.1249200928309016e-15,3.900567147126177e-11,6.254231973543505e-13,3.9005594156481575e-11,6.264708026669846e-13,-2.068171186160134e-12,2.0053711933333755e-08,5.011680245744668e-09,2.005842677827041e-08,5.014326919495162e-09
screen,instant_RF_exact_pathways,1000.0,read,90.0,1.0,0.0,8.0,8.0,0.0,increasing_alternating_centering_x_duration500,original,increasing_alternating_centering,original_duration500,inc_alt_center_duration500,7.524145473336574e-10,0.1566584058516637,0.15665839102199128,0.15665840562865946,0.15665839155140157,-2.757912488843045e-15,-5.739496315303304e-07,-5.739495786797507e-07,-5.739496307107563e-07,-5.739495806180891e-07,7.524145473336574e-10,0.15665840585061233,0.1566583910209399,0.15665840562760808,0.1566583915503502,7.529013246188043e-10,0.15665840595213512,0.15665839168125903,0.1566584057281691,0.15665839221019434,8.704980664993073e-16,4.7617988778079076e-11,7.616966732442766e-13,4.761788005412607e-11,7.624584473577686e-13,-2.7182329307413814e-12,2.2924986031976418e-08,5.5713892482407125e-09,2.2931163009673908e-08,5.574847993007461e-09
screen,instant_RF_exact_pathways,1000.0,read,90.0,0.8,0.0,8.0,1.0,0.0,increasing_alternating_centering_x_duration500,original,increasing_alternating_centering,original_duration500,inc_alt_center_duration500,0.0,0.4908112020452584,0.54726944031104,0.4908112020452584,0.54726944031104,0.0,-8.102429782049828e-07,-9.020801528761797e-07,-8.102429782049828e-07,-9.020801528761797e-07,0.0,-0.4908112020445896,-0.5472694403102966,-0.4908112020445896,-0.5472694403102966,0.0,0.49180550937401357,0.5478715068166312,0.49180550937401357,0.5478715068166312,0.0,0.0,0.0,0.0,0.0,0.0,0.002017669842923321,0.0010977128796690477,0.002017669842923321,0.0010977128796690477
screen,instant_RF_exact_pathways,1000.0,read,90.0,0.8,0.0,8.0,2.0,0.0,increasing_alternating_centering_x_duration500,original,increasing_alternating_centering,original_duration500,inc_alt_center_duration500,8.568330448488481e-07,0.4012838267020751,0.4064476580061263,0.40128145753272015,0.40644614566981624,-1.1851654074926848e-12,-1.4815843700612237e-06,-1.487320556997678e-06,-1.4815817076335738e-06,-1.4873190797354355e-06,8.568330448488481e-07,0.40128382669934,0.40644765800340504,0.40128145752998506,0.40644614566709497,9.9406821663095e-10,0.405705044047879,0.40570504255914785,0.40570504260676876,0.40570504211210584,-8.5952585446975e-08,0.000316311960928632,0.00012568683675003825,0.0003163873502080805,0.00012567627344403973,-9.978392326234764e-06,0.012487635937756538,0.0046711700976999,0.012493855942679441,0.004667411710296569
screen,instant_RF_exact_pathways,1000.0,read,90.0,0.8,0.0,8.0,3.0,0.0,increasing_alternating_centering_x_duration500,original,increasing_alternating_centering,original_duration500,inc_alt_center_duration500,4.825382398931932e-07,0.18378950857574847,0.2980411964901385,0.18378763267267,0.29803980312529993,-4.570053756582985e-13,-7.334093874159748e-07,-5.060587263574876e-07,-7.334109214375362e-07,-5.060607173844247e-07,-4.825382399209488e-07,-0.18378950857428514,-0.29804119648970884,-0.18378763267120665,-0.2980398031248703,-7.506968935366842e-10,0.26965632187404015,0.30039723828032344,0.26965632206481915,0.30039723772040555,-5.626062203889504e-07,0.07656575134014983,0.00047485047474066385,0.07656582131029878,0.0004743578386692304,-8.262441395345821e-06,0.24417538771374347,0.027337409191391458,0.24417951590307982,0.027333274939332446
screen,instant_RF_exact_pathways,1000.0,read,90.0,0.8,0.0,8.0,4.0,0.0,increasing_alternating_centering_x_duration500,original,increasing_alternating_centering,original_duration500,inc_alt_center_duration500,9.911360956585402e-06,0.05320311181419983,0.21938683481320456,0.053200882970249136,0.21939451733021045,-2.6133843640086388e-11,-7.580829868180014e-07,-8.191520558185002e-07,-7.580810830851417e-07,-8.191762859292806e-07,9.911360956758875e-06,0.05320311180879893,0.21938683481167529,0.05320088296484803,0.21939451732868115,1.494730172968417e-10,0.22240177946923823,0.22240177689835527,0.22240177883658876,0.22240177641517883,-7.075135863593429e-06,0.16349292387526465,0.001478079871909761,0.1634926359583942,0.0014707168191757229,-3.351868488921106e-05,0.44521776392479545,0.04251792763530509,0.4452214233373353,0.04248806836295571
screen,instant_RF_exact_pathways,1000.0,read,90.0,0.8,0.0,8.0,5.0,0.0,increasing_alternating_centering_x_duration500,original,increasing_alternating_centering,original_duration500,inc_alt_center_duration500,-2.9768173225447336e-06,0.09527275582684341,0.16006763271692037,0.09527371415473583,0.16006561422749024,6.225404218762644e-12,-7.486174100040712e-07,-2.8375428086264816e-07,-7.486177298741798e-07,-2.83748375328538e-07,1.0601615376831797e-06,0.09527275582390224,-0.16006763271666888,0.09527371415179468,-0.16006561422723875,-5.248942669400236e-10,0.1477913600571814,0.16463962893284623,0.14779136026630307,0.16463962861707362,4.734769912168035e-06,0.23910913547610907,0.002751545972133816,0.23910891661659095,0.002756061882527866,4.075406841397289e-05,0.6669295093424583,0.08061024012213891,0.6669315187543239,0.0806530036024185
screen,instant_RF_exact_pathways,1000.0,read,90.0,0.8,0.0,8.0,6.0,0.0,increasing_alternating_centering_x_duration500,original,increasing_alternating_centering,original_duration500,inc_alt_center_duration500,-1.1487810616161998e-05,0.1307576093171604,0.1180484797964544,0.13075803330162108,0.1180374159702989,4.065585221243399e-11,-3.321589307522888e-07,-4.4927631884985314e-07,-3.3215902680437874e-07,-4.4923575904973067e-07,-1.0639841694748409e-05,-0.13075760931673852,0.11804847979559946,-0.1307580333011992,0.11803741596944403,1.4051924901448132e-10,0.1218673463803741,0.12186734172514153,0.12186734611992718,0.12186734160521387,1.2870997241121174e-05,0.25486335544993144,0.0030811567606905373,0.2548629843704011,0.0030936566784013166,0.0001266583757142392,0.772111228214572,0.11770594919992715,0.7721125578677991,0.11783393722886844
screen,instant_RF_exact_pathways,1000.0,read,90.0,0.8,0.0,8.0,7.0,0.0,increasing_alternating_centering_x_duration500,original,increasing_alternating_centering,original_duration500,inc_alt_center_duration500,-5.844121100412325e-06,0.15172585925347928,0.08744825632154406,0.15172535591397568,0.08744190886094003,9.700108361065643e-12,-6.038619860985002e-07,-1.5726729110848647e-07,-6.038610208098339e-07,-1.5725662571145914e-07,6.850800107621735e-06,0.1517258592522776,-0.08744825632140264,0.151725355912774,-0.08744190886079863,-1.0484384194153762e-10,0.08096712042560118,0.09019739486683288,0.08096712059745133,0.09019739493383919,7.57983077392943e-06,0.23734234638310225,0.0025330678075831253,0.23734221717403628,0.0025405184292910795,9.983290953408108e-05,0.8740615181218521,0.18533594834974584,0.8740622423820793,0.18543650551950716
screen,instant_RF_exact_pathways,1000.0,read,90.0,0.8,0.0,8.0,8.0,0.0,increasing_alternating_centering_x_duration500,original,increasing_alternating_centering,original_duration500,inc_alt_center_duration500,-3.410702186276704e-06,0.09757101105213878,0.06548202871327181,0.0975702842631995,0.06547789122214626,1.5195632010599255e-11,-2.212427807241876e-07,-2.484521895757342e-07,-2.2124371699531895e-07,-2.4843793021485496e-07,-4.8642800648257545e-06,-0.09757101105188794,0.06548202871280048,-0.09757028426294866,0.06547789122167494,3.2080549328128427e-10,0.06675095194006753,0.0667509458593561,0.06675095184463735,0.06675094608473142,4.1981556082870686e-06,0.17312642447230486,0.0015197490937635168,0.17312636513743285,0.0015238879144997923,7.970785666155944e-05,0.9161819677002013,0.2581519588544155,0.9161824216126887,0.2582321206235645
screen,instant_RF_exact_pathways,1000.0,read,0.0,1.0,0.0,8.0,1.0,0.0,increasing_alternating_centering_x_duration500,original,increasing_alternating_centering,original_duration500,inc_alt_center_duration500,0.0,0.5717088321694999,0.6368838359288833,0.5717088321694999,0.6368838359288833,0.0,0.5717088321683844,0.636883835927641,0.5717088321683844,0.636883835927641,0.0,1.1293225337692751e-06,1.257931804676126e-06,1.1293225337692751e-06,1.257931804676126e-06,0.0,0.5717088321694963,0.6368838359288799,0.5717088321694963,0.6368838359288799,0.0,0.0,0.0,0.0,0.0,0.0,4.358355215511784e-10,2.2561301536644556e-10,4.358355215511784e-10,2.2561301536644556e-10
screen,instant_RF_exact_pathways,1000.0,read,0.0,1.0,0.0,8.0,2.0,0.0,increasing_alternating_centering_x_duration500,original,increasing_alternating_centering,original_duration500,inc_alt_center_duration500,1.277572381219727e-09,0.521410457813892,0.5214104559005924,0.5214104559617828,0.5214104553260557,1.2775724922420295e-09,0.5214104578138914,0.5214104559005919,0.5214104559617823,0.5214104553260552,-1.5884565175819843e-13,2.347524320086568e-08,2.2464809391178825e-08,2.3475642819017405e-08,2.2465050163678793e-08,1.2775724922420295e-09,0.5214104578138994,0.5214104559005881,0.5214104559617903,0.5214104553260515,-1.0617500685874147e-17,2.0528477925657762e-14,5.395764651702351e-15,2.0535986975315703e-14,5.392656200674418e-15,-1.229018468052182e-12,1.4638737946851766e-09,6.26723447114393e-10,1.4646409754374635e-09,6.262616093986278e-10
screen,instant_RF_exact_pathways,1000.0,read,0.0,1.0,0.0,8.0,3.0,0.0,increasing_alternating_centering_x_duration500,original,increasing_alternating_centering,original_duration500,inc_alt_center_duration500,-1.0666494909550295e-09,0.38314905159355495,0.4268281794664664,0.38314905186462883,0.4268281786708908,-1.0666494909550295e-09,0.38314905159280777,0.4268281794656323,0.38314905186388165,0.4268281786700567,-6.246971047675531e-13,7.566564746713014e-07,8.438325372073375e-07,7.566568550136064e-07,8.438322928525377e-07,-1.0666495464661807e-09,0.38314905158900214,0.426828179466249,0.3831490518600761,0.4268281786706734,-1.1459757088226477e-18,4.5331676517379735e-12,2.1380480503631327e-13,4.533172804280023e-12,2.1380881160265363e-13,-1.5676656087659147e-12,4.558552230674991e-09,2.0748737371072497e-09,4.559551039455899e-09,2.0743048802793914e-09
screen,instant_RF_exact_pathways,1000.0,read,0.0,1.0,0.0,8.0,4.0,0.0,increasing_alternating_centering_x_duration500,original,increasing_alternating_centering,original_duration500,inc_alt_center_duration500,2.3480567490352655e-10,0.3493680810425538,0.3493680770019711,0.34936808004873293,0.3493680762429559,2.3480567490352655e-10,0.34936808104255346,0.3493680770019708,0.3493680800487326,0.3493680762429556,-8.30291688186435e-13,1.56083402158496e-08,1.4501695367539987e-08,1.560900614131729e-08,1.450153100131949e-08,2.348052308143167e-10,0.3493680810403685,0.34936807700180167,0.3493680800465476,0.34936807624278604,4.625802714981002e-16,2.1663365404193646e-12,1.6683848001495223e-13,2.1663495264774157e-12,1.673140463445016e-13,-1.4459126828370764e-12,5.980697346921804e-09,2.2041245161901297e-09,5.982611990377459e-09,2.2045932469629476e-09
screen,instant_RF_exact_pathways,1000.0,read,0.0,1.0,0.0,8.0,5.0,0.0,increasing_alternating_centering_x_duration500,original,increasing_alternating_centering,original_duration500,inc_alt_center_duration500,-9.116007948506422e-10,0.25667397162603534,0.28593489787061643,0.25667397198922354,0.28593489732220384,-9.116007948506422e-10,0.25667397162553524,0.2859348978700568,0.25667397198872344,0.28593489732164423,-4.4112943490444965e-13,5.066945387318637e-07,5.656952810832274e-07,5.066951736657821e-07,5.656954748877109e-07,-9.11600517294886e-10,0.2566739716190428,0.28593489787040965,0.256673971982231,0.28593489732199734,-2.3198883372637644e-16,6.9678741360505686e-12,2.0410886617921349e-13,6.967872636985051e-12,2.0387537827996959e-13,-1.806708980155832e-12,1.0758011531741777e-08,3.4983845186192945e-09,1.076050122887431e-08,3.499067506771672e-09
screen,instant_RF_exact_pathways,1000.0,read,0.0,1.0,0.0,8.0,6.0,0.0,increasing_alternating_centering_x_duration500,original,increasing_alternating_centering,original_duration500,inc_alt_center_duration500,2.6980798151221563e-10,0.23399574366055756,0.23399573472019816,0.23399574316047697,0.23399573448992556,2.6980798151221563e-10,0.23399574366055734,0.23399573472019797,0.23399574316047675,0.23399573448992536,-4.410372177442309e-13,1.0332185179390016e-08,9.441800852564762e-09,1.033302874634698e-08,9.442203382303981e-09,2.698091750019671e-10,0.2339957436585112,0.23399573472006588,0.23399574315843064,0.2339957344897945,-1.2142667563606223e-15,2.0267198981875504e-12,1.2947016554832408e-13,2.0267489866021805e-12,1.282849872065938e-13,-5.457744287373443e-13,1.2763492058022908e-08,3.6917348575953886e-09,1.2767117456343328e-08,3.694814481487071e-09
screen,instant_RF_exact_pathways,1000.0,read,0.0,1.0,0.0,8.0,7.0,0.0,increasing_alternating_centering_x_duration500,original,increasing_alternating_centering,original_duration500,inc_alt_center_duration500,-2.2256294029965318e-10,0.1718767429888963,0.1914707398950749,0.17187674335369907,0.19147074003731474,-2.225629680552288e-10,0.1718767429885618,0.19147073989469976,0.17187674335336456,0.19147074003693956,-1.2265799044847004e-12,3.391047155331482e-07,3.790326914039471e-07,3.3910552050994573e-07,3.7903226980084016e-07,-2.225621076323847e-10,0.1718767429806994,0.19147073989497357,0.17187674334550226,0.19147074003721432,-9.06519053247374e-16,8.172772235958045e-12,9.938749744052938e-14,8.172759691199423e-12,9.846843362865901e-14,-2.0681711861667516e-12,2.0053711933333762e-08,5.011680245744667e-09,2.0058426778270422e-08,5.014326919495162e-09
screen,instant_RF_exact_pathways,1000.0,read,0.0,1.0,0.0,8.0,8.0,0.0,increasing_alternating_centering_x_duration500,original,increasing_alternating_centering,original_duration500,inc_alt_center_duration500,7.529006584849895e-10,0.15665840595303046,0.15665839168126905,0.15665840572906448,0.15665839221020372,7.529006584849895e-10,0.15665840595303032,0.15665839168126894,0.15665840572906434,0.1566583922102036,-4.860143618880568e-13,6.794921050390493e-09,6.189251566086513e-09,6.795882755065741e-09,6.189727256399873e-09,7.529013523743799e-10,0.15665840595213507,0.15665839168125903,0.15665840572816903,0.15665839221019434,-8.007294043609067e-16,8.777067941569146e-13,7.982056488156754e-15,8.777480465790559e-13,7.222579505937216e-15,-2.71823293074469e-12,2.2924986031976427e-08,5.5713892482407125e-09,2.293116300967392e-08,5.574847993007461e-09
screen,instant_RF_exact_pathways,1000.0,read,0.0,0.8,0.0,8.0,1.0,0.0,increasing_alternating_centering_x_duration500,original,increasing_alternating_centering,original_duration500,inc_alt_center_duration500,0.0,0.4918741430933228,0.5479395279897853,0.4918741430933228,0.5479395279897853,0.0,0.4918732685899014,0.5479392664273832,0.4918732685899014,0.5479392664273832,0.0,0.0009275184512122105,0.000535388354253085,0.0009275184512122105,0.000535388354253085,0.0,0.4918055093740136,0.5478715068166311,0.4918055093740136,0.5478715068166311,0.0,0.0,0.0,0.0,0.0,0.0,0.0020176698429233207,0.001097712879669048,0.0020176698429233207,0.001097712879669048
screen,instant_RF_exact_pathways,1000.0,read,0.0,0.8,0.0,8.0,2.0,0.0,increasing_alternating_centering_x_duration500,original,increasing_alternating_centering,original_duration500,inc_alt_center_duration500,9.11065835551561e-08,0.40560346278717363,0.40577706176034184,0.40560338721310907,0.40577707729286083,1.20687641935735e-07,0.4055786868828026,0.40577619474746246,0.4055785847149201,0.4057762132672219,9.585711138494768e-07,-0.0044830537993365595,0.0008388248480304172,-0.004485458659899542,0.0008373785585812846,9.9406821663095e-10,0.4057050440478791,0.40570504255914785,0.40570504260676876,0.40570504211210573,-1.973883285040219e-07,0.0003816417878704745,0.00010031183393437155,0.0003817813874621757,0.00010025404519756876,-9.978392326236499e-06,0.012487635937756534,0.0046711700976999,0.012493855942679441,0.00466741171029657
screen,instant_RF_exact_pathways,1000.0,read,0.0,0.8,0.0,8.0,3.0,0.0,increasing_alternating_centering_x_duration500,original,increasing_alternating_centering,original_duration500,inc_alt_center_duration500,3.11163933175429e-07,0.34630122962674353,0.30399014706141864,0.3463011463663069,0.30399037496491516,3.556520190572954e-07,0.3461849071174292,0.30397740589814287,0.3461847717369693,0.30397762616970203,-1.1745939493528618e-06,0.0089750612862222,0.0027832020872806617,0.008977070348435206,0.0027840365555443143,-7.506967825143818e-10,0.2696563218740402,0.3003972382803235,0.26965632206481915,0.30039723772040566,4.216030673187543e-08,0.07619591687491128,0.003535648314321017,0.07619597120687017,0.0035357448065866455,-8.262441395262554e-06,0.24417538771374356,0.02733740919139145,0.24417951590307982,0.027333274939332436
screen,instant_RF_exact_pathways,1000.0,read,0.0,0.8,0.0,8.0,4.0,0.0,increasing_alternating_centering_x_duration500,original,increasing_alternating_centering,original_duration500,inc_alt_center_duration500,5.995673857506212e-06,0.2654832868539148,0.22518798549171487,0.2654834943890697,0.22519418870072727,6.076796681520058e-06,0.26536579422816453,0.22518258692862872,0.265365924529206,0.22518879402635172,3.1380350092157644e-06,-0.007897521915984734,-0.0015592799451548448,-0.007900119732698632,-0.0015587397268595276,1.49472850763388e-10,0.2224017794692383,0.22240177689835536,0.22240177883658893,0.22240177641517883,6.245051498460219e-06,0.04018554997929705,0.0027001830669543827,0.04018575453099371,0.0027066326701495036,-3.3518684889044525e-05,0.4452177639247954,0.042517927635305076,0.44522142333733505,0.04248806836295571
screen,instant_RF_exact_pathways,1000.0,read,0.0,0.8,0.0,8.0,5.0,0.0,increasing_alternating_centering_x_duration500,original,increasing_alternating_centering,original_duration500,inc_alt_center_duration500,-2.811827004234324e-06,0.24590032485047184,0.16777484717201208,0.24590012051060203,0.16777183100513804,-2.7484373210651114e-06,0.24580313147909982,0.16776437696802293,0.24580288758731153,0.16776138463891357,-3.5549664739158854e-06,0.006913054074426646,0.0018743436512832752,0.0069144573805971,0.0018721919909798134,-5.248943779623261e-10,0.14779136005718152,0.1646396289328463,0.14779136026630316,0.16463962861707357,-2.8888741413629626e-06,0.09436740796121512,0.0030218322912512084,0.0943673701586027,0.0030189056144974322,4.075406841397289e-05,0.6669295093424582,0.08061024012213888,0.6669315187543238,0.08065300360241838
screen,instant_RF_exact_pathways,1000.0,read,0.0,0.8,0.0,8.0,6.0,0.0,increasing_alternating_centering_x_duration500,original,increasing_alternating_centering,original_duration500,inc_alt_center_duration500,-1.1291747614161629e-05,0.17488043647467955,0.12437353880076432,0.17488064913705262,0.12436245971552323,-1.127074102399983e-05,0.1748551736174902,0.12437080882328923,0.17485537102116136,0.12435973548593639,1.8039017507403589e-06,-0.002972426747926262,-0.0008240548926319628,-0.002973326024658155,-0.0008231502676131153,1.4051916574775447e-10,0.12186734638037415,0.12186734172514159,0.12186734611992722,0.12186734160521383,-1.1713325641322936e-05,0.04728147059094342,0.0023664813747317024,0.04728175855367695,0.0023550560118239146,0.00012665837571435024,0.772111228214572,0.1177059491999271,0.7721125578677991,0.11783393722886856
screen,instant_RF_exact_pathways,1000.0,read,0.0,0.8,0.0,8.0,7.0,0.0,increasing_alternating_centering_x_duration500,original,increasing_alternating_centering,original_duration500,inc_alt_center_duration500,-6.26123420616187e-06,0.1698037786517086,0.09250004638764482,0.16980360582129148,0.09249361232302156,-6.259323806351302e-06,0.16980297517904142,0.09249946683451352,0.16980280291267003,0.09249303524433578,-5.274744531026231e-07,0.0005223645702922899,0.0003274401428932372,0.0005221809202520132,0.00032672901839985786,-1.0484393908605227e-10,0.08096712042560121,0.09019739486683293,0.08096712059745138,0.09019739493383916,-6.623236461625326e-06,0.08310148847423987,0.002165305451200431,0.0831014856984154,0.0021586794389143386,9.98329095341921e-05,0.8740615181218521,0.18533594834974576,0.8740622423820793,0.1854365055195072
screen,instant_RF_exact_pathways,1000.0,read,0.0,0.8,0.0,8.0,8.0,0.0,increasing_alternating_centering_x_duration500,original,increasing_alternating_centering,original_duration500,inc_alt_center_duration500,-3.8860864155221275e-06,0.1204705721166085,0.06870157416942199,0.1204706590130216,0.06869777497941958,-3.875111445769686e-06,0.12045031938648097,0.06870144325182909,0.12045039575572324,0.06869764450962558,-8.080369087557111e-07,0.002208915072539875,0.0001341211105627669,0.0022094898328286873,0.00013388783394282377,3.208054100145574e-10,0.06675095194006757,0.06675094585935616,0.06675095184463742,0.06675094608473142,-4.0419132509919575e-06,0.04673089937616398,0.0018026191672599714,0.04673105233350279,0.0017987302113477894,7.970785666178148e-05,0.9161819677002013,0.25815195885441544,0.9161824216126886,0.2582321206235645
screen,finite_RF_static_Bloch,1000.0,read,90.0,0.8,0.0,8.0,1.0,,increasing_centering_x_taper,original,increasing_centering,original_taper,increasing_centering_taper,0.0,0.2697870344096004,0.28711333277371676,0.2697870344096004,0.28711333277371676,0.0,0.2697744019263688,0.28710010648972295,0.2697744019263688,0.28710010648972295,0.0,-0.002610747172157214,-0.0027558501448304547,-0.002610747172157214,-0.0027558501448304547,,,,,,,,,,,,,,,
screen,finite_RF_static_Bloch,1000.0,read,90.0,0.8,0.0,8.0,2.0,,increasing_centering_x_taper,original,increasing_centering,original_taper,increasing_centering_taper,0.0,0.19944691012095758,0.20145450204163717,0.19944691012095758,0.20145450204163717,0.0,-0.19942779818713444,-0.20141609595172827,-0.19942779818713444,-0.20141609595172827,0.0,0.002761026444804865,0.003933533323640517,0.002761026444804865,0.003933533323640517,,,,,,,,,,,,,,,
screen,finite_RF_static_Bloch,1000.0,read,90.0,0.8,0.0,8.0,3.0,,increasing_centering_x_taper,original,increasing_centering,original_taper,increasing_centering_taper,0.0008833556868169251,0.1026164201003395,0.13116346385357017,0.0991394179832351,0.1285698174232827,0.0008814576900464249,0.1025895450168853,0.13116244396800786,0.0991137466845886,0.12856810332575758,-5.423735462546306e-05,0.0023483882638571,-0.0005172450154455515,0.002255973447938049,-0.0006638971859900655,,,,,,,,,,,,,,,
screen,finite_RF_static_Bloch,1000.0,read,90.0,0.8,0.0,8.0,4.0,,increasing_centering_x_taper,original,increasing_centering,original_taper,increasing_centering_taper,0.0032362052930283644,0.04499564308129846,0.10569221823824776,0.03517623603589344,0.0991090164858711,-0.0032241561573718783,-0.04499167112355308,-0.10568203090678334,-0.035174838919644465,-0.0990893548602466,0.00022229030910677662,-0.0005978509928417442,0.001467426161373671,-0.00031351017519888223,0.0019740572881233095,,,,,,,,,,,,,,,
screen,finite_RF_static_Bloch,1000.0,read,90.0,0.8,0.0,8.0,5.0,,increasing_centering_x_taper,original,increasing_centering,original_taper,increasing_centering_taper,-0.027968690689822245,0.005523451207374798,0.09292617458150204,0.027491627923556847,0.08692566060786185,0.01810069478278671,-0.003069001308399183,0.09291938726030047,-0.027175043552305198,0.08691403979918116,0.0007304401200136958,0.004592357151757061,0.0011231177685830996,0.004160121851293096,0.0014213225881328302,,,,,,,,,,,,,,,
screen,finite_RF_static_Bloch,1000.0,read,90.0,0.8,0.0,8.0,6.0,,increasing_centering_x_taper,original,increasing_centering,original_taper,increasing_centering_taper,-0.018612995346462102,0.019934257836277655,0.07373392740970647,0.035512210920303586,0.0706988851472703,-0.012599317471293704,0.019860460756066595,-0.07371134555817435,0.03550535703163905,-0.0706657667538956,0.0013550421646666565,0.0017136901820153717,0.0018247156664183172,0.0006976722038098923,0.0021637398528794945,,,,,,,,,,,,,,,
screen,finite_RF_static_Bloch,1000.0,read,90.0,0.8,0.0,8.0,7.0,,increasing_centering_x_taper,original,increasing_centering,original_taper,increasing_centering_taper,-0.012373720053954505,0.04136813003409695,0.06265165703091907,0.05675104740401469,0.0656608543468823,0.01839832466027773,-0.04132097828873353,0.06264658939130412,-0.0567143001413334,0.06565159219898198,0.001832305272636098,0.001974572303048442,-0.0007968477629088447,0.002041945379159994,0.0011028305858388052,,,,,,,,,,,,,,,
screen,finite_RF_static_Bloch,1000.0,read,90.0,0.8,0.0,8.0,8.0,,increasing_centering_x_taper,original,increasing_centering,original_taper,increasing_centering_taper,0.01775441004824768,0.041793601509860556,0.052449570045615186,0.02327644979628041,0.05168682838028272,0.019580833718999345,0.04176078400911361,-0.05240364721303983,0.023207706223128267,-0.05137589128002583,-0.0035982542004737448,0.001655912470265133,-0.0021943465408081108,0.0017875925094203882,-0.005660920702126601,,,,,,,,,,,,,,,
screen,finite_RF_static_Bloch,1000.0,read,0.0,1.0,0.0,8.0,1.0,,increasing_centering_x_taper,original,increasing_centering,original_taper,increasing_centering_taper,0.0,0.2455084451217991,0.24850106405226652,0.2455084451217991,0.24850106405226652,0.0,-0.0032448769234316712,-0.004910058550749369,-0.0032448769234316712,-0.004910058550749369,0.0,0.2454870004702392,0.2484525511242275,0.2454870004702392,0.2484525511242275,,,,,,,,,,,,,,,
screen,finite_RF_static_Bloch,1000.0,read,0.0,1.0,0.0,8.0,2.0,,increasing_centering_x_taper,original,increasing_centering,original_taper,increasing_centering_taper,0.0,0.17408066530266472,0.17832046272770738,0.17408066530266472,0.17832046272770738,0.0,-0.0031780999121127037,-0.0056344292284990945,-0.0031780999121127037,-0.0056344292284990945,0.0,0.17405165242871729,0.17823142437486358,0.17405165242871729,0.17823142437486358,,,,,,,,,,,,,,,
screen,finite_RF_static_Bloch,1000.0,read,0.0,1.0,0.0,8.0,3.0,,increasing_centering_x_taper,original,increasing_centering,original_taper,increasing_centering_taper,0.0031578630056089685,0.16069829149525128,0.1258061492568168,0.16174775723342505,0.13001347800059954,-0.00017092573395816133,0.0012929808305973509,-0.0018234463915474343,0.0021021050206598614,-0.0011852479354430851,0.0031741341275105805,0.16069308973961655,0.1257929339592873,0.16173409697563815,0.1300080753228195,,,,,,,,,,,,,,,
screen,finite_RF_static_Bloch,1000.0,read,0.0,1.0,0.0,8.0,4.0,,increasing_centering_x_taper,original,increasing_centering,original_taper,increasing_centering_taper,0.008620840182498646,0.12932732414796347,0.0881240395917202,0.13090452725988602,0.0983220828861414,-0.003668049463940052,0.004887420181354245,0.004007572926499163,0.0069666147896242665,0.002418718070829132,0.008775384175426226,0.12923494069036945,0.08803286723265272,0.13071901749748288,0.09829232821519238,,,,,,,,,,,,,,,
screen,finite_RF_static_Bloch,1000.0,read,0.0,1.0,0.0,8.0,5.0,,increasing_centering_x_taper,original,increasing_centering,original_taper,increasing_centering_taper,0.012898938238121146,0.11169357192447797,0.0683514459311198,0.11215007403585116,0.08170688628061414,-0.005478816160003706,0.005770167366950598,0.000676278588464995,0.012465495281911997,0.001892790343422689,0.013426135859373842,0.11154442692401048,0.06834810025264476,0.11145515032345309,0.08168495951146121,,,,,,,,,,,,,,,
screen,finite_RF_static_Bloch,1000.0,read,0.0,1.0,0.0,8.0,6.0,,increasing_centering_x_taper,original,increasing_centering,original_taper,increasing_centering_taper,0.007030204054926159,0.09049070100074613,0.05414098985633633,0.09349242481916037,0.06417291772967673,0.00020996166793662945,0.007266492132741192,-0.0002625310829990589,0.00853939319183494,0.001220331644031318,0.007117812860178527,0.09019847592776303,0.05414035334253345,0.09310162330744613,0.06416131358239507,,,,,,,,,,,,,,,
screen,finite_RF_static_Bloch,1000.0,read,0.0,1.0,0.0,8.0,7.0,,increasing_centering_x_taper,original,increasing_centering,original_taper,increasing_centering_taper,0.010094969326977954,0.07884813956707859,0.040810092149246614,0.07951961022186807,0.05157653213101404,-0.012199538063847219,-0.0031371731978516474,-0.002134657041522715,0.011987347679235498,0.0007903257717172136,0.010991066911128403,0.07878570465202546,0.040754225063729006,0.0786108892295142,0.051570476552346145,,,,,,,,,,,,,,,
screen,finite_RF_static_Bloch,1000.0,read,0.0,1.0,0.0,8.0,8.0,,increasing_centering_x_taper,original,increasing_centering,original_taper,increasing_centering_taper,0.00035405415578045746,0.06270890884743201,0.04195268692509646,0.0645988491349148,0.04419668136835971,0.002308521499364478,0.005649352500825831,0.00027916783461031465,0.0013873209130510476,-0.0016743422537999907,8.316573301661578e-05,0.062453919533980815,0.041951758074665696,0.06458395040750987,0.04416495468121137,,,,,,,,,,,,,,,
screen,finite_RF_static_Bloch,1000.0,read,90.0,1.0,0.0,8.0,1.0,,increasing_centering_x_taper,original,increasing_centering,original_taper,increasing_centering_taper,0.0,0.2441917467263025,0.24805902664203094,0.2441917467263025,0.24805902664203094,0.0,0.2441691149836675,0.24801095795424974,0.2441691149836675,0.24801095795424974,0.0,-0.0033245236253082477,-0.004883178596691768,-0.0033245236253082477,-0.004883178596691768,,,,,,,,,,,,,,,
screen,finite_RF_static_Bloch,1000.0,read,90.0,1.0,0.0,8.0,2.0,,increasing_centering_x_taper,original,increasing_centering,original_taper,increasing_centering_taper,0.0,0.1810054625174696,0.18255127701827992,0.1810054625174696,0.18255127701827992,0.0,-0.1809909593379285,-0.1825489530569612,-0.1809909593379285,-0.1825489530569612,0.0,-0.002291309472639517,0.0009211290963546121,-0.002291309472639517,0.0009211290963546121,,,,,,,,,,,,,,,
screen,finite_RF_static_Bloch,1000.0,read,90.0,1.0,0.0,8.0,3.0,,increasing_centering_x_taper,original,increasing_centering,original_taper,increasing_centering_taper,-0.004514880745060942,0.09808397421500868,0.13611539421290675,0.102728320517432,0.13624485977026912,-0.004500669504774846,0.09806726087512398,0.13608719595428814,0.10271148835746667,0.136230753931856,-0.0008589598935257242,0.0018106193031298635,0.0027704943663890832,0.001859568693602576,0.0019604838633360717,,,,,,,,,,,,,,,
screen,finite_RF_static_Bloch,1000.0,read,90.0,1.0,0.0,8.0,4.0,,increasing_centering_x_taper,original,increasing_centering,original_taper,increasing_centering_taper,-0.004087263325579092,0.054362214233792165,0.11069875262236084,0.06129724146937936,0.11354651653236894,0.004145573132442376,-0.05427295960162368,-0.11069870078382793,-0.06125458852146301,-0.11353475657122489,0.0025688513347011076,0.003113870980185276,-0.00010713038399146274,0.0022863063709075023,0.001634156341431871,,,,,,,,,,,,,,,
screen,finite_RF_static_Bloch,1000.0,read,90.0,1.0,0.0,8.0,5.0,,increasing_centering_x_taper,original,increasing_centering,original_taper,increasing_centering_taper,-0.017104232841383515,0.03926057160997544,0.09880531675816996,0.05681352041864243,0.09925403272545344,-0.01719208339830995,0.03911595587572645,0.09879688623042124,0.05675824154000402,0.09924708849638886,-0.0007444289237643329,-0.003366671809106231,-0.0012906939433898965,-0.00250561761768685,-0.0011740686757348482,,,,,,,,,,,,,,,
screen,finite_RF_static_Bloch,1000.0,read,90.0,1.0,0.0,8.0,6.0,,increasing_centering_x_taper,original,increasing_centering,original_taper,increasing_centering_taper,-0.012790090728692239,0.017959469282255617,0.07657667471867154,0.028129269992922583,0.07395638470064626,0.012663458123826465,-0.017802192437405818,-0.0765653847251378,-0.027791877640579877,-0.07389161180448539,-0.003751754284526632,0.0023715988956512545,-0.0013149041261109596,0.004343658313653495,-0.003094598992635351,,,,,,,,,,,,,,,
screen,finite_RF_static_Bloch,1000.0,read,90.0,1.0,0.0,8.0,7.0,,increasing_centering_x_taper,original,increasing_centering,original_taper,increasing_centering_taper,-0.026046943250567257,0.01003975030576161,0.06656878120099996,0.03282370747226094,0.06330579511693203,-0.026243186375086252,0.009654510853550183,0.06650494859168872,0.03269833246549396,0.06330558382854624,0.002639264234118614,0.0027544521017295017,-0.002914522843184866,0.0028661518104563704,-0.0001635589003393833,,,,,,,,,,,,,,,
screen,finite_RF_static_Bloch,1000.0,read,90.0,1.0,0.0,8.0,8.0,,increasing_centering_x_taper,original,increasing_centering,original_taper,increasing_centering_taper,-0.008712411981036398,0.0011126382786846487,0.05257074267326622,0.0095626599746914,0.05230835238823657,0.008921616124013881,-0.0008278170500010721,-0.052500001237319766,-0.009553296697830355,-0.05230386476113517,-0.001720797661952832,0.000743426439482657,0.002726326337802778,0.00042306972804555845,0.0006851719644128479,,,,,,,,,,,,,,,
screen,finite_RF_static_Bloch,1000.0,read,0.0,0.8,0.0,8.0,1.0,,increasing_centering_x_taper,original,increasing_centering,original_taper,increasing_centering_taper,0.0,0.2739454106026763,0.2910134879142601,0.2739454106026763,0.2910134879142601,0.0,-0.004991579147107938,-0.005448413794415983,-0.004991579147107938,-0.005448413794415983,0.0,0.2738999308650644,0.2909624802876619,0.2738999308650644,0.2909624802876619,,,,,,,,,,,,,,,
screen,finite_RF_static_Bloch,1000.0,read,0.0,0.8,0.0,8.0,2.0,,increasing_centering_x_taper,original,increasing_centering,original_taper,increasing_centering_taper,0.0,0.20311633593669665,0.20529422464397,0.20311633593669665,0.20529422464397,0.0,0.006792072383082392,0.004008816485619926,0.006792072383082392,0.004008816485619926,0.0,0.20300274302849206,0.2052550804792745,0.20300274302849206,0.2052550804792745,,,,,,,,,,,,,,,
screen,finite_RF_static_Bloch,1000.0,read,0.0,0.8,0.0,8.0,3.0,,increasing_centering_x_taper,original,increasing_centering,original_taper,increasing_centering_taper,-0.0006834693442428486,0.1881336324321432,0.1641918621363382,0.189055775428304,0.16443053578825617,0.00041958383073801165,-0.0028804625945044347,-0.00563800863484644,-0.00316189812310887,-0.005499860332712864,-0.0006742567783550035,0.18811158015219165,0.1640950348134632,0.18902933270542008,0.1643385305883366,,,,,,,,,,,,,,,
screen,finite_RF_static_Bloch,1000.0,read,0.0,0.8,0.0,8.0,4.0,,increasing_centering_x_taper,original,increasing_centering,original_taper,increasing_centering_taper,0.001243673360394576,0.1455171690923911,0.1288687137547778,0.14445825467162804,0.1290534726944093,0.001683638598683688,0.007134656286986935,0.0010389089531118684,0.005607270799180202,0.0011951620639888234,0.001176183269197828,0.14534215899156755,0.12886452596815773,0.14434938814195786,0.12904793838774586,,,,,,,,,,,,,,,
screen,finite_RF_static_Bloch,1000.0,read,0.0,0.8,0.0,8.0,5.0,,increasing_centering_x_taper,original,increasing_centering,original_taper,increasing_centering_taper,-0.003033953217529639,0.13054789918198786,0.11105654859981608,0.13096755861837933,0.1084422548186779,0.002865605950748907,-0.005332037905887434,-0.0018729534647215136,-0.008470898322586143,-0.002146207930671315,-0.0028741005217427784,0.13043896408895866,0.1110407539249545,0.13069332535392553,0.10842101466817858,,,,,,,,,,,,,,,
screen,finite_RF_static_Bloch,1000.0,read,0.0,0.8,0.0,8.0,6.0,,increasing_centering_x_taper,original,increasing_centering,original_taper,increasing_centering_taper,-0.004930246976608682,0.10270460224719587,0.0850037853192158,0.10172217932593415,0.0790911154213454,0.007603357434043084,0.004402119102198071,0.008956339532124984,-0.00365234511197521,0.008505232751994787,-0.004944531261175805,0.10261021718213431,0.08453063054763417,0.10165658926995602,0.07863247137428007,,,,,,,,,,,,,,,
screen,finite_RF_static_Bloch,1000.0,read,0.0,0.8,0.0,8.0,7.0,,increasing_centering_x_taper,original,increasing_centering,original_taper,increasing_centering_taper,-0.002360268472394872,0.09213087536241317,0.07334590832695016,0.09086772856920648,0.0697224930613486,0.0026808013082842332,-0.004103604759438988,-0.0031559131642233057,-0.005866879763916924,-0.0022383868604170087,-0.0022301204002127817,0.09203944058403887,0.07327798087014448,0.09067813307056297,0.06968655295645579,,,,,,,,,,,,,,,
screen,finite_RF_static_Bloch,1000.0,read,0.0,0.8,0.0,8.0,8.0,,increasing_centering_x_taper,original,increasing_centering,original_taper,increasing_centering_taper,-0.009864210326353429,0.07039205354452457,0.05647113917624298,0.07065361624780649,0.04686849155317146,0.013036014146624957,0.008987383861626386,-0.0005108329019413627,-0.004993104124636126,-0.0014553067415789185,-0.010283941404784683,0.0698159590175412,0.056468828654478914,0.0704769636128916,0.04684589184504463,,,,,,,,,,,,,,,
screen,instant_RF_exact_pathways,1000.0,read,90.0,0.8,0.0,8.0,1.0,0.001,increasing_centering_x_taper,original,increasing_centering,original_taper,increasing_centering_taper,0.0,0.15992509038940247,0.1785125223377237,0.15992509038940247,0.1785125223377237,0.0,-2.647567851899582e-07,-2.9463352815667465e-07,-2.647567851899582e-07,-2.9463352815667465e-07,0.0,-0.15992509038918332,-0.17851252233748055,-0.15992509038918332,-0.17851252233748055,0.0,0.16054957544226223,0.17887293662526704,0.16054957544226223,0.17887293662526704,0.0,0.0,0.0,0.0,0.0,0.0,0.0038746002361893226,0.002010866201569564,0.0038746002361893226,0.002010866201569564
screen,instant_RF_exact_pathways,1000.0,read,90.0,0.8,0.0,8.0,2.0,0.001,increasing_centering_x_taper,original,increasing_centering,original_taper,increasing_centering_taper,0.0,0.1275568297144172,0.1259732419271997,0.1275568297144172,0.1259732419271997,0.0,-4.78698473944091e-07,-4.770186351898727e-07,-4.78698473944091e-07,-4.770186351898727e-07,0.0,0.12755682971351898,0.12597324192629653,0.12755682971351898,0.12597324192629653,0.0,0.13189586750926569,0.1318938678671374,0.13189586750926569,0.1318938678671374,0.0,0.00010968831029626619,0.00012497173666104925,0.00010968831029626619,0.00012497173666104925,0.0,0.0335788560442867,0.044862971656196855,0.0335788560442867,0.044862971656196855
screen,instant_RF_exact_pathways,1000.0,read,90.0,0.8,0.0,8.0,3.0,0.001,increasing_centering_x_taper,original,increasing_centering,original_taper,increasing_centering_taper,0.002088393929165419,0.053845352638173624,0.08883653469777832,0.049194238817509006,0.08627381480627912,8.79283896814488e-09,-2.4347512086012256e-07,-1.6915890398864778e-07,-2.488746894991036e-07,-1.6576563365948397e-07,-0.002088393929246285,-0.053845352637623155,-0.08883653469761726,-0.049194238816879475,-0.08627381480611987,-0.00023080195482667876,0.08727829866427458,0.09699377228026573,0.0852049049480377,0.09468957660920217,-0.0022857731431191637,0.02492131347719051,0.0004906305569279238,0.027258236795198693,0.0005417807318169424,-0.015975115463697176,0.2787551367063922,0.07953008199070621,0.298911611818466,0.08371144163908284
screen,instant_RF_exact_pathways,1000.0,read,90.0,0.8,0.0,8.0,4.0,0.001,increasing_centering_x_taper,original,increasing_centering,original_taper,increasing_centering_taper,0.005346630282161959,0.011405241987724867,0.06448686326943588,0.001267787819573654,0.05969603938344663,7.89558262961518e-10,-2.3832745687621135e-07,-2.546360413105157e-07,-2.2088093838545745e-07,-2.363999645568003e-07,0.007882205899612303,0.011405241985234786,0.06448686326893315,-0.0012677878003321103,0.05969603938297855,4.444623759543298e-05,0.07168665597295826,0.071070614976795,0.06651459410753145,0.06594299934896362,-0.007664098271178178,0.05304917036302625,0.0012841809178326575,0.060916205058705514,0.0014871173423337439,-0.03208693068665175,0.4731466801058613,0.1325641799750968,0.5242791659715944,0.15160973515417817
screen,instant_RF_exact_pathways,1000.0,read,90.0,0.8,0.0,8.0,5.0,0.001,increasing_centering_x_taper,original,increasing_centering,original_taper,increasing_centering_taper,-0.01877711997258648,0.0358583832810075,0.04740789621419031,0.049870177369734765,0.042642570330331094,2.353472728471932e-08,-2.4644915198536685e-07,-1.001677056284494e-07,-2.6097635757444077e-07,-9.1160183932804e-08,-0.009246468205040471,0.0358583832801606,-0.047407896214084484,0.0498701773690519,-0.04264257033023365,-0.0006350215346162674,0.04742670762509899,0.0518397895297024,0.04060222955990102,0.044380289929888156,-0.007339965710615626,0.07752064230959055,0.0016679809537225032,0.08679731339884211,0.0036046863323584448,0.008299945370909056,0.6861995598071784,0.24947281323369452,0.7508810885611015,0.32245428735852666
screen,instant_RF_exact_pathways,1000.0,read,90.0,0.8,0.0,8.0,6.0,0.001,increasing_centering_x_taper,original,increasing_centering,original_taper,increasing_centering_taper,-0.002641763170078741,0.04541869797671042,0.0384816220640366,0.04597960344772603,0.03640076436497347,1.4057598572183915e-08,-1.0180075091562057e-07,-1.5293636325856563e-07,-1.0144924090429447e-07,-1.3852725467505561e-07,-0.0015199522280050365,-0.04541869797659633,0.0384816220637327,-0.04597960344761411,0.03640076436470988,0.00031567864848670163,0.03894612568678316,0.03760509338252247,0.02977821803718006,0.02875286438140607,0.008267990024775795,0.08271071025934465,0.003126130266399766,0.0785533473743954,0.007236757406226308,0.06427879892674715,0.7851874809976376,0.357271665390408,0.8535546858198237,0.4899176691393413
screen,instant_RF_exact_pathways,1000.0,read,90.0,0.8,0.0,8.0,7.0,0.001,increasing_centering_x_taper,original,increasing_centering,original_taper,increasing_centering_taper,0.025028037326416768,0.05066955190354696,0.031339048724684945,0.026941075687353367,0.03263860983490812,-2.4468004673909226e-08,-1.9583770596495865e-07,-6.607269171612062e-08,-1.6625055170316346e-07,-6.095354212823466e-08,0.02242891510609218,0.050669551903168505,-0.03133904872461529,0.02694107568684041,-0.03263860983485121,-0.0004582568929196139,0.02576069867418543,0.02710459136389421,0.016976501971375034,0.0178621377681642,0.03585022158318983,0.07739277098236216,0.0076381729898323675,0.04979525665992528,0.01589088025058531,0.12607854768655458,0.8812835985887849,0.5111894821058942,0.9342094708848844,0.6901939020885483
screen,instant_RF_exact_pathways,1000.0,read,90.0,0.8,0.0,8.0,8.0,0.001,increasing_centering_x_taper,original,increasing_centering,original_taper,increasing_centering_taper,0.026272641114972677,0.03215159579951962,0.02808637601240312,0.008460781535001715,0.030668202862857888,4.652280538450225e-08,-6.785351182599451e-08,-1.0846075958754057e-07,-1.158062146968926e-07,-1.0989065707393642e-07,-0.03803055048318989,-0.03215159579944802,0.0280863760121937,0.00846078153420917,0.030668202862661007,0.0007970957767823271,0.02114984294141668,0.019392430121734538,0.011557076632097388,0.010596759589197573,0.056102273674990384,0.05711542048769598,0.00926393906317692,0.010109252760149545,0.018360045010620867,0.14541816910758654,0.9206935245330666,0.6223661279669673,0.9654285444691615,0.8125193170106487
screen,instant_RF_exact_pathways,1000.0,read,90.0,1.0,0.0,8.0,1.0,0.001,increasing_centering_x_taper,original,increasing_centering,original_taper,increasing_centering_taper,0.0,0.18663396088449194,0.20793430677042551,0.18663396088449194,0.20793430677042551,0.0,-3.0702785146159754e-07,-3.4206863051991803e-07,-3.0702785146159754e-07,-3.4206863051991803e-07,0.0,-0.1866339608842394,-0.20793430677014416,-0.1866339608842394,-0.20793430677014416,0.0,0.1866339610514622,0.20793430686639466,0.1866339610514622,0.20793430686639466,0.0,0.0,0.0,0.0,0.0,0.0,8.946403422654344e-10,4.615359086053876e-10,8.946403422654344e-10,4.615359086053876e-10
screen,instant_RF_exact_pathways,1000.0,read,90.0,1.0,0.0,8.0,2.0,0.001,increasing_centering_x_taper,original,increasing_centering,original_taper,increasing_centering_taper,0.0,0.16951202840484011,0.16950945871084602,0.16951202840484011,0.16950945871084602,0.0,-6.210414651694744e-07,-6.210320499464321e-07,-6.210414651694744e-07,-6.210320499464321e-07,0.0,0.16951202840370247,0.16950945870970838,0.16951202840370247,0.16950945870970838,0.0,0.16951202769283688,0.16950945776097898,0.16951202769283688,0.16950945776097898,0.0,5.900124483705165e-15,6.722218632536547e-15,5.900124483705165e-15,6.722218632536547e-15,0.0,4.3122141742843e-09,5.9403698926522284e-09,4.3122141742843e-09,5.9403698926522284e-09
screen,instant_RF_exact_pathways,1000.0,read,90.0,1.0,0.0,8.0,3.0,0.001,increasing_centering_x_taper,original,increasing_centering,original_taper,increasing_centering_taper,-2.4086395944603045e-05,0.1240119169747176,0.137816431098018,0.12376044217910859,0.13754086990646439,4.71349735636124e-11,-2.0400956027377498e-07,-2.2671909438574516e-07,-2.0364015890719945e-07,-2.2630255804560602e-07,2.4086395944561412e-05,-0.1240119169745498,-0.1378164310978315,-0.12376044217894105,-0.1375408699062782,-2.6270559265823e-05,0.12401191681735917,0.13781643093308518,0.12377591702894862,0.1375541605854088,-3.011447800336418e-08,1.4814477314999301e-12,2.876017025309005e-14,3.076570929194366e-08,6.497786010182341e-10,-2.839641793574726e-05,1.2654906002669892e-08,1.0241606704718295e-08,0.0001250234995152268,9.662466828018159e-05
screen,instant_RF_exact_pathways,1000.0,read,90.0,1.0,0.0,8.0,4.0,0.001,increasing_centering_x_taper,original,increasing_centering,original_taper,increasing_centering_taper,0.0009181611761999858,0.11261164175038768,0.11164391117689239,0.11061892811098303,0.11056935871368773,1.4526267004607776e-09,-4.1257543606592354e-07,-4.090299594376843e-07,-4.1019300908802785e-07,-4.051949057593278e-07,0.0009181611762115877,0.11261164174963191,0.1116439111761431,0.1106189281102225,0.11056935871294528,9.178195239795128e-06,0.11261164138723825,0.11164391054809922,0.11154360512227338,0.11058505247837414,-0.0009082828434441614,3.642688683157365e-12,8.551257395644272e-14,0.000932783301169059,2.4500454167721473e-05,-0.008244841512333553,1.7925372392222272e-08,1.4354876462571233e-08,0.00874840715249553,0.0005035620696660466
screen,instant_RF_exact_pathways,1000.0,read,90.0,1.0,0.0,8.0,5.0,0.001,increasing_centering_x_taper,original,increasing_centering,original_taper,increasing_centering_taper,0.004396612645513484,0.08236747698717976,0.09003181701046402,0.07547803820726454,0.08753899087606228,1.0146053117345215e-08,-1.355011124205936e-07,-1.4810956756735004e-07,-1.4195876941025587e-07,-1.444211714396671e-07,-0.004396612645538228,-0.08236747698706831,-0.0900318170103422,-0.07547803820713103,-0.08753899087594315,-0.00020202922658847655,0.0823674767066181,0.0900318168892676,0.08019629990359038,0.0876586108596514,-0.004590616991737771,6.565084919883592e-12,1.4621229194954103e-13,0.004693808439569957,0.00010319144141331188,-0.05469875678983457,3.118868760273138e-08,1.8060601359115408e-08,0.056414762627127614,0.0017159927092068002
screen,instant_RF_exact_pathways,1000.0,read,90.0,1.0,0.0,8.0,6.0,0.001,increasing_centering_x_taper,original,increasing_centering,original_taper,increasing_centering_taper,0.01186749074219541,0.07477989739541373,0.07220500081333676,0.05867078293838948,0.06796337709850793,-3.880892269443204e-09,-2.739712194182731e-07,-2.645375662128208e-07,-2.554629929919684e-07,-2.499102320559593e-07,0.01186749074227482,0.07477989739491185,0.07220500081285217,0.058670782937833316,0.06796337709804845,0.00014347102791571753,0.07477989726839819,0.07220500037742832,0.07061322606453217,0.06818180020147802,-0.011727855553034322,9.383317254906514e-12,2.074143243605773e-13,0.011961903273811709,0.00023404771160148396,-0.1425276214346361,3.8296556906433925e-08,2.1810204838190023e-08,0.14794230387921797,0.005414665958229811
screen,instant_RF_exact_pathways,1000.0,read,90.0,1.0,0.0,8.0,7.0,0.001,increasing_centering_x_taper,original,increasing_centering,original_taper,increasing_centering_taper,0.023395749144587905,0.054684728689865444,0.05753753948428387,0.02518170721637786,0.05143026715538419,4.0754107676652826e-08,-8.996076856577826e-08,-9.465387213907623e-08,-1.2232604385444266e-07,-8.626503975108779e-08,-0.023395749144816534,-0.05468472868979145,-0.057537539484206014,-0.025181707216080748,-0.05143026715531185,-0.0002851575669362283,0.0546847283409899,0.057537539422927254,0.049218623634296244,0.05178627714929737,-0.023715621906187145,1.2554005213074247e-11,2.61312657707402e-13,0.02405536533417511,0.00033974341569526943,-0.3260202744672213,5.903939560949914e-08,2.5124047967835296e-08,0.34074336704656094,0.014723058663992006
screen,instant_RF_exact_pathways,1000.0,read,90.0,1.0,0.0,8.0,8.0,0.001,increasing_centering_x_taper,original,increasing_centering,original_taper,increasing_centering_taper,0.03731560899363472,0.04963675547742614,0.0455122679513638,0.004843754302751648,0.038034875770324036,-2.6224280356794173e-08,-1.8185425391634915e-07,-1.66743362030999e-07,-1.306861743066112e-07,-1.4179956277805523e-07,0.0373156089951057,0.04963675547709301,0.04551226795105835,0.0048437543009886685,0.03803487577005971,0.0006609361188122803,0.0496367555074751,0.045512267647310256,0.04168262261926894,0.03821907087791637,-0.0367797551591741,1.5288902866090813e-11,3.0618055753132956e-13,0.03698091253720588,0.0002011573630490564,-0.4666075191963271,6.878443227868703e-08,2.8431078439455218e-08,0.505684961992915,0.03907740244323409
screen,instant_RF_exact_pathways,1000.0,read,0.0,1.0,0.0,8.0,1.0,0.001,increasing_centering_x_taper,original,increasing_centering,original_taper,increasing_centering_taper,0.0,0.1866339610514625,0.20793430686639502,0.1866339610514625,0.20793430686639502,0.0,0.1866339610510982,0.20793430686598932,0.1866339610510982,0.20793430686598932,0.0,3.6875220575367384e-07,4.1074746597655864e-07,3.6875220575367384e-07,4.1074746597655864e-07,0.0,0.18663396105146215,0.20793430686639475,0.18663396105146215,0.20793430686639475,0.0,0.0,0.0,0.0,0.0,0.0,8.946403422654347e-10,4.615359086053874e-10,8.946403422654347e-10,4.615359086053874e-10
screen,instant_RF_exact_pathways,1000.0,read,0.0,1.0,0.0,8.0,2.0,0.001,increasing_centering_x_taper,original,increasing_centering,original_taper,increasing_centering_taper,0.0,0.1695120276928331,0.16950945776097354,0.1695120276928331,0.16950945776097354,0.0,0.1695120276928329,0.16950945776097334,0.1695120276928329,0.16950945776097334,0.0,8.121607752290936e-09,8.359357681691822e-09,8.121607752290936e-09,8.359357681691822e-09,0.0,0.16951202769283683,0.169509457760979,0.16951202769283683,0.169509457760979,0.0,7.083573959423051e-15,7.901428071236249e-15,7.083573959423051e-15,7.901428071236249e-15,0.0,4.312214174284302e-09,5.940369892652228e-09,4.312214174284302e-09,5.940369892652228e-09
screen,instant_RF_exact_pathways,1000.0,read,0.0,1.0,0.0,8.0,3.0,0.001,increasing_centering_x_taper,original,increasing_centering,original_taper,increasing_centering_taper,-2.6916250946543152e-05,0.1240119168188417,0.13781643093311616,0.12377713025171821,0.13755472811504613,-2.6916014674013833e-05,0.12401191681860019,0.1378164309328477,0.12377712940160847,0.13755472750118197,-1.5387149923334023e-06,2.447535025170452e-07,2.720100522843134e-07,1.4506835854922152e-05,1.2995377412356018e-05,-2.6270559265795246e-05,0.12401191681735914,0.13781643093308524,0.12377591702894859,0.1375541605854089,-3.0071200104475554e-08,1.4773051901428289e-12,2.7032252791889447e-14,3.0692698081403246e-08,6.200477039903394e-10,-2.839641793574734e-05,1.2654906002669895e-08,1.024160670471829e-08,0.00012502349951522683,9.662466828018153e-05
screen,instant_RF_exact_pathways,1000.0,read,0.0,1.0,0.0,8.0,4.0,0.001,increasing_centering_x_taper,original,increasing_centering,original_taper,increasing_centering_taper,-0.0008963778740037204,0.11261164138793871,0.11164391054811867,0.11247181342808574,0.11060770471426198,-0.0008963775857342426,0.11261164138793858,0.11164391054811854,0.11247181268276489,0.1106077042572106,-2.893204237151478e-06,5.2892092086391834e-09,5.50899267356898e-09,1.2948172611588841e-05,1.0055188157902293e-05,9.17819523978125e-06,0.11261164138723823,0.11164391054809927,0.11154360512227336,0.11058505247837419,-0.000901962148134479,6.951333409924485e-13,1.6495920230009372e-14,0.0009233687087258205,2.1406559912704083e-05,-0.008244841512333555,1.7925372392222275e-08,1.4354876462571226e-08,0.008748407152495532,0.0005035620696660464
screen,instant_RF_exact_pathways,1000.0,read,0.0,1.0,0.0,8.0,5.0,0.001,increasing_centering_x_taper,original,increasing_centering,original_taper,increasing_centering_taper,-0.002150589900401345,0.08236747670887778,0.09003181688930893,0.08218064581891314,0.08769439609894294,-0.002150589601804004,0.08236747670871772,0.0900318168891336,0.08218064418312072,0.0876943947617326,-1.0978540876605704e-06,1.6238120194530957e-07,1.776833706120688e-07,1.6396979942725256e-05,1.5314428023731444e-05,-0.0002020292265884488,0.0823674767066181,0.09003181688926766,0.08019629990359037,0.08765861085965147,-0.0019368344313394719,2.2530522215720768e-12,3.861951843108034e-14,0.0019712272978720893,3.439286431818475e-05,-0.05469875678983458,3.118868760273138e-08,1.8060601359115398e-08,0.05641476262712763,0.0017159927092067987
screen,instant_RF_exact_pathways,1000.0,read,0.0,1.0,0.0,8.0,6.0,0.001,increasing_centering_x_taper,original,increasing_centering,original_taper,increasing_centering_taper,-0.003050452173945506,0.07477989726904101,0.07220500037745327,0.07393257627364205,0.0683072272081088,-0.0030504519261590063,0.07477989726904094,0.07220500037745319,0.07393257416969608,0.06830722535194932,-1.7140831447380559e-06,3.405137728250677e-09,3.59229879555013e-09,1.7638035270252156e-05,1.59241392865814e-05,0.00014347102791571753,0.07477989726839819,0.07220500037742833,0.07061322606453219,0.06818180020147804,-0.0031610401150952046,6.373717632880689e-13,2.332986588952005e-14,0.0032856179730885136,0.00012457785737926734,-0.14252762143463593,3.8296556906433925e-08,2.181020483819002e-08,0.1479423038792178,0.005414665958229809
screen,instant_RF_exact_pathways,1000.0,read,0.0,1.0,0.0,8.0,7.0,0.001,increasing_centering_x_taper,original,increasing_centering,original_taper,increasing_centering_taper,-0.0064574232008873245,0.054684728343621425,0.057537539422968596,0.055659553217489006,0.05205494109594885,-0.0064574251390480605,0.054684728343515496,0.05753753942285651,0.055659552119958856,0.05205493806025181,6.718421550454985e-06,1.0763596880709389e-07,1.135698301626725e-07,1.1053328678458625e-05,1.777768409026919e-05,-0.0002851575669362144,0.054684728340989884,0.05753753942292726,0.049218623634296244,0.051786277149297406,-0.006091773200848364,2.6252332896845896e-12,3.995411624312045e-14,0.006360227267971358,0.0002684540645377149,-0.3260202744672213,5.903939560949916e-08,2.5124047967835293e-08,0.34074336704656094,0.014723058663991997
screen,instant_RF_exact_pathways,1000.0,read,0.0,1.0,0.0,8.0,8.0,0.001,increasing_centering_x_taper,original,increasing_centering,original_taper,increasing_centering_taper,-0.004309372799162929,0.04963675550773804,0.045512267647332655,0.04739216448044486,0.03895830382087655,-0.004309372420623972,0.04963675550773799,0.04551226764733259,0.047392161693577566,0.0389583014125482,-2.5543769586564536e-06,2.1549363722822572e-09,2.293765169306752e-09,1.6252733261670654e-05,1.3698495131811226e-05,0.0006609361188122664,0.049636755507475094,0.04551226764731028,0.04168262261926895,0.0382190708779164,-0.004790428277134513,2.580849971402978e-13,2.1707833205559004e-14,0.005529740641968289,0.0007393123645973988,-0.46660751919632704,6.878443227868704e-08,2.8431078439455205e-08,0.5056849619929149,0.03907740244323407
screen,instant_RF_exact_pathways,1000.0,read,0.0,0.8,0.0,8.0,1.0,0.001,increasing_centering_x_taper,original,increasing_centering,original_taper,increasing_centering_taper,0.0,0.16055437185145946,0.17887683999786422,0.16055437185145946,0.17887683999786422,0.0,0.16055317007974165,0.17887648330939204,0.16055317007974165,0.17887648330939204,0.0,0.0006212068594829929,0.00035722050094833273,0.0006212068594829929,0.00035722050094833273,0.0,0.16054957544226223,0.17887293662526701,0.16054957544226223,0.17887293662526701,0.0,0.0,0.0,0.0,0.0,0.0,0.0038746002361893226,0.002010866201569564,0.0038746002361893226,0.002010866201569564
screen,instant_RF_exact_pathways,1000.0,read,0.0,0.8,0.0,8.0,2.0,0.001,increasing_centering_x_taper,original,increasing_centering,original_taper,increasing_centering_taper,0.0,0.13191218540212818,0.13194471476459416,0.13191218540212818,0.13194471476459416,0.0,0.1318396735330772,0.1318089687406476,0.1318396735330772,0.1318089687406476,0.0,-0.004373229957029753,-0.005983603750006919,-0.004373229957029753,-0.005983603750006919,0.0,0.13189586750926574,0.1318938678671374,0.13189586750926574,0.1318938678671374,0.0,0.00013168963817858554,0.00014689423866479553,0.00013168963817858554,0.00014689423866479553,0.0,0.03357885604428669,0.044862971656196855,0.03357885604428669,0.044862971656196855
screen,instant_RF_exact_pathways,1000.0,read,0.0,0.8,0.0,8.0,3.0,0.001,increasing_centering_x_taper,original,increasing_centering,original_taper,increasing_centering_taper,-0.002511863228302408,0.11251525161480602,0.09780313432742993,0.11279769119352588,0.09557371067784738,-0.002518468866907514,0.11219967076115289,0.09750731912857497,0.11246532477765374,0.0952545042781683,-2.791332842677456e-05,0.008421147607779013,0.007601039443888036,0.008652737211246622,0.007804715718928871,-0.00023080195482669263,0.08727829866427463,0.09699377228026572,0.08520490494803774,0.09468957660920214,-0.002282381597155464,0.02482974912741733,0.0004458240104969779,0.027159374933444787,0.0004930682193689718,-0.015975115463697065,0.2787551367063922,0.07953008199070621,0.29891161181846587,0.08371144163908285
screen,instant_RF_exact_pathways,1000.0,read,0.0,0.8,0.0,8.0,4.0,0.001,increasing_centering_x_taper,original,increasing_centering,original_taper,increasing_centering_taper,-0.003322165964524837,0.08581267311891375,0.0716031166621661,0.08406078959176944,0.06652906717049695,-0.003294598949032404,0.08544937682882689,0.07140952112547176,0.08369549214059029,0.06636103748820275,0.00047671920086301244,-0.007887893722577971,-0.005261806568714837,-0.00782821449221474,-0.004725408137488592,4.44462375954191e-05,0.07168665597295829,0.07107061497679498,0.0665145941075315,0.06594299934896361,-0.0030101905052949546,0.012934014733382081,0.00027012459048201377,0.016013193954855388,0.0003391133066603645,-0.03208693068665169,0.47314668010586125,0.13256417997509684,0.5242791659715942,0.15160973515417805
screen,instant_RF_exact_pathways,1000.0,read,0.0,0.8,0.0,8.0,5.0,0.001,increasing_centering_x_taper,original,increasing_centering,original_taper,increasing_centering_taper,-0.005291205976000815,0.0794894390963923,0.05609390895097084,0.07952565774024985,0.05083892161882757,-0.0053504444478062185,0.07921097450788883,0.0557630686627482,0.07935600114192194,0.050557650848975094,0.0007129692207551858,0.006647739869282414,0.006083321026662632,0.005191851479255198,0.005340401857390602,-0.0006350215346163021,0.04742670762509899,0.0518397895297024,0.04060222955990104,0.04438028992988814,-0.004050388831943669,0.030709443161987163,0.0038652476368746555,0.03700106936627357,0.006106485009217397,0.008299945370909168,0.6861995598071784,0.24947281323369452,0.7508810885611014,0.3224542873585267
screen,instant_RF_exact_pathways,1000.0,read,0.0,0.8,0.0,8.0,6.0,0.001,increasing_centering_x_taper,original,increasing_centering,original_taper,increasing_centering_taper,-0.004684917877594841,0.05571203049193708,0.04304295346428404,0.055702794724240584,0.0383487998189927,-0.004718029093144359,0.055621925633359603,0.04298404640220221,0.05570277636868018,0.038346868044378424,-0.00048602349099539357,-0.003167290698931885,-0.002251132564254838,-4.5220699788425467e-05,0.0003849139438932281,0.00031567864848670163,0.03894612568678318,0.03760509338252246,0.02977821803718008,0.028752864381406062,-0.0036876298448259483,0.015021384253667185,0.005327948900972762,0.022906003210904496,0.009524938013384124,0.06427879892674715,0.7851874809976375,0.3572716653904081,0.8535546858198236,0.4899176691393414
screen,instant_RF_exact_pathways,1000.0,read,0.0,0.8,0.0,8.0,7.0,0.001,increasing_centering_x_taper,original,increasing_centering,original_taper,increasing_centering_taper,0.00047548578415489845,0.05451459858788776,0.03696627468038524,0.05246566006303681,0.03539282193968919,0.00068952173688,0.054512088066785945,0.036808262482172324,0.05238815710742615,0.03537385325969253,0.0011181979597003038,0.0005231766408276184,0.003414275441319316,-0.0028506982895021337,0.0011585984706898682,-0.0004582568929196035,0.025760698674185446,0.027104591363894204,0.016976501971375044,0.0178621377681642,0.002702530209433087,0.02711320328470768,0.009662561266588085,0.03219684721457657,0.017448735405890065,0.12607854768655435,0.8812835985887847,0.5111894821058942,0.9342094708848844,0.6901939020885483
screen,instant_RF_exact_pathways,1000.0,read,0.0,0.8,0.0,8.0,8.0,0.001,increasing_centering_x_taper,original,increasing_centering,original_taper,increasing_centering_taper,-0.0030964498828267573,0.03783901879692642,0.03018692383741216,0.04053327478015579,0.02978472993781477,-0.003065927882127839,0.037788124335170266,0.030181268746432406,0.04041102262496596,0.02973823915410026,0.0010639529758482043,0.001961887546182047,-0.0005842838534008899,0.003145729614589072,0.0016635111908543394,0.0007970957767823375,0.02114984294141669,0.019392430121734527,0.011557076632097398,0.010596759589197575,-0.0018498503597981063,0.014684286537396693,0.010755649736719695,0.024864397095812243,0.01908590993533714,0.14541816910758631,0.9206935245330666,0.6223661279669674,0.9654285444691615,0.8125193170106486
screen,instant_RF_exact_pathways,1000.0,read,90.0,1.0,0.0,8.0,1.0,0.0,increasing_centering_x_taper,original,increasing_centering,original_taper,increasing_centering_taper,0.0,0.5717088319203254,0.6368838357851905,0.5717088319203254,0.6368838357851905,0.0,-9.405069332735742e-07,-1.047725047434877e-06,-9.405069332735742e-07,-1.047725047434877e-06,0.0,-0.5717088319195518,-0.6368838357843287,-0.5717088319195518,-0.6368838357843287,0.0,0.5717088321694964,0.6368838359288798,0.5717088321694964,0.6368838359288798,0.0,0.0,0.0,0.0,0.0,0.0,4.3583552155117837e-10,2.2561301536644559e-10,4.3583552155117837e-10,2.2561301536644559e-10
screen,instant_RF_exact_pathways,1000.0,read,90.0,1.0,0.0,8.0,2.0,0.0,increasing_centering_x_taper,original,increasing_centering,original_taper,increasing_centering_taper,0.0,0.5214104584975701,0.5214104573847504,0.5214104584975701,0.5214104573847504,0.0,-1.910292259641127e-06,-1.9102922550930475e-06,-1.910292259641127e-06,-1.9102922550930475e-06,0.0,0.5214104584940707,0.5214104573812511,0.5214104584940707,0.5214104573812511,0.0,0.5214104578138995,0.5214104565236256,0.5214104578138995,0.5214104565236256,0.0,1.701439232788821e-14,1.9465844933752144e-14,1.701439232788821e-14,1.9465844933752144e-14,0.0,1.4638737946851762e-09,2.1125270081203128e-09,1.4638737946851762e-09,2.1125270081203128e-09
screen,instant_RF_exact_pathways,1000.0,read,90.0,1.0,0.0,8.0,3.0,0.0,increasing_centering_x_taper,original,increasing_centering,original_taper,increasing_centering_taper,-7.96584878982598e-05,0.38314905161276686,0.42682818007345247,0.3824018150243115,0.42600128499709883,1.4549523559371874e-10,-6.303109539624004e-07,-7.021666271930464e-07,-6.291397531107877e-07,-7.0084993110584e-07,7.965848789820429e-05,-0.3831490516122484,-0.42682818007287493,-0.38240181502379395,-0.4260012849965223,-8.312318139980235e-05,0.38314905158900237,0.4268281799762694,0.38241990315371227,0.4260159083595795,-9.265771480425277e-08,4.551826915080609e-12,8.102434337659814e-14,9.467581998948347e-08,2.013634382658983e-09,-1.297295970719587e-05,4.558552230674989e-09,3.5761488644917187e-09,4.730352829323121e-05,3.432958618266915e-05
screen,instant_RF_exact_pathways,1000.0,read,90.0,1.0,0.0,8.0,4.0,0.0,increasing_centering_x_taper,original,increasing_centering,original_taper,increasing_centering_taper,0.0028148019295212157,0.3493680813661013,0.3493680787253658,0.34316913299890267,0.34598393228768837,4.5865357460635435e-09,-1.2799803511970821e-06,-1.2799803409089592e-06,-1.2725429001062676e-06,-1.267956354072081e-06,0.0028148019295572424,0.3493680813637566,0.34936807872302106,0.3431691329965432,0.34598393228536495,2.7216340292568475e-11,0.34936808104036854,0.34936807817072557,0.34605458897351227,0.34605458613108564,-0.002806680653964602,1.1223794210296299e-11,2.526990286948994e-13,0.0028828551869748164,7.617452203911944e-05,-0.00811820993770269,5.980697346921803e-09,4.9774177212676395e-09,0.008439525923924336,0.0003213149829420208
screen,instant_RF_exact_pathways,1000.0,read,90.0,1.0,0.0,8.0,5.0,0.0,increasing_centering_x_taper,original,increasing_centering,original_taper,increasing_centering_taper,0.013476406200312957,0.2566739718121287,0.28593489892250545,0.23531602183481384,0.27805335514550356,3.173901963440934e-08,-4.222492922090214e-07,-4.703858669884165e-07,-4.4223843441946597e-07,-4.5863598956445174e-07,-0.01347640620038984,-0.25667397181178137,-0.28593489892211854,-0.2353160218343983,-0.2780533551451253,-0.0007713074253263841,0.2566739716190429,0.2859348988270974,0.24990813884860086,0.278397758631329,-0.014225627882981713,2.0288443395029602e-11,4.4604123049359335e-13,0.014550350906123697,0.0003247230032995818,-0.05413273909800666,1.0758011531741774e-08,6.300622010014538e-09,0.055491514387688255,0.0013587708322920795
screen,instant_RF_exact_pathways,1000.0,read,90.0,1.0,0.0,8.0,6.0,0.0,increasing_centering_x_taper,original,increasing_centering,original_taper,increasing_centering_taper,0.03642483424046811,0.23399574373332235,0.23399573661440376,0.18379863036907115,0.22022345749062067,-1.033150245102139e-08,-8.572905492818232e-07,-8.572905223730343e-07,-7.995118567820656e-07,-8.098433323242981e-07,0.03642483424071799,0.23399574373175192,0.23399573661283332,0.18379863036733224,0.22022345748913164,4.13914347241473e-10,0.23399574365851122,0.23399573622992578,0.2209577031884938,0.22095769617382272,-0.03643678471948438,2.9075119540696367e-11,6.528334107707426e-13,0.03718431538405064,0.0007475306361439755,-0.141438207611189,1.2763492058022908e-08,7.680422461092308e-09,0.14619449386306393,0.004756281168805315
screen,instant_RF_exact_pathways,1000.0,read,90.0,1.0,0.0,8.0,7.0,0.0,increasing_centering_x_taper,original,increasing_centering,original_taper,increasing_centering_taper,0.07179785735573953,0.1718767432780152,0.19147074120314247,0.07982590421112447,0.17121775949199128,1.2894975197692862e-07,-2.827510423899744e-07,-3.149847428085721e-07,-3.836733705284895e-07,-2.8695731897015864e-07,-0.0717978573564476,-0.17187674327778263,-0.1914707412028834,-0.07982590421020243,-0.1712177594917508,-0.001958551295005051,0.17187674298069947,0.1914707411304405,0.15469651182146818,0.17233195867620416,-0.07386107254240083,3.900567147126177e-11,8.500843856125014e-13,0.07496500365922712,0.001103931078670699,-0.3244414952687754,2.0053711933333755e-08,9.042261201903706e-09,0.3379733835063683,0.013531877226142184
screen,instant_RF_exact_pathways,1000.0,read,90.0,1.0,0.0,8.0,8.0,0.0,increasing_centering_x_taper,original,increasing_centering,original_taper,increasing_centering_taper,0.1143411575227205,0.1566584058516637,0.15665839359810263,0.01658446473701194,0.13092561000617137,-7.415806839740118e-08,-5.739496315303304e-07,-5.739495856526033e-07,-4.137059072415314e-07,-4.878639297612055e-07,0.1143411575269716,0.15665840585061233,0.15665839359705125,0.016584464731851913,0.13092561000526243,2.0228885233564142e-09,0.15665840595213512,0.15665839332855588,0.13155439247949444,0.13155438187880372,-0.11476355099058308,4.7617988778079076e-11,1.0346987790742423e-12,0.1154220011589675,0.0006584501218011245,-0.4660678389867454,2.2924986031976418e-08,1.0483816718859995e-08,0.5028343862016236,0.03676653477370882
screen,instant_RF_exact_pathways,1000.0,read,90.0,0.8,0.0,8.0,1.0,0.0,increasing_centering_x_taper,original,increasing_centering,original_taper,increasing_centering_taper,0.0,0.4908112020452584,0.54726944031104,0.4908112020452584,0.54726944031104,0.0,-8.102429782049828e-07,-9.020801528761797e-07,-8.102429782049828e-07,-9.020801528761797e-07,0.0,-0.4908112020445896,-0.5472694403102966,-0.4908112020445896,-0.5472694403102966,0.0,0.49180550937401357,0.5478715068166312,0.49180550937401357,0.5478715068166312,0.0,0.0,0.0,0.0,0.0,0.0,0.002017669842923321,0.0010977128796690477,0.002017669842923321,0.0010977128796690477
screen,instant_RF_exact_pathways,1000.0,read,90.0,0.8,0.0,8.0,2.0,0.0,increasing_centering_x_taper,original,increasing_centering,original_taper,increasing_centering_taper,0.0,0.4012838267020751,0.3995194712832025,0.4012838267020751,0.3995194712832025,0.0,-1.4815843700612237e-06,-1.4796512181588717e-06,-1.4815843700612237e-06,-1.4796512181588717e-06,0.0,0.40128382669934,0.3995194712804625,0.40128382669934,0.3995194712804625,0.0,0.405705044047879,0.405705043043928,0.405705044047879,0.405705043043928,0.0,0.000316311960928632,0.0003618865407279609,0.000316311960928632,0.0003618865407279609,0.0,0.012487635937756538,0.016929856955248835,0.012487635937756538,0.016929856955248835
screen,instant_RF_exact_pathways,1000.0,read,90.0,0.8,0.0,8.0,3.0,0.0,increasing_centering_x_taper,original,increasing_centering,original_taper,increasing_centering_taper,0.006329924985189084,0.18378950857574847,0.29067201042227053,0.16994661459594215,0.2831590414276533,2.7022260936989202e-08,-7.334093874159748e-07,-5.077457105087048e-07,-7.494874372040609e-07,-4.968014993598017e-07,-0.006329924985386093,-0.18378950857428514,-0.29067201042182705,-0.16994661459428947,-0.2831590414272175,-0.0007302849004605094,0.26965632187404015,0.3003972386392705,0.263250333995337,0.2932609658601068,-0.007027838296567071,0.07656575134014983,0.0014217289781927739,0.08375935563860977,0.0015874949800856498,-0.018104602509502132,0.24417538771374347,0.03439401479503446,0.26435670019665736,0.03647072476844621
screen,instant_RF_exact_pathways,1000.0,read,90.0,0.8,0.0,8.0,4.0,0.0,increasing_centering_x_taper,original,increasing_centering,original_taper,increasing_centering_taper,0.023060393729796656,0.05320311181419983,0.2125435104307893,0.013996270355355011,0.19639706270174115,4.513663687312105e-09,-7.580829868180014e-07,-8.070667481238773e-07,-7.043036491660414e-07,-7.487737467846052e-07,0.023060393742221207,0.05320311180879893,0.21254351042925704,0.013996270337634446,0.19639706270031376,1.317979059223262e-10,0.22240177946923823,0.22240177764247238,0.2063558955207693,0.20635589382580136,-0.02361201503421287,0.16349292387526465,0.003984382296295452,0.18779277501935843,0.004672218406176365,-0.042038714719388526,0.44521776392479545,0.06413995024113904,0.4980434320609691,0.07492690365792416
screen,instant_RF_exact_pathways,1000.0,read,90.0,0.8,0.0,8.0,5.0,0.0,increasing_centering_x_taper,original,increasing_centering,original_taper,increasing_centering_taper,-0.06279854192257586,0.09527275582684341,0.1631442205375459,0.1412816051276875,0.14635452791581413,7.412302730743617e-08,-7.486174100040712e-07,-3.04249134068829e-07,-7.954953761561674e-07,-2.7700407291348894e-07,-0.02921915667983549,0.09527275582390224,-0.1631442205372622,0.14128160512544796,-0.14635452791555198,-0.0024243859819815805,0.1477913600571814,0.1646396294837014,0.12652488499614972,0.14094876844068813,-0.02242942914046997,0.23910913547610907,0.005257757332017243,0.2675585028257168,0.011277695541155031,-0.003772805247835742,0.6669295093424583,0.15839816999546102,0.7354736838643079,0.2231695392694749
screen,instant_RF_exact_pathways,1000.0,read,90.0,0.8,0.0,8.0,6.0,0.0,increasing_centering_x_taper,original,increasing_centering,original_taper,increasing_centering_taper,-0.01983433120220146,0.1307576093171604,0.12899630240974275,0.13788957681062572,0.1162939387010066,4.78854671130176e-08,-3.321589307522888e-07,-4.982676238835901e-07,-3.26379035581713e-07,-4.446022615999967e-07,-0.005570396215122758,-0.13075760931673852,0.12899630240878043,-0.13788957681023947,0.11629393870015672,9.107338216907124e-10,0.1218673463803741,0.12186734251149187,0.09317980538841814,0.09317980243026973,0.026702136523945152,0.25486335544993144,0.009794294963886245,0.24111072516736703,0.022743801205266985,0.06138424518222341,0.772111228214572,0.2521344322269093,0.8448812825139936,0.3862887317085544
screen,instant_RF_exact_pathways,1000.0,read,90.0,0.8,0.0,8.0,7.0,0.0,increasing_centering_x_taper,original,increasing_centering,original_taper,increasing_centering_taper,0.06737643000130242,0.15172585925347928,0.11124763800676882,0.08334410451038951,0.11024231326498146,-7.42573157274999e-08,-6.038619860985002e-07,-2.0988251252364506e-07,-5.160347654350035e-07,-1.963126075876483e-07,0.0693870794852498,0.1517258592522776,-0.11124763800657084,0.08334410450879197,-0.11024231326480667,-0.003147451567621959,0.08096712042560118,0.09019739544883251,0.05335796582641571,0.05944078928202507,0.11400158197720417,0.23734234638310225,0.024847161697145053,0.1501191805705171,0.05162557786176406,0.14956297698472687,0.8740615181218521,0.4067865693186445,0.9306155885943139,0.6129036167758332
screen,instant_RF_exact_pathways,1000.0,read,90.0,0.8,0.0,8.0,8.0,0.0,increasing_centering_x_taper,original,increasing_centering,original_taper,increasing_centering_taper,0.07360404949393175,0.09757101105213878,0.09706460288255078,0.026899474111632727,0.09999711543597647,1.5127820284227583e-07,-2.212427807241876e-07,-3.6992187577057985e-07,-3.68697763238821e-07,-3.660986554429374e-07,-0.12153797260753345,-0.09757101105188794,0.09706460288184587,0.02689947410910595,0.09999711543530632,2.4396244885371843e-09,0.06675095194006753,0.06675094656125674,0.03647525274649331,0.036475249807307014,0.17670301403816352,0.17312642447230486,0.030903555504530562,0.02656162843847346,0.06104177350886269,0.18597103427851203,0.9161819677002013,0.5298163454443912,0.9638858767967137,0.7634912888194155
screen,instant_RF_exact_pathways,1000.0,read,0.0,1.0,0.0,8.0,1.0,0.0,increasing_centering_x_taper,original,increasing_centering,original_taper,increasing_centering_taper,0.0,0.5717088321694999,0.6368838359288833,0.5717088321694999,0.6368838359288833,0.0,0.5717088321683844,0.636883835927641,0.5717088321683844,0.636883835927641,0.0,1.1293225337692751e-06,1.257931804676126e-06,1.1293225337692751e-06,1.257931804676126e-06,0.0,0.5717088321694963,0.6368838359288799,0.5717088321694963,0.6368838359288799,0.0,0.0,0.0,0.0,0.0,0.0,4.358355215511784e-10,2.2561301536644556e-10,4.358355215511784e-10,2.2561301536644556e-10
screen,instant_RF_exact_pathways,1000.0,read,0.0,1.0,0.0,8.0,2.0,0.0,increasing_centering_x_taper,original,increasing_centering,original_taper,increasing_centering_taper,0.0,0.521410457813892,0.521410456523615,0.521410457813892,0.521410456523615,0.0,0.5214104578138914,0.5214104565236144,0.5214104578138914,0.5214104565236144,0.0,2.347524320086568e-08,2.365269433030179e-08,2.347524320086568e-08,2.365269433030179e-08,0.0,0.5214104578138994,0.5214104565236256,0.5214104578138994,0.5214104565236256,0.0,2.0528477925657762e-14,2.2979930518959e-14,2.0528477925657762e-14,2.2979930518959e-14,0.0,1.4638737946851766e-09,2.1125270081203128e-09,1.4638737946851766e-09,2.1125270081203128e-09
screen,instant_RF_exact_pathways,1000.0,read,0.0,1.0,0.0,8.0,3.0,0.0,increasing_centering_x_taper,original,increasing_centering,original_taper,increasing_centering_taper,-8.510261032562694e-05,0.38314905159355495,0.42682817997635714,0.3824236897338933,0.42601771550636985,-8.510253275612056e-05,0.38314905159280777,0.42682817997552497,0.3824236894374844,0.4260177152874455,-1.485356981613801e-06,7.566564746713014e-07,8.428498691772914e-07,1.5056810250189858e-05,1.3657646663082047e-05,-8.312318139991337e-05,0.38314905158900214,0.42682817997626943,0.38241990315371216,0.42601590835957953,-9.250980315727725e-08,4.5331676517379735e-12,7.257034482564661e-14,9.441064859915386e-08,1.896384844569692e-09,-1.2972959707195884e-05,4.558552230674991e-09,3.5761488644917183e-09,4.730352829323122e-05,3.432958618266915e-05
screen,instant_RF_exact_pathways,1000.0,read,0.0,1.0,0.0,8.0,4.0,0.0,increasing_centering_x_taper,original,increasing_centering,original_taper,increasing_centering_taper,-0.0027982108519395976,0.3493680810425538,0.34936807817078347,0.34892323838063355,0.34612502465692363,-0.002798210761946085,0.34936808104255346,0.3493680781707831,0.34892323815254345,0.346125024518827,-2.8391591888190707e-06,1.56083402158496e-08,1.582627111085123e-08,1.261633287671508e-05,9.77739161879101e-06,2.7216284781417244e-11,0.3493680810403685,0.3493680781707257,0.3460545889735121,0.3460545861310856,-0.0027872499071939687,2.1663365404193646e-12,4.4387177642898e-14,0.0028534401975361034,6.619028822018532e-05,-0.008118209937702695,5.980697346921804e-09,4.977417721267638e-09,0.008439525923924341,0.00032131498294202086
screen,instant_RF_exact_pathways,1000.0,read,0.0,1.0,0.0,8.0,5.0,0.0,increasing_centering_x_taper,original,increasing_centering,original_taper,increasing_centering_taper,-0.006832882287882924,0.25667397162603534,0.28593489882722045,0.25608337982341195,0.27851142473671414,-0.006832882195262069,0.25667397162553524,0.285934898826663,0.2560833793094046,0.2785114243152703,-9.614380411184398e-07,5.066945387318637e-07,5.645997629871313e-07,1.6225211466813625e-05,1.5321678649950453e-05,-0.0007713074253263841,0.2566739716190428,0.28593489882709744,0.24990813884860075,0.278397758631329,-0.006024295228759414,6.9678741360505686e-12,1.1099586709643003e-13,0.006132649636718255,0.00010835440110196224,-0.05413273909800668,1.0758011531741777e-08,6.3006220100145375e-09,0.055491514387688276,0.0013587708322920795
screen,instant_RF_exact_pathways,1000.0,read,0.0,1.0,0.0,8.0,6.0,0.0,increasing_centering_x_taper,original,increasing_centering,original_taper,increasing_centering_taper,-0.009958016656949453,0.23399574366055756,0.2339957362300054,0.23131557584062373,0.22135755175312213,-0.009958016572167494,0.23399574366055734,0.23399573623000516,0.23131557524603022,0.22135755124331055,-1.562383021665016e-06,1.0332185179390016e-08,1.0613419162115345e-08,1.6585459711284086e-05,1.5023357923601795e-05,4.139142917303218e-10,0.2339957436585112,0.23399573622992587,0.22095770318849378,0.22095769617382274,-0.00985070019126488,2.0267198981875504e-12,7.042546106053836e-14,0.010246402710138275,0.00039570251691710146,-0.14143820761118894,1.2763492058022908e-08,7.680422461092305e-09,0.14619449386306385,0.004756281168805314
screen,instant_RF_exact_pathways,1000.0,read,0.0,1.0,0.0,8.0,7.0,0.0,increasing_centering_x_taper,original,increasing_centering,original_taper,increasing_centering_taper,-0.02127923715433508,0.1718767429888963,0.19147074113056894,0.17489605806722205,0.17321081905455962,-0.02127923769047868,0.1718767429885618,0.1914707411301957,0.17489605780562464,0.17321081825677986,7.0195559037997265e-06,3.391047155331482e-07,3.7806388035887497e-07,9.565809405477342e-06,1.6624324474102794e-05,-0.0019585512950051065,0.1718767429806994,0.19147074113044055,0.15469651182146812,0.17233195867620416,-0.019049740065743063,8.172772235958045e-12,1.2102289723831549e-13,0.019926217465005305,0.0008764773912104946,-0.3244414952687754,2.0053711933333762e-08,9.042261201903705e-09,0.3379733835063683,0.013531877226142184
screen,instant_RF_exact_pathways,1000.0,read,0.0,1.0,0.0,8.0,8.0,0.0,increasing_centering_x_taper,original,increasing_centering,original_taper,increasing_centering_taper,-0.015539411773915907,0.15665840595303046,0.15665839332863538,0.14955108389517976,0.13401165949686877,-0.015539411590606705,0.15665840595303032,0.1566583933286352,0.14955108323117508,0.13401165901617326,-2.7423952880767163e-06,6.794921050390493e-09,7.118343060183647e-09,1.4092737224430672e-05,1.1350665358363748e-05,2.0228884956008386e-09,0.15665840595213507,0.1566583933285559,0.1315543924794944,0.13155438187880375,-0.01492496420080325,8.777067941569146e-13,7.426100095462577e-14,0.017380137750493758,0.002455173548887061,-0.46606783898674536,2.2924986031976427e-08,1.0483816718859993e-08,0.5028343862016235,0.036766534773708816
screen,instant_RF_exact_pathways,1000.0,read,0.0,0.8,0.0,8.0,1.0,0.0,increasing_centering_x_taper,original,increasing_centering,original_taper,increasing_centering_taper,0.0,0.4918741430933228,0.5479395279897853,0.4918741430933228,0.5479395279897853,0.0,0.4918732685899014,0.5479392664273832,0.4918732685899014,0.5479392664273832,0.0,0.0009275184512122105,0.000535388354253085,0.0009275184512122105,0.000535388354253085,0.0,0.4918055093740136,0.5478715068166311,0.4918055093740136,0.5478715068166311,0.0,0.0,0.0,0.0,0.0,0.0,0.0020176698429233207,0.001097712879669048,0.0020176698429233207,0.001097712879669048
screen,instant_RF_exact_pathways,1000.0,read,0.0,0.8,0.0,8.0,2.0,0.0,increasing_centering_x_taper,original,increasing_centering,original_taper,increasing_centering_taper,0.0,0.40560346278717363,0.40557029479140433,0.40560346278717363,0.40557029479140433,0.0,0.4055786868828026,0.40552128598545145,0.4055786868828026,0.40552128598545145,0.0,-0.0044830537993365595,-0.0063048100599709216,-0.0044830537993365595,-0.0063048100599709216,0.0,0.4057050440478791,0.40570504304392807,0.4057050440478791,0.40570504304392807,0.0,0.0003816417878704745,0.0004272163674362521,0.0003816417878704745,0.0004272163674362521,0.0,0.012487635937756534,0.01692985695524883,0.012487635937756534,0.01692985695524883
screen,instant_RF_exact_pathways,1000.0,read,0.0,0.8,0.0,8.0,3.0,0.0,increasing_centering_x_taper,original,increasing_centering,original_taper,increasing_centering_taper,-0.007770620041053777,0.34630122962674353,0.30191824624126046,0.3471001163413627,0.2949465129148258,-0.00777330902961898,0.3461849071174292,0.30181087212885116,0.34697841111078764,0.2948310670925906,-1.5740894568010144e-05,0.0089750612862222,0.008051389831614452,0.009190918736488137,0.008251506387312379,-0.0007302849004605094,0.2696563218740402,0.3003972386392706,0.26325033399533704,0.2932609658601069,-0.007026503405873852,0.07619591687491128,0.0011544657153907184,0.08336678234841588,0.0012988277830214654,-0.01810460250950205,0.24417538771374356,0.03439401479503445,0.26435670019665736,0.0364707247684462
screen,instant_RF_exact_pathways,1000.0,read,0.0,0.8,0.0,8.0,4.0,0.0,increasing_centering_x_taper,original,increasing_centering,original_taper,increasing_centering_taper,-0.010477558556071132,0.2654832868539148,0.2233049397996029,0.2601299974296966,0.20747409181931356,-0.010468979790340338,0.26536579422816453,0.22323176015010748,0.26001335805264675,0.2074103441842494,0.00046518402639864065,-0.007897521915984734,-0.005716414889522823,-0.007789043391846996,-0.005142752338986445,1.3179773938887251e-10,0.2224017794692383,0.22240177764247251,0.20635589552076938,0.20635589382580133,-0.009371848151483786,0.04018554997929705,0.000564314852885299,0.04974867805241237,0.000755594774516834,-0.04203871471938858,0.4452177639247954,0.064139950241139,0.4980434320609691,0.07492690365792418
screen,instant_RF_exact_pathways,1000.0,read,0.0,0.8,0.0,8.0,5.0,0.0,increasing_centering_x_taper,original,increasing_centering,original_taper,increasing_centering_taper,-0.016794368406046895,0.24590032485047184,0.17678130549144275,0.24602736244496948,0.16011397467989347,-0.01681433787995451,0.24580313147909982,0.1766553331534064,0.24596917772819069,0.16000704152254275,0.0007408633387267823,0.006913054074426646,0.006672573695194262,0.005350390578837959,0.005850773538332357,-0.002424385981981636,0.14779136005718152,0.16463962948370148,0.12652488499614978,0.1409487684406881,-0.012154544587828608,0.09436740796121512,0.011776910834317197,0.11351929760426664,0.018774255889540105,-0.003772805247835631,0.6669295093424582,0.15839816999546094,0.7354736838643078,0.22316953926947491
screen,instant_RF_exact_pathways,1000.0,read,0.0,0.8,0.0,8.0,6.0,0.0,increasing_centering_x_taper,original,increasing_centering,original_taper,increasing_centering_taper,-0.01592209169715192,0.17488043647467955,0.13869016803940945,0.1753897408743448,0.12327738074192278,-0.015921998064996834,0.1748551736174902,0.13866469333422335,0.17538955854763366,0.12327708019936998,-0.0002950024022582787,-0.002972426747926262,-0.0026581070944228543,0.0002528960972426211,0.00027221334848774993,9.107338078129246e-10,0.12186734638037415,0.12186734251149192,0.09317980538841816,0.09317980243026974,-0.011309880967023865,0.04728147059094342,0.016570778428574108,0.07181341688966181,0.02979284376026863,0.06138424518222341,0.772111228214572,0.2521344322269092,0.8448812825139937,0.38628873170855427
screen,instant_RF_exact_pathways,1000.0,read,0.0,0.8,0.0,8.0,7.0,0.0,increasing_centering_x_taper,original,increasing_centering,original_taper,increasing_centering_taper,0.0015111812692502058,0.1698037786517086,0.12143191783615882,0.162742032219696,0.11588135267339641,0.001591400970324064,0.16980297517904142,0.12137094181836242,0.16271706226401841,0.11587642987366346,0.0005934827548520092,0.0005223645702922899,0.00384774628728467,-0.0028507366002704787,0.0010681278715739104,-0.0031474515676219866,0.08096712042560121,0.09019739544883257,0.05335796582641572,0.059440789282025085,0.010108253505685089,0.08310148847423987,0.030962788623317798,0.09812227055834982,0.05609182421311284,0.14956297698472687,0.8740615181218521,0.4067865693186444,0.9306155885943139,0.612903616775833
screen,instant_RF_exact_pathways,1000.0,read,0.0,0.8,0.0,8.0,8.0,0.0,increasing_centering_x_taper,original,increasing_centering,original_taper,increasing_centering_taper,-0.01077633873693673,0.1204705721166085,0.10245646536716303,0.12871213807974652,0.09992169259336432,-0.01077785699850066,0.12045031938648097,0.10245421967552622,0.12867277134214464,0.09989881463268921,0.0018422301299247192,0.002208915072539875,-0.0006783555201342783,0.003183143759225216,0.002138103296475782,2.4396244746593965e-09,0.06675095194006757,0.06675094656125678,0.036475252746493325,0.036475249807307014,-0.003706468668662255,0.04673089937616398,0.03550645864672994,0.077961252450333,0.0630303430522367,0.18597103427851225,0.9161819677002013,0.529816345444391,0.9638858767967137,0.7634912888194156
