group,variant,b,phase,b1,echo,primary,total,other,unwanted_fraction,cancellation,other_phase_deg,closure_relative_error,run
robust,base,0,0,0.7,1,0.40440577014326246,0.4060638489219114,0.04880952899082554,0.11018387702540268,0.8934644023497437,-91.50746489610152,,runs/improve_robust_base_b0_ph0
robust,base,0,0,0.7,2,0.2928082359203305,0.3085762819582469,0.015771470947489923,0.09341820872612784,0.9554022193503304,-1.2258157571570907,,runs/improve_robust_base_b0_ph0
robust,base,0,0,0.7,3,0.17081752073082054,0.2917567402424337,0.12111739478806434,0.5107847443639432,0.8355808446966398,-4.063119851458226,,runs/improve_robust_base_b0_ph0
robust,base,0,0,0.7,4,0.12365423425794937,0.21033247258702706,0.08805429561008814,0.6954394412734564,0.5180491857303482,-13.26197997321725,,runs/improve_robust_base_b0_ph0
robust,base,0,0,0.7,5,0.072122157047217,0.20195311587745784,0.12983104546867313,0.8553836883290108,0.4049478820987209,0.1107629937110992,,runs/improve_robust_base_b0_ph0
robust,base,0,0,0.7,6,0.05219824998389544,0.15341807864539905,0.10134180276688046,0.917971694626061,0.2410928529000585,-4.821719049546658,,runs/improve_robust_base_b0_ph0
robust,base,0,0,0.7,7,0.030438707629794816,0.13324007937023452,0.10289060493235533,0.9633760156084584,0.16031503855330131,-4.994908723642773,,runs/improve_robust_base_b0_ph0
robust,base,0,0,0.7,8,0.02202540513825396,0.11121622957659191,0.08919163525362497,0.9800278464889588,0.10084843371008138,-0.5489858048440541,,runs/improve_robust_base_b0_ph0
robust,base,0,0,0.8,1,0.49180605701452945,0.49177787765473086,0.02443118588113123,0.04848067780056156,0.9514648023232533,-91.48937765824088,,runs/improve_robust_base_b0_ph0
robust,base,0,0,0.8,2,0.40570549581288645,0.4145965430505594,0.008934604800830158,0.041982576333506855,0.9790124021822906,-5.721778244267626,,runs/improve_robust_base_b0_ph0
robust,base,0,0,0.8,3,0.2696566221446235,0.34596779119542775,0.07640934853694732,0.30154306527929675,0.8961159604708366,-3.2906185887243202,,runs/improve_robust_base_b0_ph0
robust,base,0,0,0.8,4,0.22240202712043958,0.2710721884982546,0.049764344728369554,0.4805545851601653,0.6331201528561833,-13.30794898017952,,runs/improve_robust_base_b0_ph0
robust,base,0,0,0.8,5,0.1477915246273929,0.24654590412871114,0.09880320853224646,0.6936935357257891,0.5109806151966366,2.3268406216357644,,runs/improve_robust_base_b0_ph0
robust,base,0,0,0.8,6,0.12186748208340135,0.17819839428237966,0.05696785763555782,0.7895831246923956,0.30767805052433955,-10.383984762997326,,runs/improve_robust_base_b0_ph0
robust,base,0,0,0.8,7,0.08096721058497264,0.17069490950394647,0.08973210942862322,0.8844220512707431,0.24366119761885238,0.8248411738559798,,runs/improve_robust_base_b0_ph0
robust,base,0,0,0.8,8,0.06675102626929945,0.12253918120908852,0.05584268689494771,0.9230443546803673,0.14127246117295986,-3.4316402379079194,,runs/improve_robust_base_b0_ph0
robust,base,0,0,1.2,1,0.4918074179710229,0.49169145816694737,0.022595077195525063,0.04508705601620502,0.9546877917924141,-91.61039222647707,,runs/improve_robust_base_b0_ph0
robust,base,0,0,1.2,2,0.4057077022118165,0.4146000813220562,0.009005197788412737,0.04202895939574498,0.9789680333239948,-9.178751574289667,,runs/improve_robust_base_b0_ph0
robust,base,0,0,1.2,3,0.2696588089505261,0.34595604321072543,0.0763516638627404,0.29985642203686724,0.8982421262417021,-2.4507516455090324,,runs/improve_robust_base_b0_ph0
robust,base,0,0,1.2,4,0.22240442478585407,0.2710694317095188,0.04974120119669719,0.4801890230578041,0.6335524405675089,-13.20033492699907,,runs/improve_robust_base_b0_ph0
robust,base,0,0,1.2,5,0.14779351271237398,0.2465513185425392,0.09881410557933967,0.6931893999813166,0.5118259698221563,2.4984264397527864,,runs/improve_robust_base_b0_ph0
robust,base,0,0,1.2,6,0.1218694469706447,0.17816715708071298,0.05686696180687132,0.7893519269181802,0.3079571562719757,-9.822108479256233,,runs/improve_robust_base_b0_ph0
robust,base,0,0,1.2,7,0.080968732310618,0.1706950658299822,0.08973038484810268,0.8842618514585183,0.2439945682802514,0.7905410805871945,,runs/improve_robust_base_b0_ph0
robust,base,0,0,1.2,8,0.06675245911677426,0.12252546241230095,0.05581118597054031,0.922949710043199,0.14142733512549446,-2.871898041844108,,runs/improve_robust_base_b0_ph0
robust,base,0,0,1.0,1,0.5717094687848123,0.5717094687847751,6.567831873528837e-09,1.1488112568221386e-08,0.9999999885118224,-90.00032526097046,,runs/improve_robust_base_b0_ph0
robust,base,0,0,1.0,2,0.5214110384204331,0.5214110384209099,1.7609750301239299e-09,3.378347564051448e-09,0.9999999966225668,89.98449003950383,,runs/improve_robust_base_b0_ph0
robust,base,0,0,1.0,3,0.38314947823722034,0.38314947824170054,4.5969692502152645e-09,1.5613300822975956e-08,0.9999999843983922,-89.94416005434927,,runs/improve_robust_base_b0_ph0
robust,base,0,0,1.0,4,0.34936847007244004,0.3493684700749946,1.0588225371743858e-09,7.897851031980254e-09,0.9999999921094609,89.8617657312928,,runs/improve_robust_base_b0_ph0
robust,base,0,0,1.0,5,0.2566742574333811,0.25667425744028083,3.273961235005138e-09,2.181636982784111e-08,0.9999999782105113,-89.87925249836572,,runs/improve_robust_base_b0_ph0
robust,base,0,0,1.0,6,0.23399600421994723,0.23399600422228461,5.87378771509823e-10,1.468456009894846e-08,0.9999999853254289,89.77200017020252,,runs/improve_robust_base_b0_ph0
robust,base,0,0,1.0,7,0.1718769343707233,0.17187693437881468,2.3858003992428827e-09,3.111733890221889e-08,0.9999999689297377,-89.80568277813248,,runs/improve_robust_base_b0_ph0
robust,base,0,0,1.0,8,0.15665858039607403,0.15665858039720706,2.7084504365905684e-10,2.485176901035967e-08,0.9999999751554636,89.76031468727979,,runs/improve_robust_base_b0_ph0
robust,base,0,45,0.7,1,0.4044057701432624,0.44036378148702826,0.04970885115561949,0.1101838770254027,0.9689347226732405,-46.04661844858673,,runs/improve_robust_base_b0_ph45
robust,base,0,45,0.7,2,0.29280823592033056,0.2924749457662172,0.01659045448209361,0.09341820872612783,0.9055498708977928,-92.77464332998832,,runs/improve_robust_base_b0_ph45
robust,base,0,45,0.7,3,0.17081752073082054,0.20819692739457366,0.1256351053446471,0.5107847443639432,0.5962685362848765,92.15883890362556,,runs/improve_robust_base_b0_ph45
robust,base,0,45,0.7,4,0.12365423425794934,0.17063899837101856,0.18264724242218228,0.6954394412734564,0.42028410103614544,-115.62154009118201,,runs/improve_robust_base_b0_ph45
robust,base,0,45,0.7,5,0.07212215704721697,0.17453276171991017,0.17701066596019233,0.8553836883290108,0.34996574283213283,103.75904325615299,,runs/improve_robust_base_b0_ph45
robust,base,0,45,0.7,6,0.052198249983895426,0.12011973217433135,0.11397734717353963,0.917971694626061,0.18876529529767389,-96.20811923568347,,runs/improve_robust_base_b0_ph45
robust,base,0,45,0.7,7,0.030438707629794816,0.09456373211507123,0.07334334723380051,0.9633760156084584,0.11377949061142936,53.80777351967927,,runs/improve_robust_base_b0_ph45
robust,base,0,45,0.7,8,0.022025405138253958,0.08680590988201242,0.06652768937616414,0.9800278464889588,0.07871369207270776,-26.433292026073595,,runs/improve_robust_base_b0_ph45
robust,base,0,45,0.8,1,0.4918060570145295,0.5093904210581689,0.024875985643685258,0.04848067780056145,0.9855405830551535,-46.0342847628913,,runs/improve_robust_base_b0_ph45
robust,base,0,45,0.8,2,0.4057054958128865,0.40488275951978686,0.009877284812823461,0.04198257633350685,0.9560746456858967,-95.4734396421324,,runs/improve_robust_base_b0_ph45
robust,base,0,45,0.8,3,0.2696566221446236,0.2767726882013731,0.08157322169556931,0.3015430652792967,0.7168887671961602,93.60442054149122,,runs/improve_robust_base_b0_ph45
robust,base,0,45,0.8,4,0.22240202712043966,0.19257570512663238,0.1412070910999129,0.48055458516016525,0.4497826226350248,-120.96533926878735,,runs/improve_robust_base_b0_ph45
robust,base,0,45,0.8,5,0.1477915246273929,0.19000291470551997,0.19316731311043409,0.6936935357257891,0.39379200635470807,113.81493739651968,,runs/improve_robust_base_b0_ph45
robust,base,0,45,0.8,6,0.12186748208340141,0.16416160377980354,0.19569853778190835,0.7895831246923956,0.28344207267031096,-123.31863080075213,,runs/improve_robust_base_b0_ph45
robust,base,0,45,0.8,7,0.08096721058497267,0.16262068529296486,0.17793328005916054,0.8844220512707431,0.23213551623322534,114.11092519684554,,runs/improve_robust_base_b0_ph45
robust,base,0,45,0.8,8,0.06675102626929948,0.11232137721545483,0.12508312882988656,0.9230443546803672,0.12949260183555744,-116.63198058759673,,runs/improve_robust_base_b0_ph45
robust,base,0,45,1.2,1,0.4918074179710229,0.5080496776177515,0.023039518027567863,0.04508705601620502,0.9864495646394856,-46.1167038239174,,runs/improve_robust_base_b0_ph45
robust,base,0,45,1.2,2,0.40570770221181646,0.4045087745732339,0.01030385028739652,0.04202895939574499,0.955140091250125,-97.40510378929218,,runs/improve_robust_base_b0_ph45
robust,base,0,45,1.2,3,0.2696588089505261,0.2762517046386063,0.08241587439073901,0.29985642203686724,0.7172614076908355,94.11977715239354,,runs/improve_robust_base_b0_ph45
robust,base,0,45,1.2,4,0.222404424785854,0.19258715036056545,0.14111168837853869,0.48018902305780425,0.4501210570420561,-120.95598237292344,,runs/improve_robust_base_b0_ph45
robust,base,0,45,1.2,5,0.14779351271237393,0.19012003314008938,0.19344159723730306,0.6931893999813167,0.3946779555663073,113.84677318315555,,runs/improve_robust_base_b0_ph45
robust,base,0,45,1.2,6,0.1218694469706447,0.16379727753193377,0.19514308319859475,0.7893519269181802,0.28311920457357076,-123.28521110494832,,runs/improve_robust_base_b0_ph45
robust,base,0,45,1.2,7,0.08096873231061802,0.16258574699045245,0.17788492417163557,0.8842618514585181,0.23240296345162248,114.1052166973113,,runs/improve_robust_base_b0_ph45
robust,base,0,45,1.2,8,0.06675245911677424,0.11197632686110562,0.12456838039824505,0.922949710043199,0.12925079565761824,-116.55385255856434,,runs/improve_robust_base_b0_ph45
robust,base,0,45,1.0,1,0.5717094687848122,0.5717094734289655,6.567853705359132e-09,1.1488112568221388e-08,0.9999999966351624,-45.000254834524085,,runs/improve_robust_base_b0_ph45
robust,base,0,45,1.0,2,0.5214110384204331,0.5214110396656125,1.7606132429465538e-09,3.378347564051448e-09,0.999999999009748,44.98905365538272,,runs/improve_robust_base_b0_ph45
robust,base,0,45,1.0,3,0.3831494782372204,0.38314948148722117,4.593030221593425e-09,1.5613300822975956e-08,0.9999999928690302,-44.96050639045007,,runs/improve_robust_base_b0_ph45
robust,base,0,45,1.0,4,0.34936847007244004,0.34936847081611655,1.0499131830039002e-09,7.897851031980254e-09,0.9999999942307798,44.90145410550114,,runs/improve_robust_base_b0_ph45
robust,base,0,45,1.0,5,0.25667425743338107,0.25667425974087493,3.258415478775396e-09,2.1816369827841113e-08,0.9999999871736,-44.91423807820363,,runs/improve_robust_base_b0_ph45
robust,base,0,45,1.0,6,0.23399600421994715,0.23399600462095715,5.654638144999963e-10,1.4684560098948466e-08,0.9999999870291871,44.83256787557022,,runs/improve_robust_base_b0_ph45
robust,base,0,45,1.0,7,0.17187693437072324,0.1718769360412129,2.3567155886309752e-09,3.11173389022189e-08,0.999999978601764,-44.86092592214194,,runs/improve_robust_base_b0_ph45
robust,base,0,45,1.0,8,0.15665858039607394,0.15665858056322043,2.3558104311566026e-10,2.4851769010359682e-08,0.9999999762151786,44.80515108569077,,runs/improve_robust_base_b0_ph45
robust,base,0,90,0.7,1,0.4044057701432624,0.45448240338825224,0.050076633245154906,0.1101838770254027,0.9999999999996271,0.0001559849539499412,,runs/improve_robust_base_b0_ph90
robust,base,0,90,0.7,2,0.29280823592033056,0.2755738557232296,0.01723438019733751,0.09341820872612783,0.8532213548043396,179.99970877055884,,runs/improve_robust_base_b0_ph90
robust,base,0,90,0.7,3,0.17081752073082057,0.03698402386622565,0.13383349687247859,0.5107847443639432,0.10592091849100974,-179.99971062542798,,runs/improve_robust_base_b0_ph90
robust,base,0,90,0.7,4,0.12365423425794937,0.11164760199675754,0.23530183625299822,0.6954394412734564,0.27498820601386137,179.99979251925214,,runs/improve_robust_base_b0_ph90
robust,base,0,90,0.7,5,0.072122157047217,0.1418054684252132,0.21392762547144048,0.8553836883290107,0.28434235272532776,-179.9997556153112,,runs/improve_robust_base_b0_ph90
robust,base,0,90,0.7,6,0.05219824998389544,0.06990797256215456,0.12210622254497787,0.917971694626061,0.1098587121823163,179.99972213835653,,runs/improve_robust_base_b0_ph90
robust,base,0,90,0.7,7,0.030438707629794826,0.010845842057745874,0.019592865579571146,0.9633760156084584,0.013049763973789548,-179.99905228138556,,runs/improve_robust_base_b0_ph90
robust,base,0,90,0.7,8,0.02202540513825396,0.05233660926160038,0.030311204123515963,0.9800278464889588,0.047457687513979795,0.0002954099340156672,,runs/improve_robust_base_b0_ph90
robust,base,0,90,0.8,1,0.49180605701452956,0.5168639727437515,0.02505791572931024,0.04848067780056155,0.9999999999998249,0.0001559393285991145,,runs/improve_robust_base_b0_ph90
robust,base,0,90,0.8,2,0.40570549581288645,0.39530006062580075,0.010405435187215064,0.041982576333506855,0.9334464274316823,179.99971797743882,,runs/improve_robust_base_b0_ph90
robust,base,0,90,0.8,3,0.2696566221446235,0.18129961808139433,0.08835700406483665,0.30154306527929675,0.4695971287634468,-179.99971661107455,,runs/improve_robust_base_b0_ph90
robust,base,0,90,0.8,4,0.22240202712043955,0.03341080886368672,0.1889912182637471,0.48055458516016536,0.07803477196245923,179.9998089435202,,runs/improve_robust_base_b0_ph90
robust,base,0,90,0.8,5,0.14779152462739287,0.10526495897766887,0.25305648360264305,0.6936935357257892,0.21816770263186905,-179.99978858344517,,runs/improve_robust_base_b0_ph90
robust,base,0,90,0.8,6,0.12186748208340135,0.144907022866055,0.2667745049482991,0.7895831246923956,0.25019703730923154,179.9998159697312,,runs/improve_robust_base_b0_ph90
robust,base,0,90,0.8,7,0.08096721058497265,0.1535942300615571,0.23456144064569714,0.8844220512707431,0.21925055734177748,-179.99978973995871,,runs/improve_robust_base_b0_ph90
robust,base,0,90,0.8,8,0.06675102626929942,0.09974643458724011,0.1664974608558402,0.9230443546803673,0.11499525432051705,179.99979699714274,,runs/improve_robust_base_b0_ph90
robust,base,0,90,1.2,1,0.4918074179710229,0.5150285385379467,0.023221120567006304,0.04508705601620502,0.9999999999998357,0.00015624407070817138,,runs/improve_robust_base_b0_ph90
robust,base,0,90,1.2,2,0.40570770221181657,0.3947567785027929,0.010950923709153817,0.042028959395744976,0.9321133412706739,179.99972445266275,,runs/improve_robust_base_b0_ph90
robust,base,0,90,1.2,3,0.2696588089505261,0.18018252853626612,0.08947628041587895,0.29985642203686713,0.4678268835599986,-179.9997182561931,,runs/improve_robust_base_b0_ph90
robust,base,0,90,1.2,4,0.222404424785854,0.03351213120298434,0.18889229358984067,0.4801890230578042,0.07832566135683433,179.99980892399827,,runs/improve_robust_base_b0_ph90
robust,base,0,90,1.2,5,0.14779351271237395,0.10555689525082505,0.25335040796078573,0.6931893999813167,0.21912987771690903,-179.9997886532203,,runs/improve_robust_base_b0_ph90
robust,base,0,90,1.2,6,0.1218694469706447,0.1443381033329288,0.2662075503024132,0.7893519269181802,0.24948454346141177,179.9998159025063,,runs/improve_robust_base_b0_ph90
robust,base,0,90,1.2,7,0.08096873231061802,0.1535421379570413,0.23451087026682654,0.8842618514585182,0.2194758675741096,-179.99978972804107,,runs/improve_robust_base_b0_ph90
robust,base,0,90,1.2,8,0.06675245911677427,0.0992045565776436,0.16595701569371585,0.922949710043199,0.11450873796232179,179.99979683267182,,runs/improve_robust_base_b0_ph90
robust,base,0,90,1.0,1,0.5717094687848124,0.5717094753526752,6.567862809173667e-09,1.1488112568221383e-08,1.0,0.00015208610947540924,,runs/improve_robust_base_b0_ph90
robust,base,0,90,1.0,2,0.5214110384204332,0.5214110401808967,1.760463441692127e-09,3.378347564051447e-09,0.9999999999979972,-0.0001520440545939763,,runs/improve_robust_base_b0_ph90
robust,base,0,90,1.0,3,0.38314947823722034,0.3831494828286184,4.591397984035179e-09,1.5613300822975956e-08,0.9999999963700066,0.00015193684660186945,,runs/improve_robust_base_b0_ph90
robust,base,0,90,1.0,4,0.3493684700724401,0.3493684711186621,1.0462219979251299e-09,7.897851031980253e-09,0.9999999950967581,-0.00015171392496143892,,runs/improve_robust_base_b0_ph90
robust,base,0,90,1.0,5,0.25667425743338107,0.25667426068535515,3.251974023401022e-09,2.1816369827841113e-08,0.9999999908532841,0.0001517625714168583,,runs/improve_robust_base_b0_ph90
robust,base,0,90,1.0,6,0.23399600421994718,0.23399600477633184,5.563846605663569e-10,1.4684560098948464e-08,0.9999999876931926,-0.00015144633921894388,,runs/improve_robust_base_b0_ph90
robust,base,0,90,1.0,7,0.1718769343707233,0.17187693671538745,2.344664157273364e-09,3.111733890221889e-08,0.9999999825241895,0.00015156040077932105,,runs/improve_robust_base_b0_ph90
robust,base,0,90,1.0,8,0.15665858039607403,0.15665858061704727,2.2097321195080801e-10,2.485176901035967e-08,0.9999999765587713,-0.00015130537940189783,,runs/improve_robust_base_b0_ph90
robust,base,1000,0,0.7,1,0.40440531982553773,0.40454657402409594,0.0018561390063769594,0.004892039061082494,0.9954555408806501,85.76660456567245,,runs/improve_robust_base_b1000_ph0
robust,base,1000,0,0.7,2,0.29280790986974403,0.29265817006953937,0.006560468731330708,0.025729824884122312,0.9737719405516813,-91.94965918510717,,runs/improve_robust_base_b1000_ph0
robust,base,1000,0,0.7,3,0.17081733052048498,0.2901647540897966,0.11963328996553078,0.43705503354950503,0.9562658967826896,5.165395107797107,,runs/improve_robust_base_b1000_ph0
robust,base,1000,0,0.7,4,0.12365409656532102,0.2018341382516741,0.0782673128070913,0.6530378538557445,0.5663282310746905,-3.4577102655213188,,runs/improve_robust_base_b1000_ph0
robust,base,1000,0,0.7,5,0.07212207673707295,0.19786975669818616,0.12574842404587486,0.8335971961187327,0.4565326430895373,0.326478174900858,,runs/improve_robust_base_b1000_ph0
robust,base,1000,0,0.7,6,0.05219819185960817,0.14893738499810663,0.09677351877218665,0.9054052081302667,0.26990783461256834,2.5781277813005,,runs/improve_robust_base_b1000_ph0
robust,base,1000,0,0.7,7,0.030438673735398224,0.1304482213516452,0.10002127586877407,0.9576411399053244,0.18153346646663052,-1.8165286765463198,,runs/improve_robust_base_b1000_ph0
robust,base,1000,0,0.7,8,0.022025380612317257,0.10723709777957131,0.08521483910994052,0.9768616198783765,0.11265606598306915,1.082213408891746,,runs/improve_robust_base_b1000_ph0
robust,base,1000,0,0.8,1,0.4918055093740136,0.4918741430933228,0.0009290215216440692,0.0020176698429233207,0.9981216031782567,85.81724151890087,,runs/improve_robust_base_b1000_ph0
robust,base,1000,0,0.8,2,0.4057050440478791,0.40560346278717363,0.004484851893381074,0.012487635937756534,0.9872651086919311,-91.61447954506623,,runs/improve_robust_base_b1000_ph0
robust,base,1000,0,0.8,3,0.2696563218740402,0.34630122962674353,0.07705301113861752,0.24417538771374356,0.9706540191523886,6.688429690263257,,runs/improve_robust_base_b1000_ph0
robust,base,1000,0,0.8,4,0.2224017794692383,0.2654832868539148,0.043683836486395955,0.4452177639247954,0.6622492494120612,-10.41568871615114,,runs/improve_robust_base_b1000_ph0
robust,base,1000,0,0.8,5,0.14779136005718152,0.24590032485047184,0.09825524728252517,0.6669295093424582,0.5541740858133186,4.034272683919795,,runs/improve_robust_base_b1000_ph0
robust,base,1000,0,0.8,6,0.12186734638037415,0.17488043647467955,0.053071133281195976,0.772111228214572,0.32702187305468705,-3.2107306210008004,,runs/improve_robust_base_b1000_ph0
robust,base,1000,0,0.8,7,0.08096712042560121,0.1698037786517086,0.08883738958072313,0.8740615181218521,0.26411745889146787,0.3366853037515713,,runs/improve_robust_base_b1000_ph0
robust,base,1000,0,0.8,8,0.06675095194006757,0.1204705721166085,0.053744779812111905,0.9161819677002013,0.1512728434781165,2.355519331148491,,runs/improve_robust_base_b1000_ph0
robust,base,1000,0,1.2,1,0.49180687032899173,0.4918753759446262,0.0008595390406502936,0.0018765243615203864,0.998262507984921,85.47856176763506,,runs/improve_robust_base_b1000_ph0
robust,base,1000,0,1.2,2,0.4057072504443523,0.40560881129236925,0.004760295465063922,0.013147537428819906,0.9866130167159692,-91.52100141571137,,runs/improve_robust_base_b1000_ph0
robust,base,1000,0,1.2,3,0.2696585086775077,0.34630493263295137,0.0770651444043853,0.24440380701438966,0.9703631826523634,6.774499840895753,,runs/improve_robust_base_b1000_ph0
robust,base,1000,0,1.2,4,0.22240417713198285,0.26548982759958034,0.04371415571544284,0.4456107971650243,0.6617892513609654,-10.636879514189916,,runs/improve_robust_base_b1000_ph0
robust,base,1000,0,1.2,5,0.14779334813994877,0.24590301272980175,0.09825926582998765,0.6671210808054591,0.5538539462998475,4.079723633097275,,runs/improve_robust_base_b1000_ph0
robust,base,1000,0,1.2,6,0.12186931126542949,0.17488070650626208,0.053068723054682444,0.7722755831686924,0.3267812584699705,-3.190924206638991,,runs/improve_robust_base_b1000_ph0
robust,base,1000,0,1.2,7,0.08096864214955209,0.16980439812330442,0.08883649899561656,0.8741478031622834,0.2639325048461655,0.3393593808146665,,runs/improve_robust_base_b1000_ph0
robust,base,1000,0,1.2,8,0.06675238478594685,0.12047300596012382,0.05374880112679987,0.9162439179709323,0.1511608461906036,2.492840542126618,,runs/improve_robust_base_b1000_ph0
robust,base,1000,0,1.0,1,0.5717088321694963,0.5717088321694999,2.4916769849745487e-10,4.358355215511784e-10,0.9999999995641707,89.99919755138949,,runs/improve_robust_base_b1000_ph0
robust,base,1000,0,1.0,2,0.5214104578138994,0.521410457813892,6.8366730882244e-10,1.4638737946851766e-09,0.999999998536112,90.00063019424987,,runs/improve_robust_base_b1000_ph0
robust,base,1000,0,1.0,3,0.38314905158900214,0.38314905159355495,2.86993459966463e-11,4.558552230674991e-09,0.9999999954533304,-80.87227207548233,,runs/improve_robust_base_b1000_ph0
robust,base,1000,0,1.0,4,0.3493680810403685,0.3493680810425538,3.36982844053431e-10,5.980697346921804e-09,0.9999999940255577,89.62843622477786,,runs/improve_robust_base_b1000_ph0
robust,base,1000,0,1.0,5,0.2566739716190428,0.25667397162603534,2.1351358282259023e-10,1.0758011531741777e-08,0.9999999892692313,-88.12323555113747,,runs/improve_robust_base_b1000_ph0
robust,base,1000,0,1.0,6,0.2339957436585112,0.23399574366055756,1.0392610976002163e-10,1.2763492058022908e-08,0.9999999872452533,88.87173871727654,,runs/improve_robust_base_b1000_ph0
robust,base,1000,0,1.0,7,0.1718767429806994,0.1718767429888963,3.3644564958769417e-10,2.0053711933333762e-08,0.9999999799939786,-88.60395387136914,,runs/improve_robust_base_b1000_ph0
robust,base,1000,0,1.0,8,0.15665840595213507,0.15665840595303046,5.2843221615414776e-11,2.2924986031976427e-08,0.9999999770807295,-89.02911540341356,,runs/improve_robust_base_b1000_ph0
robust,base,1000,45,0.7,1,0.40440531982553785,0.4030990072006614,0.001950368793675593,0.004892039061082492,0.9918935569022684,132.15255212472138,,runs/improve_robust_base_b1000_ph45
robust,base,1000,45,0.7,2,0.29280790986974414,0.2881501301534958,0.0064802149385801006,0.0257298248841223,0.9587721789660497,-136.39553612358256,,runs/improve_robust_base_b1000_ph45
robust,base,1000,45,0.7,3,0.17081733052048495,0.20658938701101498,0.12735242807594843,0.43705503354950503,0.6808352243041128,93.58170704024309,,runs/improve_robust_base_b1000_ph45
robust,base,1000,45,0.7,4,0.12365409656532103,0.15460187225635544,0.157010079418644,0.6530378538557445,0.4337987894129244,-114.39994602618613,,runs/improve_robust_base_b1000_ph45
robust,base,1000,45,0.7,5,0.07212207673707294,0.17196276619375295,0.17521188771538024,0.8335971961187327,0.3967590473321779,104.50393406250176,,runs/improve_robust_base_b1000_ph45
robust,base,1000,45,0.7,6,0.052198191859608174,0.11438337879590656,0.10648973196572245,0.9054052081302667,0.2072882512799911,-95.06329606301895,,runs/improve_robust_base_b1000_ph45
robust,base,1000,45,0.7,7,0.03043867373539823,0.0922235605609095,0.07429877201568207,0.9576411399053244,0.12833952402759982,62.93010525830423,,runs/improve_robust_base_b1000_ph45
robust,base,1000,45,0.7,8,0.022025380612317257,0.08438098168570161,0.06395332097053522,0.9768616198783765,0.08864497116511345,-25.393549411277196,,runs/improve_robust_base_b1000_ph45
robust,base,1000,45,0.8,1,0.49180550937401374,0.49115087451222367,0.0009756380207800362,0.0020176698429233203,0.9966539309986312,132.18499981885316,,runs/improve_robust_base_b1000_ph45
robust,base,1000,45,0.8,2,0.40570504404787905,0.4025145361876995,0.0044402331163457855,0.012487635937756536,0.9797464612079687,-136.15298289586596,,runs/improve_robust_base_b1000_ph45
robust,base,1000,45,0.8,3,0.2696563218740402,0.27592586170035893,0.08331251219697382,0.24417538771374345,0.7733976195701506,94.4937851339516,,runs/improve_robust_base_b1000_ph45
robust,base,1000,45,0.8,4,0.22240177946923825,0.19093497961749703,0.12568164859598555,0.44521776392479545,0.4762881627564498,-121.01166626726616,,runs/improve_robust_base_b1000_ph45
robust,base,1000,45,0.8,5,0.14779136005718146,0.1871496817416241,0.1871984902590887,0.6669295093424582,0.42177050336344474,113.27066878074103,,runs/improve_robust_base_b1000_ph45
robust,base,1000,45,0.8,6,0.12186734638037414,0.15491198336801928,0.1833720184082007,0.7721112282145721,0.28968138449815145,-123.20975476383285,,runs/improve_robust_base_b1000_ph45
robust,base,1000,45,0.8,7,0.0809671204256012,0.16112029930587093,0.1762646674691458,0.8740615181218521,0.25061093673177326,114.12213270074656,,runs/improve_robust_base_b1000_ph45
robust,base,1000,45,0.8,8,0.06675095194006755,0.10920325098834331,0.12162533651768762,0.9161819677002013,0.13712466043633653,-116.80817152325217,,runs/improve_robust_base_b1000_ph45
robust,base,1000,45,1.2,1,0.49180687032899173,0.4912014386087349,0.0009060443247073272,0.0018765243615203864,0.9968947501989991,131.96866498917163,,runs/improve_robust_base_b1000_ph45
robust,base,1000,45,1.2,2,0.4057072504443522,0.40232344502955286,0.00471572824447969,0.01314753742881991,0.9786216096524831,-136.08558863681733,,runs/improve_robust_base_b1000_ph45
robust,base,1000,45,1.2,3,0.2696585086775077,0.2758738044826726,0.08339951748043106,0.24440380701438966,0.7730117526565957,94.54579767875094,,runs/improve_robust_base_b1000_ph45
robust,base,1000,45,1.2,4,0.2224041771319828,0.1909049609667031,0.12584608361437147,0.4456107971650244,0.4758707794627702,-121.0306503312711,,runs/improve_robust_base_b1000_ph45
robust,base,1000,45,1.2,5,0.1477933481399487,0.18717783386818573,0.18726910910096975,0.6671210808054591,0.42158565198899633,113.27963016436297,,runs/improve_robust_base_b1000_ph45
robust,base,1000,45,1.2,6,0.12186931126542945,0.15490033739530146,0.1833537205617418,0.7722755831686924,0.2894460355445048,-123.20887323889184,,runs/improve_robust_base_b1000_ph45
robust,base,1000,45,1.2,7,0.08096864214955209,0.16112395967469256,0.17627012310878667,0.8741478031622834,0.2504402167298033,114.12303417215924,,runs/improve_robust_base_b1000_ph45
robust,base,1000,45,1.2,8,0.0667523847859468,0.10912443159570244,0.1215062775390838,0.9162439179709323,0.136921472894392,-116.79022321022128,,runs/improve_robust_base_b1000_ph45
robust,base,1000,45,1.0,1,0.5717088321694964,0.5717088319933084,2.491700179603482e-10,4.3583552155117837e-10,0.9999999992559865,134.99940556289786,,runs/improve_robust_base_b1000_ph45
robust,base,1000,45,1.0,2,0.5214104578138995,0.5214104582973229,6.836696764488337e-10,1.4638737946851762e-09,0.9999999994632718,45.00046705442795,,runs/improve_robust_base_b1000_ph45
robust,base,1000,45,1.0,3,0.3831490515890023,0.3831490516090295,2.5309065330676075e-11,4.55855223067499e-09,0.9999999954937178,-37.692173276881846,,runs/improve_robust_base_b1000_ph45
robust,base,1000,45,1.0,4,0.3493680810403685,0.34936808127411734,3.2902932355980586e-10,5.980697346921804e-09,0.9999999946883645,44.73094392080407,,runs/improve_robust_base_b1000_ph45
robust,base,1000,45,1.0,5,0.2566739716190428,0.25667397176327833,1.9909689539083934e-10,1.0758011531741777e-08,0.999999989803929,-43.576986883893206,,runs/improve_robust_base_b1000_ph45
robust,base,1000,45,1.0,6,0.23399574365851117,0.23399574371845955,8.334545634415453e-11,1.276349205802291e-08,0.9999999874927022,44.00528732718383,,runs/improve_robust_base_b1000_ph45
robust,base,1000,45,1.0,7,0.1718767429806994,0.17187674320311508,3.0880171478799206e-10,2.0053711933333762e-08,0.9999999812403297,-43.92454719923237,,runs/improve_robust_base_b1000_ph45
robust,base,1000,45,1.0,8,0.1566584059521351,0.15665840589140465,8.652140112834568e-11,2.292498603197642e-08,0.9999999766873524,-134.58062799836554,,runs/improve_robust_base_b1000_ph45
robust,base,1000,90,0.7,1,0.40440531982553773,0.4024172273785424,0.0019880924470034008,0.004892039061082494,0.990215921877856,-179.99983743302562,,runs/improve_robust_base_b1000_ph90
robust,base,1000,90,0.7,2,0.29280790986974403,0.28636208252356316,0.006445827346202493,0.025729824884122312,0.9528227444773952,179.999853180938,,runs/improve_robust_base_b1000_ph90
robust,base,1000,90,0.7,3,0.17081733052048495,0.04021891521190511,0.13059841531572577,0.43705503354950503,0.13254530910683002,-179.99970916417786,,runs/improve_robust_base_b1000_ph90
robust,base,1000,90,0.7,4,0.12365409656532102,0.08223883344393311,0.20589293000717881,0.6530378538557445,0.2307546853737585,179.99979020672058,,runs/improve_robust_base_b1000_ph90
robust,base,1000,90,0.7,5,0.07212207673707294,0.14109053643170263,0.21321261316780518,0.8335971961187327,0.3255294623439355,-179.9997582192172,,runs/improve_robust_base_b1000_ph90
robust,base,1000,90,0.7,6,0.05219819185960815,0.06507761909281012,0.11727581095131535,0.9054052081302667,0.11793519304307115,179.999722543976,,runs/improve_robust_base_b1000_ph90
robust,base,1000,90,0.7,7,0.030438673735398228,0.00322254791736557,0.033661221635110795,0.9576411399053244,0.004484540212451235,-179.99939623369875,,runs/improve_robust_base_b1000_ph90
robust,base,1000,90,0.7,8,0.02202538061231725,0.0517077379311864,0.029682357319024973,0.9768616198783765,0.05432066380782532,0.0002844574574587546,,runs/improve_robust_base_b1000_ph90
robust,base,1000,90,0.8,1,0.49180550937401357,0.4908112020452584,0.0009943073287591413,0.002017669842923321,0.9959646603141618,-179.99983755027523,,runs/improve_robust_base_b1000_ph90
robust,base,1000,90,0.8,2,0.405705044047879,0.4012838267020751,0.004421217345818789,0.012487635937756538,0.9767508345785909,179.99985226131946,,runs/improve_robust_base_b1000_ph90
robust,base,1000,90,0.8,3,0.26965632187404015,0.18378950857574847,0.08586681329987918,0.24417538771374347,0.5151469585290662,-179.99971236885716,,runs/improve_robust_base_b1000_ph90
robust,base,1000,90,0.8,4,0.22240177946923823,0.05320311181419983,0.16919866765895622,0.44521776392479545,0.13271540096882847,179.99980929611027,,runs/improve_robust_base_b1000_ph90
robust,base,1000,90,0.8,5,0.1477913600571814,0.09527275582684341,0.2430641158814093,0.6669295093424583,0.21471176337551381,-179.9997865885642,,runs/improve_robust_base_b1000_ph90
robust,base,1000,90,0.8,6,0.1218673463803741,0.1307576093171604,0.2526249556963206,0.772111228214572,0.24451333252042745,179.99981601485058,,runs/improve_robust_base_b1000_ph90
robust,base,1000,90,0.8,7,0.08096712042560118,0.15172585925347928,0.23269297967824523,0.8740615181218521,0.23599856677129513,-179.9997898525353,,runs/improve_robust_base_b1000_ph90
robust,base,1000,90,0.8,8,0.06675095194006753,0.09757101105213878,0.16432196299150914,0.9161819677002013,0.12251825506900639,179.99979821406828,,runs/improve_robust_base_b1000_ph90
robust,base,1000,90,1.2,1,0.49180687032899173,0.4908822476787318,0.0009246226502636662,0.0018765243615203864,0.9962469512769673,-179.9998367694429,,runs/improve_robust_base_b1000_ph90
robust,base,1000,90,1.2,2,0.4057072504443523,0.40101048498497566,0.004696765459392538,0.013147537428819906,0.9754279328034016,179.9998520062162,,runs/improve_robust_base_b1000_ph90
robust,base,1000,90,1.2,3,0.2696585086775077,0.18367684034514986,0.08598166833394641,0.24440380701438966,0.5146713967420126,-179.9997125526076,,runs/improve_robust_base_b1000_ph90
robust,base,1000,90,1.2,4,0.22240417713198288,0.05303661097537779,0.1693675661605375,0.4456107971650243,0.1322049111616264,179.99980933552922,,runs/improve_robust_base_b1000_ph90
robust,base,1000,90,1.2,5,0.14779334813994877,0.09534655134933849,0.2431398994866734,0.6671210808054591,0.21475159309633052,-179.9997866086208,,runs/improve_robust_base_b1000_ph90
robust,base,1000,90,1.2,6,0.12186931126542949,0.1307371410008383,0.25260645226505374,0.7722755831686923,0.24429480140217832,179.99981601334602,,runs/improve_robust_base_b1000_ph90
robust,base,1000,90,1.2,7,0.08096864214955211,0.15173122893863655,0.23269987108735346,0.8741478031622834,0.23584078951877988,-179.99978985485285,,runs/improve_robust_base_b1000_ph90
robust,base,1000,90,1.2,8,0.06675238478594685,0.09744618574842502,0.16419857053367407,0.9162439179709323,0.12226845157872347,179.9997981780443,,runs/improve_robust_base_b1000_ph90
robust,base,1000,90,1.0,1,0.5717088321694964,0.5717088319203254,2.4917101715273207e-10,4.3583552155117837e-10,0.9999999991283289,-179.99984791260474,,runs/improve_robust_base_b1000_ph90
robust,base,1000,90,1.0,2,0.5214104578138995,0.5214104584975701,6.836705646055136e-10,1.4638737946851762e-09,0.9999999998473208,-0.0001520868957580722,,runs/improve_robust_base_b1000_ph90
robust,base,1000,90,1.0,3,0.38314905158900237,0.38314905161276686,2.376449037555815e-11,4.558552230674989e-09,0.999999995503472,0.0001229490692247958,,runs/improve_robust_base_b1000_ph90
robust,base,1000,90,1.0,4,0.34936808104036854,0.3493680813661013,3.2573277408704497e-10,5.980697346921803e-09,0.999999994951651,-0.00015106492778689778,,runs/improve_robust_base_b1000_ph90
robust,base,1000,90,1.0,5,0.2566739716190429,0.2566739718121287,1.930858251065454e-10,1.0758011531741774e-08,0.9999999899942494,0.00014657752456911623,,runs/improve_robust_base_b1000_ph90
robust,base,1000,90,1.0,6,0.23399574365851122,0.23399574373332235,7.481110175793164e-11,1.2763492058022908e-08,0.9999999875562194,-0.00014792527615784247,,runs/improve_robust_base_b1000_ph90
robust,base,1000,90,1.0,7,0.17187674298069947,0.1718767432780152,2.973157275933029e-10,2.0053711933333755e-08,0.9999999816761075,0.00014789228497890712,,runs/improve_robust_base_b1000_ph90
robust,base,1000,90,1.0,8,0.15665840595213512,0.1566584058516637,1.0047140897034175e-10,2.2924986031976418e-08,0.9999999764336733,179.99984655946412,,runs/improve_robust_base_b1000_ph90
robust,centered_linear,0,0,0.7,1,0.45050816721378595,0.45010445580664094,0.02816623640138292,0.06130269973625106,0.9378561106127012,-92.61286331797571,,runs/improve_robust_centered_linear_b0_ph0
robust,centered_linear,0,0,0.7,2,0.2928082351957521,0.31026160014398435,0.019859847135491996,0.13925826225263457,0.912047807281363,29.41257348551938,,runs/improve_robust_centered_linear_b0_ph0
robust,centered_linear,0,0,0.7,3,0.19029077895200922,0.19950877065269662,0.012244018471805748,0.2104588347318857,0.8277878104753843,-42.36053164310714,,runs/improve_robust_centered_linear_b0_ph0
robust,centered_linear,0,0,0.7,4,0.12365423324227699,0.1570776973034783,0.034592349705558856,0.379110247067528,0.7887148714016995,16.879692532993626,,runs/improve_robust_centered_linear_b0_ph0
robust,centered_linear,0,0,0.7,5,0.08034410948803049,0.13994218862409516,0.059925692134058794,0.5888301835999055,0.7161695408643344,-7.917874865356642,,runs/improve_robust_centered_linear_b0_ph0
robust,centered_linear,0,0,0.7,6,0.05219824832677488,0.13121183036511794,0.07929469351426034,0.7318549087023657,0.6740419335975468,7.658950583900641,,runs/improve_robust_centered_linear_b0_ph0
robust,centered_linear,0,0,0.7,7,0.033908729056985144,0.12048952928587006,0.08665758192008825,0.8420044530237076,0.5614132293913118,-4.5484696928089745,,runs/improve_robust_centered_linear_b0_ph0
robust,centered_linear,0,0,0.7,8,0.02202540336344052,0.10690355723915165,0.08492825992390503,0.9050063000817251,0.4610659913465388,4.3375583835801095,,runs/improve_robust_centered_linear_b0_ph0
robust,centered_linear,0,0,0.8,1,0.5478721168883544,0.5474183231727958,0.014098131860142067,0.026162540379448224,0.9730308456215383,-92.58154100328261,,runs/improve_robust_centered_linear_b0_ph0
robust,centered_linear,0,0,0.8,2,0.4057054948089343,0.4154843938916177,0.010785747838191641,0.06419259167515119,0.9583635884208218,25.272953185381947,,runs/improve_robust_centered_linear_b0_ph0
robust,centered_linear,0,0,0.8,3,0.3003975731408073,0.3050519822686333,0.004879135034482064,0.09733125456291343,0.9166548426090376,-17.596226711926345,,runs/improve_robust_centered_linear_b0_ph0
robust,centered_linear,0,0,0.8,4,0.2224020252936717,0.2355030075311014,0.01318554733503889,0.15926460888696464,0.8902603871682929,6.681871274035008,,runs/improve_robust_centered_linear_b0_ph0
robust,centered_linear,0,0,0.8,5,0.16463981281497753,0.18710291751101504,0.022463373955589578,0.26393286653785086,0.8364945622812878,0.29906059524812156,,runs/improve_robust_centered_linear_b0_ph0
robust,centered_linear,0,0,0.8,6,0.12186747821451481,0.15554287607963954,0.03374261363620471,0.3817444508071678,0.7890968754139412,4.086994043371817,,runs/improve_robust_centered_linear_b0_ph0
robust,centered_linear,0,0,0.8,7,0.09019749588639825,0.13519016612092133,0.04499629956006592,0.5217665757183408,0.7167877050006232,-0.8909324839784721,,runs/improve_robust_centered_linear_b0_ph0
robust,centered_linear,0,0,0.8,8,0.06675102089048265,0.11932281810895679,0.05261414497456138,0.6399451163923051,0.6436270608722361,3.074149552799703,,runs/improve_robust_centered_linear_b0_ph0
robust,centered_linear,0,0,1.2,1,0.5478736329943569,0.5473936290655315,0.013040088916685545,0.024325519746126695,0.9748196707584483,-92.79108603348165,,runs/improve_robust_centered_linear_b0_ph0
robust,centered_linear,0,0,1.2,2,0.405707701207859,0.4154750011976319,0.010337862018237004,0.06331045494164364,0.9592400851556506,19.362305679961178,,runs/improve_robust_centered_linear_b0_ph0
robust,centered_linear,0,0,1.2,3,0.3004000092433618,0.30505141541759956,0.004694912418041394,0.0958142381542964,0.9181862115990184,-7.866705488639489,,runs/improve_robust_centered_linear_b0_ph0
robust,centered_linear,0,0,1.2,4,0.22240442295906643,0.23550156714371254,0.013124215697045168,0.1587035829411338,0.8908394087388208,3.7876859754874275,,runs/improve_robust_centered_linear_b0_ph0
robust,centered_linear,0,0,1.2,5,0.1646420275423779,0.1871057851112194,0.022475066515771382,0.2633216358096986,0.8371907572068547,1.9377544176259809,,runs/improve_robust_centered_linear_b0_ph0
robust,centered_linear,0,0,1.2,6,0.12186944310169572,0.1555357891750227,0.033705265549709186,0.38160247974961603,0.7892293907978172,3.11114695399183,,runs/improve_robust_centered_linear_b0_ph0
robust,centered_linear,0,0,1.2,7,0.09019919108920499,0.13518891225449944,0.04499040899019216,0.5214088869468165,0.7173036831820695,-0.3878709044795624,,runs/improve_robust_centered_linear_b0_ph0
robust,centered_linear,0,0,1.2,8,0.06675245373784199,0.11931688723254529,0.05259939545351829,0.6399096919365964,0.6436445744671829,2.793426818643567,,runs/improve_robust_centered_linear_b0_ph0
robust,centered_linear,0,0,1.0,1,0.6368845451185611,0.6368845451185265,3.7874319175552225e-09,5.946859276687815e-09,0.9999999940530865,-90.00052295956256,,runs/improve_robust_centered_linear_b0_ph0
robust,centered_linear,0,0,1.0,2,0.5214110371301579,0.5214110371306788,4.114789021412982e-09,7.892812485990573e-09,0.9999999921081866,89.9927471595176,,runs/improve_robust_centered_linear_b0_ph0
robust,centered_linear,0,0,1.0,3,0.4268286552625364,0.4268286552627631,2.731844469805925e-09,9.299146900729969e-09,0.9999999907013842,-89.99524425320674,,runs/improve_robust_centered_linear_b0_ph0
robust,centered_linear,0,0,1.0,4,0.34936846720279396,0.3493684672031563,2.735009615405149e-09,1.075896365579242e-08,0.9999999892420735,89.99240954437155,,runs/improve_robust_centered_linear_b0_ph0
robust,centered_linear,0,0,1.0,5,0.28593521722437537,0.2859352172246147,1.8607779556187184e-09,1.2024677160531466e-08,0.9999999879761597,-89.99263171977158,,runs/improve_robust_centered_linear_b0_ph0
robust,centered_linear,0,0,1.0,6,0.23399599679135358,0.23399599679162356,1.8453044611012537e-09,1.3462907811100033e-08,0.999999986538246,89.99161738414055,,runs/improve_robust_centered_linear_b0_ph0
robust,centered_linear,0,0,1.0,7,0.1914709543389822,0.19147095433919809,1.255398283644175e-09,1.4767168927467439e-08,0.9999999852339586,-89.99014762188861,,runs/improve_robust_centered_linear_b0_ph0
robust,centered_linear,0,0,1.0,8,0.15665856777248074,0.15665856777267986,1.2481558420846468e-09,1.6267077070542327e-08,0.999999983734194,89.99085963889247,,runs/improve_robust_centered_linear_b0_ph0
robust,centered_linear,0,45,0.7,1,0.4505081672137859,0.4708805424198942,0.029059063351430613,0.06130269973625107,0.9811460170632804,-46.79050668005563,,runs/improve_robust_centered_linear_b0_ph45
robust,centered_linear,0,45,0.7,2,0.29280823519575205,0.29934116923117604,0.012664652341426831,0.1392582622526346,0.8799460097531732,-60.00209558284,,runs/improve_robust_centered_linear_b0_ph45
robust,centered_linear,0,45,0.7,3,0.19029077895200922,0.19090062572758182,0.008642768956344794,0.2104588347318857,0.7920714987738804,87.2507417094521,,runs/improve_robust_centered_linear_b0_ph45
robust,centered_linear,0,45,0.7,4,0.12365423324227698,0.15085618180413857,0.02774285220473221,0.37911024706752805,0.7574755428323168,-12.532976398324875,,runs/improve_robust_centered_linear_b0_ph45
robust,centered_linear,0,45,0.7,5,0.08034410948803052,0.13452464798178762,0.054333886123922974,0.5888301835999055,0.6884446808163242,5.573906665138127,,runs/improve_robust_centered_linear_b0_ph45
robust,centered_linear,0,45,0.7,6,0.05219824832677489,0.13098519721971486,0.07878704953426326,0.7318549087023657,0.6728777074517815,0.14507137420156696,,runs/improve_robust_centered_linear_b0_ph45
robust,centered_linear,0,45,0.7,7,0.033908729056985144,0.12089018414880084,0.08698202652772495,0.8420044530237077,0.5632800550134421,-0.39214597142547075,,runs/improve_robust_centered_linear_b0_ph45
robust,centered_linear,0,45,0.7,8,0.022025403363440516,0.10770062993390211,0.08567638620538633,0.9050063000817251,0.4645036983945676,0.6592019059360038,,runs/improve_robust_centered_linear_b0_ph45
robust,centered_linear,0,45,0.8,1,0.5478721168883544,0.5579314566546894,0.01453975966101541,0.026162540379448224,0.9917178400625153,-46.76969098701701,,runs/improve_robust_centered_linear_b0_ph45
robust,centered_linear,0,45,0.8,2,0.4057054948089343,0.408706014248586,0.007418674179068922,0.06419259167515119,0.942728459078108,-66.62123980347455,,runs/improve_robust_centered_linear_b0_ph45
robust,centered_linear,0,45,0.8,3,0.3003975731408073,0.2968957346813914,0.009024399787868563,0.09733125456291343,0.8921460235128232,113.62820886407881,,runs/improve_robust_centered_linear_b0_ph45
robust,centered_linear,0,45,0.8,4,0.2224020252936717,0.22622415349558336,0.010141766017825782,0.15926460888696464,0.8551839935683198,-69.06504080787224,,runs/improve_robust_centered_linear_b0_ph45
robust,centered_linear,0,45,0.8,5,0.16463981281497747,0.17711543429331222,0.01593994120107826,0.263932866537851,0.79184279782127,40.1899735715234,,runs/improve_robust_centered_linear_b0_ph45
robust,centered_linear,0,45,0.8,6,0.12186747821451477,0.1487057283781402,0.027573009940953564,0.3817444508071679,0.7544108002687553,-14.669347446084853,,runs/improve_robust_centered_linear_b0_ph45
robust,centered_linear,0,45,0.8,7,0.09019749588639821,0.12822020365862546,0.03849552876653439,0.521766575718341,0.6798324771120736,10.732402860433679,,runs/improve_robust_centered_linear_b0_ph45
robust,centered_linear,0,45,0.8,8,0.06675102089048263,0.11579273166350106,0.04911579152545449,0.6399451163923051,0.6245857810942235,-4.146251684005664,,runs/improve_robust_centered_linear_b0_ph45
robust,centered_linear,0,45,1.2,1,0.5478736329943568,0.5571704006780475,0.013481088482289677,0.0243255197461267,0.9922305224350807,-46.90866136746231,,runs/improve_robust_centered_linear_b0_ph45
robust,centered_linear,0,45,1.2,2,0.4057077012078588,0.40789057598354045,0.007928187752096456,0.06331045494164365,0.9417293211692491,-74.55574225483166,,runs/improve_robust_centered_linear_b0_ph45
robust,centered_linear,0,45,1.2,3,0.30040000924336174,0.2963268688893732,0.009804066569783224,0.09581423815429642,0.8919258570495888,115.40131977414461,,runs/improve_robust_centered_linear_b0_ph45
robust,centered_linear,0,45,1.2,4,0.22240442295906634,0.22577515697299463,0.010431420756122032,0.15870358294113376,0.8540470018316262,-72.41441948945717,,runs/improve_robust_centered_linear_b0_ph45
robust,centered_linear,0,45,1.2,5,0.1646420275423779,0.17669026178815797,0.015898331810604367,0.2633216358096986,0.7905872817859517,42.50003169164203,,runs/improve_robust_centered_linear_b0_ph45
robust,centered_linear,0,45,1.2,6,0.1218694431016957,0.1483196981700257,0.02728573498622223,0.38160247974961603,0.7526130522816272,-15.713118340822874,,runs/improve_robust_centered_linear_b0_ph45
robust,centered_linear,0,45,1.2,7,0.09019919108920497,0.1279574470785843,0.038273013941522965,0.5214088869468166,0.6789339935456759,11.221605069322337,,runs/improve_robust_centered_linear_b0_ph45
robust,centered_linear,0,45,1.2,8,0.06675245373784199,0.11561587493467941,0.048945737006160346,0.6399096919365963,0.6236797854016171,-4.375016949242867,,runs/improve_robust_centered_linear_b0_ph45
robust,centered_linear,0,45,1.0,1,0.636884545118561,0.6368845477966767,3.787453739566241e-09,5.946859276687817e-09,0.9999999982581662,-45.00039506925722,,runs/improve_robust_centered_linear_b0_ph45
robust,centered_linear,0,45,1.0,2,0.521411037130158,0.5214110400397334,4.114394397116402e-09,7.892812485990571e-09,0.9999999976873827,44.99489598019091,,runs/improve_robust_centered_linear_b0_ph45
robust,centered_linear,0,45,1.0,3,0.4268286552625364,0.4268286571939148,2.731222308858341e-09,9.299146900729969e-09,0.9999999952258032,-44.99666120265337,,runs/improve_robust_centered_linear_b0_ph45
robust,centered_linear,0,45,1.0,4,0.3493684672027939,0.3493684691363583,2.7342179473173497e-09,1.0758963655792423e-08,0.9999999947754922,44.99465616113815,,runs/improve_robust_centered_linear_b0_ph45
robust,centered_linear,0,45,1.0,5,0.28593521722437537,0.2859352185396089,1.859852668757684e-09,1.2024677160531466e-08,0.9999999925750833,-44.99481139703118,,runs/improve_robust_centered_linear_b0_ph45
robust,centered_linear,0,45,1.0,6,0.23399599679135355,0.23399599809558014,1.8442648895167136e-09,1.3462907811100034e-08,0.9999999921108054,44.99409554201431,,runs/improve_robust_centered_linear_b0_ph45
robust,centered_linear,0,45,1.0,7,0.19147095433898217,0.191470955225989,1.254264951463e-09,1.476716892746744e-08,0.999999989865423,-44.993049823908805,,runs/improve_robust_centered_linear_b0_ph45
robust,centered_linear,0,45,1.0,8,0.15665856777248077,0.15665856865430372,1.246945735133409e-09,1.6267077070542324e-08,0.999999989361871,44.99355519103333,,runs/improve_robust_centered_linear_b0_ph45
robust,centered_linear,0,90,0.7,1,0.45050816721378595,0.47992911781796077,0.029420950604280762,0.06130269973625106,0.9999999999997703,0.0001587227329495846,,runs/improve_robust_centered_linear_b0_ph90
robust,centered_linear,0,90,0.7,2,0.2928082351957521,0.2841321381855063,0.008676097010528122,0.13925826225263457,0.835237404467698,179.99954465799024,,runs/improve_robust_centered_linear_b0_ph90
robust,centered_linear,0,90,0.7,3,0.1902907789520092,0.17865525170934957,0.011635527242797587,0.21045883473188565,0.7412638510005889,-179.99972965864976,,runs/improve_robust_centered_linear_b0_ph90
robust,centered_linear,0,90,0.7,4,0.123654233242277,0.1405552477033704,0.01690101446114154,0.3791102470675281,0.7057527326939175,0.0001457861346528312,,runs/improve_robust_centered_linear_b0_ph90
robust,centered_linear,0,90,0.7,5,0.08034410948803052,0.12572431995337155,0.04538021046535072,0.5888301835999054,0.6434080342872652,-4.683253356617337e-05,,runs/improve_robust_centered_linear_b0_ph90
robust,centered_linear,0,90,0.7,6,0.052198248326774874,0.12680707401815802,0.07460882569138345,0.7318549087023658,0.6514144732773209,8.109891767247282e-06,,runs/improve_robust_centered_linear_b0_ph90
robust,centered_linear,0,90,0.7,7,0.033908729056985144,0.11863749319049367,0.08472876413350855,0.8420044530237076,0.5527837860577949,-2.9722966822639604e-06,,runs/improve_robust_centered_linear_b0_ph90
robust,centered_linear,0,90,0.7,8,0.022025403363440516,0.10602119090371147,0.08399578754027096,0.9050063000817251,0.45726042004763046,1.247931331212156e-06,,runs/improve_robust_centered_linear_b0_ph90
robust,centered_linear,0,90,0.8,1,0.5478721168883544,0.5625909246721448,0.014718807783845458,0.026162540379448224,0.9999999999998984,0.00015864649349916146,,runs/improve_robust_centered_linear_b0_ph90
robust,centered_linear,0,90,0.8,2,0.4057054948089343,0.3999322942222514,0.0057732005868321706,0.06419259167515119,0.9224908426192067,179.99959097783656,,runs/improve_robust_centered_linear_b0_ph90
robust,centered_linear,0,90,0.8,3,0.30039757314080723,0.28790177124079525,0.012495801900098467,0.09733125456291344,0.8651199406768463,-179.99979130955242,,runs/improve_robust_centered_linear_b0_ph90
robust,centered_linear,0,90,0.8,4,0.2224020252936716,0.21591797327308052,0.006484052020805629,0.15926460888696473,0.816224049526417,179.999540744302,,runs/improve_robust_centered_linear_b0_ph90
robust,centered_linear,0,90,0.8,5,0.16463981281497744,0.16657860137830346,0.0019387885640825562,0.2639328665378509,0.7447350158886211,-0.0016099966604859774,,runs/improve_robust_centered_linear_b0_ph90
robust,centered_linear,0,90,0.8,6,0.12186747821451471,0.1405629574474017,0.018695479232923525,0.381744450807168,0.7131010645829672,0.0001217085461345503,,runs/improve_robust_centered_linear_b0_ph90
robust,centered_linear,0,90,0.8,7,0.0901974958863982,0.12056110543634237,0.030363609549962728,0.521766575718341,0.6392234032818502,-7.326504511990275e-05,,runs/improve_robust_centered_linear_b0_ph90
robust,centered_linear,0,90,0.8,8,0.06675102089048263,0.1110183085336722,0.04426728764319284,0.6399451163923051,0.5988325515350105,2.84164822779216e-05,,runs/improve_robust_centered_linear_b0_ph90
robust,centered_linear,0,90,1.2,1,0.5478736329943569,0.5615332204361299,0.013659587441824375,0.024325519746126695,0.9999999999999047,0.00015915508977756637,,runs/improve_robust_centered_linear_b0_ph90
robust,centered_linear,0,90,1.2,2,0.405707701207859,0.3987573842510594,0.006950316956943461,0.06331045494164364,0.9206427970945051,179.99963449784977,,runs/improve_robust_centered_linear_b0_ph90
robust,centered_linear,0,90,1.2,3,0.3004000092433618,0.2870720521765429,0.013327957066908244,0.0958142381542964,0.864069421487852,-179.9997948450988,,runs/improve_robust_centered_linear_b0_ph90
robust,centered_linear,0,90,1.2,4,0.22240442295906637,0.2152530121477332,0.0071514108115418,0.15870358294113382,0.8142445436633539,179.99956941826193,,runs/improve_robust_centered_linear_b0_ph90
robust,centered_linear,0,90,1.2,5,0.1646420275423779,0.1659375111401866,0.0012954835990175236,0.2633216358096986,0.7424749080735055,-0.002484902522623964,,runs/improve_robust_centered_linear_b0_ph90
robust,centered_linear,0,90,1.2,6,0.1218694431016957,0.13998822901674066,0.018118785915085808,0.38160247974961603,0.7103369924810197,0.00013041276680296574,,runs/improve_robust_centered_linear_b0_ph90
robust,centered_linear,0,90,1.2,7,0.09019919108920499,0.12016623857323538,0.0299670474840503,0.5214088869468165,0.6375943417641353,-7.623964701293992e-05,,runs/improve_robust_centered_linear_b0_ph90
robust,centered_linear,0,90,1.2,8,0.06675245373784199,0.11075995833989123,0.04400750460205276,0.6399096919365963,0.5974849655165736,2.94766961683673e-05,,runs/improve_robust_centered_linear_b0_ph90
robust,centered_linear,0,90,1.0,1,0.636884545118561,0.6368845489060236,3.787462787842852e-09,5.946859276687817e-09,0.9999999999999998,0.00015208663590705375,,runs/improve_robust_centered_linear_b0_ph90
robust,centered_linear,0,90,1.0,2,0.521411037130158,0.5214110412443891,4.114231066944961e-09,7.892812485990571e-09,0.9999999999977589,-0.0001520659943688891,,runs/improve_robust_centered_linear_b0_ph90
robust,centered_linear,0,90,1.0,3,0.4268286552625364,0.42682865799350084,2.7309644545794903e-09,9.299146900729969e-09,0.9999999970991218,0.00015207262155431938,,runs/improve_robust_centered_linear_b0_ph90
robust,centered_linear,0,90,1.0,4,0.34936846720279396,0.34936846993668386,2.7338898922493804e-09,1.075896365579242e-08,0.99999999706627,-0.00015206508954126096,,runs/improve_robust_centered_linear_b0_ph90
robust,centered_linear,0,90,1.0,5,0.28593521722437537,0.2859352190838447,1.8594693562699633e-09,1.2024677160531466e-08,0.9999999944784369,0.0001520656850180401,,runs/improve_robust_centered_linear_b0_ph90
robust,centered_linear,0,90,1.0,6,0.23399599679135358,0.23399599863518783,1.8438342519476143e-09,1.3462907811100033e-08,0.9999999944168605,-0.00015206298088468417,,runs/improve_robust_centered_linear_b0_ph90
robust,centered_linear,0,90,1.0,7,0.19147095433898217,0.19147095559277783,1.2537956506359634e-09,1.476716892746744e-08,0.9999999917810599,0.00015205905698477152,,runs/improve_robust_centered_linear_b0_ph90
robust,centered_linear,0,90,1.0,8,0.15665856777248072,0.15665856901892514,1.2464444199007079e-09,1.626707707054233e-08,0.9999999916893623,-0.00015206094794661254,,runs/improve_robust_centered_linear_b0_ph90
robust,centered_linear,1000,0,0.7,1,0.4505076655596857,0.45064594825399196,0.0010762059373170586,0.002666445230447091,0.9976396849014436,82.68546647968464,,runs/improve_robust_centered_linear_b1000_ph0
robust,centered_linear,1000,0,0.7,2,0.2928079091451664,0.2926303309293917,0.009295449156195021,0.03471355400949877,0.9647010320059852,-92.00409559220316,,runs/improve_robust_centered_linear_b1000_ph0
robust,centered_linear,1000,0,0.7,3,0.19029056705762756,0.19260007948118152,0.01001809006335617,0.06881112511706679,0.9424904980189138,78.13478772054569,,runs/improve_robust_centered_linear_b1000_ph0
robust,centered_linear,1000,0,0.7,4,0.12365409554964978,0.1246767411087539,0.0021834126109279554,0.1478688090808349,0.8591784963423623,-62.51745788812697,,runs/improve_robust_centered_linear_b1000_ph0
robust,centered_linear,1000,0,0.7,5,0.08034402002250046,0.11300704563012201,0.03285113764986803,0.42639769934496874,0.8067943494178265,7.27980127621323,,runs/improve_robust_centered_linear_b1000_ph0
robust,centered_linear,1000,0,0.7,6,0.05219819020248943,0.09403476776128694,0.0418611403021996,0.59089280955279,0.737004472644365,2.6348365015616597,,runs/improve_robust_centered_linear_b1000_ph0
robust,centered_linear,1000,0,0.7,7,0.03390869129861757,0.09818731835488469,0.06428089292346355,0.7599150329300324,0.6951993188507982,0.818638736245241,,runs/improve_robust_centered_linear_b1000_ph0
robust,centered_linear,1000,0,0.7,8,0.022025378837505775,0.08325412271095084,0.06123054548566771,0.8483459155969622,0.5732399812804856,0.8545387900724811,,runs/improve_robust_centered_linear_b1000_ph0
robust,centered_linear,1000,0,0.8,1,0.5478715068166311,0.5479395279897853,0.0005385857857481012,0.001097712879669048,0.9990263061733222,82.77233781044285,,runs/improve_robust_centered_linear_b1000_ph0
robust,centered_linear,1000,0,0.8,2,0.40570504304392807,0.40557029479140433,0.006307505066767904,0.01692985695524883,0.9827436324771485,-91.66944132139169,,runs/improve_robust_centered_linear_b1000_ph0
robust,centered_linear,1000,0,0.8,3,0.3003972386392706,0.30191824624126046,0.00817396385624314,0.03439401479503445,0.9704951581237198,80.0408852160446,,runs/improve_robust_centered_linear_b1000_ph0
robust,centered_linear,1000,0,0.8,4,0.22240177764247251,0.2233049397996029,0.005776364020418311,0.064139950241139,0.9396605291897004,-81.73880807617616,,runs/improve_robust_centered_linear_b1000_ph0
robust,centered_linear,1000,0,0.8,5,0.16463962948370148,0.17678130549144275,0.013743945407191979,0.15839816999546094,0.9036674261157648,29.04303951745439,,runs/improve_robust_centered_linear_b1000_ph0
robust,centered_linear,1000,0,0.8,6,0.12186734251149192,0.13869016803940945,0.017006368110410706,0.2521344322269092,0.8511025113685196,-8.992260553969329,,runs/improve_robust_centered_linear_b1000_ph0
robust,centered_linear,1000,0,0.8,7,0.09019739544883257,0.12143191783615882,0.03141009032104046,0.4067865693186444,0.798637745750303,7.03598497967092,,runs/improve_robust_centered_linear_b1000_ph0
robust,centered_linear,1000,0,0.8,8,0.06675094656125678,0.10245646536716303,0.03570971690229992,0.529816345444391,0.7216879729933809,-1.088485328580461,,runs/improve_robust_centered_linear_b1000_ph0
robust,centered_linear,1000,0,1.2,1,0.5478730229209454,0.5479410046363832,0.0004987468115987881,0.0010245174704669462,0.9990994383808735,82.19174280622994,,runs/improve_robust_centered_linear_b1000_ph0
robust,centered_linear,1000,0,1.2,2,0.40570724944039577,0.4055782105762891,0.006664261444055064,0.01777713529463115,0.9819104598298435,-91.58000971891444,,runs/improve_robust_centered_linear_b1000_ph0
robust,centered_linear,1000,0,1.2,3,0.3003996747391123,0.3019237710068617,0.008288246640034844,0.03475024544169327,0.9701470086903093,80.17976130168458,,runs/improve_robust_centered_linear_b1000_ph0
robust,centered_linear,1000,0,1.2,4,0.22240417530519724,0.22331047975425355,0.0058970915668239785,0.06568000976325943,0.9381273754300797,-81.9092022710429,,runs/improve_robust_centered_linear_b1000_ph0
robust,centered_linear,1000,0,1.2,5,0.16464184420863567,0.17678877016702688,0.013816856361829303,0.1599139082907032,0.9020658612127037,29.586845247693162,,runs/improve_robust_centered_linear_b1000_ph0
robust,centered_linear,1000,0,1.2,6,0.12186930739648484,0.13869536381681927,0.017037275329957816,0.2542437443031957,0.8487201364493892,-9.639741433379417,,runs/improve_robust_centered_linear_b1000_ph0
robust,centered_linear,1000,0,1.2,7,0.09019909064975162,0.12143423307777584,0.03141557462361159,0.4082996089552035,0.7966009710380909,7.132361403209693,,runs/improve_robust_centered_linear_b1000_ph0
robust,centered_linear,1000,0,1.2,8,0.06675237940702058,0.10245675661493409,0.0357085133052805,0.531577918182399,0.718970734169801,-1.080425601508767,,runs/improve_robust_centered_linear_b1000_ph0
robust,centered_linear,1000,0,1.0,1,0.6368838359288799,0.6368838359288833,1.436860292355947e-10,2.2561301536644556e-10,0.9999999997743924,89.99864726089572,,runs/improve_robust_centered_linear_b1000_ph0
robust,centered_linear,1000,0,1.0,2,0.5214104565236256,0.521410456523615,8.611184946838695e-10,2.1125270081203128e-09,0.9999999978874525,90.00071403756806,,runs/improve_robust_centered_linear_b1000_ph0
robust,centered_linear,1000,0,1.0,3,0.42682817997626943,0.42682817997635714,9.72794501430152e-11,3.5761488644917183e-09,0.9999999964240566,-89.94832421713323,,runs/improve_robust_centered_linear_b1000_ph0
robust,centered_linear,1000,0,1.0,4,0.3493680781707257,0.34936807817078347,5.549067816455101e-10,4.977417721267638e-09,0.9999999950227477,89.99403653598036,,runs/improve_robust_centered_linear_b1000_ph0
robust,centered_linear,1000,0,1.0,5,0.28593489882709744,0.28593489882722045,9.586628268707138e-11,6.3006220100145375e-09,0.9999999936998082,-89.92649339340441,,runs/improve_robust_centered_linear_b1000_ph0
robust,centered_linear,1000,0,1.0,6,0.23399573622992587,0.2339957362300054,3.8514027643993477e-10,7.680422461092305e-09,0.9999999923199175,89.98816766391948,,runs/improve_robust_centered_linear_b1000_ph0
robust,centered_linear,1000,0,1.0,7,0.19147074113044055,0.19147074113056894,7.355970139434686e-11,9.042261201903705e-09,0.9999999909584094,-89.89999613376501,,runs/improve_robust_centered_linear_b1000_ph0
robust,centered_linear,1000,0,1.0,8,0.1566583933285559,0.15665839332863538,2.705869381338158e-10,1.0483816718859993e-08,0.9999999895166906,89.98317124321505,,runs/improve_robust_centered_linear_b1000_ph0
robust,centered_linear,1000,45,0.7,1,0.45050766555968563,0.44975375102699394,0.0011683581405377518,0.0026664452304470915,0.995664539304638,130.24322277651626,,runs/improve_robust_centered_linear_b1000_ph45
robust,centered_linear,1000,45,0.7,2,0.29280790914516636,0.28625221638389586,0.00914223752079154,0.03471355400949878,0.943674593411085,-136.44069353302118,,runs/improve_robust_centered_linear_b1000_ph45
robust,centered_linear,1000,45,0.7,3,0.19029056705762756,0.1832577992019811,0.011828493214536903,0.06881112511706679,0.8967739520201039,127.92683920524843,,runs/improve_robust_centered_linear_b1000_ph45
robust,centered_linear,1000,45,0.7,4,0.12365409554964979,0.1199712569680724,0.006097630972431839,0.1478688090808348,0.8267518323744051,-128.28987413400904,,runs/improve_robust_centered_linear_b1000_ph45
robust,centered_linear,1000,45,0.7,5,0.08034402002250048,0.10694488807467599,0.027132395376044796,0.42639769934496874,0.7635146190811652,13.129530272110202,,runs/improve_robust_centered_linear_b1000_ph45
robust,centered_linear,1000,45,0.7,6,0.052198190202489454,0.09306484912766587,0.0408729189352099,0.59089280955279,0.7294026633551188,-1.3390278828582183,,runs/improve_robust_centered_linear_b1000_ph45
robust,centered_linear,1000,45,0.7,7,0.03390869129861757,0.09669465602280831,0.06279224828308445,0.7599150329300324,0.6846307662727237,1.3688333080136994,,runs/improve_robust_centered_linear_b1000_ph45
robust,centered_linear,1000,45,0.7,8,0.022025378837505778,0.08366189716374003,0.06163688043365956,0.8483459155969622,0.5760476815128823,0.3827713807797619,,runs/improve_robust_centered_linear_b1000_ph45
robust,centered_linear,1000,45,0.8,1,0.5478715068166313,0.5474938770585824,0.0005841881628042334,0.0010977128796690475,0.9982137767227169,130.29538827805072,,runs/improve_robust_centered_linear_b1000_ph45
robust,centered_linear,1000,45,0.8,2,0.40570504304392807,0.401237721120531,0.006221858071201822,0.01692985695524883,0.9722453064360888,-136.1966174304532,,runs/improve_robust_centered_linear_b1000_ph45
robust,centered_linear,1000,45,0.8,3,0.3003972386392704,0.29466296078924614,0.009288739105552878,0.03439401479503447,0.9471735487488474,128.82215476650623,,runs/improve_robust_centered_linear_b1000_ph45
robust,centered_linear,1000,45,0.8,4,0.2224017776424724,0.21680203505269782,0.008665045339410062,0.06413995024113903,0.9122964998886443,-131.11632393672832,,runs/improve_robust_centered_linear_b1000_ph45
robust,centered_linear,1000,45,0.8,5,0.16463962948370142,0.16871428536975924,0.009014375298557148,0.158398169995461,0.8624305810233482,64.5175282519472,,runs/improve_robust_centered_linear_b1000_ph45
robust,centered_linear,1000,45,0.8,6,0.12186734251149187,0.13338872268099003,0.012619178906669935,0.2521344322269093,0.818569033889773,-25.258853849485174,,runs/improve_robust_centered_linear_b1000_ph45
robust,centered_linear,1000,45,0.8,7,0.0901973954488325,0.11566092488496395,0.02598411718964418,0.4067865693186446,0.760682874548304,13.030209482375513,,runs/improve_robust_centered_linear_b1000_ph45
robust,centered_linear,1000,45,0.8,8,0.06675094656125675,0.09965926315784351,0.032990041021072815,0.5298163454443912,0.7019849002271855,-4.930321908103641,,runs/improve_robust_centered_linear_b1000_ph45
robust,centered_linear,1000,45,1.2,1,0.5478730229209454,0.5475237848701611,0.0005441485608424867,0.0010245174704669462,0.9983386921863255,129.94847670569624,,runs/improve_robust_centered_linear_b1000_ph45
robust,centered_linear,1000,45,1.2,2,0.40570724944039577,0.4009903665193145,0.006578686181293943,0.01777713529463115,0.9708032258854692,-136.13167525991992,,runs/improve_robust_centered_linear_b1000_ph45
robust,centered_linear,1000,45,1.2,3,0.3003996747391123,0.29458541889660533,0.009404058318140986,0.03475024544169327,0.9465672808512594,128.89831466089845,,runs/improve_robust_centered_linear_b1000_ph45
robust,centered_linear,1000,45,1.2,4,0.22240417530519718,0.21672087001060258,0.008786685536395295,0.06568000976325945,0.910444423422083,-131.17022648994228,,runs/improve_robust_centered_linear_b1000_ph45
robust,centered_linear,1000,45,1.2,5,0.16464184420863565,0.16861545093926966,0.009065291823519415,0.15991390829070323,0.8603614461574522,65.41195205726291,,runs/improve_robust_centered_linear_b1000_ph45
robust,centered_linear,1000,45,1.2,6,0.12186930739648483,0.13325804886622683,0.012554144063604925,0.2542437443031957,0.8154475124784827,-26.096946755530567,,runs/improve_robust_centered_linear_b1000_ph45
robust,centered_linear,1000,45,1.2,7,0.0901990906497516,0.11562591990718053,0.025954967982506627,0.40829960895520356,0.7584988000561561,13.13028095278553,,runs/improve_robust_centered_linear_b1000_ph45
robust,centered_linear,1000,45,1.2,8,0.06675237940702056,0.0996629995875805,0.032992135405462676,0.5315779181823991,0.6993660774598729,-4.923884078723201,,runs/improve_robust_centered_linear_b1000_ph45
robust,centered_linear,1000,45,1.0,1,0.6368838359288798,0.6368838358272786,1.4368833902121982e-10,2.2561301536644559e-10,0.9999999996148584,134.99901458435062,,runs/improve_robust_centered_linear_b1000_ph45
robust,centered_linear,1000,45,1.0,2,0.5214104565236256,0.521410457132526,8.611230062705477e-10,2.1125270081203128e-09,0.9999999990552677,45.00052727155202,,runs/improve_robust_centered_linear_b1000_ph45
robust,centered_linear,1000,45,1.0,3,0.4268281799762693,0.42682818004505196,9.721136996229971e-11,3.576148864491719e-09,0.9999999965849995,-44.96347806428047,,runs/improve_robust_centered_linear_b1000_ph45
robust,centered_linear,1000,45,1.0,4,0.34936807817072557,0.34936807856299934,5.547183005651653e-10,4.9774177212676395e-09,0.9999999961453917,44.99580373091236,,runs/improve_robust_centered_linear_b1000_ph45
robust,centered_linear,1000,45,1.0,5,0.28593489882709733,0.28593489889471746,9.554239150693547e-11,6.30062201001454e-09,0.9999999939358658,-44.947890976062766,,runs/improve_robust_centered_linear_b1000_ph45
robust,centered_linear,1000,45,1.0,6,0.2339957362299258,0.23399573650196961,3.8467199279674035e-10,7.680422461092307e-09,0.999999993482179,44.99165144692793,,runs/improve_robust_centered_linear_b1000_ph45
robust,centered_linear,1000,45,1.0,7,0.19147074113044052,0.1914707411820904,7.295317253934801e-11,9.042261201903706e-09,0.9999999912274922,-44.92864450499506,,runs/improve_robust_centered_linear_b1000_ph45
robust,centered_linear,1000,45,1.0,8,0.15665839332855586,0.1566583935194093,2.698514387046313e-10,1.0483816718859997e-08,0.9999999907344611,44.988087575107066,,runs/improve_robust_centered_linear_b1000_ph45
robust,centered_linear,1000,90,0.7,1,0.45050766555968574,0.4493031999018715,0.0012044656578195454,0.0026664452304470906,0.9946671095391186,-179.99983061369758,,runs/improve_robust_centered_linear_b1000_ph90
robust,centered_linear,1000,90,0.7,2,0.29280790914516636,0.2837308663104743,0.009077042834722755,0.03471355400949878,0.9353625739080039,179.9998533612963,,runs/improve_robust_centered_linear_b1000_ph90
robust,centered_linear,1000,90,0.7,3,0.1902905670576276,0.17775082063529962,0.012539746422392055,0.06881112511706677,0.8698254949588582,-179.99982293267476,,runs/improve_robust_centered_linear_b1000_ph90
robust,centered_linear,1000,90,0.7,4,0.12365409554964982,0.115892147048243,0.0077619485014440515,0.14786880908083477,0.7986416692744795,179.9998281720637,,runs/improve_robust_centered_linear_b1000_ph90
robust,centered_linear,1000,90,0.7,5,0.0803440200225005,0.10232819016880261,0.021984170146316255,0.4263976993449687,0.7305544990934346,-7.33451889767301e-05,,runs/improve_robust_centered_linear_b1000_ph90
robust,centered_linear,1000,90,0.7,6,0.052198190202489454,0.09130771204592446,0.03910952184343539,0.59089280955279,0.7156309710425459,1.0528143458915352e-05,,runs/improve_robust_centered_linear_b1000_ph90
robust,centered_linear,1000,90,0.7,7,0.03390869129861759,0.09556343268231397,0.06165474138369653,0.7599150329300322,0.6766213236180485,-6.461811133681133e-06,,runs/improve_robust_centered_linear_b1000_ph90
robust,centered_linear,1000,90,0.7,8,0.02202537883750578,0.08369439734843327,0.06166901851092749,0.848345915596962,0.5762714590827913,-1.0981350952681925e-06,,runs/improve_robust_centered_linear_b1000_ph90
robust,centered_linear,1000,90,0.8,1,0.5478715068166312,0.54726944031104,0.0006020665055937611,0.0010977128796690477,0.9978045742406667,-179.99983079800913,,runs/improve_robust_centered_linear_b1000_ph90
robust,centered_linear,1000,90,0.8,2,0.405705043043928,0.3995194712832025,0.006185571760746298,0.016929856955248835,0.968081788771394,179.9998524328187,,runs/improve_robust_centered_linear_b1000_ph90
robust,centered_linear,1000,90,0.8,3,0.3003972386392705,0.29067201042227053,0.009725228217046383,0.03439401479503446,0.9343449169729231,-179.99982580774704,,runs/improve_robust_centered_linear_b1000_ph90
robust,centered_linear,1000,90,0.8,4,0.22240177764247238,0.2125435104307893,0.009858267211725771,0.06413995024113904,0.894376755240895,179.9998351103938,,runs/improve_robust_centered_linear_b1000_ph90
robust,centered_linear,1000,90,0.8,5,0.1646396294837014,0.1631442205375459,0.0014954089465894647,0.15839816999546102,0.8339576260565812,-179.99862589833867,,runs/improve_robust_centered_linear_b1000_ph90
robust,centered_linear,1000,90,0.8,6,0.12186734251149187,0.12899630240974275,0.007128959898294531,0.2521344322269093,0.7916139874240258,0.00020626019246719186,,runs/improve_robust_centered_linear_b1000_ph90
robust,centered_linear,1000,90,0.8,7,0.09019739544883251,0.11124763800676882,0.021050242557950204,0.4067865693186445,0.7316574128199739,-7.313964392891451e-05,,runs/improve_robust_centered_linear_b1000_ph90
robust,centered_linear,1000,90,0.8,8,0.06675094656125674,0.09706460288255078,0.030313656321296355,0.5298163454443912,0.6837085024618319,2.704002063606751e-05,,runs/improve_robust_centered_linear_b1000_ph90
robust,centered_linear,1000,90,1.2,1,0.5478730229209453,0.547311141780323,0.0005618811406247729,0.0010245174704669464,0.997950965059071,-179.99982957430385,,runs/improve_robust_centered_linear_b1000_ph90
robust,centered_linear,1000,90,1.2,2,0.4057072494403956,0.3991647751018301,0.006542474338587635,0.017777135294631156,0.9663834438028561,179.99985218624687,,runs/improve_robust_centered_linear_b1000_ph90
robust,centered_linear,1000,90,1.2,3,0.3003996747391122,0.2905584702544663,0.0098412044846928,0.03475024544169328,0.9336278154812675,-179.999826068678,,runs/improve_robust_centered_linear_b1000_ph90
robust,centered_linear,1000,90,1.2,4,0.22240417530519713,0.21242401277076708,0.009980162534473225,0.06568000976325947,0.8923933251957904,179.99983526697343,,runs/improve_robust_centered_linear_b1000_ph90
robust,centered_linear,1000,90,1.2,5,0.16464184420863562,0.16299629952997036,0.0016455446790688097,0.15991390829070326,0.8316896891758002,-179.99873743517745,,runs/improve_robust_centered_linear_b1000_ph90
robust,centered_linear,1000,90,1.2,6,0.12186930739648479,0.12880283015354668,0.006933522757108671,0.2542437443031957,0.7881846413220123,0.00021634694683867777,,runs/improve_robust_centered_linear_b1000_ph90
robust,centered_linear,1000,90,1.2,7,0.0901990906497516,0.11119509085864784,0.020996000208910338,0.40829960895520356,0.7294328387279012,-7.371372360366562e-05,,runs/improve_robust_centered_linear_b1000_ph90
robust,centered_linear,1000,90,1.2,8,0.06675237940702057,0.09706986437287786,0.030317484965859603,0.5315779181823986,0.6811692460286061,2.7011840036433185e-05,,runs/improve_robust_centered_linear_b1000_ph90
robust,centered_linear,1000,90,1.0,1,0.6368838359288798,0.6368838357851905,1.4368928269455454e-10,2.2561301536644559e-10,0.9999999995487739,-179.9998479110745,,runs/improve_robust_centered_linear_b1000_ph90
robust,centered_linear,1000,90,1.0,2,0.5214104565236256,0.5214104573847504,8.611248381034054e-10,2.1125270081203128e-09,0.9999999995390026,-0.00015208712777633302,,runs/improve_robust_centered_linear_b1000_ph90
robust,centered_linear,1000,90,1.0,3,0.4268281799762694,0.42682818007345247,9.718315041600742e-11,3.5761488644917187e-09,0.9999999966515378,0.00015194801472319914,,runs/improve_robust_centered_linear_b1000_ph90
robust,centered_linear,1000,90,1.0,4,0.34936807817072557,0.3493680787253658,5.546402226389076e-10,4.9774177212676395e-09,0.999999996610135,-0.00015206939990373416,,runs/improve_robust_centered_linear_b1000_ph90
robust,centered_linear,1000,90,1.0,5,0.2859348988270974,0.28593489892250545,9.540807033308448e-11,6.300622010014538e-09,0.9999999940330486,0.00015188945719817854,,runs/improve_robust_centered_linear_b1000_ph90
robust,centered_linear,1000,90,1.0,6,0.23399573622992578,0.23399573661440376,3.844779494779089e-10,7.680422461092308e-09,0.9999999939626757,-0.00015205380664014642,,runs/improve_robust_centered_linear_b1000_ph90
robust,centered_linear,1000,90,1.0,7,0.1914707411304405,0.19147074120314247,7.270198332246852e-11,9.042261201903706e-09,0.9999999913374417,0.0001518165481820321,,runs/improve_robust_centered_linear_b1000_ph90
robust,centered_linear,1000,90,1.0,8,0.15665839332855588,0.15665839359810263,2.6954674603465885e-10,1.0483816718859995e-08,0.9999999912367853,-0.0001520404028392814,,runs/improve_robust_centered_linear_b1000_ph90
robust,combined,0,0,0.7,1,0.45050816721378595,0.45010445580664094,0.02816623640138292,0.06130269973625106,0.9378561106127012,-92.61286331797571,,runs/improve_robust_combined_b0_ph0
robust,combined,0,0,0.7,2,0.2928082351957521,0.31026160014398435,0.019859847135491996,0.13925826225263457,0.912047807281363,29.41257348551938,,runs/improve_robust_combined_b0_ph0
robust,combined,0,0,0.7,3,0.19029077909106878,0.17633335938002553,0.01425190882365066,0.275105125107579,0.6717253936196809,168.7744523719324,,runs/improve_robust_combined_b0_ph0
robust,combined,0,0,0.7,4,0.12365423345226231,0.1482874896243091,0.02468260025635413,0.42609878902649945,0.6882285182776684,3.9685369412493485,,runs/improve_robust_combined_b0_ph0
robust,combined,0,0,0.7,5,0.0803441097208368,0.12264265463935049,0.04238483327498665,0.5795026204155657,0.6418754913124767,4.518987998302195,,runs/improve_robust_combined_b0_ph0
robust,combined,0,0,0.7,6,0.052198248478025316,0.12094028315599202,0.06876803176473115,0.7501721503247648,0.5788364889809531,-2.398386914251968,,runs/improve_robust_combined_b0_ph0
robust,combined,0,0,0.7,7,0.03390872903614085,0.07537966380982744,0.04153976078675727,0.8126182792358888,0.4165526552248858,4.920235009033194,,runs/improve_robust_combined_b0_ph0
robust,combined,0,0,0.7,8,0.022025403120869834,0.043304155934562834,0.02145705971884401,0.8868464514851726,0.22247124752019934,-10.381984163922661,,runs/improve_robust_combined_b0_ph0
robust,combined,0,0,0.8,1,0.5478721168883544,0.5474183231727958,0.014098131860142067,0.026162540379448224,0.9730308456215383,-92.58154100328261,,runs/improve_robust_combined_b0_ph0
robust,combined,0,0,0.8,2,0.4057054948089343,0.4154843938916177,0.010785747838191641,0.06419259167515119,0.9583635884208218,25.272953185381947,,runs/improve_robust_combined_b0_ph0
robust,combined,0,0,0.8,3,0.30039757336033013,0.2903783354182046,0.010221243569051132,0.12563607624434436,0.8452010377106005,-168.7844793086199,,runs/improve_robust_combined_b0_ph0
robust,combined,0,0,0.8,4,0.22240202567134715,0.23032214943979876,0.008510035956646091,0.18799079244442657,0.840926270723272,21.856389008646516,,runs/improve_robust_combined_b0_ph0
robust,combined,0,0,0.8,5,0.16463981329204033,0.17707180714822082,0.012432902543821574,0.2689337610768323,0.7862692351427534,-0.7184050153962102,,runs/improve_robust_combined_b0_ph0
robust,combined,0,0,0.8,6,0.12186747856763987,0.1503204566934837,0.028791081454380408,0.41679317666104365,0.7193708859940812,-9.769420139940745,,runs/improve_robust_combined_b0_ph0
robust,combined,0,0,0.8,7,0.09019749583095232,0.1085505097290357,0.01869117538191939,0.4951017980872452,0.6076328025960059,11.987550866324328,,runs/improve_robust_combined_b0_ph0
robust,combined,0,0,0.8,8,0.0667510201553388,0.0728512255460641,0.007504189823522096,0.5991238856861649,0.4375111594091673,-37.45407598970966,,runs/improve_robust_combined_b0_ph0
robust,combined,0,0,1.2,1,0.5478736329943569,0.5473936290655315,0.013040088916685545,0.024325519746126695,0.9748196707584483,-92.79108603348165,,runs/improve_robust_combined_b0_ph0
robust,combined,0,0,1.2,2,0.405707701207859,0.4154750011976319,0.010337862018237004,0.06331045494164364,0.9592400851556506,19.362305679961178,,runs/improve_robust_combined_b0_ph0
robust,combined,0,0,1.2,3,0.3004000094628864,0.2903768853571224,0.010104898913246224,0.12418571352275903,0.8465919329138764,-172.8292372113384,,runs/improve_robust_combined_b0_ph0
robust,combined,0,0,1.2,4,0.22240442333674595,0.23032012859800097,0.008398320405700583,0.1870771930349893,0.8418559425724083,19.876663235426278,,runs/improve_robust_combined_b0_ph0
robust,combined,0,0,1.2,5,0.16464202801944716,0.1770734860248232,0.01243366326474811,0.26837088899914496,0.7868714854925215,1.1191352856044314,,runs/improve_robust_combined_b0_ph0
robust,combined,0,0,1.2,6,0.12186944345482649,0.1503365557357091,0.028869391781641624,0.4157944594896929,0.7206683341800355,-10.645912533282866,,runs/improve_robust_combined_b0_ph0
robust,combined,0,0,1.2,7,0.09019919103375802,0.10856183781800642,0.018750288824888297,0.4941933095699067,0.608778230318975,12.819762792248087,,runs/improve_robust_combined_b0_ph0
robust,combined,0,0,1.2,8,0.06675245300268234,0.07287439352352562,0.007715477156578843,0.5987792849028231,0.4380171059872079,-39.46118906934854,,runs/improve_robust_combined_b0_ph0
robust,combined,0,0,1.0,1,0.6368845451185611,0.6368845451185265,3.7874319175552225e-09,5.946859276687815e-09,0.9999999940530865,-90.00052295956256,,runs/improve_robust_combined_b0_ph0
robust,combined,0,0,1.0,2,0.5214110371301579,0.5214110371306788,4.114789021412982e-09,7.892812485990573e-09,0.9999999921081866,89.9927471595176,,runs/improve_robust_combined_b0_ph0
robust,combined,0,0,1.0,3,0.42682865557445177,0.42682865557380906,3.629109149370206e-09,8.50616937723925e-09,0.9999999914923249,-90.01014706844545,,runs/improve_robust_combined_b0_ph0
robust,combined,0,0,1.0,4,0.3493684677960794,0.3493684677961418,2.85040621327115e-09,8.951389395415762e-09,0.9999999910487892,89.99874665563046,,runs/improve_robust_combined_b0_ph0
robust,combined,0,0,1.0,5,0.2859352180529057,0.2859352180525981,2.3652616007203774e-09,9.074689680655096e-09,0.9999999909242344,-90.00745249755634,,runs/improve_robust_combined_b0_ph0
robust,combined,0,0,1.0,6,0.23399599746938402,0.2339959974693923,2.271412526472293e-09,1.0505200340484279e-08,0.999999989494835,89.99979165817052,,runs/improve_robust_combined_b0_ph0
robust,combined,0,0,1.0,7,0.19147095422128174,0.19147095422132723,2.0865947412824012e-09,1.1707021959212964e-08,0.9999999882932157,-89.99875120979432,,runs/improve_robust_combined_b0_ph0
robust,combined,0,0,1.0,8,0.15665856604716508,0.15665856604677805,1.6184164320330272e-09,1.2377508518153612e-08,0.999999987620021,90.0137010192666,,runs/improve_robust_combined_b0_ph0
robust,combined,0,45,0.7,1,0.4505081672137859,0.4708805424198942,0.029059063351430613,0.06130269973625107,0.9811460170632804,-46.79050668005563,,runs/improve_robust_combined_b0_ph45
robust,combined,0,45,0.7,2,0.29280823519575205,0.29934116923117604,0.012664652341426831,0.1392582622526346,0.8799460097531732,-60.00209558284,,runs/improve_robust_combined_b0_ph45
robust,combined,0,45,0.7,3,0.19029077909106878,0.18842947744016397,0.011960555901721865,0.275105125107579,0.71780442083146,-100.73611581783796,,runs/improve_robust_combined_b0_ph45
robust,combined,0,45,0.7,4,0.12365423345226235,0.15593815048441925,0.03296445516465871,0.42609878902649956,0.7237365911497534,13.11700696982506,,runs/improve_robust_combined_b0_ph45
robust,combined,0,45,0.7,5,0.08034410972083682,0.1210367061441453,0.04071271374548647,0.5795026204155656,0.6334704304271457,2.210976916427157,,runs/improve_robust_combined_b0_ph45
robust,combined,0,45,0.7,6,0.05219824847802532,0.11371441443350436,0.061722284089612334,0.7501721503247648,0.5442525077629894,-6.918550651353011,,runs/improve_robust_combined_b0_ph45
robust,combined,0,45,0.7,7,0.03390872903614086,0.07290395642257319,0.03903049575795015,0.8126182792358889,0.40287174404010845,3.572489522506928,,runs/improve_robust_combined_b0_ph45
robust,combined,0,45,0.7,8,0.022025403120869834,0.04320291261548572,0.02117757134822529,0.8868464514851726,0.2219511189779826,0.19394430007472893,,runs/improve_robust_combined_b0_ph45
robust,combined,0,45,0.8,1,0.5478721168883544,0.5579314566546894,0.01453975966101541,0.026162540379448224,0.9917178400625153,-46.76969098701701,,runs/improve_robust_combined_b0_ph45
robust,combined,0,45,0.8,2,0.4057054948089343,0.408706014248586,0.007418674179068922,0.06419259167515119,0.942728459078108,-66.62123980347455,,runs/improve_robust_combined_b0_ph45
robust,combined,0,45,0.8,3,0.3003975733603301,0.3008073946999272,0.010263516853203057,0.1256360762443445,0.8755567862362691,-88.68930609862625,,runs/improve_robust_combined_b0_ph45
robust,combined,0,45,0.8,4,0.22240202567134712,0.23683657156951093,0.015729309221835998,0.18799079244442682,0.8647109945146234,24.20245496616044,,runs/improve_robust_combined_b0_ph45
robust,combined,0,45,0.8,5,0.16463981329204025,0.18036624824110434,0.016032843733207975,0.2689337610768324,0.8008978636073409,-11.750026093967193,,runs/improve_robust_combined_b0_ph45
robust,combined,0,45,0.8,6,0.12186747856763985,0.14298247988957014,0.0222085382727076,0.4167931766610436,0.6842543955911876,-19.608398960560137,,runs/improve_robust_combined_b0_ph45
robust,combined,0,45,0.8,7,0.09019749583095225,0.10740929555317769,0.01724008244652042,0.49510179808724536,0.6012446320588999,3.582214596524187,,runs/improve_robust_combined_b0_ph45
robust,combined,0,45,0.8,8,0.06675102015533875,0.07615684597594373,0.00992229558187353,0.5991238856861651,0.4573632046699407,19.879024779495857,,runs/improve_robust_combined_b0_ph45
robust,combined,0,45,1.2,1,0.5478736329943568,0.5571704006780475,0.013481088482289677,0.0243255197461267,0.9922305224350807,-46.90866136746231,,runs/improve_robust_combined_b0_ph45
robust,combined,0,45,1.2,2,0.4057077012078588,0.40789057598354045,0.007928187752096456,0.06331045494164365,0.9417293211692491,-74.55574225483166,,runs/improve_robust_combined_b0_ph45
robust,combined,0,45,1.2,3,0.3004000094628864,0.30027917737619975,0.009750817614067108,0.12418571352275903,0.8754620013092935,-91.63998476914506,,runs/improve_robust_combined_b0_ph45
robust,combined,0,45,1.2,4,0.2224044233367459,0.23661158383406136,0.015436950570457915,0.18707719303498915,0.8648521913594619,23.79066785847174,,runs/improve_robust_combined_b0_ph45
robust,combined,0,45,1.2,5,0.16464202801944716,0.18008105049144923,0.015700303780037363,0.268370888999145,0.8002363701666548,-10.952678926354075,,runs/improve_robust_combined_b0_ph45
robust,combined,0,45,1.2,6,0.12186944345482646,0.1426840177188399,0.022019206794167332,0.41579445948969296,0.683984363352862,-20.662121822053987,,runs/improve_robust_combined_b0_ph45
robust,combined,0,45,1.2,7,0.09019919103375797,0.10721570739453441,0.017056589395226696,0.4941933095699068,0.6012295841883375,4.283386374308295,,runs/improve_robust_combined_b0_ph45
robust,combined,0,45,1.2,8,0.06675245300268232,0.07590728514105892,0.009615016245495914,0.5987792849028232,0.45624653260543346,19.019080566981252,,runs/improve_robust_combined_b0_ph45
robust,combined,0,45,1.0,1,0.636884545118561,0.6368845477966767,3.787453739566241e-09,5.946859276687817e-09,0.9999999982581662,-45.00039506925722,,runs/improve_robust_combined_b0_ph45
robust,combined,0,45,1.0,2,0.521411037130158,0.5214110400397334,4.114394397116402e-09,7.892812485990571e-09,0.9999999976873827,44.99489598019091,,runs/improve_robust_combined_b0_ph45
robust,combined,0,45,1.0,3,0.4268286555744518,0.42682865814050613,3.62940485991604e-09,8.50616937723925e-09,0.9999999975057379,-45.00719938440121,,runs/improve_robust_combined_b0_ph45
robust,combined,0,45,1.0,4,0.34936846779607944,0.3493684698119423,2.850817859882832e-09,8.95138939541576e-09,0.99999999681863,44.999139617686275,,runs/improve_robust_combined_b0_ph45
robust,combined,0,45,1.0,5,0.2859352180529056,0.2859352197254911,2.3656116606557884e-09,9.0746896806551e-09,0.9999999967748362,-45.005295766461536,,runs/improve_robust_combined_b0_ph45
robust,combined,0,45,1.0,6,0.23399599746938393,0.23399599907527988,2.271075022491975e-09,1.0505200340484284e-08,0.9999999963577202,44.99987904650795,,runs/improve_robust_combined_b0_ph45
robust,combined,0,45,1.0,7,0.1914709542212817,0.19147095569682596,2.086703532493531e-09,1.1707021959212967e-08,0.9999999959993389,-44.99914361028411,,runs/improve_robust_combined_b0_ph45
robust,combined,0,45,1.0,8,0.156658566047165,0.15665856719155674,1.6186887201907905e-09,1.2377508518153619e-08,0.9999999949274972,45.00971160023474,,runs/improve_robust_combined_b0_ph45
robust,combined,0,90,0.7,1,0.45050816721378595,0.47992911781796077,0.029420950604280762,0.06130269973625106,0.9999999999997703,0.0001587227329495846,,runs/improve_robust_combined_b0_ph90
robust,combined,0,90,0.7,2,0.2928082351957521,0.2841321381855063,0.008676097010528122,0.13925826225263457,0.835237404467698,179.99954465799024,,runs/improve_robust_combined_b0_ph90
robust,combined,0,90,0.7,3,0.19029077909106884,0.20096312068436312,0.010672341593484245,0.27510512510757895,0.7655501591948611,0.0003512956424246395,,runs/improve_robust_combined_b0_ph90
robust,combined,0,90,0.7,4,0.12365423345226234,0.16253199687391456,0.03887776342166623,0.42609878902649945,0.7543398007791718,-5.576137981094952e-05,,runs/improve_robust_combined_b0_ph90
robust,combined,0,90,0.7,5,0.08034410972083682,0.12083910714425575,0.04049499742341911,0.5795026204155657,0.6324362555268228,-6.602710883628526e-06,,runs/improve_robust_combined_b0_ph90
robust,combined,0,90,0.7,6,0.05219824847802533,0.10722814072339573,0.05502989224537623,0.7501721503247647,0.5132083279169235,3.7801424052915814e-05,,runs/improve_robust_combined_b0_ph90
robust,combined,0,90,0.7,7,0.03390872903614085,0.07190710439050106,0.03799837535436071,0.812618279235889,0.39736307844200275,-1.3561437225333164e-05,,runs/improve_robust_combined_b0_ph90
robust,combined,0,90,0.7,8,0.02202540312086983,0.04487621261031421,0.02285080948944461,0.8868464514851726,0.2305475487961174,-1.1614283850581594e-05,,runs/improve_robust_combined_b0_ph90
robust,combined,0,90,0.8,1,0.5478721168883544,0.5625909246721448,0.014718807783845458,0.026162540379448224,0.9999999999998984,0.00015864649349916146,,runs/improve_robust_combined_b0_ph90
robust,combined,0,90,0.8,2,0.4057054948089343,0.3999322942222514,0.0057732005868321706,0.06419259167515119,0.9224908426192067,179.99959097783656,,runs/improve_robust_combined_b0_ph90
robust,combined,0,90,0.8,3,0.30039757336033,0.3100697145224269,0.00967214116223376,0.1256360762443444,0.9025165190080326,0.0003097355415726836,,runs/improve_robust_combined_b0_ph90
robust,combined,0,90,0.8,4,0.2224020256713471,0.24188491391238875,0.01948288824106396,0.18799079244442676,0.8831429330409712,-9.043018033708272e-05,,runs/improve_robust_combined_b0_ph90
robust,combined,0,90,0.8,5,0.16463981329204025,0.1835370927463003,0.018897279454267054,0.2689337610768324,0.8149776740752498,5.203320015031622e-05,,runs/improve_robust_combined_b0_ph90
robust,combined,0,90,0.8,6,0.12186747856763981,0.1373587312763745,0.015491252708768158,0.41679317666104376,0.6573414849237342,0.00012647212645240392,,runs/improve_robust_combined_b0_ph90
robust,combined,0,90,0.8,7,0.09019749583095224,0.10793475943610008,0.017737263605147872,0.4951017980872454,0.6041860193691956,-4.6842063067625005e-06,,runs/improve_robust_combined_b0_ph90
robust,combined,0,90,0.8,8,0.06675102015533874,0.08134627157776068,0.014595251422436728,0.5991238856861653,0.4885285226820989,-9.001093372056263e-05,,runs/improve_robust_combined_b0_ph90
robust,combined,0,90,1.2,1,0.5478736329943569,0.5615332204361299,0.013659587441824375,0.024325519746126695,0.9999999999999047,0.00015915508977756637,,runs/improve_robust_combined_b0_ph90
robust,combined,0,90,1.2,2,0.405707701207859,0.3987573842510594,0.006950316956943461,0.06331045494164364,0.9206427970945051,179.99963449784977,,runs/improve_robust_combined_b0_ph90
robust,combined,0,90,1.2,3,0.3004000094628865,0.30934531097446283,0.008945301511714025,0.12418571352275902,0.9018942552318789,0.00032254217056774156,,runs/improve_robust_combined_b0_ph90
robust,combined,0,90,1.2,4,0.22240442333674595,0.24157409389489085,0.01916967055816641,0.18707719303498913,0.8829909385467578,-8.942539389212476e-05,,runs/improve_robust_combined_b0_ph90
robust,combined,0,90,1.2,5,0.16464202801944722,0.1831399661402963,0.018497938120855397,0.2683708889991449,0.8138294469995533,4.987844470849485e-05,,runs/improve_robust_combined_b0_ph90
robust,combined,0,90,1.2,6,0.1218694434548265,0.13691182294437346,0.015042379489583983,0.4157944594896929,0.6563141937635677,0.00013477342334661726,,runs/improve_robust_combined_b0_ph90
robust,combined,0,90,1.2,7,0.09019919103375804,0.1076574875733334,0.01745829653957549,0.49419330956990665,0.6037069386698458,-7.183360760839369e-06,,runs/improve_robust_combined_b0_ph90
robust,combined,0,90,1.2,8,0.06675245300268236,0.08100710954795498,0.01425465654528664,0.5987792849028231,0.4868994165574681,-8.853158497592696e-05,,runs/improve_robust_combined_b0_ph90
robust,combined,0,90,1.0,1,0.636884545118561,0.6368845489060236,3.787462787842852e-09,5.946859276687817e-09,0.9999999999999998,0.00015208663590705375,,runs/improve_robust_combined_b0_ph90
robust,combined,0,90,1.0,2,0.521411037130158,0.5214110412443891,4.114231066944961e-09,7.892812485990571e-09,0.9999999999977589,-0.0001520659943688891,,runs/improve_robust_combined_b0_ph90
robust,combined,0,90,1.0,3,0.42682865557445177,0.4268286592039792,3.6295274563632093e-09,8.50616937723925e-09,0.999999999997307,0.00015211217429369188,,runs/improve_robust_combined_b0_ph90
robust,combined,0,90,1.0,4,0.3493684677960794,0.3493684706470677,2.8509883343034263e-09,8.951389395415762e-09,0.9999999992090159,-0.00015208193054564177,,runs/improve_robust_combined_b0_ph90
robust,combined,0,90,1.0,5,0.2859352180529057,0.2859352204186624,2.3657566461400118e-09,9.074689680655096e-09,0.9999999991990607,0.00015210503306431114,,runs/improve_robust_combined_b0_ph90
robust,combined,0,90,1.0,6,0.23399599746938393,0.23399599974031912,2.270935162141987e-09,1.0505200340484284e-08,0.9999999991998167,-0.00015208469511667066,,runs/improve_robust_combined_b0_ph90
robust,combined,0,90,1.0,7,0.19147095422128171,0.1914709563080302,2.086748496222765e-09,1.1707021959212965e-08,0.99999999919149,0.0001520819332411548,,runs/improve_robust_combined_b0_ph90
robust,combined,0,90,1.0,8,0.15665856604716505,0.1566585676659664,1.6188013429738098e-09,1.2377508518153614e-08,0.9999999979558002,-0.00015212159649949993,,runs/improve_robust_combined_b0_ph90
robust,combined,1000,0,0.7,1,0.4505076655596857,0.45064594825399196,0.0010762059373170586,0.002666445230447091,0.9976396849014436,82.68546647968464,,runs/improve_robust_combined_b1000_ph0
robust,combined,1000,0,0.7,2,0.2928079091451664,0.2926303309293917,0.009295449156195021,0.03471355400949877,0.9647010320059852,-92.00409559220316,,runs/improve_robust_combined_b1000_ph0
robust,combined,1000,0,0.7,3,0.19029056719668702,0.1648065053727731,0.025862691183904166,0.1532635041277794,0.7333399911097525,170.87156553444498,,runs/improve_robust_combined_b1000_ph0
robust,combined,1000,0,0.7,4,0.12365409575963493,0.11399342559951062,0.010131681270372395,0.2364398416419401,0.7039058234814511,163.18258909544792,,runs/improve_robust_combined_b1000_ph0
robust,combined,1000,0,0.7,5,0.08034402025530653,0.09197776162198953,0.012028137323044585,0.42250272035075587,0.6611183627124678,15.765410674495655,,runs/improve_robust_combined_b1000_ph0
robust,combined,1000,0,0.7,6,0.05219819035373972,0.07782301864097263,0.02804092224562631,0.604638841895426,0.5894495301192835,-29.594302557963903,,runs/improve_robust_combined_b1000_ph0
robust,combined,1000,0,0.7,7,0.03390869127777332,0.050555844168361355,0.018065439296814933,0.6894753868033934,0.4629737499040165,28.199574228879104,,runs/improve_robust_combined_b1000_ph0
robust,combined,1000,0,0.7,8,0.02202537859493537,0.023108757941643254,0.009694572742977926,0.8123379313023006,0.19689274813920124,-96.06045772069066,,runs/improve_robust_combined_b1000_ph0
robust,combined,1000,0,0.8,1,0.5478715068166311,0.5479395279897853,0.0005385857857481012,0.001097712879669048,0.9990263061733222,82.77233781044285,,runs/improve_robust_combined_b1000_ph0
robust,combined,1000,0,0.8,2,0.40570504304392807,0.40557029479140433,0.006307505066767904,0.01692985695524883,0.9827436324771485,-91.66944132139169,,runs/improve_robust_combined_b1000_ph0
robust,combined,1000,0,0.8,3,0.3003972388587931,0.28408871907223165,0.0166209110194735,0.07148589231906681,0.8781052199203702,169.1840597966674,,runs/improve_robust_combined_b1000_ph0
robust,combined,1000,0,0.8,4,0.22240177802014752,0.21675899806446447,0.005644295885227548,0.10870376574914561,0.8686822580048961,178.6890068959199,,runs/improve_robust_combined_b1000_ph0
robust,combined,1000,0,0.8,5,0.16463962996076376,0.16446006161436036,0.0024754892307305393,0.17923066306615437,0.8198741442475711,94.58953557974937,,runs/improve_robust_combined_b1000_ph0
robust,combined,1000,0,0.8,6,0.12186734286461656,0.12995835037894993,0.01223987586835554,0.3003911800911853,0.7460571963640596,-50.7457735940242,,runs/improve_robust_combined_b1000_ph0
robust,combined,1000,0,0.8,7,0.09019739539338666,0.09628101951538896,0.008616067433331053,0.37186311158292706,0.6705033970022395,46.989806377273716,,runs/improve_robust_combined_b1000_ph0
robust,combined,1000,0,0.8,8,0.06675094582611373,0.0630306329103397,0.008192097647487101,0.4900388574788219,0.4815388482512712,-120.18820994383888,,runs/improve_robust_combined_b1000_ph0
robust,combined,1000,0,1.2,1,0.5478730229209454,0.5479410046363832,0.0004987468115987881,0.0010245174704669462,0.9990994383808735,82.19174280622994,,runs/improve_robust_combined_b1000_ph0
robust,combined,1000,0,1.2,2,0.40570724944039577,0.4055782105762891,0.006664261444055064,0.01777713529463115,0.9819104598298435,-91.58000971891444,,runs/improve_robust_combined_b1000_ph0
robust,combined,1000,0,1.2,3,0.3003996749586367,0.284095449830608,0.016688293596100665,0.07203758783489488,0.877597151016365,168.0281324676215,,runs/improve_robust_combined_b1000_ph0
robust,combined,1000,0,1.2,4,0.22240417568287632,0.21676148678874899,0.0056428718920656165,0.1098587049221911,0.8675572298977485,179.5444550069048,,runs/improve_robust_combined_b1000_ph0
robust,combined,1000,0,1.2,5,0.16464184468570434,0.16446523531674234,0.002676409996998815,0.18087627222154323,0.8182450633967444,94.24836291374599,,runs/improve_robust_combined_b1000_ph0
robust,combined,1000,0,1.2,6,0.12186930774961519,0.12996743648759507,0.012319192171037815,0.30156666734905674,0.7448437303724444,-51.0489200687805,,runs/improve_robust_combined_b1000_ph0
robust,combined,1000,0,1.2,7,0.09019909059430466,0.09628878733269497,0.008686622721188694,0.3731231247052842,0.6691998082389597,47.424925801862486,,runs/improve_robust_combined_b1000_ph0
robust,combined,1000,0,1.2,8,0.06675237867186173,0.06304916053706808,0.008322773600208212,0.4920636666723872,0.4797575765802924,-119.66634919860594,,runs/improve_robust_combined_b1000_ph0
robust,combined,1000,0,1.0,1,0.6368838359288799,0.6368838359288833,1.436860292355947e-10,2.2561301536644556e-10,0.9999999997743924,89.99864726089572,,runs/improve_robust_combined_b1000_ph0
robust,combined,1000,0,1.0,2,0.5214104565236256,0.521410456523615,8.611184946838695e-10,2.1125270081203128e-09,0.9999999978874525,90.00071403756806,,runs/improve_robust_combined_b1000_ph0
robust,combined,1000,0,1.0,3,0.42682818028818453,0.42682818028721536,9.945445133049265e-10,2.783630327680882e-09,0.999999997214099,-90.05583194004099,,runs/improve_robust_combined_b1000_ph0
robust,combined,1000,0,1.0,4,0.34936807876401044,0.349368078763704,6.703034664886374e-10,3.1705910808061278e-09,0.9999999968285318,90.02618960600746,,runs/improve_robust_combined_b1000_ph0
robust,combined,1000,0,1.0,5,0.28593489965562685,0.28593489965511315,6.003500594630205e-10,3.3515605720362033e-09,0.9999999966466429,-90.04902805702302,,runs/improve_robust_combined_b1000_ph0
robust,combined,1000,0,1.0,6,0.2339957369079555,0.23399573690770278,8.11248388872477e-10,4.723639847622247e-09,0.9999999952752802,90.01784980336619,,runs/improve_robust_combined_b1000_ph0
robust,combined,1000,0,1.0,7,0.1914707410127402,0.19147074101251582,9.047560937451792e-10,5.983094050377752e-09,0.9999999940157341,-90.01420979781977,,runs/improve_robust_combined_b1000_ph0
robust,combined,1000,0,1.0,8,0.15665839160324213,0.15665839160270845,6.408477198707126e-10,6.5951590003106434e-09,0.9999999934014343,90.04771219480821,,runs/improve_robust_combined_b1000_ph0
robust,combined,1000,45,0.7,1,0.45050766555968563,0.44975375102699394,0.0011683581405377518,0.0026664452304470915,0.995664539304638,130.24322277651626,,runs/improve_robust_combined_b1000_ph45
robust,combined,1000,45,0.7,2,0.29280790914516636,0.28625221638389586,0.00914223752079154,0.03471355400949878,0.943674593411085,-136.44069353302118,,runs/improve_robust_combined_b1000_ph45
robust,combined,1000,45,0.7,3,0.19029056719668705,0.18821747074216677,0.022410347150914004,0.15326350412777937,0.8375118324884006,-98.67832515407312,,runs/improve_robust_combined_b1000_ph45
robust,combined,1000,45,0.7,4,0.12365409575963492,0.1316304394008553,0.01800518449119249,0.23643984164194018,0.8128138298712737,67.38816768535874,,runs/improve_robust_combined_b1000_ph45
robust,combined,1000,45,0.7,5,0.08034402025530656,0.10042028418416928,0.02136636849853053,0.4225027203507558,0.7218015821672988,-22.4748591707248,,runs/improve_robust_combined_b1000_ph45
robust,combined,1000,45,0.7,6,0.05219819035373973,0.06810179430397481,0.01779097163179983,0.6046388418954258,0.5158187301619729,-30.719946173650353,,runs/improve_robust_combined_b1000_ph45
robust,combined,1000,45,0.7,7,0.03390869127777332,0.04441090564648302,0.011665555298866166,0.6894753868033933,0.4067004292384689,29.81005865321382,,runs/improve_robust_combined_b1000_ph45
robust,combined,1000,45,0.7,8,0.02202537859493537,0.020231932550022712,0.0019717512646349124,0.8123379313023005,0.17238143261531189,-156.53443151716647,,runs/improve_robust_combined_b1000_ph45
robust,combined,1000,45,0.8,1,0.5478715068166313,0.5474938770585824,0.0005841881628042334,0.0010977128796690475,0.9982137767227169,130.29538827805072,,runs/improve_robust_combined_b1000_ph45
robust,combined,1000,45,0.8,2,0.40570504304392807,0.401237721120531,0.006221858071201822,0.01692985695524883,0.9722453064360888,-136.1966174304532,,runs/improve_robust_combined_b1000_ph45
robust,combined,1000,45,0.8,3,0.30039723885879305,0.2982808320094863,0.014098590185889654,0.07148589231906667,0.9219723910372007,-99.96534884810399,,runs/improve_robust_combined_b1000_ph45
robust,combined,1000,45,0.8,4,0.2224017780201474,0.22770763295220595,0.011831289883407899,0.10870376574914566,0.9125599514860497,64.7093637604615,,runs/improve_robust_combined_b1000_ph45
robust,combined,1000,45,0.8,5,0.16463962996076373,0.17249122535717706,0.01099076476098468,0.1792306630661544,0.8599114848415079,-45.730260915329545,,runs/improve_robust_combined_b1000_ph45
robust,combined,1000,45,0.8,6,0.12186734286461656,0.12430472204062294,0.005900779279460811,0.3003911800911852,0.7136011818403495,-66.8598633214683,,runs/improve_robust_combined_b1000_ph45
robust,combined,1000,45,0.8,7,0.09019739539338663,0.09423005981056454,0.004425494587678794,0.3718631115829272,0.656220462981379,24.89608102002643,,runs/improve_robust_combined_b1000_ph45
robust,combined,1000,45,0.8,8,0.06675094582611371,0.06581687874463563,0.003270771035452747,0.49003885747882203,0.5028250950814481,107.9436683681176,,runs/improve_robust_combined_b1000_ph45
robust,combined,1000,45,1.2,1,0.5478730229209454,0.5475237848701611,0.0005441485608424867,0.0010245174704669462,0.9983386921863255,129.94847670569624,,runs/improve_robust_combined_b1000_ph45
robust,combined,1000,45,1.2,2,0.40570724944039577,0.4009903665193145,0.006578686181293943,0.01777713529463115,0.9708032258854692,-136.13167525991992,,runs/improve_robust_combined_b1000_ph45
robust,combined,1000,45,1.2,3,0.30039967495863673,0.2980300133856134,0.013904380445292163,0.07203758783489486,0.9206423081416222,-101.12186838539652,,runs/improve_robust_combined_b1000_ph45
robust,combined,1000,45,1.2,4,0.22240417568287635,0.22764764553036201,0.01175179886513984,0.10985870492219099,0.9111275424196645,64.84780348108669,,runs/improve_robust_combined_b1000_ph45
robust,combined,1000,45,1.2,5,0.16464184468570447,0.17234433962966303,0.010788974493221349,0.1808762722215431,0.8574450693774549,-45.74462383454714,,runs/improve_robust_combined_b1000_ph45
robust,combined,1000,45,1.2,6,0.12186930774961521,0.12423705003061057,0.0059395693580030695,0.3015666673490567,0.7120028700735381,-67.7813220078372,,runs/improve_robust_combined_b1000_ph45
robust,combined,1000,45,1.2,7,0.09019909059430468,0.0941647086215642,0.0043930462743918975,0.37312312470528414,0.6544376214304182,26.078152989572416,,runs/improve_robust_combined_b1000_ph45
robust,combined,1000,45,1.2,8,0.06675237867186173,0.06570675165695931,0.003204956217104752,0.4920636666723872,0.4999798834969836,110.34695693193324,,runs/improve_robust_combined_b1000_ph45
robust,combined,1000,45,1.0,1,0.6368838359288798,0.6368838358272786,1.4368833902121982e-10,2.2561301536644559e-10,0.9999999996148584,134.99901458435062,,runs/improve_robust_combined_b1000_ph45
robust,combined,1000,45,1.0,2,0.5214104565236256,0.521410457132526,8.611230062705477e-10,2.1125270081203128e-09,0.9999999990552677,45.00052727155202,,runs/improve_robust_combined_b1000_ph45
robust,combined,1000,45,1.0,3,0.4268281802881844,0.42682818099142156,9.95213479939295e-10,2.7836303276808824e-09,0.999999998863958,-45.03947906369375,,runs/improve_robust_combined_b1000_ph45
robust,combined,1000,45,1.0,4,0.3493680787640104,0.34936807923837604,6.710713724169648e-10,3.170591080806128e-09,0.9999999981871909,45.01851904522233,,runs/improve_robust_combined_b1000_ph45
robust,combined,1000,45,1.0,5,0.28593489965562674,0.2859349000803736,6.010464607515474e-10,3.3515605720362046e-09,0.9999999981339064,-45.03465575211626,,runs/improve_robust_combined_b1000_ph45
robust,combined,1000,45,1.0,6,0.2339957369079554,0.23399573748148542,8.112730407305722e-10,4.7236398476222495e-09,0.9999999977273878,45.01264797686786,,runs/improve_robust_combined_b1000_ph45
robust,combined,1000,45,1.0,7,0.19147074101274014,0.1914707416526375,9.051106112299152e-10,5.9830940503777534e-09,0.9999999973589171,-45.01007202555683,,runs/improve_robust_combined_b1000_ph45
robust,combined,1000,45,1.0,8,0.15665839160324205,0.15665839205642107,6.412696486105544e-10,6.595159000310647e-09,0.9999999962976258,45.03373917624924,,runs/improve_robust_combined_b1000_ph45
robust,combined,1000,90,0.7,1,0.45050766555968574,0.4493031999018715,0.0012044656578195454,0.0026664452304470906,0.9946671095391186,-179.99983061369758,,runs/improve_robust_combined_b1000_ph90
robust,combined,1000,90,0.7,2,0.29280790914516636,0.2837308663104743,0.009077042834722755,0.03471355400949878,0.9353625739080039,179.9998533612963,,runs/improve_robust_combined_b1000_ph90
robust,combined,1000,90,0.7,3,0.19029056719668705,0.21076249398880154,0.020471926792443338,0.15326350412777937,0.9378304886595281,0.00034178533259998607,,runs/improve_robust_combined_b1000_ph90
robust,combined,1000,90,0.7,4,0.12365409575963494,0.1459838039047464,0.022329708145248546,0.23643984164194012,0.9014454049617256,-0.00021813996794404873,,runs/improve_robust_combined_b1000_ph90
robust,combined,1000,90,0.7,5,0.08034402025530654,0.10960912966109111,0.029265109405812183,0.4225027203507559,0.787849226399903,9.192880669790062e-05,,runs/improve_robust_combined_b1000_ph90
robust,combined,1000,90,0.7,6,0.05219819035373974,0.06414035231857682,0.011942161964874236,0.6046388418954259,0.48581385297184193,0.0001584336139197753,,runs/improve_robust_combined_b1000_ph90
robust,combined,1000,90,0.7,7,0.03390869127777334,0.04176740999694682,0.007858718719197145,0.6894753868033933,0.3824921677831761,-0.0001560284888327722,,runs/improve_robust_combined_b1000_ph90
robust,combined,1000,90,0.7,8,0.02202537859493537,0.023424733961492358,0.0013993553665708801,0.8123379313023005,0.199584947652965,-0.00026332636452556585,,runs/improve_robust_combined_b1000_ph90
robust,combined,1000,90,0.8,1,0.5478715068166312,0.54726944031104,0.0006020665055937611,0.0010977128796690477,0.9978045742406667,-179.99983079800913,,runs/improve_robust_combined_b1000_ph90
robust,combined,1000,90,0.8,2,0.405705043043928,0.3995194712832025,0.006185571760746298,0.016929856955248835,0.968081788771394,179.9998524328187,,runs/improve_robust_combined_b1000_ph90
robust,combined,1000,90,0.8,3,0.30039723885879305,0.3131352720719528,0.012738033213383886,0.07148589231906667,0.9678867849647176,0.000347004979512148,,runs/improve_robust_combined_b1000_ph90
robust,combined,1000,90,0.8,4,0.22240177802014743,0.2381000386778124,0.015698260657760418,0.10870376574914555,0.9542085038065304,-0.00020675325022421684,,runs/improve_robust_combined_b1000_ph90
robust,combined,1000,90,0.8,5,0.1646396299607637,0.1812037633185385,0.01656413335782909,0.17923066306615443,0.9033456446927041,0.00015390411787885984,,runs/improve_robust_combined_b1000_ph90
robust,combined,1000,90,0.8,6,0.1218673428646165,0.12268607462944234,0.0008187317650308816,0.3003911800911852,0.7043089467052772,0.0012865908329422271,,runs/improve_robust_combined_b1000_ph90
robust,combined,1000,90,0.8,7,0.0901973953933866,0.09495831709470334,0.004760921701317629,0.37186311158292723,0.6612920646881791,-3.566086054054184e-05,,runs/improve_robust_combined_b1000_ph90
robust,combined,1000,90,0.8,8,0.06675094582611367,0.0717880486752249,0.005037102849165751,0.49003885747882214,0.5484433946022342,-0.00027646069822334125,,runs/improve_robust_combined_b1000_ph90
robust,combined,1000,90,1.2,1,0.5478730229209453,0.547311141780323,0.0005618811406247729,0.0010245174704669464,0.997950965059071,-179.99982957430385,,runs/improve_robust_combined_b1000_ph90
robust,combined,1000,90,1.2,2,0.4057072494403956,0.3991647751018301,0.006542474338587635,0.017777135294631156,0.9663834438028561,179.99985218624687,,runs/improve_robust_combined_b1000_ph90
robust,combined,1000,90,1.2,3,0.30039967495863656,0.31279470902002027,0.012395034061608867,0.07203758783489489,0.9662518201281931,0.0003523948590481698,,runs/improve_robust_combined_b1000_ph90
robust,combined,1000,90,1.2,4,0.2224041756828762,0.23801792315184345,0.015613747469062486,0.10985870492219106,0.9526331136345882,-0.00020704793757324262,,runs/improve_robust_combined_b1000_ph90
robust,combined,1000,90,1.2,5,0.16464184468570428,0.1810040433303171,0.01636219864466653,0.18087627222154326,0.9005287021579172,0.00015392830866220832,,runs/improve_robust_combined_b1000_ph90
robust,combined,1000,90,1.2,6,0.12186930774961514,0.12258511561636526,0.0007158078669918473,0.3015666673490568,0.7025356294732014,0.0014933705065139316,,runs/improve_robust_combined_b1000_ph90
robust,combined,1000,90,1.2,7,0.09019909059430462,0.09486336163201066,0.004664271037707105,0.37312312470528425,0.6592932071488357,-3.95420794235188e-05,,runs/improve_robust_combined_b1000_ph90
robust,combined,1000,90,1.2,8,0.06675237867186169,0.0716385222912123,0.004886143619405088,0.4920636666723873,0.5451162799228527,-0.0002803037023435633,,runs/improve_robust_combined_b1000_ph90
robust,combined,1000,90,1.0,1,0.6368838359288798,0.6368838357851905,1.4368928269455454e-10,2.2561301536644559e-10,0.9999999995487739,-179.9998479110745,,runs/improve_robust_combined_b1000_ph90
robust,combined,1000,90,1.0,2,0.5214104565236256,0.5214104573847504,8.611248381034054e-10,2.1125270081203128e-09,0.9999999995390026,-0.00015208712777633302,,runs/improve_robust_combined_b1000_ph90
robust,combined,1000,90,1.0,3,0.4268281802881845,0.42682818128367483,9.954903568148534e-10,2.783630327680882e-09,0.9999999995486673,0.00015223329959929426,,runs/improve_robust_combined_b1000_ph90
robust,combined,1000,90,1.0,4,0.3493680787640104,0.34936807943539977,6.713893885294056e-10,3.170591080806128e-09,0.999999998751134,-0.00015215465081726992,,runs/improve_robust_combined_b1000_ph90
robust,combined,1000,90,1.0,5,0.28593489965562674,0.2859349002569616,6.013348707870371e-10,3.3515605720362046e-09,0.9999999987514876,0.0001522151673759392,,runs/improve_robust_combined_b1000_ph90
robust,combined,1000,90,1.0,6,0.2339957369079555,0.23399573771923857,8.112830962585211e-10,4.723639847622247e-09,0.9999999987434449,-0.0001521326094556245,,runs/improve_robust_combined_b1000_ph90
robust,combined,1000,90,1.0,7,0.19147074101274017,0.1914707419179976,9.052574245776055e-10,5.983094050377753e-09,0.9999999987448212,0.00015212294303764532,,runs/improve_robust_combined_b1000_ph90
robust,combined,1000,90,1.0,8,0.1566583916032421,0.15665839224468628,6.414441755534439e-10,6.595159000310644e-09,0.9999999974993817,-0.00015221176494196467,,runs/improve_robust_combined_b1000_ph90
robust,linear_crushers,0,0,0.7,1,0.40440577014326246,0.4060638489219114,0.04880952899082554,0.11018387702540268,0.8934644023497437,-91.50746489610152,,runs/improve_robust_linear_crushers_b0_ph0
robust,linear_crushers,0,0,0.7,2,0.2928082359203305,0.3085762819582469,0.015771470947489923,0.09341820872612784,0.9554022193503304,-1.2258157571570907,,runs/improve_robust_linear_crushers_b0_ph0
robust,linear_crushers,0,0,0.7,3,0.17081753162447025,0.1809242616057674,0.017773487927844844,0.2521808397685539,0.7920652411543068,-57.76193514015351,,runs/improve_robust_linear_crushers_b0_ph0
robust,linear_crushers,0,0,0.7,4,0.12365423319493936,0.15265241190153503,0.02949170787954882,0.4050167044131482,0.7345129460248352,11.675994965638742,,runs/improve_robust_linear_crushers_b0_ph0
robust,linear_crushers,0,0,0.7,5,0.07212216044591561,0.1363633956889844,0.06451207215521275,0.6367742112338364,0.6867612069816861,-7.227516925535228,,runs/improve_robust_linear_crushers_b0_ph0
robust,linear_crushers,0,0,0.7,6,0.052198248157382485,0.12688855134185653,0.07490776142404652,0.7451867782686306,0.619424630320124,6.813768130915362,,runs/improve_robust_linear_crushers_b0_ph0
robust,linear_crushers,0,0,0.7,7,0.03043869980260345,0.1177211704602176,0.08736278275326484,0.863906279911843,0.5263402223143834,-4.833725415072739,,runs/improve_robust_linear_crushers_b0_ph0
robust,linear_crushers,0,0,0.7,8,0.022025403228810872,0.1050134678976157,0.08301692267027173,0.9086514764288115,0.43553460283485146,3.2994218792486576,,runs/improve_robust_linear_crushers_b0_ph0
robust,linear_crushers,0,0,0.8,1,0.49180605701452945,0.49177787765473086,0.02443118588113123,0.04848067780056156,0.9514648023232533,-91.48937765824088,,runs/improve_robust_linear_crushers_b0_ph0
robust,linear_crushers,0,0,0.8,2,0.40570549581288645,0.4145965430505594,0.008934604800830158,0.041982576333506855,0.9790124021822906,-5.721778244267626,,runs/improve_robust_linear_crushers_b0_ph0
robust,linear_crushers,0,0,0.8,3,0.2696566393415994,0.2744421361477849,0.008311123236193227,0.1218271393468318,0.89375747014098,-55.56347609959698,,runs/improve_robust_linear_crushers_b0_ph0
robust,linear_crushers,0,0,0.8,4,0.2224020252085312,0.23280803780190154,0.010479626327316765,0.17573753829798863,0.8628290419688558,-6.953038275951184,,runs/improve_robust_linear_crushers_b0_ph0
robust,linear_crushers,0,0,0.8,5,0.14779153159194966,0.17215689025961628,0.02438562919083936,0.31127358537763344,0.8022719333365398,-2.521670811512243,,runs/improve_robust_linear_crushers_b0_ph0
robust,linear_crushers,0,0,0.8,6,0.12186747781903365,0.15209968292312587,0.030261157335040006,0.41152651550455216,0.7344587087732869,2.800399675678104,,runs/improve_robust_linear_crushers_b0_ph0
robust,linear_crushers,0,0,0.8,7,0.08096718976457974,0.12759788935069577,0.04663077246229704,0.5701904201447491,0.6773459147057012,0.12716321277396933,,runs/improve_robust_linear_crushers_b0_ph0
robust,linear_crushers,0,0,0.8,8,0.06675102048246898,0.11654603171992733,0.04983766762601426,0.6603200286333809,0.5930748688391245,3.1330292653457654,,runs/improve_robust_linear_crushers_b0_ph0
robust,linear_crushers,0,0,1.2,1,0.4918074179710229,0.49169145816694737,0.022595077195525063,0.04508705601620502,0.9546877917924141,-91.61039222647707,,runs/improve_robust_linear_crushers_b0_ph0
robust,linear_crushers,0,0,1.2,2,0.4057077022118165,0.4146000813220562,0.009005197788412737,0.04202895939574498,0.9789680333239948,-9.178751574289667,,runs/improve_robust_linear_crushers_b0_ph0
robust,linear_crushers,0,0,1.2,3,0.26965882614764136,0.2744153528189456,0.007296480269349653,0.11928806346161011,0.8962468621913973,-49.90075093760831,,runs/improve_robust_linear_crushers_b0_ph0
robust,linear_crushers,0,0,1.2,4,0.222404422873925,0.23281165249293823,0.01051472723348823,0.17576858458842873,0.8628006375904625,-8.390869743893639,,runs/improve_robust_linear_crushers_b0_ph0
robust,linear_crushers,0,0,1.2,5,0.1477935196770244,0.17215462435292958,0.02436115890121831,0.31035346362762656,0.8033223693768067,-0.13047324709911226,,runs/improve_robust_linear_crushers_b0_ph0
robust,linear_crushers,0,0,1.2,6,0.12186944270620821,0.15209809222812218,0.030247963508965258,0.41158794892359535,0.7343625147159096,2.2876134024594923,,runs/improve_robust_linear_crushers_b0_ph0
robust,linear_crushers,0,0,1.2,7,0.08096871148983381,0.1275998900993508,0.04663468503199919,0.5697117266460183,0.6780981860863766,0.8820415334067,,runs/improve_robust_linear_crushers_b0_ph0
robust,linear_crushers,0,0,1.2,8,0.06675245332981954,0.11654425060020332,0.049832195838261636,0.6603872422563064,0.5929357255222574,3.049062266047858,,runs/improve_robust_linear_crushers_b0_ph0
robust,linear_crushers,0,0,1.0,1,0.5717094687848123,0.5717094687847751,6.567831873528837e-09,1.1488112568221386e-08,0.9999999885118224,-90.00032526097046,,runs/improve_robust_linear_crushers_b0_ph0
robust,linear_crushers,0,0,1.0,2,0.5214110384204331,0.5214110384209099,1.7609750301239299e-09,3.378347564051448e-09,0.9999999966225668,89.98449003950383,,runs/improve_robust_linear_crushers_b0_ph0
robust,linear_crushers,0,0,1.0,3,0.3831495026720452,0.3831495026722636,4.796679589335919e-09,1.507982112337852e-08,0.9999999849207489,-89.99739123423225,,runs/improve_robust_linear_crushers_b0_ph0
robust,linear_crushers,0,0,1.0,4,0.3493684670690478,0.3493684670692531,1.0613633414341779e-09,6.094443415745496e-09,0.9999999939061444,89.9889158132871,,runs/improve_robust_linear_crushers_b0_ph0
robust,linear_crushers,0,0,1.0,5,0.2566742695289491,0.25667426952922295,3.278556568809094e-09,1.795596187816259e-08,0.999999982045105,-89.99521507758011,,runs/improve_robust_linear_crushers_b0_ph0
robust,linear_crushers,0,0,1.0,6,0.23399599603199595,0.23399599603204319,7.263468748145106e-10,8.656227218828094e-09,0.9999999913439747,89.99627329452052,,runs/improve_robust_linear_crushers_b0_ph0
robust,linear_crushers,0,0,1.0,7,0.17187689017326022,0.1718768901735542,2.1747075161005018e-09,2.0849539055321548e-08,0.9999999791521714,-89.99225503044072,,runs/improve_robust_linear_crushers_b0_ph0
robust,linear_crushers,0,0,1.0,8,0.15665856681490983,0.15665856681485418,5.470637865714342e-10,1.1331046737608725e-08,0.9999999886685981,90.0058258946079,,runs/improve_robust_linear_crushers_b0_ph0
robust,linear_crushers,0,45,0.7,1,0.4044057701432624,0.44036378148702826,0.04970885115561949,0.1101838770254027,0.9689347226732405,-46.04661844858673,,runs/improve_robust_linear_crushers_b0_ph45
robust,linear_crushers,0,45,0.7,2,0.29280823592033056,0.2924749457662172,0.01659045448209361,0.09341820872612783,0.9055498708977928,-92.77464332998832,,runs/improve_robust_linear_crushers_b0_ph45
robust,linear_crushers,0,45,0.7,3,0.17081753162447028,0.1765041934126996,0.00682506036626342,0.252180839768554,0.7727146999488969,34.198576647636706,,runs/improve_robust_linear_crushers_b0_ph45
robust,linear_crushers,0,45,0.7,4,0.12365423319493937,0.14792802123264703,0.024648403189773124,0.40501670441314813,0.7117807397979496,-10.949454434763124,,runs/improve_robust_linear_crushers_b0_ph45
robust,linear_crushers,0,45,0.7,5,0.07212216044591563,0.13085659345726625,0.058869913178119126,0.6367742112338364,0.6590275316199358,5.239090816374555,,runs/improve_robust_linear_crushers_b0_ph45
robust,linear_crushers,0,45,0.7,6,0.0521982481573825,0.12983648121598146,0.07766507126891808,0.7451867782686306,0.6338153720630091,2.3758854404408494,,runs/improve_robust_linear_crushers_b0_ph45
robust,linear_crushers,0,45,0.7,7,0.030438699802603452,0.11843589530648223,0.08799848962757965,0.863906279911843,0.5295358109498504,-0.6129425897484491,,runs/improve_robust_linear_crushers_b0_ph45
robust,linear_crushers,0,45,0.7,8,0.022025403228810872,0.10654511568383301,0.0845229536619785,0.9086514764288115,0.4418869843303699,1.1036173874614612,,runs/improve_robust_linear_crushers_b0_ph45
robust,linear_crushers,0,45,0.8,1,0.4918060570145295,0.5093904210581689,0.024875985643685258,0.04848067780056145,0.9855405830551535,-46.0342847628913,,runs/improve_robust_linear_crushers_b0_ph45
robust,linear_crushers,0,45,0.8,2,0.4057054958128865,0.40488275951978686,0.009877284812823461,0.04198257633350685,0.9560746456858967,-95.4734396421324,,runs/improve_robust_linear_crushers_b0_ph45
robust,linear_crushers,0,45,0.8,3,0.2696566393415995,0.2699295786693511,0.004470106234545872,0.12182713934683174,0.8790617240270558,86.97330732467026,,runs/improve_robust_linear_crushers_b0_ph45
robust,linear_crushers,0,45,0.8,4,0.22240202520853122,0.22421506292515633,0.00891327236822929,0.17573753829798855,0.830981910097604,-79.38555143868419,,runs/improve_robust_linear_crushers_b0_ph45
robust,linear_crushers,0,45,0.8,5,0.14779153159194963,0.16298260158337882,0.017655807345749702,0.31127358537763355,0.7595186383497803,32.34009507254365,,runs/improve_robust_linear_crushers_b0_ph45
robust,linear_crushers,0,45,0.8,6,0.12186747781903368,0.1479464340611276,0.026356898269190323,0.4115265155045521,0.714403507225371,-9.18215574286892,,runs/improve_robust_linear_crushers_b0_ph45
robust,linear_crushers,0,45,0.8,7,0.08096718976457978,0.120110650274598,0.03965603887553139,0.570190420144749,0.6376003450381564,11.250195443996681,,runs/improve_robust_linear_crushers_b0_ph45
robust,linear_crushers,0,45,0.8,8,0.06675102048246899,0.11567222744276262,0.04892541873457519,0.6603200286333809,0.5886282879523903,-0.9896869545886158,,runs/improve_robust_linear_crushers_b0_ph45
robust,linear_crushers,0,45,1.2,1,0.4918074179710229,0.5080496776177515,0.023039518027567863,0.04508705601620502,0.9864495646394856,-46.1167038239174,,runs/improve_robust_linear_crushers_b0_ph45
robust,linear_crushers,0,45,1.2,2,0.40570770221181646,0.4045087745732339,0.01030385028739652,0.04202895939574499,0.955140091250125,-97.40510378929218,,runs/improve_robust_linear_crushers_b0_ph45
robust,linear_crushers,0,45,1.2,3,0.2696588261476414,0.26904801603084105,0.00540504362802224,0.11928806346160993,0.8787170166297424,97.05958333079468,,runs/improve_robust_linear_crushers_b0_ph45
robust,linear_crushers,0,45,1.2,4,0.22240442287392492,0.224036839325726,0.009065857638830525,0.1757685845884287,0.8302811553637837,-80.77329034519637,,runs/improve_robust_linear_crushers_b0_ph45
robust,linear_crushers,0,45,1.2,5,0.1477935196770244,0.16230904269604093,0.0174603489636663,0.31035346362762656,0.7573800892072643,35.60036060451232,,runs/improve_robust_linear_crushers_b0_ph45
robust,linear_crushers,0,45,1.2,6,0.1218694427062082,0.14776120282082,0.026198028245903945,0.41158794892359535,0.7134230738292057,-9.663329954564679,,runs/improve_robust_linear_crushers_b0_ph45
robust,linear_crushers,0,45,1.2,7,0.08096871148983383,0.11970600668365217,0.03931655467651965,0.5697117266460183,0.63614808706047,11.995103411842628,,runs/improve_robust_linear_crushers_b0_ph45
robust,linear_crushers,0,45,1.2,8,0.06675245332981954,0.11562069855132971,0.048872996799262367,0.6603872422563063,0.5882370209414971,-1.0515182162656649,,runs/improve_robust_linear_crushers_b0_ph45
robust,linear_crushers,0,45,1.0,1,0.5717094687848122,0.5717094734289655,6.567853705359132e-09,1.1488112568221388e-08,0.9999999966351624,-45.000254834524085,,runs/improve_robust_linear_crushers_b0_ph45
robust,linear_crushers,0,45,1.0,2,0.5214110384204331,0.5214110396656125,1.7606132429465538e-09,3.378347564051448e-09,0.999999999009748,44.98905365538272,,runs/improve_robust_linear_crushers_b0_ph45
robust,linear_crushers,0,45,1.0,3,0.3831495026720453,0.3831495060634744,4.796052890919699e-09,1.5079821123378514e-08,0.99999999377163,-44.998181075128315,,runs/improve_robust_linear_crushers_b0_ph45
robust,linear_crushers,0,45,1.0,4,0.3493684670690478,0.34936846781916686,1.0606837451905886e-09,6.094443415745496e-09,0.999999996052628,44.99217717248922,,runs/improve_robust_linear_crushers_b0_ph45
robust,linear_crushers,0,45,1.0,5,0.256674269528949,0.256674271846738,3.2776565411171607e-09,1.7955961878162595e-08,0.9999999910741173,-44.99664238369353,,runs/improve_robust_linear_crushers_b0_ph45
robust,linear_crushers,0,45,1.0,6,0.2339959960319959,0.2339959965450009,7.254656050122441e-10,8.656227218828098e-09,0.9999999935361393,44.997391339267864,,runs/improve_robust_linear_crushers_b0_ph45
robust,linear_crushers,0,45,1.0,7,0.17187689017326016,0.17187689171039508,2.1736301334108206e-09,2.0849539055321558e-08,0.9999999880936928,-44.9945453523213,,runs/improve_robust_linear_crushers_b0_ph45
robust,linear_crushers,0,45,1.0,8,0.15665856681490975,0.1566585672009863,5.460342331461595e-10,1.1331046737608732e-08,0.9999999911333991,45.0041493964317,,runs/improve_robust_linear_crushers_b0_ph45
robust,linear_crushers,0,90,0.7,1,0.4044057701432624,0.45448240338825224,0.050076633245154906,0.1101838770254027,0.9999999999996271,0.0001559849539499412,,runs/improve_robust_linear_crushers_b0_ph90
robust,linear_crushers,0,90,0.7,2,0.29280823592033056,0.2755738557232296,0.01723438019733751,0.09341820872612783,0.8532213548043396,179.99970877055884,,runs/improve_robust_linear_crushers_b0_ph90
robust,linear_crushers,0,90,0.7,3,0.17081753162447028,0.1663992849881138,0.004418246636514594,0.252180839768554,0.7284765935881157,-179.99952155597438,,runs/improve_robust_linear_crushers_b0_ph90
robust,linear_crushers,0,90,0.7,4,0.1236542331949394,0.14069990193767457,0.01704566874276061,0.40501670441314797,0.6770014190428101,0.0001056016814900528,,runs/improve_robust_linear_crushers_b0_ph90
robust,linear_crushers,0,90,0.7,5,0.07212216044591563,0.12200872987316438,0.04988656942725706,0.6367742112338364,0.6144674101626644,-4.302499648573846e-05,,runs/improve_robust_linear_crushers_b0_ph90
robust,linear_crushers,0,90,0.7,6,0.05219824815738249,0.12933494861614275,0.0771367004587604,0.7451867782686306,0.6313670688712452,-5.437772313596634e-06,,runs/improve_robust_linear_crushers_b0_ph90
robust,linear_crushers,0,90,0.7,7,0.030438699802603445,0.11632426339552916,0.08588556359292573,0.863906279911843,0.5200945455843078,-2.065653728652294e-06,,runs/improve_robust_linear_crushers_b0_ph90
robust,linear_crushers,0,90,0.7,8,0.02202540322881087,0.10618154255754118,0.08415613932873033,0.9086514764288115,0.4403790951011968,-2.307447136450242e-06,,runs/improve_robust_linear_crushers_b0_ph90
robust,linear_crushers,0,90,0.8,1,0.49180605701452956,0.5168639727437515,0.02505791572931024,0.04848067780056155,0.9999999999998249,0.0001559393285991145,,runs/improve_robust_linear_crushers_b0_ph90
robust,linear_crushers,0,90,0.8,2,0.40570549581288645,0.39530006062580075,0.010405435187215064,0.041982576333506855,0.9334464274316823,179.99971797743882,,runs/improve_robust_linear_crushers_b0_ph90
robust,linear_crushers,0,90,0.8,3,0.26965663934159945,0.26258950337628395,0.007067135965386386,0.12182713934683177,0.855157788513876,-179.99974677260775,,runs/improve_robust_linear_crushers_b0_ph90
robust,linear_crushers,0,90,0.8,4,0.22240202520853114,0.21580855420518744,0.006593471003502771,0.1757375382979887,0.7998258558065339,179.99960796865597,,runs/improve_robust_linear_crushers_b0_ph90
robust,linear_crushers,0,90,0.8,5,0.14779153159194958,0.15281941779826294,0.005027886206566674,0.31127358537763355,0.7121569725352807,-0.0005848260495286095,,runs/improve_robust_linear_crushers_b0_ph90
robust,linear_crushers,0,90,0.8,6,0.12186747781903362,0.14306836375274426,0.02120088593372218,0.41152651550455216,0.6908482890214562,6.473498861453886e-05,,runs/improve_robust_linear_crushers_b0_ph90
robust,linear_crushers,0,90,0.8,7,0.08096718976457974,0.11216743765771305,0.031200247893152712,0.5701904201447491,0.5954342665625297,-7.521542597977667e-05,,runs/improve_robust_linear_crushers_b0_ph90
robust,linear_crushers,0,90,0.8,8,0.06675102048246893,0.11369581999788803,0.04694479951541943,0.6603200286333811,0.5785708233708551,9.13060481361423e-06,,runs/improve_robust_linear_crushers_b0_ph90
robust,linear_crushers,0,90,1.2,1,0.4918074179710229,0.5150285385379467,0.023221120567006304,0.04508705601620502,0.9999999999998357,0.00015624407070817138,,runs/improve_robust_linear_crushers_b0_ph90
robust,linear_crushers,0,90,1.2,2,0.40570770221181657,0.3947567785027929,0.010950923709153817,0.042028959395744976,0.9321133412706739,179.99972445266275,,runs/improve_robust_linear_crushers_b0_ph90
robust,linear_crushers,0,90,1.2,3,0.26965882614764153,0.26131860934870743,0.008340216799008227,0.11928806346160989,0.8534725963948652,-179.99976221347484,,runs/improve_robust_linear_crushers_b0_ph90
robust,linear_crushers,0,90,1.2,4,0.22240442287392498,0.2155450381785021,0.006859384695580784,0.17576858458842867,0.7988105164775343,179.999617278989,,runs/improve_robust_linear_crushers_b0_ph90
robust,linear_crushers,0,90,1.2,5,0.1477935196770244,0.15180332599121718,0.004009806314547046,0.31035346362762656,0.7083574314248107,-0.0007718911208459416,,runs/improve_robust_linear_crushers_b0_ph90
robust,linear_crushers,0,90,1.2,6,0.12186944270620817,0.14279807152235804,0.020928628816162267,0.41158794892359535,0.6894600015262525,6.754712338621179e-05,,runs/improve_robust_linear_crushers_b0_ph90
robust,linear_crushers,0,90,1.2,7,0.08096871148983381,0.11155306783831555,0.03058435634850325,0.5697117266460183,0.5928213017631522,-7.978523492886989e-05,,runs/improve_robust_linear_crushers_b0_ph90
robust,linear_crushers,0,90,1.2,8,0.06675245332981954,0.11362240089314248,0.046869947563323314,0.6603872422563065,0.578070392680861,9.383118177686183e-06,,runs/improve_robust_linear_crushers_b0_ph90
robust,linear_crushers,0,90,1.0,1,0.5717094687848124,0.5717094753526752,6.567862809173667e-09,1.1488112568221383e-08,1.0,0.00015208610947540924,,runs/improve_robust_linear_crushers_b0_ph90
robust,linear_crushers,0,90,1.0,2,0.5214110384204332,0.5214110401808967,1.760463441692127e-09,3.378347564051447e-09,0.9999999999979972,-0.0001520440545939763,,runs/improve_robust_linear_crushers_b0_ph90
robust,linear_crushers,0,90,1.0,3,0.38314950267204523,0.38314950746783843,4.7957932070044064e-09,1.5079821123378517e-08,0.9999999974369461,0.0001520783233965815,,runs/improve_robust_linear_crushers_b0_ph90
robust,linear_crushers,0,90,1.0,4,0.34936846706904773,0.34936846812945,1.0604022659960045e-09,6.094443415745498e-09,0.9999999969407539,-0.0001520557935238237,,runs/improve_robust_linear_crushers_b0_ph90
robust,linear_crushers,0,90,1.0,5,0.256674269528949,0.2566742728062329,3.2772838332045837e-09,1.7955961878162595e-08,0.9999999948122982,0.00015207255121589555,,runs/improve_robust_linear_crushers_b0_ph90
robust,linear_crushers,0,90,1.0,6,0.2339959960319958,0.23399599675709634,7.251005074152914e-10,8.6562272188281e-09,0.9999999944425461,-0.00015207534753749894,,runs/improve_robust_linear_crushers_b0_ph90
robust,linear_crushers,0,90,1.0,7,0.17187689017326022,0.17187689234644407,2.1731838550931265e-09,2.0849539055321548e-08,0.9999999917943004,0.000152064669685396,,runs/improve_robust_linear_crushers_b0_ph90
robust,linear_crushers,0,90,1.0,8,0.15665856681490978,0.15665856736051756,5.456078089330353e-10,1.133104673760873e-08,0.9999999921517362,-0.00015210074535025405,,runs/improve_robust_linear_crushers_b0_ph90
robust,linear_crushers,1000,0,0.7,1,0.40440531982553773,0.40454657402409594,0.0018561390063769594,0.004892039061082494,0.9954555408806501,85.76660456567245,,runs/improve_robust_linear_crushers_b1000_ph0
robust,linear_crushers,1000,0,0.7,2,0.29280790986974403,0.29265817006953937,0.006560468731330708,0.025729824884122312,0.9737719405516813,-91.94965918510717,,runs/improve_robust_linear_crushers_b1000_ph0
robust,linear_crushers,1000,0,0.7,3,0.17081734141412258,0.17294428271494564,0.010009167301006445,0.07696815168345894,0.9345250289497644,79.36659295242663,,runs/improve_robust_linear_crushers_b1000_ph0
robust,linear_crushers,1000,0,0.7,4,0.12365409550231223,0.12158568472879185,0.0020738663898550985,0.21842082806681193,0.768505389192563,-175.87812413448933,,runs/improve_robust_linear_crushers_b1000_ph0
robust,linear_crushers,1000,0,0.7,5,0.07212208013576779,0.10216297711178708,0.030790029904223668,0.45984337905111194,0.7651472114905609,15.11399441855476,,runs/improve_robust_linear_crushers_b1000_ph0
robust,linear_crushers,1000,0,0.7,6,0.05219819003309724,0.0920480928581864,0.03999187023428352,0.6312418026061448,0.6502809536959903,6.416824488881018,,runs/improve_robust_linear_crushers_b1000_ph0
robust,linear_crushers,1000,0,0.7,7,0.030438665908215555,0.08842550655897043,0.05804234800878349,0.7799026228225721,0.6393914282544783,4.272530440469325,,runs/improve_robust_linear_crushers_b1000_ph0
robust,linear_crushers,1000,0,0.7,8,0.022025378702876283,0.08269492112587214,0.06068709781080638,0.8616842667660292,0.5193104193371576,2.670759324143423,,runs/improve_robust_linear_crushers_b1000_ph0
robust,linear_crushers,1000,0,0.8,1,0.4918055093740136,0.4918741430933228,0.0009290215216440692,0.0020176698429233207,0.9981216031782567,85.81724151890087,,runs/improve_robust_linear_crushers_b1000_ph0
robust,linear_crushers,1000,0,0.8,2,0.4057050440478791,0.40560346278717363,0.004484851893381074,0.012487635937756534,0.9872651086919311,-91.61447954506623,,runs/improve_robust_linear_crushers_b1000_ph0
robust,linear_crushers,1000,0,0.8,3,0.26965633907099695,0.27105878409441114,0.008066733921884114,0.0382042148633906,0.9667979509193706,80.83082798266184,,runs/improve_robust_linear_crushers_b1000_ph0
robust,linear_crushers,1000,0,0.8,4,0.222401777557332,0.2210637933735821,0.004563137469259542,0.09881547686580533,0.8957629358976317,-107.61338782200754,,runs/improve_robust_linear_crushers_b1000_ph0
robust,linear_crushers,1000,0,0.8,5,0.14779136702173049,0.15957490930605836,0.014253077239618184,0.1859216544483524,0.878985564429683,35.75973564935234,,runs/improve_robust_linear_crushers_b1000_ph0
robust,linear_crushers,1000,0,0.8,6,0.12186734211601115,0.1361168807897878,0.014279023895627076,0.30467025747113197,0.7766323120701012,-3.892332450871363,,runs/improve_robust_linear_crushers_b1000_ph0
robust,linear_crushers,1000,0,0.8,7,0.08096709960523149,0.11006633013963482,0.029648033247598946,0.44457772475702756,0.7550386738794599,12.8967018106042,,runs/improve_robust_linear_crushers_b1000_ph0
robust,linear_crushers,1000,0,0.8,8,0.0667509461532435,0.10088177922954852,0.0341423936867056,0.5694529693598062,0.6506926567492732,1.8331147350234345,,runs/improve_robust_linear_crushers_b1000_ph0
robust,linear_crushers,1000,0,1.2,1,0.49180687032899173,0.4918753759446262,0.0008595390406502936,0.0018765243615203864,0.998262507984921,85.47856176763506,,runs/improve_robust_linear_crushers_b1000_ph0
robust,linear_crushers,1000,0,1.2,2,0.4057072504443523,0.40560881129236925,0.004760295465063922,0.013147537428819906,0.9866130167159692,-91.52100141571137,,runs/improve_robust_linear_crushers_b1000_ph0
robust,linear_crushers,1000,0,1.2,3,0.2696585258746039,0.271065662633705,0.008223677905919284,0.03874202416963406,0.966274028737957,81.00744740095159,,runs/improve_robust_linear_crushers_b1000_ph0
robust,linear_crushers,1000,0,1.2,4,0.22240417522005596,0.2210668894901626,0.00459560441635737,0.10000628292257827,0.894582178586067,-107.48458223763927,,runs/improve_robust_linear_crushers_b1000_ph0
robust,linear_crushers,1000,0,1.2,5,0.14779335510459146,0.1595929752942482,0.01443630094894139,0.18789065079053585,0.8769470536269566,36.760277745828525,,runs/improve_robust_linear_crushers_b1000_ph0
robust,linear_crushers,1000,0,1.2,6,0.12186930700099777,0.1361188699893072,0.014284572048798993,0.3061842162470727,0.774940161630859,-4.240658429690643,,runs/improve_robust_linear_crushers_b1000_ph0
robust,linear_crushers,1000,0,1.2,7,0.08096862132879108,0.11007445329413117,0.02967514607071333,0.44621471144031977,0.7528547711465597,13.131484228102572,,runs/improve_robust_linear_crushers_b1000_ph0
robust,linear_crushers,1000,0,1.2,8,0.06675237899899857,0.10088262980348467,0.03414288294543987,0.570800621368481,0.648647474077572,1.9161728166076026,,runs/improve_robust_linear_crushers_b1000_ph0
robust,linear_crushers,1000,0,1.0,1,0.5717088321694963,0.5717088321694999,2.4916769849745487e-10,4.358355215511784e-10,0.9999999995641707,89.99919755138949,,runs/improve_robust_linear_crushers_b1000_ph0
robust,linear_crushers,1000,0,1.0,2,0.5214104578138994,0.521410457813892,6.8366730882244e-10,1.4638737946851766e-09,0.999999998536112,90.00063019424987,,runs/improve_robust_linear_crushers_b1000_ph0
robust,linear_crushers,1000,0,1.0,3,0.3831490760237998,0.3831490760238801,2.2805211710418475e-10,4.025601302241178e-09,0.9999999959746083,-89.97982083127106,,runs/improve_robust_linear_crushers_b1000_ph0
robust,linear_crushers,1000,0,1.0,4,0.3493680780369795,0.349368078036894,3.395179617446366e-10,4.17865479010141e-09,0.9999999958211006,90.01443335862258,,runs/improve_robust_linear_crushers_b1000_ph0
robust,linear_crushers,1000,0,1.0,5,0.2566739837145973,0.25667398371478395,2.1800269760642177e-10,6.900453199274914e-09,0.9999999931002739,-89.95094646610735,,runs/improve_robust_linear_crushers_b1000_ph0
robust,linear_crushers,1000,0,1.0,6,0.2339957354705689,0.23399573547039992,2.428706878429687e-10,6.739332630381105e-09,0.9999999932599453,90.03986726982512,,runs/improve_robust_linear_crushers_b1000_ph0
robust,linear_crushers,1000,0,1.0,7,0.17187669878328543,0.17187669878355014,1.2526556223751386e-10,9.792857923864475e-09,0.9999999902086821,-89.87892422909968,,runs/improve_robust_linear_crushers_b1000_ph0
robust,linear_crushers,1000,0,1.0,8,0.15665839237098592,0.1566583923707527,2.2338094751715998e-10,9.413140600094019e-09,0.9999999905853708,90.0598124116657,,runs/improve_robust_linear_crushers_b1000_ph0
robust,linear_crushers,1000,45,0.7,1,0.40440531982553785,0.4030990072006614,0.001950368793675593,0.004892039061082492,0.9918935569022684,132.15255212472138,,runs/improve_robust_linear_crushers_b1000_ph45
robust,linear_crushers,1000,45,0.7,2,0.29280790986974414,0.2881501301534958,0.0064802149385801006,0.0257298248841223,0.9587721789660497,-136.39553612358256,,runs/improve_robust_linear_crushers_b1000_ph45
robust,linear_crushers,1000,45,0.7,3,0.17081734141412258,0.16357816398944905,0.011993569507673088,0.07696815168345894,0.8839140909315444,128.74862260202633,,runs/improve_robust_linear_crushers_b1000_ph45
robust,linear_crushers,1000,45,0.7,4,0.12365409550231225,0.12114083551523676,0.0025532597528582584,0.21842082806681187,0.7656936353355381,-169.94965518735393,,runs/improve_robust_linear_crushers_b1000_ph45
robust,linear_crushers,1000,45,0.7,5,0.0721220801357678,0.09337532932795947,0.02264890789832567,0.459843379051112,0.6993323303325886,23.12890745283249,,runs/improve_robust_linear_crushers_b1000_ph45
robust,linear_crushers,1000,45,0.7,6,0.05219819003309726,0.0949045664296962,0.04276126343835957,0.6312418026061447,0.6704607347279619,3.9157090539910713,,runs/improve_robust_linear_crushers_b1000_ph45
robust,linear_crushers,1000,45,0.7,7,0.030438665908215565,0.0845018753399167,0.05411409851840563,0.7799026228225721,0.6110202459257509,4.141665733689161,,runs/improve_robust_linear_crushers_b1000_ph45
robust,linear_crushers,1000,45,0.7,8,0.022025378702876287,0.08504769972950678,0.06303384509421076,0.8616842667660292,0.5340854796023609,2.1530964631657312,,runs/improve_robust_linear_crushers_b1000_ph45
robust,linear_crushers,1000,45,0.8,1,0.49180550937401374,0.49115087451222367,0.0009756380207800362,0.0020176698429233203,0.9966539309986312,132.18499981885316,,runs/improve_robust_linear_crushers_b1000_ph45
robust,linear_crushers,1000,45,0.8,2,0.40570504404787905,0.4025145361876995,0.0044402331163457855,0.012487635937756536,0.9797464612079687,-136.15298289586596,,runs/improve_robust_linear_crushers_b1000_ph45
robust,linear_crushers,1000,45,0.8,3,0.26965633907099695,0.2638641549383739,0.009282929627909364,0.0382042148633906,0.9411365330504745,129.38083560217433,,runs/improve_robust_linear_crushers_b1000_ph45
robust,linear_crushers,1000,45,0.8,4,0.22240177755733198,0.21769626603429665,0.005797517568989055,0.09881547686580534,0.8821175255383867,-144.69529292387102,,runs/improve_robust_linear_crushers_b1000_ph45
robust,linear_crushers,1000,45,0.8,5,0.14779136702173043,0.15033671590436518,0.009578836033294852,0.18592165444835246,0.8280988763105407,76.37253768485665,,runs/improve_robust_linear_crushers_b1000_ph45
robust,linear_crushers,1000,45,0.8,6,0.12186734211601115,0.13448415203442307,0.012712949687535578,0.30467025747113197,0.767316568858056,-7.408633110987897,,runs/improve_robust_linear_crushers_b1000_ph45
robust,linear_crushers,1000,45,0.8,7,0.08096709960523149,0.10234916887068961,0.0224856332744577,0.44457772475702756,0.7021000939956185,20.343369652936982,,runs/improve_robust_linear_crushers_b1000_ph45
robust,linear_crushers,1000,45,0.8,8,0.0667509461532435,0.10087086085489677,0.034119914944809177,0.5694529693598062,0.6506222326720633,-0.008408726627650324,,runs/improve_robust_linear_crushers_b1000_ph45
robust,linear_crushers,1000,45,1.2,1,0.49180687032899173,0.4912014386087349,0.0009060443247073272,0.0018765243615203864,0.9968947501989991,131.96866498917163,,runs/improve_robust_linear_crushers_b1000_ph45
robust,linear_crushers,1000,45,1.2,2,0.4057072504443522,0.40232344502955286,0.00471572824447969,0.01314753742881991,0.9786216096524831,-136.08558863681733,,runs/improve_robust_linear_crushers_b1000_ph45
robust,linear_crushers,1000,45,1.2,3,0.26965852587460387,0.26375708283635396,0.009441090252040265,0.038742024169633876,0.940220965518798,129.47536601381773,,runs/improve_robust_linear_crushers_b1000_ph45
robust,linear_crushers,1000,45,1.2,4,0.22240417522005596,0.21767498469378097,0.005831066561009477,0.10000628292257827,0.8808562986530677,-144.63879241357952,,runs/improve_robust_linear_crushers_b1000_ph45
robust,linear_crushers,1000,45,1.2,5,0.14779335510459143,0.15013305403066385,0.009743892739532304,0.18789065079053588,0.8249657551747667,77.93298646311261,,runs/improve_robust_linear_crushers_b1000_ph45
robust,linear_crushers,1000,45,1.2,6,0.12186930700099777,0.13442474061531748,0.012659444528838529,0.3061842162470727,0.7652952910041317,-7.721022981124958,,runs/improve_robust_linear_crushers_b1000_ph45
robust,linear_crushers,1000,45,1.2,7,0.08096862132879111,0.10226867977886452,0.02243305840789059,0.4462147114403197,0.6994671443395022,20.633367574573988,,runs/improve_robust_linear_crushers_b1000_ph45
robust,linear_crushers,1000,45,1.2,8,0.06675237899899857,0.10090612606339075,0.03415375575191629,0.570800621368481,0.6487985485456745,0.050244881163507144,,runs/improve_robust_linear_crushers_b1000_ph45
robust,linear_crushers,1000,45,1.0,1,0.5717088321694964,0.5717088319933084,2.491700179603482e-10,4.3583552155117837e-10,0.9999999992559865,134.99940556289786,,runs/improve_robust_linear_crushers_b1000_ph45
robust,linear_crushers,1000,45,1.0,2,0.5214104578138995,0.5214104582973229,6.836696764488337e-10,1.4638737946851762e-09,0.9999999994632718,45.00046705442795,,runs/improve_robust_linear_crushers_b1000_ph45
robust,linear_crushers,1000,45,1.0,3,0.3831490760237999,0.3831490761850454,2.2797897620610867e-10,4.025601302241177e-09,0.9999999963952415,-44.985752526600784,,runs/improve_robust_linear_crushers_b1000_ph45
robust,linear_crushers,1000,45,1.0,4,0.3493680780369796,0.3493680782769507,3.394309609628476e-10,4.178654790101409e-09,0.999999996508217,45.010224751769954,,runs/improve_robust_linear_crushers_b1000_ph45
robust,linear_crushers,1000,45,1.0,5,0.2566739837145974,0.2566739838686445,2.1772382359872632e-10,6.900453199274913e-09,0.9999999936997133,-44.965325395854485,,runs/improve_robust_linear_crushers_b1000_ph45
robust,linear_crushers,1000,45,1.0,6,0.23399573547056896,0.23399573564201306,2.4257823700404836e-10,6.739332630381103e-09,0.9999999939933478,45.02825512877209,,runs/improve_robust_linear_crushers_b1000_ph45
robust,linear_crushers,1000,45,1.0,7,0.17187669878328546,0.1718766988716331,1.247554440482572e-10,9.792857923864473e-09,0.9999999907211596,-44.9140596783016,,runs/improve_robust_linear_crushers_b1000_ph45
robust,linear_crushers,1000,45,1.0,8,0.15665839237098594,0.15665839252845967,2.22866494674141e-10,9.413140600094017e-09,0.999999991592064,45.04240956029685,,runs/improve_robust_linear_crushers_b1000_ph45
robust,linear_crushers,1000,90,0.7,1,0.40440531982553773,0.4024172273785424,0.0019880924470034008,0.004892039061082494,0.990215921877856,-179.99983743302562,,runs/improve_robust_linear_crushers_b1000_ph90
robust,linear_crushers,1000,90,0.7,2,0.29280790986974403,0.28636208252356316,0.006445827346202493,0.025729824884122312,0.9528227444773952,179.999853180938,,runs/improve_robust_linear_crushers_b1000_ph90
robust,linear_crushers,1000,90,0.7,3,0.17081734141412255,0.15803146550098954,0.012785875913196763,0.07696815168345895,0.8539418450490543,-179.99982594579117,,runs/improve_robust_linear_crushers_b1000_ph90
robust,linear_crushers,1000,90,0.7,4,0.12365409550231221,0.1207561825360979,0.0028979129662151724,0.218420828066812,0.7632623631993772,179.99995647169172,,runs/improve_robust_linear_crushers_b1000_ph90
robust,linear_crushers,1000,90,0.7,5,0.07212208013576779,0.08737941521207644,0.01525733507634854,0.45984337905111194,0.6544260727449221,-0.0001442135835882402,,runs/improve_robust_linear_crushers_b1000_ph90
robust,linear_crushers,1000,90,0.7,6,0.05219819003309726,0.09592841128064039,0.04373022124754383,0.6312418026061447,0.6776937667814826,-1.3872600949179039e-05,,runs/improve_robust_linear_crushers_b1000_ph90
robust,linear_crushers,1000,90,0.7,7,0.030438665908215562,0.08229431446947366,0.051855648561259016,0.7799026228225721,0.5950577080468195,-1.7671640278509805e-05,,runs/improve_robust_linear_crushers_b1000_ph90
robust,linear_crushers,1000,90,0.7,8,0.022025378702876276,0.08621157056384211,0.06418619186096601,0.8616842667660293,0.5413943958308799,-8.4470821055271e-06,,runs/improve_robust_linear_crushers_b1000_ph90
robust,linear_crushers,1000,90,0.8,1,0.49180550937401357,0.4908112020452584,0.0009943073287591413,0.002017669842923321,0.9959646603141618,-179.99983755027523,,runs/improve_robust_linear_crushers_b1000_ph90
robust,linear_crushers,1000,90,0.8,2,0.405705044047879,0.4012838267020751,0.004421217345818789,0.012487635937756538,0.9767508345785909,179.99985226131946,,runs/improve_robust_linear_crushers_b1000_ph90
robust,linear_crushers,1000,90,0.8,3,0.2696563390709969,0.2598900313005734,0.009766307770469185,0.03820421486339061,0.9269618417466596,-179.99982789735589,,runs/improve_robust_linear_crushers_b1000_ph90
robust,linear_crushers,1000,90,0.8,4,0.22240177755733187,0.21612145683940184,0.006280320717943879,0.09881547686580539,0.8757363100242136,179.9998813517261,,runs/improve_robust_linear_crushers_b1000_ph90
robust,linear_crushers,1000,90,0.8,5,0.14779136702173043,0.14418915537752733,0.0036022116444337517,0.18592165444835246,0.7942363036601982,-179.9993595978783,,runs/improve_robust_linear_crushers_b1000_ph90
robust,linear_crushers,1000,90,0.8,6,0.12186734211601113,0.13323637917021644,0.01136903705420765,0.3046702574711321,0.760197240830229,3.848674322211403e-05,,runs/improve_robust_linear_crushers_b1000_ph90
robust,linear_crushers,1000,90,0.8,7,0.0809670996052315,0.09697414209611152,0.016007042490910558,0.44457772475702745,0.6652282088078827,-0.00012249919535779012,,runs/improve_robust_linear_crushers_b1000_ph90
robust,linear_crushers,1000,90,0.8,8,0.06675094615324349,0.10041346403825833,0.033662517885014856,0.5694529693598062,0.6476719997154271,2.0891162413657242e-06,,runs/improve_robust_linear_crushers_b1000_ph90
robust,linear_crushers,1000,90,1.2,1,0.49180687032899173,0.4908822476787318,0.0009246226502636662,0.0018765243615203864,0.9962469512769673,-179.9998367694429,,runs/improve_robust_linear_crushers_b1000_ph90
robust,linear_crushers,1000,90,1.2,2,0.4057072504443523,0.40101048498497566,0.004696765459392538,0.013147537428819906,0.9754279328034016,179.9998520062162,,runs/improve_robust_linear_crushers_b1000_ph90
robust,linear_crushers,1000,90,1.2,3,0.2696585258746039,0.25973331608158623,0.009925209793064032,0.03874202416963406,0.9258773512260302,-179.9998282181928,,runs/improve_robust_linear_crushers_b1000_ph90
robust,linear_crushers,1000,90,1.2,4,0.22240417522005593,0.21608982929443066,0.006314345925639244,0.10000628292257827,0.8744417162892473,179.99988117091777,,runs/improve_robust_linear_crushers_b1000_ph90
robust,linear_crushers,1000,90,1.2,5,0.14779335510459146,0.14388044413884235,0.0039129109659706875,0.18789065079053585,0.7906083042155247,-179.9993983883308,,runs/improve_robust_linear_crushers_b1000_ph90
robust,linear_crushers,1000,90,1.2,6,0.12186930700099778,0.13315071333960363,0.01128140633860835,0.30618421624707265,0.7580421092590778,3.995865324871565e-05,,runs/improve_robust_linear_crushers_b1000_ph90
robust,linear_crushers,1000,90,1.2,7,0.08096862132879114,0.09685012449347737,0.01588150316471765,0.4462147114403196,0.6624069084969079,-0.00012466057706175877,,runs/improve_robust_linear_crushers_b1000_ph90
robust,linear_crushers,1000,90,1.2,8,0.06675237899899861,0.10046318618669645,0.03371080718769786,0.5708006213684809,0.6459505673546044,1.8631695523806501e-06,,runs/improve_robust_linear_crushers_b1000_ph90
robust,linear_crushers,1000,90,1.0,1,0.5717088321694964,0.5717088319203254,2.4917101715273207e-10,4.3583552155117837e-10,0.9999999991283289,-179.99984791260474,,runs/improve_robust_linear_crushers_b1000_ph90
robust,linear_crushers,1000,90,1.0,2,0.5214104578138995,0.5214104584975701,6.836705646055136e-10,1.4638737946851762e-09,0.9999999998473208,-0.0001520868957580722,,runs/improve_robust_linear_crushers_b1000_ph90
robust,linear_crushers,1000,90,1.0,3,0.3831490760237999,0.38314907625174843,2.2794854892549887e-10,4.025601302241177e-09,0.999999996569333,0.00015203168767902064,,runs/improve_robust_linear_crushers_b1000_ph90
robust,linear_crushers,1000,90,1.0,4,0.34936807803697956,0.34936807837637446,3.3939490107232687e-10,4.178654790101409e-09,0.9999999967927988,-0.00015212359617881692,,runs/improve_robust_linear_crushers_b1000_ph90
robust,linear_crushers,1000,90,1.0,5,0.25667398371459743,0.25667398393220564,2.17608264741042e-10,6.900453199274911e-09,0.9999999939473468,0.00015195496708654004,,runs/improve_robust_linear_crushers_b1000_ph90
robust,linear_crushers,1000,90,1.0,6,0.23399573547056896,0.2339957357130259,2.4245694341130755e-10,6.739332630381103e-09,0.9999999942968271,-0.00015219130146523416,,runs/improve_robust_linear_crushers_b1000_ph90
robust,linear_crushers,1000,90,1.0,7,0.1718766987832855,0.17187669890782953,1.2454404174639556e-10,9.792857923864471e-09,0.9999999909317547,0.0001517619602773233,,runs/improve_robust_linear_crushers_b1000_ph90
robust,linear_crushers,1000,90,1.0,8,0.15665839237098594,0.1566583925936393,2.2265336796512168e-10,9.413140600094017e-09,0.9999999920081262,-0.00015224458927947157,,runs/improve_robust_linear_crushers_b1000_ph90
robust,varying,0,0,0.7,1,0.40440577014326246,0.4060638489219114,0.04880952899082554,0.11018387702540268,0.8934644023497437,-91.50746489610152,,runs/improve_robust_varying_b0_ph0
robust,varying,0,0,0.7,2,0.2928082359203305,0.3085762819582469,0.015771470947489923,0.09341820872612784,0.9554022193503304,-1.2258157571570907,,runs/improve_robust_varying_b0_ph0
robust,varying,0,0,0.7,3,0.1708175430970065,0.16168556180592736,0.009199420814902375,0.3470014639900008,0.6180889458951306,-173.24710301804845,,runs/improve_robust_varying_b0_ph0
robust,varying,0,0,0.7,4,0.12365423340499743,0.14322994024961921,0.019586231100368154,0.40004667561853746,0.6949319601721329,-2.02162596325212,,runs/improve_robust_varying_b0_ph0
robust,varying,0,0,0.7,5,0.07212217503495205,0.13280598062400886,0.060798485599320655,0.6458210765257479,0.6521860887522956,4.777812388549643,,runs/improve_robust_varying_b0_ph0
robust,varying,0,0,0.7,6,0.05219824830955609,0.12440590835687854,0.07220880021882455,0.7460514438418705,0.6052444637109805,-0.49707572257971183,,runs/improve_robust_varying_b0_ph0
robust,varying,0,0,0.7,7,0.03043868560903868,0.07435886555395582,0.04407636927257474,0.8336655678520153,0.4063394798299967,7.548417167884791,,runs/improve_robust_varying_b0_ph0
robust,varying,0,0,0.7,8,0.022025402987692122,0.03510727418865519,0.013083232409209016,0.8894429065861239,0.1762218922464498,-1.0434922395339765,,runs/improve_robust_varying_b0_ph0
robust,varying,0,0,0.8,1,0.49180605701452945,0.49177787765473086,0.02443118588113123,0.04848067780056156,0.9514648023232533,-91.48937765824088,,runs/improve_robust_varying_b0_ph0
robust,varying,0,0,0.8,2,0.40570549581288645,0.4145965430505594,0.008934604800830158,0.041982576333506855,0.9790124021822906,-5.721778244267626,,runs/improve_robust_varying_b0_ph0
robust,varying,0,0,0.8,3,0.2696566574524194,0.2637827270218721,0.009261629744800841,0.16643744365453705,0.8154050648459388,-130.1272602680628,,runs/improve_robust_varying_b0_ph0
robust,varying,0,0,0.8,4,0.2224020255863374,0.22580702642517603,0.0034398492626244778,0.16769664888749974,0.8450460120717913,8.225240365687993,,runs/improve_robust_varying_b0_ph0
robust,varying,0,0,0.8,5,0.1477915614875605,0.1694039223143602,0.02164142162624687,0.3220618970798366,0.7770766650347525,-3.1795069495393427,,runs/improve_robust_varying_b0_ph0
robust,varying,0,0,0.8,6,0.12186747817431408,0.1527743174774348,0.031144348495050874,0.40896774662869473,0.7409240797351856,-7.932043329996193,,runs/improve_robust_varying_b0_ph0
robust,varying,0,0,0.8,7,0.08096715200958174,0.10165685376280197,0.02106132237300015,0.5317719878398437,0.5878752726065948,12.09376911426276,,runs/improve_robust_varying_b0_ph0
robust,varying,0,0,0.8,8,0.06675101975172537,0.06927405733921417,0.004065185364263163,0.6071787748717126,0.40766897906295974,-52.99216114789783,,runs/improve_robust_varying_b0_ph0
robust,varying,0,0,1.2,1,0.4918074179710229,0.49169145816694737,0.022595077195525063,0.04508705601620502,0.9546877917924141,-91.61039222647707,,runs/improve_robust_varying_b0_ph0
robust,varying,0,0,1.2,2,0.4057077022118165,0.4146000813220562,0.009005197788412737,0.04202895939574498,0.9789680333239948,-9.178751574289667,,runs/improve_robust_varying_b0_ph0
robust,varying,0,0,1.2,3,0.2696588442586083,0.263757263211004,0.008433735014627495,0.1634670172171383,0.818225156794582,-135.05128620428187,,runs/improve_robust_varying_b0_ph0
robust,varying,0,0,1.2,4,0.22240442325173532,0.22580948001097467,0.003460860390579551,0.16798090189497852,0.844757478989704,10.38239085613883,,runs/improve_robust_varying_b0_ph0
robust,varying,0,0,1.2,5,0.14779354957303745,0.16940115736216435,0.02161019709420557,0.3206967946572882,0.7786182111284572,-0.9495917977214299,,runs/improve_robust_varying_b0_ph0
robust,varying,0,0,1.2,6,0.12186944306149436,0.15277784685790455,0.031156463207215754,0.4082961201025535,0.7417712141556705,-8.105178496176215,,runs/improve_robust_varying_b0_ph0
robust,varying,0,0,1.2,7,0.08096867373412624,0.1016802671907429,0.021169305305248957,0.5305944297424013,0.5894783945868066,13.39733009410519,,runs/improve_robust_varying_b0_ph0
robust,varying,0,0,1.2,8,0.06675245259906028,0.06928711879184955,0.00426183127539936,0.6068972707751469,0.40802928486834505,-54.963010569537026,,runs/improve_robust_varying_b0_ph0
robust,varying,0,0,1.0,1,0.5717094687848123,0.5717094687847751,6.567831873528837e-09,1.1488112568221386e-08,0.9999999885118224,-90.00032526097046,,runs/improve_robust_varying_b0_ph0
robust,varying,0,0,1.0,2,0.5214110384204331,0.5214110384209099,1.7609750301239299e-09,3.378347564051448e-09,0.9999999966225668,89.98449003950383,,runs/improve_robust_varying_b0_ph0
robust,varying,0,0,1.0,3,0.3831495284053322,0.3831495284049673,5.820916051669203e-09,1.519668314068397e-08,0.9999999848023645,-90.00359208952553,,runs/improve_robust_varying_b0_ph0
robust,varying,0,0,1.0,4,0.3493684676625387,0.3493684676622648,8.38640459070658e-10,4.359292472230581e-09,0.9999999956399236,90.01871354655705,,runs/improve_robust_varying_b0_ph0
robust,varying,0,0,1.0,5,0.25667432144961044,0.25667432144968433,4.162568776320018e-09,1.622496172489346e-08,0.9999999837753262,-89.99898383696268,,runs/improve_robust_varying_b0_ph0
robust,varying,0,0,1.0,6,0.23399599671416474,0.2339959967143318,7.789862080241634e-10,6.059060614403455e-09,0.9999999939416533,89.98771192613526,,runs/improve_robust_varying_b0_ph0
robust,varying,0,0,1.0,7,0.17187681002707172,0.17187681002747726,3.2684662699392867e-09,1.9031623896365662e-08,0.9999999809707356,-89.9928917558215,,runs/improve_robust_varying_b0_ph0
robust,varying,0,0,1.0,8,0.15665856509992113,0.1566585650997557,6.604304933239438e-10,7.1994582556545464e-09,0.9999999927994858,90.0143488211279,,runs/improve_robust_varying_b0_ph0
robust,varying,0,45,0.7,1,0.4044057701432624,0.44036378148702826,0.04970885115561949,0.1101838770254027,0.9689347226732405,-46.04661844858673,,runs/improve_robust_varying_b0_ph45
robust,varying,0,45,0.7,2,0.29280823592033056,0.2924749457662172,0.01659045448209361,0.09341820872612783,0.9055498708977928,-92.77464332998832,,runs/improve_robust_varying_b0_ph45
robust,varying,0,45,0.7,3,0.1708175430970065,0.17675377938595707,0.015432123284319137,0.3470014639900008,0.6756914839110985,-69.74614985100445,,runs/improve_robust_varying_b0_ph45
robust,varying,0,45,0.7,4,0.12365423340499745,0.15444258479238476,0.0322802251742229,0.4000466756185374,0.7493341685179409,19.61022429693198,,runs/improve_robust_varying_b0_ph45
robust,varying,0,45,0.7,5,0.07212217503495207,0.12994924878678718,0.05786442328136177,0.6458210765257479,0.6381571967191385,2.7637590090919693,,runs/improve_robust_varying_b0_ph45
robust,varying,0,45,0.7,6,0.05219824830955612,0.11544162805006641,0.06355505707370362,0.7460514438418704,0.5616325396592126,-8.451916827586473,,runs/improve_robust_varying_b0_ph45
robust,varying,0,45,0.7,7,0.030438685609038695,0.07024057335804168,0.03988926543793087,0.8336655678520152,0.38383476978353387,5.765131390673651,,runs/improve_robust_varying_b0_ph45
robust,varying,0,45,0.7,8,0.022025402987692125,0.04699411076083047,0.02602731401493314,0.8894429065861239,0.23588818312157372,24.183019150721123,,runs/improve_robust_varying_b0_ph45
robust,varying,0,45,0.8,1,0.4918060570145295,0.5093904210581689,0.024875985643685258,0.04848067780056145,0.9855405830551535,-46.0342847628913,,runs/improve_robust_varying_b0_ph45
robust,varying,0,45,0.8,2,0.4057054958128865,0.40488275951978686,0.009877284812823461,0.04198257633350685,0.9560746456858967,-95.4734396421324,,runs/improve_robust_varying_b0_ph45
robust,varying,0,45,0.8,3,0.2696566574524195,0.277896116739242,0.015952318231038872,0.166437443654537,0.8590323697404466,-60.34228235080541,,runs/improve_robust_varying_b0_ph45
robust,varying,0,45,0.8,4,0.22240202558633745,0.2350308533429325,0.015395422459592327,0.16769664888749972,0.8795646817353916,36.004026917894016,,runs/improve_robust_varying_b0_ph45
robust,varying,0,45,0.8,5,0.1477915614875605,0.1734493674731906,0.025922612498620972,0.3220618970798367,0.7956336204443877,-8.884336344350075,,runs/improve_robust_varying_b0_ph45
robust,varying,0,45,0.8,6,0.12186747817431409,0.14351900551174396,0.023359672515959586,0.4089677466286949,0.6960377165422723,-24.024370367179547,,runs/improve_robust_varying_b0_ph45
robust,varying,0,45,0.8,7,0.08096715200958175,0.10011932230534841,0.019196648215119676,0.5317719878398437,0.5789838236660171,4.33864056128192,,runs/improve_robust_varying_b0_ph45
robust,varying,0,45,0.8,8,0.06675101975172539,0.07740905329145599,0.012899667936257336,0.6071787748717126,0.4555423911585208,37.291701176752184,,runs/improve_robust_varying_b0_ph45
robust,varying,0,45,1.2,1,0.4918074179710229,0.5080496776177515,0.023039518027567863,0.04508705601620502,0.9864495646394856,-46.1167038239174,,runs/improve_robust_varying_b0_ph45
robust,varying,0,45,1.2,2,0.40570770221181646,0.4045087745732339,0.01030385028739652,0.04202895939574499,0.955140091250125,-97.40510378929218,,runs/improve_robust_varying_b0_ph45
robust,varying,0,45,1.2,3,0.2696588442586083,0.27706628306432013,0.014871772043858143,0.1634670172171383,0.8595122657207541,-61.487325677258575,,runs/improve_robust_varying_b0_ph45
robust,varying,0,45,1.2,4,0.2224044232517352,0.23512940909929325,0.015524987815590644,0.16798090189497858,0.8796235076463762,36.080430177588106,,runs/improve_robust_varying_b0_ph45
robust,varying,0,45,1.2,5,0.1477935495730373,0.17284236399333477,0.025246292385064636,0.32069679465728845,0.7944350224950825,-7.758027876038092,,runs/improve_robust_varying_b0_ph45
robust,varying,0,45,1.2,6,0.1218694430614943,0.14345745112873523,0.02332489401017138,0.40829612010255356,0.6965185718477356,-24.242790879851793,,runs/improve_robust_varying_b0_ph45
robust,varying,0,45,1.2,7,0.0809686737341262,0.09977770781083992,0.018878836263792064,0.5305944297424015,0.578448548975097,5.472475416484669,,runs/improve_robust_varying_b0_ph45
robust,varying,0,45,1.2,8,0.06675245259906025,0.07722171303923095,0.01265820259837071,0.6068972707751469,0.45475581748988003,37.14436748710251,,runs/improve_robust_varying_b0_ph45
robust,varying,0,45,1.0,1,0.5717094687848122,0.5717094734289655,6.567853705359132e-09,1.1488112568221388e-08,0.9999999966351624,-45.000254834524085,,runs/improve_robust_varying_b0_ph45
robust,varying,0,45,1.0,2,0.5214110384204331,0.5214110396656125,1.7606132429465538e-09,3.378347564051448e-09,0.999999999009748,44.98905365538272,,runs/improve_robust_varying_b0_ph45
robust,varying,0,45,1.0,3,0.3831495284053322,0.3831495325215063,5.8214097484335825e-09,1.519668314068397e-08,0.9999999955463134,-45.00256435263041,,runs/improve_robust_varying_b0_ph45
robust,varying,0,45,1.0,4,0.34936846766253865,0.3493684682558699,8.392912145182252e-10,4.359292472230582e-09,0.9999999973390041,45.013249148850655,,runs/improve_robust_varying_b0_ph45
robust,varying,0,45,1.0,5,0.2566743214496104,0.2566743243934658,4.1631899043491245e-09,1.6224961724893462e-08,0.9999999952442626,-44.99930660842665,,runs/improve_robust_varying_b0_ph45
robust,varying,0,45,1.0,6,0.23399599671416463,0.233995997264757,7.785374101418168e-10,6.059060614403457e-09,0.9999999962939385,44.99132932279227,,runs/improve_robust_varying_b0_ph45
robust,varying,0,45,1.0,7,0.17187681002707164,0.1718768123386855,3.268830358356522e-09,1.903162389636567e-08,0.9999999944176239,-44.99499981632639,,runs/improve_robust_varying_b0_ph45
robust,varying,0,45,1.0,8,0.15665856509992104,0.1566585655669152,6.605466832994693e-10,7.1994582556545506e-09,0.9999999957815097,45.010166210177005,,runs/improve_robust_varying_b0_ph45
robust,varying,0,90,0.7,1,0.4044057701432624,0.45448240338825224,0.050076633245154906,0.1101838770254027,0.9999999999996271,0.0001559849539499412,,runs/improve_robust_varying_b0_ph90
robust,varying,0,90,0.7,2,0.29280823592033056,0.2755738557232296,0.01723438019733751,0.09341820872612783,0.8532213548043396,179.99970877055884,,runs/improve_robust_varying_b0_ph90
robust,varying,0,90,0.7,3,0.17081754309700647,0.19018971180233424,0.019372168705460522,0.3470014639900008,0.7270541486512246,0.00022380638697610318,,runs/improve_robust_varying_b0_ph90
robust,varying,0,90,0.7,4,0.12365423340499743,0.16518221806448938,0.04152798465952255,0.40004667561853746,0.8014413912697382,-8.040058816237501e-05,,runs/improve_robust_varying_b0_ph90
robust,varying,0,90,0.7,5,0.07212217503495205,0.12922677499362248,0.057104599958670836,0.6458210765257479,0.6346092589291672,-9.275176662097618e-06,,runs/improve_robust_varying_b0_ph90
robust,varying,0,90,0.7,6,0.0521982483095561,0.10598125743636772,0.053783009126822566,0.7460514438418705,0.5156070975060175,5.209601288359622e-05,,runs/improve_robust_varying_b0_ph90
robust,varying,0,90,0.7,7,0.030438685609038688,0.06851759841182185,0.03807891280278447,0.8336655678520153,0.37441944669876914,-2.242802093884006e-05,,runs/improve_robust_varying_b0_ph90
robust,varying,0,90,0.7,8,0.02202540298769212,0.0565294675083429,0.034504064520669044,0.8894429065861238,0.2837511587619495,-9.442730208378935e-05,,runs/improve_robust_varying_b0_ph90
robust,varying,0,90,0.8,1,0.49180605701452956,0.5168639727437515,0.02505791572931024,0.04848067780056155,0.9999999999998249,0.0001559393285991145,,runs/improve_robust_varying_b0_ph90
robust,varying,0,90,0.8,2,0.40570549581288645,0.39530006062580075,0.010405435187215064,0.041982576333506855,0.9334464274316823,179.99971797743882,,runs/improve_robust_varying_b0_ph90
robust,varying,0,90,0.8,3,0.26965665745241946,0.28847938558737296,0.018822728135061025,0.16643744365453703,0.8917473663545983,0.00020031418280544642,,runs/improve_robust_varying_b0_ph90
robust,varying,0,90,0.8,4,0.22240202558633737,0.243702794629327,0.021300769043037973,0.16769664888749966,0.912018009326669,-0.00012777784918448307,,runs/improve_robust_varying_b0_ph90
robust,varying,0,90,0.8,5,0.14779156148756042,0.17690946581647823,0.029117904328923524,0.32206189707983673,0.8115055178866725,3.922432433679002e-05,,runs/improve_robust_varying_b0_ph90
robust,varying,0,90,0.8,6,0.12186747817431404,0.1354734746915313,0.013605996517286481,0.40896774662869495,0.6570185435727869,0.00019270979827260332,,runs/improve_robust_varying_b0_ph90
robust,varying,0,90,0.8,7,0.08096715200958171,0.10048430245683862,0.019517150447257076,0.5317719878398438,0.5810944812174889,-8.39033343909658e-06,,runs/improve_robust_varying_b0_ph90
robust,varying,0,90,0.8,8,0.06675101975172536,0.08617372070064813,0.019422700948963263,0.6071787748717127,0.5071213393502725,-0.00013292521630192694,,runs/improve_robust_varying_b0_ph90
robust,varying,0,90,1.2,1,0.4918074179710229,0.5150285385379467,0.023221120567006304,0.04508705601620502,0.9999999999998357,0.00015624407070817138,,runs/improve_robust_varying_b0_ph90
robust,varying,0,90,1.2,2,0.40570770221181657,0.3947567785027929,0.010950923709153817,0.042028959395744976,0.9321133412706739,179.99972445266275,,runs/improve_robust_varying_b0_ph90
robust,varying,0,90,1.2,3,0.26965884425860837,0.28735797029081034,0.01769912603230657,0.16346701721713827,0.89143903540307,0.00020337491250253597,,runs/improve_robust_varying_b0_ph90
robust,varying,0,90,1.2,4,0.2224044232517353,0.243836226525814,0.02143180327412743,0.16798090189497847,0.9121958741337963,-0.0001279283750065416,,runs/improve_robust_varying_b0_ph90
robust,varying,0,90,1.2,5,0.14779354957303742,0.17606841147405553,0.02827486190102274,0.32069679465728823,0.8092628982756717,3.5863994675072626e-05,,runs/improve_robust_varying_b0_ph90
robust,varying,0,90,1.2,6,0.12186944306149437,0.13537963986856602,0.013510196807142168,0.40829612010255345,0.6572989599117915,0.0001951419427021945,,runs/improve_robust_varying_b0_ph90
robust,varying,0,90,1.2,7,0.08096867373412626,0.09999274683343597,0.019024073099310083,0.5305944297424012,0.5796952103118107,-1.2544281249536044e-05,,runs/improve_robust_varying_b0_ph90
robust,varying,0,90,1.2,8,0.06675245259906029,0.08593127697469394,0.019178824375673593,0.6068972707751468,0.5060461179969366,-0.00013268312099736168,,runs/improve_robust_varying_b0_ph90
robust,varying,0,90,1.0,1,0.5717094687848124,0.5717094753526752,6.567862809173667e-09,1.1488112568221383e-08,1.0,0.00015208610947540924,,runs/improve_robust_varying_b0_ph90
robust,varying,0,90,1.0,2,0.5214110384204332,0.5214110401808967,1.760463441692127e-09,3.378347564051447e-09,0.9999999999979972,-0.0001520440545939763,,runs/improve_robust_varying_b0_ph90
robust,varying,0,90,1.0,3,0.3831495284053323,0.3831495342269466,5.821614301740521e-09,1.5196683140683965e-08,0.999999999997422,0.00015209477823927486,,runs/improve_robust_varying_b0_ph90
robust,varying,0,90,1.0,4,0.34936846766253865,0.34936846850209946,8.395608097626456e-10,4.359292472230582e-09,0.9999999980437888,-0.0001521348855359497,,runs/improve_robust_varying_b0_ph90
robust,varying,0,90,1.0,5,0.25667432144961044,0.25667432561305753,4.1634470870931634e-09,1.622496172489346e-08,0.9999999999957767,0.00015208255276723056,,runs/improve_robust_varying_b0_ph90
robust,varying,0,90,1.0,6,0.2339959967141647,0.23399599749251615,7.783514388574691e-10,6.0590606144034554e-09,0.9999999972672845,-0.0001520525946381354,,runs/improve_robust_varying_b0_ph90
robust,varying,0,90,1.0,7,0.17187681002707178,0.17187681329605292,3.2689811413372224e-09,1.9031623896365655e-08,0.9999999999877021,0.00015206638498025855,,runs/improve_robust_varying_b0_ph90
robust,varying,0,90,1.0,8,0.15665856509992113,0.15665856576051584,6.605947178165458e-10,7.1994582556545464e-09,0.9999999970173218,-0.00015212332860137392,,runs/improve_robust_varying_b0_ph90
robust,varying,1000,0,0.7,1,0.40440531982553773,0.40454657402409594,0.0018561390063769594,0.004892039061082494,0.9954555408806501,85.76660456567245,,runs/improve_robust_varying_b1000_ph0
robust,varying,1000,0,0.7,2,0.29280790986974403,0.29265817006953937,0.006560468731330708,0.025729824884122312,0.9737719405516813,-91.94965918510717,,runs/improve_robust_varying_b1000_ph0
robust,varying,1000,0,0.7,3,0.170817352886646,0.14547389201227118,0.02558860520759242,0.17708529584112384,0.7008222688450126,172.67910429219003,,runs/improve_robust_varying_b1000_ph0
robust,varying,1000,0,0.7,4,0.12365409571237007,0.11130392964232445,0.013075427337684853,0.22640793526178998,0.6963282230923193,161.8483122951951,,runs/improve_robust_varying_b1000_ph0
robust,varying,1000,0,0.7,5,0.07212209472478798,0.09292917466511397,0.021524183689559797,0.48713833420836083,0.6608212296281533,16.881671512138837,,runs/improve_robust_varying_b1000_ph0
robust,varying,1000,0,0.7,6,0.052198190185270686,0.08087329012705843,0.029679436795875716,0.6054969796594355,0.6112234371874106,-18.693753074848054,,runs/improve_robust_varying_b1000_ph0
robust,varying,1000,0,0.7,7,0.03043865171466661,0.050684009200276485,0.022384867119597765,0.7232778530588053,0.4607755945618891,33.12383827403545,,runs/improve_robust_varying_b1000_ph0
robust,varying,1000,0,0.7,8,0.022025378461757804,0.018899116288794853,0.0072576224686643044,0.8176092686562247,0.1565023569356297,-124.3981987088599,,runs/improve_robust_varying_b1000_ph0
robust,varying,1000,0,0.8,1,0.4918055093740136,0.4918741430933228,0.0009290215216440692,0.0020176698429233207,0.9981216031782567,85.81724151890087,,runs/improve_robust_varying_b1000_ph0
robust,varying,1000,0,0.8,2,0.4057050440478791,0.40560346278717363,0.004484851893381074,0.012487635937756534,0.9872651086919311,-91.61447954506623,,runs/improve_robust_varying_b1000_ph0
robust,varying,1000,0,0.8,3,0.2696563571817968,0.2534102202384172,0.016420398465006644,0.0850333393633335,0.8598421539397649,171.90270301290505,,runs/improve_robust_varying_b1000_ph0
robust,varying,1000,0,0.8,4,0.22240177793513785,0.21478338594118512,0.007677383506528309,0.10196450443724904,0.8672732125756251,173.01613138826445,,runs/improve_robust_varying_b1000_ph0
robust,varying,1000,0,0.8,5,0.14779139691730803,0.15126581231110434,0.005002721131491587,0.21164481718708467,0.806888557827138,46.70587685214169,,runs/improve_robust_varying_b1000_ph0
robust,varying,1000,0,0.8,6,0.12186734247129122,0.13326558994250853,0.01327783283014977,0.299635787783506,0.7658692478474164,-32.423264313182045,,runs/improve_robust_varying_b1000_ph0
robust,varying,1000,0,0.8,7,0.08096706185027554,0.08875122056921435,0.011061615097692448,0.4075750444935986,0.6493805838488221,47.99257274372132,,runs/improve_robust_varying_b1000_ph0
robust,varying,1000,0,0.8,8,0.06675094542250075,0.06274558517085396,0.006634762133162069,0.5008288507095406,0.46921861052892,-129.44066876824232,,runs/improve_robust_varying_b1000_ph0
robust,varying,1000,0,1.2,1,0.49180687032899173,0.4918753759446262,0.0008595390406502936,0.0018765243615203864,0.998262507984921,85.47856176763506,,runs/improve_robust_varying_b1000_ph0
robust,varying,1000,0,1.2,2,0.4057072504443523,0.40560881129236925,0.004760295465063922,0.013147537428819906,0.9866130167159692,-91.52100141571137,,runs/improve_robust_varying_b1000_ph0
robust,varying,1000,0,1.2,3,0.2696585439855506,0.25341687995780376,0.01648398612318551,0.08545749781792886,0.8594591666422484,170.46741110151234,,runs/improve_robust_varying_b1000_ph0
robust,varying,1000,0,1.2,4,0.2224041755978658,0.21478639254133647,0.007689801523734553,0.10345792746515249,0.8658337326789874,172.28874022481327,,runs/improve_robust_varying_b1000_ph0
robust,varying,1000,0,1.2,5,0.14779338500057113,0.15127975137572156,0.005360605382974179,0.21327932419088486,0.8052789929541343,50.215377607490296,,runs/improve_robust_varying_b1000_ph0
robust,varying,1000,0,1.2,6,0.12186930735628351,0.1332608984140291,0.013214929211329683,0.30056385317669493,0.7648151231091301,-31.994916863436615,,runs/improve_robust_varying_b1000_ph0
robust,varying,1000,0,1.2,7,0.08096858357312552,0.08877175082715932,0.011215411409444641,0.40890510888076453,0.6480603472858568,48.69844424223554,,runs/improve_robust_varying_b1000_ph0
robust,varying,1000,0,1.2,8,0.06675237826824011,0.0627554823527571,0.006713806502990277,0.50249067572358,0.46772022855125345,-128.8873178466182,,runs/improve_robust_varying_b1000_ph0
robust,varying,1000,0,1.0,1,0.5717088321694963,0.5717088321694999,2.4916769849745487e-10,4.358355215511784e-10,0.9999999995641707,89.99919755138949,,runs/improve_robust_varying_b1000_ph0
robust,varying,1000,0,1.0,2,0.5214104578138994,0.521410457813892,6.8366730882244e-10,1.4638737946851766e-09,0.999999998536112,90.00063019424987,,runs/improve_robust_varying_b1000_ph0
robust,varying,1000,0,1.0,3,0.3831491017570581,0.38314910175609157,1.2522889290993015e-09,4.14265674197529e-09,0.9999999958548207,-90.04422174373508,,runs/improve_robust_varying_b1000_ph0
robust,varying,1000,0,1.0,4,0.3493680786304698,0.34936807863003494,1.16798280342593e-10,2.4443085964063397e-09,0.9999999975544467,90.21332703146209,,runs/improve_robust_varying_b1000_ph0
robust,varying,1000,0,1.0,5,0.2566740356352009,0.25667403563475694,1.1020170484045443e-09,5.170450109591468e-09,0.9999999948278202,-90.02308379262996,,runs/improve_robust_varying_b1000_ph0
robust,varying,1000,0,1.0,6,0.23399573615273703,0.23399573615274105,2.955121033828751e-10,4.1431949678105034e-09,0.9999999958568222,89.99922256977615,,runs/improve_robust_varying_b1000_ph0
robust,varying,1000,0,1.0,7,0.1718766186371863,0.17187661863707493,1.2190209709973893e-09,7.975957747635323e-09,0.9999999920233942,-90.00523613323375,,runs/improve_robust_varying_b1000_ph0
robust,varying,1000,0,1.0,8,0.15665839065599915,0.1566583906557062,3.3674764642116826e-10,5.2830739998184865e-09,0.999999994715056,90.04984779115152,,runs/improve_robust_varying_b1000_ph0
robust,varying,1000,45,0.7,1,0.40440531982553785,0.4030990072006614,0.001950368793675593,0.004892039061082492,0.9918935569022684,132.15255212472138,,runs/improve_robust_varying_b1000_ph45
robust,varying,1000,45,0.7,2,0.29280790986974414,0.2881501301534958,0.0064802149385801006,0.0257298248841223,0.9587721789660497,-136.39553612358256,,runs/improve_robust_varying_b1000_ph45
robust,varying,1000,45,0.7,3,0.17081735288664604,0.16971833813657142,0.02290103234064383,0.1770852958411238,0.8176201870466479,-96.59607210146405,,runs/improve_robust_varying_b1000_ph45
robust,varying,1000,45,0.7,4,0.12365409571237007,0.13292139164470954,0.021586715176449327,0.22640793526178998,0.8315691705796086,69.016073035831,,runs/improve_robust_varying_b1000_ph45
robust,varying,1000,45,0.7,5,0.072122094724788,0.09896330149319017,0.02733549803128818,0.4871383342083608,0.7037300268345321,-12.806029315598414,,runs/improve_robust_varying_b1000_ph45
robust,varying,1000,45,0.7,6,0.052198190185270714,0.071229336689689,0.02079009796291849,0.6054969796594354,0.5383364511527953,-27.9786233893968,,runs/improve_robust_varying_b1000_ph45
robust,varying,1000,45,0.7,7,0.03043865171466662,0.04163221195269062,0.01332574707223473,0.7232778530588051,0.37848440796437555,39.1450434853007,,runs/improve_robust_varying_b1000_ph45
robust,varying,1000,45,0.7,8,0.022025378461757807,0.023314079507332632,0.004934749160331236,0.8176092686562246,0.19306238116781752,80.98088644756545,,runs/improve_robust_varying_b1000_ph45
robust,varying,1000,45,0.8,1,0.49180550937401374,0.49115087451222367,0.0009756380207800362,0.0020176698429233203,0.9966539309986312,132.18499981885316,,runs/improve_robust_varying_b1000_ph45
robust,varying,1000,45,0.8,2,0.40570504404787905,0.4025145361876995,0.0044402331163457855,0.012487635937756536,0.9797464612079687,-136.15298289586596,,runs/improve_robust_varying_b1000_ph45
robust,varying,1000,45,0.8,3,0.26965635718179676,0.268245311600742,0.014567619154074677,0.08503333936333352,0.910178864506819,-97.10105844782734,,runs/improve_robust_varying_b1000_ph45
robust,varying,1000,45,0.8,4,0.22240177793513774,0.228409259021863,0.014388015946157403,0.10196450443724908,0.9222930860590578,66.99409808998713,,runs/improve_robust_varying_b1000_ph45
robust,varying,1000,45,0.8,5,0.14779139691730797,0.15841864520255197,0.01261746261156041,0.21164481718708475,0.8450435045925615,-33.915561189838655,,runs/improve_robust_varying_b1000_ph45
robust,varying,1000,45,0.8,6,0.12186734247129119,0.12606112145900167,0.008248630410331616,0.2996357877835062,0.7244656052343145,-61.09710274257866,,runs/improve_robust_varying_b1000_ph45
robust,varying,1000,45,0.8,7,0.08096706185027552,0.08521065910501796,0.005278602281594622,0.4075750444935987,0.6234747782043867,37.59014306909859,,runs/improve_robust_varying_b1000_ph45
robust,varying,1000,45,0.8,8,0.06675094542250073,0.0672840270680505,0.004606587267342271,0.5008288507095408,0.5031575943661125,85.31498198810331,,runs/improve_robust_varying_b1000_ph45
robust,varying,1000,45,1.2,1,0.49180687032899173,0.4912014386087349,0.0009060443247073272,0.0018765243615203864,0.9968947501989991,131.96866498917163,,runs/improve_robust_varying_b1000_ph45
robust,varying,1000,45,1.2,2,0.4057072504443522,0.40232344502955286,0.00471572824447969,0.01314753742881991,0.9786216096524831,-136.08558863681733,,runs/improve_robust_varying_b1000_ph45
robust,varying,1000,45,1.2,3,0.26965854398555056,0.2679373009369126,0.01431493254481725,0.08545749781792888,0.9087049347855446,-98.41836060360795,,runs/improve_robust_varying_b1000_ph45
robust,varying,1000,45,1.2,4,0.22240417559786577,0.22848503734691808,0.01447901620369544,0.10345792746515249,0.9210548694759925,66.84824528874958,,runs/improve_robust_varying_b1000_ph45
robust,varying,1000,45,1.2,5,0.14779338500057107,0.1580676967868524,0.012148110972159204,0.2132793241908849,0.8414119836233692,-33.48262455823824,,runs/improve_robust_varying_b1000_ph45
robust,varying,1000,45,1.2,6,0.12186930735628347,0.12614078611483714,0.008216641283925418,0.3005638531766951,0.723951151535575,-60.313329793357084,,runs/improve_robust_varying_b1000_ph45
robust,varying,1000,45,1.2,7,0.08096858357312552,0.08507188841527877,0.005255759384345195,0.40890510888076453,0.6210502444410718,39.82066971100007,,runs/improve_robust_varying_b1000_ph45
robust,varying,1000,45,1.2,8,0.0667523782682401,0.06720850659677709,0.004529133754194162,0.50249067572358,0.5009088750100564,86.15089510591474,,runs/improve_robust_varying_b1000_ph45
robust,varying,1000,45,1.0,1,0.5717088321694964,0.5717088319933084,2.491700179603482e-10,4.3583552155117837e-10,0.9999999992559865,134.99940556289786,,runs/improve_robust_varying_b1000_ph45
robust,varying,1000,45,1.0,2,0.5214104578138995,0.5214104582973229,6.836696764488337e-10,1.4638737946851762e-09,0.9999999994632718,45.00046705442795,,runs/improve_robust_varying_b1000_ph45
robust,varying,1000,45,1.0,3,0.3831491017570582,0.3831491026425509,1.2529599766986013e-09,4.142656741975289e-09,0.999999998168435,-45.03127633412919,,runs/improve_robust_varying_b1000_ph45
robust,varying,1000,45,1.0,4,0.3493680786304698,0.34936807871344816,1.1765703627637508e-10,2.4443085964063397e-09,0.9999999977932013,45.14975276191866,,runs/improve_robust_varying_b1000_ph45
robust,varying,1000,45,1.0,5,0.2566740356352009,0.25667403641474984,1.1027631749714542e-09,5.170450109591468e-09,0.9999999978666663,-45.016336941897066,,runs/improve_robust_varying_b1000_ph45
robust,varying,1000,45,1.0,6,0.23399573615273705,0.2339957363615869,2.9535557334482756e-10,4.143194967810503e-09,0.999999996749342,44.99947344476797,,runs/improve_robust_varying_b1000_ph45
robust,varying,1000,45,1.0,7,0.17187661863718634,0.17187661949941554,1.2194555805961666e-09,7.975957747635321e-09,0.9999999970406013,-45.00372664616474,,runs/improve_robust_varying_b1000_ph45
robust,varying,1000,45,1.0,8,0.15665839065599924,0.15665839089414732,3.369996169916211e-10,5.283073999818484e-09,0.9999999962371005,45.035242735295114,,runs/improve_robust_varying_b1000_ph45
robust,varying,1000,90,0.7,1,0.40440531982553773,0.4024172273785424,0.0019880924470034008,0.004892039061082494,0.990215921877856,-179.99983743302562,,runs/improve_robust_varying_b1000_ph90
robust,varying,1000,90,0.7,2,0.29280790986974403,0.28636208252356316,0.006445827346202493,0.025729824884122312,0.9528227444773952,179.999853180938,,runs/improve_robust_varying_b1000_ph90
robust,varying,1000,90,0.7,3,0.170817352886646,0.1922868220790981,0.021469469192772008,0.17708529584112384,0.9263441367685652,0.00033187227934712034,,runs/improve_robust_varying_b1000_ph90
robust,varying,1000,90,0.7,4,0.12365409571237006,0.14985228490969663,0.02619818919749207,0.22640793526179007,0.9374904876477448,-0.00022421325454933836,,runs/improve_robust_varying_b1000_ph90
robust,varying,1000,90,0.7,5,0.07212209472478802,0.10742566727239028,0.03530357254761675,0.48713833420836056,0.7639060800484593,6.335652821835956e-05,,runs/improve_robust_varying_b1000_ph90
robust,varying,1000,90,0.7,6,0.05219819018527073,0.064745108911924,0.012546918726708128,0.6054969796594354,0.48933001177577806,0.0001886901055120268,,runs/improve_robust_varying_b1000_ph90
robust,varying,1000,90,0.7,7,0.03043865171466662,0.037427838030944724,0.006989186316334771,0.7232778530588053,0.34026184183118174,-0.0002558538733099027,,runs/improve_robust_varying_b1000_ph90
robust,varying,1000,90,0.7,8,0.022025378461757807,0.030153233039489864,0.008127854577779396,0.8176092686562246,0.24969696824964016,-0.00022880559212633505,,runs/improve_robust_varying_b1000_ph90
robust,varying,1000,90,0.8,1,0.49180550937401357,0.4908112020452584,0.0009943073287591413,0.002017669842923321,0.9959646603141618,-179.99983755027523,,runs/improve_robust_varying_b1000_ph90
robust,varying,1000,90,0.8,2,0.405705044047879,0.4012838267020751,0.004421217345818789,0.012487635937756538,0.9767508345785909,179.99985226131946,,runs/improve_robust_varying_b1000_ph90
robust,varying,1000,90,0.8,3,0.26965635718179676,0.283269443973861,0.013613086792284044,0.08503333936333352,0.9611570070956409,0.0003337051702590272,,runs/improve_robust_varying_b1000_ph90
robust,varying,1000,90,0.8,4,0.22240177793513774,0.24088200026295678,0.01848022232793893,0.10196450443724908,0.9726567318242384,-0.00021479862999083097,,runs/improve_robust_varying_b1000_ph90
robust,varying,1000,90,0.8,5,0.14779139691730797,0.1668105529997721,0.019019156082504,0.21164481718708475,0.8898079776513571,0.0001246529858472606,,runs/improve_robust_varying_b1000_ph90
robust,varying,1000,90,0.8,6,0.12186734247129115,0.12158179729108845,0.00028554518183630855,0.2996357877835061,0.6987232014163118,179.99387840304556,,runs/improve_robust_varying_b1000_ph90
robust,varying,1000,90,0.8,7,0.08096706185027552,0.08533440367411378,0.004367341823845315,0.4075750444935986,0.6243802003497071,-0.00010570208064194883,,runs/improve_robust_varying_b1000_ph90
robust,varying,1000,90,0.8,8,0.06675094542250072,0.07384080355309748,0.007089858130654167,0.5008288507095408,0.5521899134286422,-0.00024250033965637533,,runs/improve_robust_varying_b1000_ph90
robust,varying,1000,90,1.2,1,0.49180687032899173,0.4908822476787318,0.0009246226502636662,0.0018765243615203864,0.9962469512769673,-179.9998367694429,,runs/improve_robust_varying_b1000_ph90
robust,varying,1000,90,1.2,2,0.4057072504443523,0.40101048498497566,0.004696765459392538,0.013147537428819906,0.9754279328034016,179.9998520062162,,runs/improve_robust_varying_b1000_ph90
robust,varying,1000,90,1.2,3,0.26965854398555067,0.28285431360910934,0.01319576962377942,0.08545749781792884,0.9592957371116277,0.0003394451792509026,,runs/improve_robust_varying_b1000_ph90
robust,varying,1000,90,1.2,4,0.22240417559786577,0.24098245490538103,0.018578279307635396,0.10345792746515249,0.9714336926661506,-0.000214466323683374,,runs/improve_robust_varying_b1000_ph90
robust,varying,1000,90,1.2,5,0.14779338500057113,0.16633379404829512,0.018540409047762545,0.21327932419088486,0.8854133414906441,0.00012394721469324483,,runs/improve_robust_varying_b1000_ph90
robust,varying,1000,90,1.2,6,0.1218693073562835,0.12170073104855912,0.00016857631043263262,0.30056385317669515,0.6984686483966851,179.98973677509005,,runs/improve_robust_varying_b1000_ph90
robust,varying,1000,90,1.2,7,0.08096858357312553,0.08512953869348143,0.00416095512036436,0.40890510888076453,0.6214711087246418,-0.00011847714394946456,,runs/improve_robust_varying_b1000_ph90
robust,varying,1000,90,1.2,8,0.06675237826824014,0.07373998545675495,0.006987607188572084,0.5024906757235799,0.5495883635684341,-0.00024382213414223078,,runs/improve_robust_varying_b1000_ph90
robust,varying,1000,90,1.0,1,0.5717088321694964,0.5717088319203254,2.4917101715273207e-10,4.3583552155117837e-10,0.9999999991283289,-179.99984791260474,,runs/improve_robust_varying_b1000_ph90
robust,varying,1000,90,1.0,2,0.5214104578138995,0.5214104584975701,6.836705646055136e-10,1.4638737946851762e-09,0.9999999998473208,-0.0001520868957580722,,runs/improve_robust_varying_b1000_ph90
robust,varying,1000,90,1.0,3,0.38314910175705824,0.383149103010296,1.2532376802993653e-09,4.1426567419752885e-09,0.9999999991282311,0.00015220253258716295,,runs/improve_robust_varying_b1000_ph90
robust,varying,1000,90,1.0,4,0.3493680786304699,0.3493680787484824,1.1801248867021953e-10,2.444308596406339e-09,0.9999999978934798,-0.0001526456052179768,,runs/improve_robust_varying_b1000_ph90
robust,varying,1000,90,1.0,5,0.25667403563520097,0.2566740367382731,1.1030721891464115e-09,5.170450109591467e-09,0.9999999991271101,0.0001521464644222212,,runs/improve_robust_varying_b1000_ph90
robust,varying,1000,90,1.0,6,0.23399573615273705,0.23399573644802768,2.9529059752967986e-10,4.143194967810503e-09,0.9999999971187538,-0.00015208316591490786,,runs/improve_robust_varying_b1000_ph90
robust,varying,1000,90,1.0,7,0.17187661863718634,0.17187661985682195,1.2196356147248898e-09,7.975957747635321e-09,0.9999999991200371,0.00015209913724352164,,runs/improve_robust_varying_b1000_ph90
robust,varying,1000,90,1.0,8,0.1566583906559992,0.156658390993103,3.371037893275574e-10,5.283073999818485e-09,0.999999996868766,-0.0001522174441974986,,runs/improve_robust_varying_b1000_ph90
screen,alternate,1000,0,0.8,1,0.4918055093740136,0.4918741430933228,0.0009290215216440692,0.0020176698429233207,0.9981216031782567,85.81724151890087,5.1906272226903744e-08,runs/improve_screen_alternate_b1000_ph0
screen,alternate,1000,0,0.8,2,0.40570504342932817,0.4057428396038546,0.00017089999557199994,0.000570065136511045,0.9995230434625977,-77.23461763698907,1.9299329438568533e-07,runs/improve_screen_alternate_b1000_ph0
screen,alternate,1000,0,0.8,3,0.26965632146291363,0.27208537927010124,0.003006034997996327,0.03341528757703256,0.9752916847990707,36.28085482333639,2.125815367362901e-08,runs/improve_screen_alternate_b1000_ph0
screen,alternate,1000,0,0.8,4,0.22240177879107662,0.16833899634711386,0.054149642621581874,0.2517879479863803,0.5663320975913025,-177.176671978899,3.79657226938322e-07,runs/improve_screen_alternate_b1000_ph0
screen,alternate,1000,0,0.8,5,0.14779135960652662,0.08367609595882317,0.06414344944893408,0.4345549048689984,0.3201421122695872,-178.72201641127415,2.4089868411475066e-07,runs/improve_screen_alternate_b1000_ph0
screen,alternate,1000,0,0.8,6,0.12186734582296559,0.03047228310221229,0.09142726317849646,0.6327226837695598,0.09183574387065761,179.23979969739813,1.6941498700693327e-07,runs/improve_screen_alternate_b1000_ph0
screen,alternate,1000,0,0.8,7,0.08096712005526602,0.013947944004958752,0.06789353123181385,0.7601502628927596,0.04131813877648579,-176.2430896921942,5.290678131910516e-07,runs/improve_screen_alternate_b1000_ph0
screen,alternate,1000,0,0.8,8,0.06675095153298502,0.015043574196554315,0.05256150895266748,0.8563861271872908,0.032366069721791284,175.16509361093483,9.015223111152414e-07,runs/improve_screen_alternate_b1000_ph0
screen,alternate,1000,90,0.8,1,0.49180550937401357,0.4908112020452584,0.0009943073287591413,0.002017669842923321,0.9959646603141618,-179.99983755027523,6.3054302272902574e-09,runs/improve_screen_alternate_b1000_ph90
screen,alternate,1000,90,0.8,2,0.40570504342932817,0.405475567219406,0.00022947620992328928,0.000570065136511045,0.9988646340439659,179.99982288798037,1.94933331260069e-07,runs/improve_screen_alternate_b1000_ph90
screen,alternate,1000,90,0.8,3,0.2696563214629135,0.26684340136201906,0.002812920100929164,0.033415287577032576,0.9565017833373766,-179.99971689786327,8.551001386163002e-08,runs/improve_screen_alternate_b1000_ph90
screen,alternate,1000,90,0.8,4,0.2224017787910765,0.1585424969015592,0.0638592818895247,0.2517879479863804,0.5333743623045073,179.9999767192762,5.768340230183757e-07,runs/improve_screen_alternate_b1000_ph90
screen,alternate,1000,90,0.8,5,0.1477913596065266,0.07806228873298897,0.06972907087354063,0.4345549048689982,0.29866386232784486,-179.9999877824524,1.9434359610881642e-07,runs/improve_screen_alternate_b1000_ph90
screen,alternate,1000,90,0.8,6,0.12186734582296554,0.021353781299501596,0.10051356452348048,0.6327226837695598,0.06435488878576007,179.99998623949128,3.4535424276308795e-07,runs/improve_screen_alternate_b1000_ph90
screen,alternate,1000,90,0.8,7,0.08096712005526603,0.011199626853985937,0.06976749320128159,0.7601502628927596,0.03317677045687397,-179.99999559691278,6.458185621505681e-07,runs/improve_screen_alternate_b1000_ph90
screen,alternate,1000,90,0.8,8,0.06675095153298499,0.011485705501155652,0.055265246031832437,0.8563861271872909,0.02471135783273587,179.99999204483623,1.6520863051723509e-06,runs/improve_screen_alternate_b1000_ph90
screen,base,1000,0,0.8,1,0.4918055093740136,0.4918741430933228,0.0009290215216440692,0.0020176698429233207,0.9981216031782567,85.81724151890087,5.1906272226903744e-08,runs/improve_screen_base_b1000_ph0
screen,base,1000,0,0.8,2,0.4057050440478791,0.40560346278717363,0.004484851893381074,0.012487635937756534,0.9872651086919311,-91.61447954506623,1.859208790729636e-07,runs/improve_screen_base_b1000_ph0
screen,base,1000,0,0.8,3,0.2696563218740402,0.34630122962674353,0.07705301113861752,0.24417538771374356,0.9706540191523886,6.688429690263257,7.851411782867367e-09,runs/improve_screen_base_b1000_ph0
screen,base,1000,0,0.8,4,0.2224017794692383,0.2654832868539148,0.043683836486395955,0.4452177639247954,0.6622492494120612,-10.41568871615114,1.6875162492860554e-07,runs/improve_screen_base_b1000_ph0
screen,base,1000,0,0.8,5,0.14779136005718152,0.24590032485047184,0.09825524728252517,0.6669295093424582,0.5541740858133186,4.034272683919795,2.47169568359271e-07,runs/improve_screen_base_b1000_ph0
screen,base,1000,0,0.8,6,0.12186734638037415,0.17488043647467955,0.053071133281195976,0.772111228214572,0.32702187305468705,-3.2107306210008004,1.7618137550236753e-07,runs/improve_screen_base_b1000_ph0
screen,base,1000,0,0.8,7,0.08096712042560121,0.1698037786517086,0.08883738958072313,0.8740615181218521,0.26411745889146787,0.3366853037515713,1.0856345891407465e-07,runs/improve_screen_base_b1000_ph0
screen,base,1000,0,0.8,8,0.06675095194006757,0.1204705721166085,0.053744779812111905,0.9161819677002013,0.1512728434781165,2.355519331148491,7.474419763577337e-08,runs/improve_screen_base_b1000_ph0
screen,base,1000,90,0.8,1,0.49180550937401357,0.4908112020452584,0.0009943073287591413,0.002017669842923321,0.9959646603141618,-179.99983755027523,6.3054302272902574e-09,runs/improve_screen_base_b1000_ph90
screen,base,1000,90,0.8,2,0.405705044047879,0.4012838267020751,0.004421217345818789,0.012487635937756538,0.9767508345785909,179.99985226131946,2.320349861952916e-07,runs/improve_screen_base_b1000_ph90
screen,base,1000,90,0.8,3,0.26965632187404015,0.18378950857574847,0.08586681329987918,0.24417538771374347,0.5151469585290662,-179.99971236885716,7.008821575651634e-08,runs/improve_screen_base_b1000_ph90
screen,base,1000,90,0.8,4,0.22240177946923823,0.05320311181419983,0.16919866765895622,0.44521776392479545,0.13271540096882847,179.99980929611027,1.6399384574695517e-06,runs/improve_screen_base_b1000_ph90
screen,base,1000,90,0.8,5,0.1477913600571814,0.09527275582684341,0.2430641158814093,0.6669295093424583,0.21471176337551381,-179.9997865885642,7.955561132095695e-07,runs/improve_screen_base_b1000_ph90
screen,base,1000,90,0.8,6,0.1218673463803741,0.1307576093171604,0.2526249556963206,0.772111228214572,0.24451333252042745,179.99981601485058,4.126046554724531e-07,runs/improve_screen_base_b1000_ph90
screen,base,1000,90,0.8,7,0.08096712042560118,0.15172585925347928,0.23269297967824523,0.8740615181218521,0.23599856677129513,-179.9997898525353,3.8755608689543e-07,runs/improve_screen_base_b1000_ph90
screen,base,1000,90,0.8,8,0.06675095194006753,0.09757101105213878,0.16432196299150914,0.9161819677002013,0.12251825506900639,179.99979821406828,8.077381254324466e-07,runs/improve_screen_base_b1000_ph90
screen,bw_matched,1000,0,0.8,1,0.49180576844606927,0.4918744017143047,0.0009290201256031376,0.0020176651065157507,0.9981216069266313,85.81726292818178,7.141106333124271e-08,runs/improve_screen_bw_matched_b1000_ph0
screen,bw_matched,1000,0,0.8,2,0.40570553433810463,0.4056039538058185,0.0044848529549020265,0.01248761435424621,0.9872651323418601,-91.61446962292725,3.713577402628185e-07,runs/improve_screen_bw_matched_b1000_ph0
screen,bw_matched,1000,0,0.8,3,0.26965683157888104,0.34630133809418906,0.07705261361317421,0.244174192117512,0.9706540238690777,6.688472152951162,3.8243507540687593e-07,runs/improve_screen_bw_matched_b1000_ph0
screen,bw_matched,1000,0,0.8,4,0.22240235146760745,0.26548359402217914,0.04368358076236894,0.44521613478768407,0.6622502571135531,-10.415790930967747,1.379162881478302e-07,runs/improve_screen_bw_matched_b1000_ph0
screen,bw_matched,1000,0,0.8,5,0.14779184091526265,0.2459004051367203,0.09825484986118782,0.6669279679720485,0.5541750282570964,4.03431841301434,4.7179028264595435e-07,runs/improve_screen_bw_matched_b1000_ph0
screen,bw_matched,1000,0,0.8,6,0.12186782597000922,0.17488055487268517,0.05307077511746523,0.7721098939633793,0.32702272217022194,-3.210820006611254,2.609368611114012e-07,runs/improve_screen_bw_matched_b1000_ph0
screen,bw_matched,1000,0,0.8,7,0.08096749425531381,0.1698039031927939,0.0888371404597715,0.8740605944956492,0.26411837018181317,0.3367237154672663,5.166206406387378e-07,runs/improve_screen_bw_matched_b1000_ph0
screen,bw_matched,1000,0,0.8,8,0.0667513056380411,0.12047055035482326,0.0537444038014537,0.9161812450951752,0.15127331873019842,2.35549532301152,1.0156255666391055e-07,runs/improve_screen_bw_matched_b1000_ph0
screen,bw_matched,1000,90,0.8,1,0.4918057684460692,0.49081146293235633,0.0009943055137168581,0.0020176651065157507,0.995964669786977,-179.99983755032486,8.636774156733167e-09,runs/improve_screen_bw_matched_b1000_ph90
screen,bw_matched,1000,90,0.8,2,0.4057055343381047,0.40128431553956373,0.004421218798555776,0.012487614354246208,0.9767508653960189,179.99985226129235,4.2493181628313824e-07,runs/improve_screen_bw_matched_b1000_ph90
screen,bw_matched,1000,90,0.8,3,0.2696568315788811,0.18379041160145815,0.08586641997901044,0.24417419211751198,0.5151493307859755,-179.99971236894734,4.267426869492356e-07,runs/improve_screen_bw_matched_b1000_ph90
screen,bw_matched,1000,90,0.8,4,0.22240235146760737,0.053204320774634606,0.1691980306968905,0.44521613478768424,0.13271846511769816,179.99980929620364,2.02305219789509e-06,runs/improve_screen_bw_matched_b1000_ph90
screen,bw_matched,1000,90,0.8,5,0.14779184091526257,0.09527170869361243,0.24306354960625942,0.6669279679720485,0.21470969853843616,-179.99978658867283,2.2142518295314067e-08,runs/improve_screen_bw_matched_b1000_ph90
screen,bw_matched,1000,90,0.8,6,0.12186782597000916,0.1307571343070957,0.25262496027589093,0.7721098939633794,0.2445129136021662,179.99981601506923,3.126186681065324e-07,runs/improve_screen_bw_matched_b1000_ph90
screen,bw_matched,1000,90,0.8,7,0.08096749425531377,0.1517262038532539,0.23269369810773244,0.8740605944956491,0.23599974395226747,-179.9997898528776,6.698424453497652e-07,runs/improve_screen_bw_matched_b1000_ph90
screen,bw_matched,1000,90,0.8,8,0.06675130563804105,0.09757206339537176,0.16432336903271566,0.9161812450951753,0.12251998352874012,179.9997982148404,1.0946035387050266e-06,runs/improve_screen_bw_matched_b1000_ph90
screen,centered,1000,0,0.8,1,0.5478715068166311,0.5479395279897853,0.0005385857857481012,0.001097712879669048,0.9990263061733222,82.77233781044285,1.7103161382399224e-07,runs/improve_screen_centered_b1000_ph0
screen,centered,1000,0,0.8,2,0.40570504304392807,0.40557029479140433,0.006307505066767904,0.01692985695524883,0.9827436324771485,-91.66944132139169,1.899838115561391e-07,runs/improve_screen_centered_b1000_ph0
screen,centered,1000,0,0.8,3,0.30039723941207896,0.3771827783984756,0.07726319914844075,0.2261886456643469,0.9716078521754647,7.145912983609932,2.8644247056057988e-08,runs/improve_screen_centered_b1000_ph0
screen,centered,1000,0,0.8,4,0.2224017795684963,0.27708739942974825,0.05535063030758528,0.46299083402674523,0.6690525298770804,-9.931941226615741,4.055717767429531e-07,runs/improve_screen_centered_b1000_ph0
screen,centered,1000,0,0.8,5,0.16463963264308823,0.25496566980831104,0.09052239696320055,0.6518297097981706,0.5391865240680261,4.698560836465411,5.709045562799246e-09,runs/improve_screen_centered_b1000_ph0
screen,centered,1000,0,0.8,6,0.12186734679072392,0.19213684702768413,0.07033288564074645,0.7824941158942343,0.3429211834226267,-3.054934862436452,1.3341909712884244e-07,runs/improve_screen_centered_b1000_ph0
screen,centered,1000,0,0.8,7,0.0901974006219816,0.17087093056668784,0.0806741828647779,0.8673753759754479,0.25124552112214144,0.31727686349118256,7.018709991639342e-08,runs/improve_screen_centered_b1000_ph0
screen,centered,1000,0,0.8,8,0.06675095235980208,0.13303130068430735,0.06629829623757368,0.9203781582766504,0.15868233774767748,1.882243418903249,1.8776656041666184e-07,runs/improve_screen_centered_b1000_ph0
screen,centered,1000,90,0.8,1,0.5478715068166312,0.54726944031104,0.0006020665055937611,0.0010977128796690477,0.9978045742406667,-179.99983079800913,1.5135772822226845e-07,runs/improve_screen_centered_b1000_ph90
screen,centered,1000,90,0.8,2,0.405705043043928,0.3995194712832025,0.006185571760746298,0.016929856955248835,0.968081788771394,179.9998524328187,3.034722566701733e-07,runs/improve_screen_centered_b1000_ph90
screen,centered,1000,90,0.8,3,0.30039723941207885,0.21402798260057843,0.0863692568130221,0.22618864566434688,0.5513275801269624,-179.99971292061343,5.40576903959366e-08,runs/improve_screen_centered_b1000_ph90
screen,centered,1000,90,0.8,4,0.22240177956849622,0.039996751611249784,0.18240502796327487,0.4629908340267452,0.09657576601261685,179.9998024560839,2.0252964628495427e-06,runs/improve_screen_centered_b1000_ph90
screen,centered,1000,90,0.8,5,0.16463963264308817,0.08672051195090721,0.2513601445908908,0.6518297097981706,0.183391479485703,-179.9997933281149,4.2230607443639235e-07,runs/improve_screen_centered_b1000_ph90
screen,centered,1000,90,0.8,6,0.12186734679072388,0.14877859396028462,0.27064594074976955,0.7824941158942343,0.26553642519940035,179.9998084482713,2.431966369470105e-07,runs/improve_screen_centered_b1000_ph90
screen,centered,1000,90,0.8,7,0.09019740062198156,0.15058319288181596,0.24078059350289194,0.8673753759754479,0.22141479912560158,-179.9997969587681,5.925789076413255e-07,runs/improve_screen_centered_b1000_ph90
screen,centered,1000,90,0.8,8,0.06675095235980205,0.11016550519169209,0.17691645755078064,0.9203781582766505,0.13140756959488814,179.99979095233834,6.89105547052938e-07,runs/improve_screen_centered_b1000_ph90
screen,centered_linear,1000,0,0.8,1,0.5478715068166311,0.5479395279897853,0.0005385857857481012,0.001097712879669048,0.9990263061733222,82.77233781044285,1.7103161382399224e-07,runs/improve_screen_centered_linear_b1000_ph0
screen,centered_linear,1000,0,0.8,2,0.40570504304392807,0.40557029479140433,0.006307505066767904,0.01692985695524883,0.9827436324771485,-91.66944132139169,1.899838115561391e-07,runs/improve_screen_centered_linear_b1000_ph0
screen,centered_linear,1000,0,0.8,3,0.3003972386392706,0.30191824624126046,0.00817396385624314,0.03439401479503445,0.9704951581237198,80.0408852160446,1.3678315153785195e-07,runs/improve_screen_centered_linear_b1000_ph0
screen,centered_linear,1000,0,0.8,4,0.22240177764247251,0.2233049397996029,0.005776364020418311,0.064139950241139,0.9396605291897004,-81.73880807617616,2.113771786556215e-07,runs/improve_screen_centered_linear_b1000_ph0
screen,centered_linear,1000,0,0.8,5,0.16463962948370148,0.17678130549144275,0.013743945407191979,0.15839816999546094,0.9036674261157648,29.04303951745439,0.00010383496122813796,runs/improve_screen_centered_linear_b1000_ph0
screen,centered_linear,1000,0,0.8,6,0.12186734251149192,0.13869016803940945,0.017006368110410706,0.2521344322269092,0.8511025113685196,-8.992260553969329,0.00011616957890341088,runs/improve_screen_centered_linear_b1000_ph0
screen,centered_linear,1000,0,0.8,7,0.09019739544883257,0.12143191783615882,0.03141009032104046,0.4067865693186444,0.798637745750303,7.03598497967092,9.711392030533316e-05,runs/improve_screen_centered_linear_b1000_ph0
screen,centered_linear,1000,0,0.8,8,0.06675094656125678,0.10245646536716303,0.03570971690229992,0.529816345444391,0.7216879729933809,-1.088485328580461,0.0001173657335278986,runs/improve_screen_centered_linear_b1000_ph0
screen,centered_linear,1000,90,0.8,1,0.5478715068166312,0.54726944031104,0.0006020665055937611,0.0010977128796690477,0.9978045742406667,-179.99983079800913,1.5135772822226845e-07,runs/improve_screen_centered_linear_b1000_ph90
screen,centered_linear,1000,90,0.8,2,0.405705043043928,0.3995194712832025,0.006185571760746298,0.016929856955248835,0.968081788771394,179.9998524328187,3.034722566701733e-07,runs/improve_screen_centered_linear_b1000_ph90
screen,centered_linear,1000,90,0.8,3,0.3003972386392705,0.29067201042227053,0.009725228217046383,0.03439401479503446,0.9343449169729231,-179.99982580774704,2.1326295931831126e-08,runs/improve_screen_centered_linear_b1000_ph90
screen,centered_linear,1000,90,0.8,4,0.22240177764247238,0.2125435104307893,0.009858267211725771,0.06413995024113904,0.894376755240895,179.9998351103938,1.727844310293997e-07,runs/improve_screen_centered_linear_b1000_ph90
screen,centered_linear,1000,90,0.8,5,0.1646396294837014,0.1631442205375459,0.0014954089465894647,0.15839816999546102,0.8339576260565812,-179.99862589833867,0.00011303469384753855,runs/improve_screen_centered_linear_b1000_ph90
screen,centered_linear,1000,90,0.8,6,0.12186734251149187,0.12899630240974275,0.007128959898294531,0.2521344322269093,0.7916139874240258,0.00020626019246719186,0.00010253149096323042,runs/improve_screen_centered_linear_b1000_ph90
screen,centered_linear,1000,90,0.8,7,0.09019739544883251,0.11124763800676882,0.021050242557950204,0.4067865693186445,0.7316574128199739,-7.313964392891451e-05,7.887325264647094e-05,runs/improve_screen_centered_linear_b1000_ph90
screen,centered_linear,1000,90,0.8,8,0.06675094656125674,0.09706460288255078,0.030313656321296355,0.5298163454443912,0.6837085024618319,2.704002063606751e-05,8.43150921303435e-05,runs/improve_screen_centered_linear_b1000_ph90
screen,centered_xy,1000,0,0.8,1,0.5478715068166311,0.5479395279897853,0.0005385857857481012,0.001097712879669048,0.9990263061733222,82.77233781044285,1.7103161382399224e-07,runs/improve_screen_centered_xy_b1000_ph0
screen,centered_xy,1000,0,0.8,2,0.4057050430439279,0.399655946870856,0.006049121537972642,0.01692985695524884,0.9684124848713738,179.83531799819414,2.777369409915784e-07,runs/improve_screen_centered_xy_b1000_ph0
screen,centered_xy,1000,0,0.8,3,0.30039723941207885,0.30676241919086206,0.08215258224841597,0.22618864566434688,0.790207804565522,-93.35022065456327,1.2261784599035072e-07,runs/improve_screen_centered_xy_b1000_ph0
screen,centered_xy,1000,0,0.8,4,0.2224017795684962,0.2869828173006169,0.06471879496041255,0.4629908340267453,0.6929459092740536,4.248053961973582,3.646119510353303e-07,runs/improve_screen_centered_xy_b1000_ph0
screen,centered_xy,1000,0,0.8,5,0.16463963264308812,0.27120147866004096,0.1074620794351643,0.6518297097981706,0.5735210654467882,9.537356719610916,1.642849280587211e-08,runs/improve_screen_centered_xy_b1000_ph0
screen,centered_xy,1000,0,0.8,6,0.12186734679072386,0.17621901856750677,0.05435679253842864,0.7824941158942343,0.3145114293461696,-0.9457335503681613,5.79761392713785e-07,runs/improve_screen_centered_xy_b1000_ph0
screen,centered_xy,1000,0,0.8,7,0.09019740062198156,0.12598808810500725,0.06041833358888969,0.8673753759754478,0.1852506025814079,-67.97642576142911,1.6675827782491556e-07,runs/improve_screen_centered_xy_b1000_ph0
screen,centered_xy,1000,0,0.8,8,0.06675095235980202,0.1282387433168509,0.06153354608208391,0.9203781582766505,0.1529656815701773,3.0631825799401797,6.193008750237108e-07,runs/improve_screen_centered_xy_b1000_ph0
screen,centered_xy,1000,90,0.8,1,0.5478715068166312,0.54726944031104,0.0006020665055937611,0.0010977128796690477,0.9978045742406667,-179.99983079800913,1.5135772822226845e-07,runs/improve_screen_centered_xy_b1000_ph90
screen,centered_xy,1000,90,0.8,2,0.40570504304392807,0.4054751152809151,0.005550876956251969,0.01692985695524883,0.9825130015382537,92.76566217151431,1.324105424761648e-07,runs/improve_screen_centered_xy_b1000_ph90
screen,centered_xy,1000,90,0.8,3,0.30039723941207896,0.313175798250992,0.07221964349996216,0.2261886456643468,0.8067284142292453,86.53167520511153,8.636562569164688e-08,runs/improve_screen_centered_xy_b1000_ph90
screen,centered_xy,1000,90,0.8,4,0.22240177956849627,0.2900274899619881,0.06762597694212444,0.46299083402674523,0.7002975461616574,-0.18370451167631657,9.480467186622334e-08,runs/improve_screen_centered_xy_b1000_ph90
screen,centered_xy,1000,90,0.8,5,0.16463963264308817,0.2686343201414821,0.10476422262721423,0.6518297097981706,0.5680921883772043,-8.88597419673325,2.1298741921061767e-07,runs/improve_screen_centered_xy_b1000_ph90
screen,centered_xy,1000,90,0.8,6,0.12186734679072389,0.17932058228134612,0.05755544963218792,0.7824941158942345,0.3200470250201071,4.143599907613242,6.6758046262737e-07,runs/improve_screen_centered_xy_b1000_ph90
screen,centered_xy,1000,90,0.8,7,0.09019740062198156,0.12880511564288158,0.056717057200705766,0.8673753759754479,0.189392708845015,59.203814389415896,1.8920671322803596e-07,runs/improve_screen_centered_xy_b1000_ph90
screen,centered_xy,1000,90,0.8,8,0.06675095235980207,0.1294857701141572,0.06273660420397882,0.9203781582766504,0.1544531595277156,-0.6022243331628881,6.149151836981665e-07,runs/improve_screen_centered_xy_b1000_ph90
screen,combined,1000,0,0.8,1,0.5478715068166311,0.5479395279897853,0.0005385857857481012,0.001097712879669048,0.9990263061733222,82.77233781044285,1.7103161382399224e-07,runs/improve_screen_combined_b1000_ph0
screen,combined,1000,0,0.8,2,0.40570504304392807,0.40557029479140433,0.006307505066767904,0.01692985695524883,0.9827436324771485,-91.66944132139169,1.899838115561391e-07,runs/improve_screen_combined_b1000_ph0
screen,combined,1000,0,0.8,3,0.3003972388587931,0.28408871907223165,0.0166209110194735,0.07148589231906681,0.8781052199203702,169.1840597966674,1.7534313183458486e-08,runs/improve_screen_combined_b1000_ph0
screen,combined,1000,0,0.8,4,0.22240177802014752,0.21675899806446447,0.005644295885227548,0.10870376574914561,0.8686822580048961,178.6890068959199,3.171920588356877e-08,runs/improve_screen_combined_b1000_ph0
screen,combined,1000,0,0.8,5,0.16463962996076376,0.16446006161436036,0.0024754892307305393,0.17923066306615437,0.8198741442475711,94.58953557974937,1.6088447313838136e-07,runs/improve_screen_combined_b1000_ph0
screen,combined,1000,0,0.8,6,0.12186734286461656,0.12995835037894993,0.01223987586835554,0.3003911800911853,0.7460571963640596,-50.7457735940242,2.6972152037570196e-07,runs/improve_screen_combined_b1000_ph0
screen,combined,1000,0,0.8,7,0.09019739539338666,0.09628101951538896,0.008616067433331053,0.37186311158292706,0.6705033970022395,46.989806377273716,5.461049366988691e-07,runs/improve_screen_combined_b1000_ph0
screen,combined,1000,0,0.8,8,0.06675094582611373,0.0630306329103397,0.008192097647487101,0.4900388574788219,0.4815388482512712,-120.18820994383888,1.2959256786230108e-05,runs/improve_screen_combined_b1000_ph0
screen,combined,1000,90,0.8,1,0.5478715068166312,0.54726944031104,0.0006020665055937611,0.0010977128796690477,0.9978045742406667,-179.99983079800913,1.5135772822226845e-07,runs/improve_screen_combined_b1000_ph90
screen,combined,1000,90,0.8,2,0.405705043043928,0.3995194712832025,0.006185571760746298,0.016929856955248835,0.968081788771394,179.9998524328187,3.034722566701733e-07,runs/improve_screen_combined_b1000_ph90
screen,combined,1000,90,0.8,3,0.30039723885879305,0.3131352720719528,0.012738033213383886,0.07148589231906667,0.9678867849647176,0.000347004979512148,1.135929420092911e-07,runs/improve_screen_combined_b1000_ph90
screen,combined,1000,90,0.8,4,0.22240177802014743,0.2381000386778124,0.015698260657760418,0.10870376574914555,0.9542085038065304,-0.00020675325022421684,5.561220579623069e-07,runs/improve_screen_combined_b1000_ph90
screen,combined,1000,90,0.8,5,0.1646396299607637,0.1812037633185385,0.01656413335782909,0.17923066306615443,0.9033456446927041,0.00015390411787885984,1.8841349802081426e-07,runs/improve_screen_combined_b1000_ph90
screen,combined,1000,90,0.8,6,0.1218673428646165,0.12268607462944234,0.0008187317650308816,0.3003911800911852,0.7043089467052772,0.0012865908329422271,5.955135970381614e-07,runs/improve_screen_combined_b1000_ph90
screen,combined,1000,90,0.8,7,0.0901973953933866,0.09495831709470334,0.004760921701317629,0.37186311158292723,0.6612920646881791,-3.566086054054184e-05,1.524103345218858e-06,runs/improve_screen_combined_b1000_ph90
screen,combined,1000,90,0.8,8,0.06675094582611367,0.0717880486752249,0.005037102849165751,0.49003885747882214,0.5484433946022342,-0.00027646069822334125,1.6388520763787795e-06,runs/improve_screen_combined_b1000_ph90
screen,double_crushers,1000,0,0.8,1,0.49180550838940607,0.4917928970535994,0.0001532441348415504,0.000336111955814285,0.9996382537298666,-94.72943215031674,1.4927633970037465e-07,runs/improve_screen_double_crushers_b1000_ph0
screen,double_crushers,1000,0,0.8,2,0.4057050399779431,0.4057032716834325,0.002447449160632344,0.006498643794610788,0.9934970259584824,90.2142176629764,6.376499531709086e-08,runs/improve_screen_double_crushers_b1000_ph0
screen,double_crushers,1000,0,0.8,3,0.2696563169144997,0.34632100015363493,0.07674118544081063,0.23089625466031669,0.9877639113212384,-2.8997782902673555,6.484298301739488e-07,runs/improve_screen_double_crushers_b1000_ph0
screen,double_crushers,1000,0,0.8,4,0.22240177359297986,0.2654486813085469,0.0431889896812858,0.4349679259404013,0.6743966854807854,5.079747227149975,4.826706310203173e-08,runs/improve_screen_double_crushers_b1000_ph0
screen,double_crushers,1000,0,0.8,5,0.14779135491668288,0.2458814650886876,0.09811747131473493,0.6592763093917565,0.5668642816381858,-1.7454154978186247,2.6332945275799474e-07,runs/improve_screen_double_crushers_b1000_ph0
screen,double_crushers,1000,0,0.8,6,0.12186734116300557,0.1749781320775033,0.053124862118997675,0.7667346025394934,0.33492437872556247,1.5802473686144363,8.579939589506656e-07,runs/improve_screen_double_crushers_b1000_ph0
screen,double_crushers,1000,0,0.8,7,0.08096711628233678,0.1698019105549952,0.08883483480014334,0.8708702139559448,0.27080727814708716,-0.07925703439458447,2.3220477157263808e-07,runs/improve_screen_double_crushers_b1000_ph0
screen,double_crushers,1000,0,0.8,8,0.0667509479882831,0.12055400057563963,0.053807725786755745,0.9140047988873967,0.1553096373440385,-1.0148326897551856,4.6237561101709567e-07,runs/improve_screen_double_crushers_b1000_ph0
screen,double_crushers,1000,90,0.8,1,0.49180550838940607,0.49197086567927245,0.00016535728986706236,0.000336111955814285,0.9999999999999986,0.00016370619467778687,1.8425259113731074e-07,runs/improve_screen_double_crushers_b1000_ph90
screen,double_crushers,1000,90,0.8,2,0.4057050399779431,0.4081908423002445,0.0024858023223101803,0.006498643794610788,0.9995886554378542,-0.00015264509296915524,1.5617763864481746e-07,runs/improve_screen_double_crushers_b1000_ph90
screen,double_crushers,1000,90,0.8,3,0.26965631691449965,0.1967551518333599,0.07290116508262087,0.2308962546603166,0.5611777462565287,-179.999688023201,9.637680862718644e-07,runs/improve_screen_double_crushers_b1000_ph90
screen,double_crushers,1000,90,0.8,4,0.22240177359297977,0.0653376664168937,0.15706410717914254,0.43496792594040123,0.16599632535896724,179.99980625889376,2.606912911804882e-06,runs/improve_screen_double_crushers_b1000_ph90
screen,double_crushers,1000,90,0.8,5,0.1477913549166828,0.08476528698411236,0.23255664189790792,0.6592763093917567,0.19542104768560775,-179.9997837783537,1.5541486604264912e-07,runs/improve_screen_double_crushers_b1000_ph90
screen,double_crushers,1000,90,0.8,6,0.12186734116300554,0.12564136615608054,0.24750870731783844,0.7667346025394934,0.2404892314396035,179.99981528366033,9.908050125583926e-07,runs/improve_screen_double_crushers_b1000_ph90
screen,double_crushers,1000,90,0.8,7,0.08096711628233678,0.1505650956135316,0.2315322118950286,0.8708702139559448,0.2401275909899175,-179.9997895621719,5.418908998741688e-07,runs/improve_screen_double_crushers_b1000_ph90
screen,double_crushers,1000,90,0.8,8,0.06675094798828309,0.10047690370010341,0.1672278516877028,0.9140047988873967,0.12944432702856526,179.9997989868379,3.5081929387233757e-07,runs/improve_screen_double_crushers_b1000_ph90
screen,duration_half,1000,0,0.8,1,0.4918055093740136,0.4918741430933228,0.0009290215216440692,0.0020176698429233207,0.9981216031782567,85.81724151890087,5.1906272226903744e-08,runs/improve_screen_duration_half_b1000_ph0
screen,duration_half,1000,0,0.8,2,0.405705043171933,0.4030755417909003,0.006225835248888172,0.02188852266244645,0.971772030678585,-115.38238221108774,2.292071745947086e-07,runs/improve_screen_duration_half_b1000_ph0
screen,duration_half,1000,0,0.8,3,0.2696563228475533,0.34766470041898323,0.07929678104492455,0.26837640446271727,0.9432736287282524,11.75913190887517,1.0328200237508218e-07,runs/improve_screen_duration_half_b1000_ph0
screen,duration_half,1000,0,0.8,4,0.22240177979197187,0.26307687913984307,0.042501685053712074,0.46509559918492843,0.6327331576942552,-18.379897283889093,2.001164379532437e-07,runs/improve_screen_duration_half_b1000_ph0
screen,duration_half,1000,0,0.8,5,0.1477913611242941,0.24723585669677195,0.09995593057911134,0.6818363280331063,0.5322467254521767,7.505762901692031,1.0791808922409239e-07,runs/improve_screen_duration_half_b1000_ph0
screen,duration_half,1000,0,0.8,6,0.12186734699718478,0.17319532824448972,0.05153237370868321,0.7829330600173631,0.3084910014672611,-6.088170818408199,2.6858526913920054e-07,runs/improve_screen_duration_half_b1000_ph0
screen,duration_half,1000,0,0.8,7,0.0809671213025236,0.17008532553336245,0.08912478099380862,0.8804930316532323,0.25104488448858414,1.0088657291887289,5.292046136523431e-07,runs/improve_screen_duration_half_b1000_ph0
screen,duration_half,1000,0,0.8,8,0.06675095251890029,0.11990052211846818,0.053221874200796666,0.920647390889471,0.14253608232962925,4.004157634043171,1.4088538976805498e-07,runs/improve_screen_duration_half_b1000_ph0
screen,duration_half,1000,90,0.8,1,0.49180550937401357,0.4908112020452584,0.0009943073287591413,0.002017669842923321,0.9959646603141618,-179.99983755027523,6.3054302272902574e-09,runs/improve_screen_duration_half_b1000_ph90
screen,duration_half,1000,90,0.8,2,0.40570504317193296,0.4027381534410981,0.002966889730834997,0.02188852266244645,0.9709586234439067,179.9999847173732,1.4923026735450701e-07,runs/improve_screen_duration_half_b1000_ph90
screen,duration_half,1000,90,0.8,3,0.2696563228475533,0.17938326459033474,0.09027305825887244,0.26837640446271716,0.4866973918241549,-179.9997171249836,9.19710246918327e-08,runs/improve_screen_duration_half_b1000_ph90
screen,duration_half,1000,90,0.8,4,0.2224017797919718,0.05013507733690884,0.1722667024591633,0.46509559918492854,0.12058120005964333,179.9998123062182,1.906290601707364e-06,runs/improve_screen_duration_half_b1000_ph90
screen,duration_half,1000,90,0.8,5,0.14779136112429406,0.10048258062511856,0.24827394174689424,0.6818363280331065,0.21631783195710694,-179.99978720915385,3.207123310456211e-07,runs/improve_screen_duration_half_b1000_ph90
screen,duration_half,1000,90,0.8,6,0.12186734699718475,0.1333827746873112,0.25525012168331135,0.7829330600173631,0.23757791944413953,179.99981738330945,1.6605736316404673e-07,runs/improve_screen_duration_half_b1000_ph90
screen,duration_half,1000,90,0.8,7,0.0809671213025236,0.15389557256047615,0.23486269386217146,0.8804930316532323,0.22714890961696171,-179.99979021077925,4.793794774542893e-07,runs/improve_screen_duration_half_b1000_ph90
screen,duration_half,1000,90,0.8,8,0.06675095251890026,0.09727673458110822,0.16402768709931373,0.920647390889471,0.11564123661872405,179.9997986880864,7.42731002410121e-07,runs/improve_screen_duration_half_b1000_ph90
screen,equal_first,1000,0,0.8,1,0.4918054430893552,0.49179117720774496,0.00014157415320745784,0.00031534530547536204,0.9996556566768495,-95.79149503511422,6.385295528904955e-08,runs/improve_screen_equal_first_b1000_ph0
screen,equal_first,1000,0,0.8,2,0.40570504324612044,0.40306009997172465,0.004971310314754995,0.01850542649232417,0.9750958424239209,-122.44121010208359,7.264746220210825e-08,runs/improve_screen_equal_first_b1000_ph0
screen,equal_first,1000,0,0.8,3,0.26965628552287996,0.3462596973343275,0.07696594402418681,0.2517858343074989,0.9607653315092465,6.306526603049754,8.20416852990003e-08,runs/improve_screen_equal_first_b1000_ph0
screen,equal_first,1000,0,0.8,4,0.22240177902972563,0.26381391409287563,0.04206049796658128,0.4521872722124029,0.6498177331945927,-10.980464550055299,1.8238420075499994e-07,runs/improve_screen_equal_first_b1000_ph0
screen,equal_first,1000,0,0.8,5,0.147791340121967,0.24575836745577784,0.09811186901343621,0.6715861694866752,0.5461107989835247,4.016115430397118,1.2470103451877146e-07,runs/improve_screen_equal_first_b1000_ph0
screen,equal_first,1000,0,0.8,6,0.12186734613953865,0.17383886872356832,0.052044566647238624,0.7754904048042714,0.3202539095396721,-3.626521644036989,7.97078672029883e-08,runs/improve_screen_equal_first_b1000_ph0
screen,equal_first,1000,0,0.8,7,0.0809671094930648,0.16964032311569488,0.08867426102049353,0.8760080769750455,0.2597848684161228,0.4030941328878788,2.3650818438991118e-07,runs/improve_screen_equal_first_b1000_ph0
screen,equal_first,1000,0,0.8,8,0.06675095180815364,0.11976125631899348,0.053030748813223186,0.9175131308290826,0.1479938609732729,2.1312427070837514,1.7712955028410973e-07,runs/improve_screen_equal_first_b1000_ph0
screen,equal_first,1000,90,0.8,1,0.49180544308935525,0.4919605805489096,0.00015513745955498794,0.000315345305475362,0.9999999999999987,0.00016609025945106572,9.287523379634628e-09,runs/improve_screen_equal_first_b1000_ph90
screen,equal_first,1000,90,0.8,2,0.40570504324612044,0.4040956462547018,0.0016093969914211476,0.01850542649232417,0.9776010690023874,-179.9999000786843,1.5608154601485902e-07,runs/improve_screen_equal_first_b1000_ph90
screen,equal_first,1000,90,0.8,3,0.26965628552287985,0.188517700676435,0.0811385848479882,0.251785834307499,0.5230792742560398,-179.99970452340693,2.085230703710172e-08,runs/improve_screen_equal_first_b1000_ph90
screen,equal_first,1000,90,0.8,4,0.22240177902972552,0.0573324072314625,0.16506937180178854,0.45218727221240296,0.14121929479664372,179.99980987196324,1.2425277510087898e-06,runs/improve_screen_equal_first_b1000_ph90
screen,equal_first,1000,90,0.8,5,0.14779134012196693,0.09174071619032095,0.23953205630959065,0.6715861694866752,0.20386120048194148,-179.99978577369433,2.0370344330463834e-07,runs/improve_screen_equal_first_b1000_ph90
screen,equal_first,1000,90,0.8,6,0.12186734613953855,0.12915712389319278,0.25102447003151585,0.7754904048042716,0.23793915696419268,179.99981644608687,9.944531988821294e-08,runs/improve_screen_equal_first_b1000_ph90
screen,equal_first,1000,90,0.8,7,0.08096710949306477,0.15133325436175815,0.232300363853987,0.8760080769750456,0.23174967395305388,-179.99978986163507,2.1804672260562497e-07,runs/improve_screen_equal_first_b1000_ph90
screen,equal_first,1000,90,0.8,8,0.06675095180815359,0.09852598456025402,0.16527693636771962,0.9175131308290826,0.1217525709852842,179.99979915024767,6.959642913006114e-07,runs/improve_screen_equal_first_b1000_ph90
screen,equal_interval,1000,0,0.8,1,0.4918055093740136,0.4918741430933228,0.0009290215216440692,0.0020176698429233207,0.9981216031782567,85.81724151890087,5.1906272226903744e-08,runs/improve_screen_equal_interval_b1000_ph0
screen,equal_interval,1000,0,0.8,2,0.3159633995571306,0.3156384693472436,0.0027799942723840372,0.010398786345149387,0.9885835282820891,-96.96256056137858,1.1323539486148718e-07,runs/improve_screen_equal_interval_b1000_ph0
screen,equal_interval,1000,0,0.8,3,0.16355482140111552,0.22251490628101425,0.059112700695255815,0.28391896157380964,0.9742219996330133,4.804482108563857,6.999400860656053e-08,runs/improve_screen_equal_interval_b1000_ph0
screen,equal_interval,1000,0,0.8,4,0.10505515627990263,0.12058783883038451,0.015955792965469295,0.5226617884658291,0.5479139278676055,-14.185306977860899,1.8697458860818883e-07,runs/improve_screen_equal_interval_b1000_ph0
screen,equal_interval,1000,0,0.8,5,0.054369399357083195,0.10472832515621452,0.05040871750147493,0.7491078222814399,0.4832776870439526,3.535400497616515,2.847533870877961e-07,runs/improve_screen_equal_interval_b1000_ph0
screen,equal_interval,1000,0,0.8,6,0.034915576300642695,0.043691008775407214,0.008862610020171606,0.848867786635653,0.18911670835651814,-9.003451186167595,5.190865931887806e-07,runs/improve_screen_equal_interval_b1000_ph0
screen,equal_interval,1000,0,0.8,7,0.01806620475760108,0.04896551822451202,0.030900383404578027,0.9272657019552203,0.19713451963176215,0.784968839679955,2.1038072291343012e-07,runs/improve_screen_equal_interval_b1000_ph0
screen,equal_interval,1000,0,0.8,8,0.011599574762042217,0.015880669455836657,0.0042966526945174425,0.9575052125727309,0.058178483830013304,5.708851856947161,8.412860085374114e-07,runs/improve_screen_equal_interval_b1000_ph0
screen,equal_interval,1000,90,0.8,1,0.49180550937401357,0.4908112020452584,0.0009943073287591413,0.002017669842923321,0.9959646603141618,-179.99983755027523,6.3054302272902574e-09,runs/improve_screen_equal_interval_b1000_ph90
screen,equal_interval,1000,90,0.8,2,0.3159633995571305,0.3135001952018059,0.0024632043553311383,0.01039878634514939,0.9818864276292357,179.99986872169586,1.9185508161364172e-07,runs/improve_screen_equal_interval_b1000_ph90
screen,equal_interval,1000,90,0.8,3,0.16355482140111552,0.10000201289795627,0.06355280850451879,0.28391896157380964,0.4378320652807695,-179.9997069516929,2.501143223595012e-09,runs/improve_screen_equal_interval_b1000_ph90
screen,equal_interval,1000,90,0.8,4,0.10505515627990264,0.004978352179004057,0.11003350844826494,0.522661788465829,0.022620096049180253,179.9998265333928,1.578631278194179e-06,runs/improve_screen_equal_interval_b1000_ph90
screen,equal_interval,1000,90,0.8,5,0.05436939935708319,0.08149021411937804,0.1358596134758616,0.7491078222814399,0.37604346424509333,-179.99979159294386,3.1024018121274564e-07,runs/improve_screen_equal_interval_b1000_ph90
screen,equal_interval,1000,90,0.8,6,0.034915576300642695,0.08914390222560047,0.12405947852604696,0.848867786635653,0.3858597416603991,179.99983718373593,4.19716264314796e-07,runs/improve_screen_equal_interval_b1000_ph90
screen,equal_interval,1000,90,0.8,7,0.018066204757601078,0.08048104021212732,0.09854724496959393,0.9272657019552204,0.3240155884583283,-179.9998002313251,1.263019416118411e-07,runs/improve_screen_equal_interval_b1000_ph90
screen,equal_interval,1000,90,0.8,8,0.011599574762042215,0.05055737387416651,0.062156948636151337,0.9575052125727309,0.18521582900556455,179.9998374537127,2.42416187579314e-07,runs/improve_screen_equal_interval_b1000_ph90
screen,flip160,1000,0,0.8,1,0.4392390347857319,0.43937715338949995,0.0012496293330111687,0.003128628623687155,0.9971848373277578,83.73526353422145,5.537094737717736e-08,runs/improve_screen_flip160_b1000_ph0
screen,flip160,1000,0,0.8,2,0.3236126465514849,0.3234175884061304,0.004492454968747618,0.017190630486540542,0.9822169792750147,-92.88589458300244,7.916974489954361e-08,runs/improve_screen_flip160_b1000_ph0
screen,flip160,1000,0,0.8,3,0.19210259138846797,0.314982432237953,0.12302521681072708,0.4092824530665545,0.968574387018412,3.5676618379887057,9.51338123285325e-08,runs/improve_screen_flip160_b1000_ph0
screen,flip160,1000,0,0.8,4,0.14150390131788468,0.22058838481155016,0.07914280376730667,0.6301212052423375,0.5765987025922611,-2.746749766788843,1.861083538959706e-07,runs/improve_screen_flip160_b1000_ph0
screen,flip160,1000,0,0.8,5,0.08398210204029714,0.21654824871345477,0.1325678470079023,0.8182615193139526,0.4686135350306402,0.4659848104498668,1.864507376144065e-07,runs/improve_screen_flip160_b1000_ph0
screen,flip160,1000,0,0.8,6,0.06184898665952786,0.1606029710866114,0.09876834840929224,0.8943980640315694,0.27421604758685797,1.5747080088079597,2.1466933441068802e-07,runs/improve_screen_flip160_b1000_ph0
screen,flip160,1000,0,0.8,7,0.03669961149791303,0.1426766059686707,0.10598415949559908,0.951599265801937,0.18816690967325633,-1.3136710126524425,7.499829997824132e-08,runs/improve_screen_flip160_b1000_ph0
screen,flip160,1000,0,0.8,8,0.027022017780859216,0.11636878855480602,0.08935023818804577,0.9729564961084127,0.11646131727329219,1.04751748500154,2.3081145091277814e-07,runs/improve_screen_flip160_b1000_ph0
screen,flip160,1000,90,0.8,1,0.43923903478573184,0.4378605060644508,0.0013785287212869138,0.0031286286236871554,0.9937427427526401,-179.99983287059737,1.0728206106419822e-07,runs/improve_screen_flip160_b1000_ph90
screen,flip160,1000,90,0.8,2,0.32361264655148503,0.3192379865868514,0.004374659964647742,0.01719063048654054,0.9695235574554522,179.99985577798864,2.9189373787229464e-08,runs/improve_screen_flip160_b1000_ph90
screen,flip160,1000,90,0.8,3,0.192102591388468,0.06097580365182122,0.13112678774210382,0.4092824530665544,0.18750125594433562,-179.9997055022321,4.677966368927197e-07,runs/improve_screen_flip160_b1000_ph90
screen,flip160,1000,90,0.8,4,0.1415039013178847,0.07609506257582707,0.21759896389106237,0.6301212052423374,0.19890582358804879,179.9997926632607,7.255948519794905e-07,runs/improve_screen_flip160_b1000_ph90
screen,flip160,1000,90,0.8,5,0.08398210204029719,0.15411581179696113,0.23809791383615056,0.8182615193139525,0.3335088406365094,-179.99976323949826,9.146539023501082e-08,runs/improve_screen_flip160_b1000_ph90
screen,flip160,1000,90,0.8,6,0.06184898665952787,0.08676664972576005,0.14861563638425412,0.8943980640315694,0.14814674715650222,179.99974687846188,8.236813834225733e-07,runs/improve_screen_flip160_b1000_ph90
screen,flip160,1000,90,0.8,7,0.03669961149791303,0.022002755229477155,0.058702366724676255,0.951599265801937,0.029018004933036537,-179.99957340426673,1.0705497236146433e-07,runs/improve_screen_flip160_b1000_ph90
screen,flip160,1000,90,0.8,8,0.027022017780859216,0.04795438526455849,0.020932367484143,0.9729564961084127,0.04799251540125088,0.0004969857376997123,2.544412526832075e-07,runs/improve_screen_flip160_b1000_ph90
screen,flip200,1000,0,0.8,1,0.5273316497001267,0.5273533229176898,0.0005395662456045245,0.0010618435894595313,0.9989792125542563,87.72722081955304,1.1695307900664943e-07,runs/improve_screen_flip200_b1000_ph0
screen,flip200,1000,0,0.8,2,0.46643518538697415,0.4664023143441959,0.00305579712569193,0.00696806575973474,0.9929619523945271,-90.80401563585555,3.252927929672172e-07,runs/improve_screen_flip200_b1000_ph0
screen,flip200,1000,0,0.8,3,0.33241602455091024,0.3602698185550231,0.028596151603997963,0.09550755843123732,0.9802816463153436,13.630493816877552,1.93601097550326e-07,runs/improve_screen_flip200_b1000_ph0
screen,flip200,1000,0,0.8,4,0.2939679954793216,0.30811644103102903,0.015971224872986682,0.202894880703037,0.8354691539973106,-28.354709083588016,3.033308137139537e-07,runs/improve_screen_flip200_b1000_ph0
screen,flip200,1000,0,0.8,5,0.20946009072819705,0.24989371768261223,0.041242185700849296,0.37937159115491204,0.7404328903256091,12.426595495839194,2.3169089070635626e-07,runs/improve_screen_flip200_b1000_ph0
screen,flip200,1000,0,0.8,6,0.18519533572637348,0.20044625639228184,0.01715617411646444,0.4913701660732567,0.550515733564043,-28.450390813262832,1.035221531730292e-07,runs/improve_screen_flip200_b1000_ph0
screen,flip200,1000,0,0.8,7,0.13192947437206667,0.17518066981017813,0.04376916320999532,0.6446345166839053,0.4718669856833142,10.178154329128134,6.090864565541192e-07,runs/improve_screen_flip200_b1000_ph0
screen,flip200,1000,0,0.8,8,0.11662215172270327,0.1289617849096657,0.013649573627087469,0.7181508744248748,0.3116712028759515,-26.70434607963813,7.283789835302842e-07,runs/improve_screen_flip200_b1000_ph0
screen,flip200,1000,90,0.8,1,0.5273316497001268,0.5267711107636995,0.0005605389364293905,0.0010618435894595311,0.9978763128210851,-179.99984210914536,1.462101670815448e-07,runs/improve_screen_flip200_b1000_ph90
screen,flip200,1000,90,0.8,2,0.4664351853869741,0.46340053398926595,0.0030346513977186325,0.006968065759734741,0.9865712172068559,179.99985006372563,2.761308448295924e-07,runs/improve_screen_flip200_b1000_ph90
screen,flip200,1000,90,0.8,3,0.3324160245509103,0.29776701504218767,0.03464900950916515,0.0955075584312373,0.8102136917677463,-179.9997259322459,9.427585483847023e-08,runs/improve_screen_flip200_b1000_ph90
screen,flip200,1000,90,0.8,4,0.29396799547932173,0.2209278822878632,0.07304011319194537,0.20289488070303682,0.5990541442443521,179.9998186489188,8.629232459047468e-07,runs/improve_screen_flip200_b1000_ph90
screen,flip200,1000,90,0.8,5,0.20946009072819702,0.08936510210713536,0.12009498862283,0.37937159115491204,0.2647880125240679,-179.999796910082,1.2533301869206066e-06,runs/improve_screen_flip200_b1000_ph90
screen,flip200,1000,90,0.8,6,0.1851953357263735,0.030602987696073402,0.15459234803427038,0.4913701660732566,0.084049592763579,179.9998330750054,4.6919527374822575e-06,runs/improve_screen_flip200_b1000_ph90
screen,flip200,1000,90,0.8,7,0.13192947437206665,0.053989779667900493,0.18591925403753898,0.6446345166839053,0.14542697329108123,-179.99981267407043,1.4575441288357892e-06,runs/improve_screen_flip200_b1000_ph90
screen,flip200,1000,90,0.8,8,0.11662215172270325,0.08124992177647739,0.19787207349805294,0.7181508744248749,0.19636251833355087,179.99983854249606,9.07914385316328e-07,runs/improve_screen_flip200_b1000_ph90
screen,hanning,1000,0,0.8,1,0.4918063627855912,0.491874995550605,0.0009290135428169045,0.0020176483872044884,0.9981216224588215,85.81726352610157,4.530892805613865e-08,runs/improve_screen_hanning_b1000_ph0
screen,hanning,1000,0,0.8,2,0.40570635148634326,0.40560477144287693,0.004484828575774736,0.012487520740869318,0.9872652276196155,-91.61446807345338,1.1816577107411883e-07,runs/improve_screen_hanning_b1000_ph0
screen,hanning,1000,0,0.8,3,0.2696575919569018,0.34630166775520355,0.07705218250622647,0.2441726607489268,0.9706541774631663,6.688481428785082,1.1582502449606804e-07,runs/improve_screen_hanning_b1000_ph0
screen,hanning,1000,0,0.8,4,0.2224031577777941,0.26548411113870285,0.04368329529203853,0.4452141173352777,0.6622515543538311,-10.41584860394738,9.632525067356968e-08,runs/improve_screen_hanning_b1000_ph0
screen,hanning,1000,0,0.8,5,0.14779249579805834,0.24590064290079802,0.09825443475057884,0.6669260806824633,0.5541762486072507,4.03434765719876,1.74135045761354e-07,runs/improve_screen_hanning_b1000_ph0
screen,hanning,1000,0,0.8,6,0.12186846416446692,0.17488079695762004,0.053070381910883514,0.7721082715141899,0.32702379053422237,-3.210906039041762,2.66616609209804e-07,runs/improve_screen_hanning_b1000_ph0
screen,hanning,1000,0,0.8,7,0.0809679834962014,0.1698041498595052,0.08883689807519901,0.8740594762901058,0.264119503018409,0.33676703727852947,1.1819865608231264e-07,runs/improve_screen_hanning_b1000_ph0
screen,hanning,1000,0,0.8,8,0.06675176275743622,0.12047059496926917,0.05374399034350777,0.9161803731279036,0.15127391251190128,2.355452131426076,4.024802234892321e-07,runs/improve_screen_hanning_b1000_ph0
screen,hanning,1000,90,0.8,1,0.4918063627855911,0.49081206432622104,0.000994298459374026,0.002017648387204489,0.9959647032255995,-179.99983755032622,6.297871576397766e-08,runs/improve_screen_hanning_b1000_ph90
screen,hanning,1000,90,0.8,2,0.4057063514863432,0.4012851566530935,0.0044211948332645796,0.01248752074086932,0.9767510379973046,179.9998522612881,1.1129429366959173e-07,runs/improve_screen_hanning_b1000_ph90
screen,hanning,1000,90,0.8,3,0.26965759195690175,0.1837916418922088,0.08586595006628041,0.24417266074892685,0.5151523703073653,-179.9997123689665,2.6755072997637655e-07,runs/improve_screen_hanning_b1000_ph90
screen,hanning,1000,90,0.8,4,0.2224031577777941,0.05320582965936342,0.16919732812234828,0.4452141173352777,0.13272223049984955,179.9998092963028,6.900115460113492e-07,runs/improve_screen_hanning_b1000_ph90
screen,hanning,1000,90,0.8,5,0.14779249579805825,0.09527048435093631,0.24306298014637898,0.6669260806824633,0.21470720449436587,-179.99978658879047,8.175126615115468e-08,runs/improve_screen_hanning_b1000_ph90
screen,hanning,1000,90,0.8,6,0.12186846416446688,0.1307566313394988,0.25262509550275175,0.77210827151419,0.24451243339479534,179.9998160153253,6.825851635076361e-07,runs/improve_screen_hanning_b1000_ph90
screen,hanning,1000,90,0.8,7,0.08096798349620139,0.15172669677234077,0.23269468026770693,0.8740594762901058,0.23600118006122003,-179.99978985328136,2.6921627591647923e-07,runs/improve_screen_hanning_b1000_ph90
screen,hanning,1000,90,0.8,8,0.06675176275743616,0.09757337814043994,0.16432514089717895,0.9161803731279036,0.12252206998789028,179.9997982157571,1.429999736456614e-07,runs/improve_screen_hanning_b1000_ph90
screen,irregular_crushers,1000,0,0.8,1,0.4918055093740136,0.4918741430933228,0.0009290215216440692,0.0020176698429233207,0.9981216031782567,85.81724151890087,5.1906272226903744e-08,runs/improve_screen_irregular_crushers_b1000_ph0
screen,irregular_crushers,1000,0,0.8,2,0.4057050440478791,0.40560346278717363,0.004484851893381074,0.012487635937756534,0.9872651086919311,-91.61447954506623,1.859208790729636e-07,runs/improve_screen_irregular_crushers_b1000_ph0
screen,irregular_crushers,1000,0,0.8,3,0.269656374163623,0.2631951068060467,0.007610466904224348,0.04794578180316133,0.9292419377092822,148.53261480195,9.180347100432088e-09,runs/improve_screen_irregular_crushers_b1000_ph0
screen,irregular_crushers,1000,0,0.8,4,0.22240177845735026,0.21466229440698992,0.008388256721139905,0.10138880814729619,0.8673399176971646,157.7380246407336,2.0803596512801723e-07,runs/improve_screen_irregular_crushers_b1000_ph0
screen,irregular_crushers,1000,0,0.8,5,0.1477913786717719,0.1208738769196759,0.026953321045747484,0.2672061332062196,0.5993288408185254,-177.32860053931185,3.86583126409393e-07,runs/improve_screen_irregular_crushers_b1000_ph0
screen,irregular_crushers,1000,0,0.8,6,0.12186734437390509,0.11463080356634776,0.009784836802450052,0.3127283632382394,0.6464611204511406,-139.26662555202773,8.868619584944339e-07,runs/improve_screen_irregular_crushers_b1000_ph0
screen,irregular_crushers,1000,0,0.8,7,0.08096714059613097,0.08497560771586703,0.007706246805888997,0.5632257068281766,0.45839782316232025,60.95835216572118,1.3537162186534986e-06,runs/improve_screen_irregular_crushers_b1000_ph0
screen,irregular_crushers,1000,0,0.8,8,0.06675095033509916,0.08478905530814396,0.019368684997691826,0.6458513665183376,0.44985019570262075,-24.209281125882153,2.5783708806331046e-06,runs/improve_screen_irregular_crushers_b1000_ph0
screen,irregular_crushers,1000,90,0.8,1,0.49180550937401357,0.4908112020452584,0.0009943073287591413,0.002017669842923321,0.9959646603141618,-179.99983755027523,6.3054302272902574e-09,runs/improve_screen_irregular_crushers_b1000_ph90
screen,irregular_crushers,1000,90,0.8,2,0.405705044047879,0.4012838267020751,0.004421217345818789,0.012487635937756538,0.9767508345785909,179.99985226131946,2.320349861952916e-07,runs/improve_screen_irregular_crushers_b1000_ph90
screen,irregular_crushers,1000,90,0.8,3,0.269656374163623,0.2719221938075124,0.002265819644007642,0.04794578180316133,0.9600539666037844,0.0005877887589935517,2.4534828663819945e-07,runs/improve_screen_irregular_crushers_b1000_ph90
screen,irregular_crushers,1000,90,0.8,4,0.22240177845735018,0.2152315476855377,0.00717023077181266,0.10138880814729621,0.8696399773938547,-179.99998742687754,2.31097362538068e-07,runs/improve_screen_irregular_crushers_b1000_ph90
screen,irregular_crushers,1000,90,0.8,5,0.14779137867177183,0.12945265007393997,0.018338728597848044,0.26720613320621966,0.6418649644311308,179.99992880102087,3.7850632156163866e-07,runs/improve_screen_irregular_crushers_b1000_ph90
screen,irregular_crushers,1000,90,0.8,6,0.12186734437390505,0.12335626286676805,0.0014889184930483048,0.31272836323823944,0.6956684017429947,-0.0009094394911318578,2.2127436819794404e-07,runs/improve_screen_irregular_crushers_b1000_ph90
screen,irregular_crushers,1000,90,0.8,7,0.08096714059613097,0.061111144275718385,0.019855996320543464,0.5632257068281765,0.3296618436741941,-179.9998192610686,5.052346031037973e-06,runs/improve_screen_irregular_crushers_b1000_ph90
screen,irregular_crushers,1000,90,0.8,8,0.06675095033509913,0.06724499789410099,0.0004940475610888944,0.6458513665183377,0.35676981365987853,0.005285913412537607,4.192222795235776e-06,runs/improve_screen_irregular_crushers_b1000_ph90
screen,linear_crushers,1000,0,0.8,1,0.4918055093740136,0.4918741430933228,0.0009290215216440692,0.0020176698429233207,0.9981216031782567,85.81724151890087,5.1906272226903744e-08,runs/improve_screen_linear_crushers_b1000_ph0
screen,linear_crushers,1000,0,0.8,2,0.4057050440478791,0.40560346278717363,0.004484851893381074,0.012487635937756534,0.9872651086919311,-91.61447954506623,1.859208790729636e-07,runs/improve_screen_linear_crushers_b1000_ph0
screen,linear_crushers,1000,0,0.8,3,0.26965633907099695,0.27105878409441114,0.008066733921884114,0.0382042148633906,0.9667979509193706,80.83082798266184,2.4362696438570266e-07,runs/improve_screen_linear_crushers_b1000_ph0
screen,linear_crushers,1000,0,0.8,4,0.222401777557332,0.2210637933735821,0.004563137469259542,0.09881547686580533,0.8957629358976317,-107.61338782200754,2.268446558810722e-07,runs/improve_screen_linear_crushers_b1000_ph0
screen,linear_crushers,1000,0,0.8,5,0.14779136702173049,0.15957490930605836,0.014253077239618184,0.1859216544483524,0.878985564429683,35.75973564935234,5.173434114064044e-07,runs/improve_screen_linear_crushers_b1000_ph0
screen,linear_crushers,1000,0,0.8,6,0.12186734211601115,0.1361168807897878,0.014279023895627076,0.30467025747113197,0.7766323120701012,-3.892332450871363,2.5556128346440647e-06,runs/improve_screen_linear_crushers_b1000_ph0
screen,linear_crushers,1000,0,0.8,7,0.08096709960523149,0.11006633013963482,0.029648033247598946,0.44457772475702756,0.7550386738794599,12.8967018106042,3.668853512998406e-05,runs/improve_screen_linear_crushers_b1000_ph0
screen,linear_crushers,1000,0,0.8,8,0.0667509461532435,0.10088177922954852,0.0341423936867056,0.5694529693598062,0.6506926567492732,1.8331147350234345,3.3202961573975567e-06,runs/improve_screen_linear_crushers_b1000_ph0
screen,linear_crushers,1000,90,0.8,1,0.49180550937401357,0.4908112020452584,0.0009943073287591413,0.002017669842923321,0.9959646603141618,-179.99983755027523,6.3054302272902574e-09,runs/improve_screen_linear_crushers_b1000_ph90
screen,linear_crushers,1000,90,0.8,2,0.405705044047879,0.4012838267020751,0.004421217345818789,0.012487635937756538,0.9767508345785909,179.99985226131946,2.320349861952916e-07,runs/improve_screen_linear_crushers_b1000_ph90
screen,linear_crushers,1000,90,0.8,3,0.2696563390709969,0.2598900313005734,0.009766307770469185,0.03820421486339061,0.9269618417466596,-179.99982789735589,4.148012860734034e-07,runs/improve_screen_linear_crushers_b1000_ph90
screen,linear_crushers,1000,90,0.8,4,0.22240177755733187,0.21612145683940184,0.006280320717943879,0.09881547686580539,0.8757363100242136,179.9998813517261,4.513052469865285e-07,runs/improve_screen_linear_crushers_b1000_ph90
screen,linear_crushers,1000,90,0.8,5,0.14779136702173043,0.14418915537752733,0.0036022116444337517,0.18592165444835246,0.7942363036601982,-179.9993595978783,3.701296132918563e-07,runs/improve_screen_linear_crushers_b1000_ph90
screen,linear_crushers,1000,90,0.8,6,0.12186734211601113,0.13323637917021644,0.01136903705420765,0.3046702574711321,0.760197240830229,3.848674322211403e-05,6.928495280263618e-06,runs/improve_screen_linear_crushers_b1000_ph90
screen,linear_crushers,1000,90,0.8,7,0.0809670996052315,0.09697414209611152,0.016007042490910558,0.44457772475702745,0.6652282088078827,-0.00012249919535779012,1.9286914104981523e-05,runs/improve_screen_linear_crushers_b1000_ph90
screen,linear_crushers,1000,90,0.8,8,0.06675094615324349,0.10041346403825833,0.033662517885014856,0.5694529693598062,0.6476719997154271,2.0891162413657242e-06,3.2644691746265554e-06,runs/improve_screen_linear_crushers_b1000_ph90
screen,phase_alternate,1000,0,0.8,1,0.4918055093740136,0.4918741430933228,0.0009290215216440692,0.0020176698429233207,0.9981216031782567,85.81724151890087,5.1906272226903744e-08,runs/improve_screen_phase_alternate_b1000_ph0
screen,phase_alternate,1000,0,0.8,2,0.4057050440478791,0.4063639234098724,0.004273514860326729,0.012487635937756534,0.9891161191201101,81.42894563870635,2.149573060385936e-07,runs/improve_screen_phase_alternate_b1000_ph0
screen,phase_alternate,1000,0,0.8,3,0.26965632187404015,0.1944049048815007,0.07525483736883935,0.24417538771374347,0.5449010460331151,-179.53617415424011,1.194653631928302e-07,runs/improve_screen_phase_alternate_b1000_ph0
screen,phase_alternate,1000,0,0.8,4,0.22240177946923828,0.06341835887604372,0.1590064919267181,0.4452177639247954,0.15819738056699206,179.47884499060785,1.0273924759765481e-06,runs/improve_screen_phase_alternate_b1000_ph0
screen,phase_alternate,1000,0,0.8,5,0.14779136005718144,0.08568833136385402,0.233476759653329,0.6669295093424582,0.19311179327358832,-179.78136814043484,3.4215158766790895e-07,runs/improve_screen_phase_alternate_b1000_ph0
screen,phase_alternate,1000,0,0.8,6,0.12186734638037412,0.12546620800196087,0.2473326939085772,0.772111228214572,0.23461854952432523,179.84664964868932,3.347709718633862e-07,runs/improve_screen_phase_alternate_b1000_ph0
screen,phase_alternate,1000,0,0.8,7,0.08096712042560121,0.14960141036355654,0.2305685294481677,0.8740615181218521,0.2326941406459961,-179.99160029775405,6.568721745973848e-07,runs/improve_screen_phase_alternate_b1000_ph0
screen,phase_alternate,1000,0,0.8,8,0.06675095194006755,0.09921005756368508,0.16595971078345553,0.9161819677002013,0.12457637782909842,179.7236609703737,5.28675369894075e-07,runs/improve_screen_phase_alternate_b1000_ph0
screen,phase_alternate,1000,90,0.8,1,0.49180550937401357,0.4908112020452584,0.0009943073287591413,0.002017669842923321,0.9959646603141618,-179.99983755027523,6.3054302272902574e-09,runs/improve_screen_phase_alternate_b1000_ph90
screen,phase_alternate,1000,90,0.8,2,0.405705044047879,0.40936005819116494,0.0036550141432861697,0.012487635937756538,0.996408905306358,1.6697141789636187e-05,1.2841743061258392e-07,runs/improve_screen_phase_alternate_b1000_ph90
screen,phase_alternate,1000,90,0.8,3,0.2696563218740402,0.3470117579934068,0.07735543611951312,0.24417538771374345,0.9726455720428212,-0.00012652607806505072,3.750844369937279e-08,runs/improve_screen_phase_alternate_b1000_ph90
screen,phase_alternate,1000,90,0.8,4,0.22240177946923828,0.2665009397691514,0.044099160300338024,0.4452177639247954,0.6647877891719983,0.0002753313769141863,8.206757054347126e-07,runs/improve_screen_phase_alternate_b1000_ph90
screen,phase_alternate,1000,90,0.8,5,0.14779136005718146,0.24679867057866434,0.09900731052413787,0.6669295093424582,0.5561986456546614,-0.0005422303216650946,2.765869185019743e-07,runs/improve_screen_phase_alternate_b1000_ph90
screen,phase_alternate,1000,90,0.8,6,0.12186734638037411,0.17545344104222002,0.053586094669216516,0.772111228214572,0.3280933767101181,0.0011402512030110337,1.7946087092088906e-07,runs/improve_screen_phase_alternate_b1000_ph90
screen,phase_alternate,1000,90,0.8,7,0.0809671204256012,0.16985457219762257,0.08888745178139991,0.8740615181218521,0.26419646456720386,-0.0012055064584084554,4.0483807222375737e-07,runs/improve_screen_phase_alternate_b1000_ph90
screen,phase_alternate,1000,90,0.8,8,0.06675095194006754,0.12122702560883401,0.05447607368688529,0.9161819677002013,0.15222270923136583,0.001991456155561713,2.4894827658284375e-07,runs/improve_screen_phase_alternate_b1000_ph90
screen,phase_quadratic,1000,0,0.8,1,0.4918055093740136,0.4918741430933228,0.0009290215216440692,0.0020176698429233207,0.9981216031782567,85.81724151890087,5.1906272226903744e-08,runs/improve_screen_phase_quadratic_b1000_ph0
screen,phase_quadratic,1000,0,0.8,2,0.40570504404787905,0.4014737894563643,0.004605737339366651,0.012487635937756536,0.9772132162307887,-156.86441290781863,1.0562471851625548e-07,runs/improve_screen_phase_quadratic_b1000_ph0
screen,phase_quadratic,1000,0,0.8,3,0.2696563218740402,0.3084148701023547,0.07619531003068399,0.24417538771374345,0.8644616525152925,-66.17477716954902,1.8333966343127762e-07,runs/improve_screen_phase_quadratic_b1000_ph0
screen,phase_quadratic,1000,0,0.8,4,0.22240177946923834,0.3108987695063875,0.10023907566526342,0.44521776392479534,0.7755383745193467,33.57581068956991,1.2680200487319966e-07,runs/improve_screen_phase_quadratic_b1000_ph0
screen,phase_quadratic,1000,0,0.8,5,0.1477913600571815,0.20771104165689092,0.06728462951414814,0.6669295093424581,0.46810868059460725,-32.495422431977694,8.70571798434154e-08,runs/improve_screen_phase_quadratic_b1000_ph0
screen,phase_quadratic,1000,0,0.8,6,0.12186734638037415,0.18473319136571126,0.06568710937971683,0.7721112282145719,0.34544626873990963,-20.869085990831994,2.0755482140753285e-07,runs/improve_screen_phase_quadratic_b1000_ph0
screen,phase_quadratic,1000,0,0.8,7,0.08096712042560124,0.17079029028919898,0.09054836183545471,0.8740615181218518,0.2656519061748541,10.557867489807602,3.250982210881104e-07,runs/improve_screen_phase_quadratic_b1000_ph0
screen,phase_quadratic,1000,0,0.8,8,0.06675095194006757,0.1356655958175103,0.06931428884648862,0.9161819677002013,0.17035297567610996,8.786477330052605,2.047250616672185e-07,runs/improve_screen_phase_quadratic_b1000_ph0
screen,phase_quadratic,1000,90,0.8,1,0.49180550937401357,0.4908112020452584,0.0009943073287591413,0.002017669842923321,0.9959646603141618,-179.99983755027523,6.3054302272902574e-09,runs/improve_screen_phase_quadratic_b1000_ph90
screen,phase_quadratic,1000,90,0.8,2,0.40570504404787894,0.4040114960468959,0.004200417714792308,0.01248763593775654,0.9833901584977834,114.04918949177411,2.705234188370948e-07,runs/improve_screen_phase_quadratic_b1000_ph90
screen,phase_quadratic,1000,90,0.8,3,0.2696563218740401,0.2469672747318047,0.07481692289864644,0.2441753877137435,0.6922290691139545,115.41864418881256,1.0704213670783197e-07,runs/improve_screen_phase_quadratic_b1000_ph90
screen,phase_quadratic,1000,90,0.8,4,0.22240177946923823,0.22824434556774817,0.04776533855322099,0.44521776392479545,0.5693565434044175,89.05231107752202,3.877832683396404e-07,runs/improve_screen_phase_quadratic_b1000_ph90
screen,phase_quadratic,1000,90,0.8,5,0.1477913600571814,0.2167796823351246,0.07278526857746756,0.6669295093424583,0.4885462528527392,22.659232537293317,2.598835146524373e-07,runs/improve_screen_phase_quadratic_b1000_ph90
screen,phase_quadratic,1000,90,0.8,6,0.12186734638037408,0.25250426053280817,0.13173787079274493,0.772111228214572,0.4721764074833114,-10.689589532517203,3.88404841275358e-07,runs/improve_screen_phase_quadratic_b1000_ph90
screen,phase_quadratic,1000,90,0.8,7,0.08096712042560117,0.18472097014873756,0.1040725834875022,0.874061518121852,0.28732006806351695,-6.779972458863287,1.1411115805418278e-07,runs/improve_screen_phase_quadratic_b1000_ph90
screen,phase_quadratic,1000,90,0.8,8,0.06675095194006753,0.11754112370229909,0.05186698848816889,0.9161819677002013,0.1475943850490647,15.57613748178847,1.3473362363884996e-07,runs/improve_screen_phase_quadratic_b1000_ph90
screen,phase_xy,1000,0,0.8,1,0.4918055093740136,0.4918741430933228,0.0009290215216440692,0.0020176698429233207,0.9981216031782567,85.81724151890087,5.1906272226903744e-08,runs/improve_screen_phase_xy_b1000_ph0
screen,phase_xy,1000,0,0.8,2,0.405705044047879,0.4011359950562698,0.004575560487842016,0.012487635937756538,0.976391002774244,176.96019542618873,2.266898314826547e-07,runs/improve_screen_phase_xy_b1000_ph0
screen,phase_xy,1000,0,0.8,3,0.2696563218740402,0.27655948786684725,0.08075259442483605,0.24417538771374356,0.775173621884104,-93.62080122839909,3.8196839926706626e-08,runs/improve_screen_phase_xy_b1000_ph0
screen,phase_xy,1000,0,0.8,4,0.22240177946923828,0.28666103981619906,0.06443612723426718,0.44521776392479545,0.7150772491317731,4.821770449599986,2.3646123914955146e-07,runs/improve_screen_phase_xy_b1000_ph0
screen,phase_xy,1000,0,0.8,5,0.14779136005718146,0.24369275811964206,0.09689601140197222,0.6669295093424583,0.5491989957003901,10.567372450084347,1.103369047461017e-07,runs/improve_screen_phase_xy_b1000_ph0
screen,phase_xy,1000,0,0.8,6,0.1218673463803741,0.17734584746814283,0.05548369319639343,0.772111228214572,0.3316321275644803,-0.9455876173152046,6.705730397341998e-07,runs/improve_screen_phase_xy_b1000_ph0
screen,phase_xy,1000,0,0.8,7,0.08096712042560118,0.11481189521700322,0.05851886597544661,0.8740615181218521,0.17858157372002184,-70.25340563967012,7.534576160194506e-08,runs/improve_screen_phase_xy_b1000_ph0
screen,phase_xy,1000,0,0.8,8,0.06675095194006753,0.12786873241055505,0.06117506520725357,0.9161819677002013,0.16056258722639832,3.432708372531778,4.73772781203552e-07,runs/improve_screen_phase_xy_b1000_ph0
screen,phase_xy,1000,90,0.8,1,0.49180550937401357,0.4908112020452584,0.0009943073287591413,0.002017669842923321,0.9959646603141618,-179.99983755027523,6.3054302272902574e-09,runs/improve_screen_phase_xy_b1000_ph90
screen,phase_xy,1000,90,0.8,2,0.405705044047879,0.4058000198990587,0.0040388076438582065,0.012487635937756538,0.9877435414377858,88.93761522201191,1.0664876419237777e-07,runs/improve_screen_phase_xy_b1000_ph90
screen,phase_xy,1000,90,0.8,3,0.26965632187404015,0.28180000461098265,0.07170161237961602,0.24417538771374347,0.7898623616428774,87.69449906574297,8.378708694345039e-08,runs/improve_screen_phase_xy_b1000_ph90
screen,phase_xy,1000,90,0.8,4,0.22240177946923825,0.29074897796125077,0.06834719857332595,0.44521776392479545,0.7252746291638092,-0.0031955709543905904,1.2305343615468868e-07,runs/improve_screen_phase_xy_b1000_ph90
screen,phase_xy,1000,90,0.8,5,0.14779136005718146,0.24124247665189474,0.09428569717873804,0.6669295093424583,0.5436769107124997,-9.760042923131556,1.247676546066148e-07,runs/improve_screen_phase_xy_b1000_ph90
screen,phase_xy,1000,90,0.8,6,0.12186734638037411,0.17927606549454556,0.057465512930257,0.772111228214572,0.3352415851294466,3.0902173295074054,4.4595080626256984e-07,runs/improve_screen_phase_xy_b1000_ph90
screen,phase_xy,1000,90,0.8,7,0.08096712042560116,0.11693394795618077,0.05473772534608592,0.8740615181218521,0.1818822728066709,62.29024568252988,7.218472025880541e-08,runs/improve_screen_phase_xy_b1000_ph90
screen,phase_xy,1000,90,0.8,8,0.06675095194006754,0.12988285735755492,0.0631323512471244,0.9161819677002013,0.16309168958309644,-0.30036143544784666,7.559308238924525e-07,runs/improve_screen_phase_xy_b1000_ph90
screen,post_off,1000,0,0.8,1,0.4918055093740136,0.4918741430933228,0.0009290215216440692,0.0020176698429233207,0.9981216031782567,85.81724151890087,5.1906272226903744e-08,runs/improve_screen_post_off_b1000_ph0
screen,post_off,1000,0,0.8,2,0.4057050440478791,0.40560346278717363,0.004484851893381074,0.012487635937756534,0.9872651086919311,-91.61447954506623,1.859208790729636e-07,runs/improve_screen_post_off_b1000_ph0
screen,post_off,1000,0,0.8,3,0.2696563218740402,0.34630122962674353,0.07705301113861752,0.24417538771374356,0.9706540191523886,6.688429690263257,7.851411782867367e-09,runs/improve_screen_post_off_b1000_ph0
screen,post_off,1000,0,0.8,4,0.2224017794692383,0.2654832868539148,0.043683836486395955,0.4452177639247954,0.6622492494120612,-10.41568871615114,1.6875162492860554e-07,runs/improve_screen_post_off_b1000_ph0
screen,post_off,1000,0,0.8,5,0.14779136005718152,0.24590032485047184,0.09825524728252517,0.6669295093424582,0.5541740858133186,4.034272683919795,2.47169568359271e-07,runs/improve_screen_post_off_b1000_ph0
screen,post_off,1000,0,0.8,6,0.12186734638037415,0.17488043647467955,0.053071133281195976,0.772111228214572,0.32702187305468705,-3.2107306210008004,1.7618137550236753e-07,runs/improve_screen_post_off_b1000_ph0
screen,post_off,1000,0,0.8,7,0.08096712042560121,0.1698037786517086,0.08883738958072313,0.8740615181218521,0.26411745889146787,0.3366853037515713,1.0856345891407465e-07,runs/improve_screen_post_off_b1000_ph0
screen,post_off,1000,0,0.8,8,0.06675095194006757,0.1204705721166085,0.053744779812111905,0.9161819677002013,0.1512728434781165,2.355519331148491,7.474419763577337e-08,runs/improve_screen_post_off_b1000_ph0
screen,post_off,1000,90,0.8,1,0.49180550937401357,0.4908112020452584,0.0009943073287591413,0.002017669842923321,0.9959646603141618,-179.99983755027523,6.3054302272902574e-09,runs/improve_screen_post_off_b1000_ph90
screen,post_off,1000,90,0.8,2,0.405705044047879,0.4012838267020751,0.004421217345818789,0.012487635937756538,0.9767508345785909,179.99985226131946,2.320349861952916e-07,runs/improve_screen_post_off_b1000_ph90
screen,post_off,1000,90,0.8,3,0.26965632187404015,0.18378950857574847,0.08586681329987918,0.24417538771374347,0.5151469585290662,-179.99971236885716,7.008821575651634e-08,runs/improve_screen_post_off_b1000_ph90
screen,post_off,1000,90,0.8,4,0.22240177946923823,0.05320311181419983,0.16919866765895622,0.44521776392479545,0.13271540096882847,179.99980929611027,1.6399384574695517e-06,runs/improve_screen_post_off_b1000_ph90
screen,post_off,1000,90,0.8,5,0.1477913600571814,0.09527275582684341,0.2430641158814093,0.6669295093424583,0.21471176337551381,-179.9997865885642,7.955561132095695e-07,runs/improve_screen_post_off_b1000_ph90
screen,post_off,1000,90,0.8,6,0.1218673463803741,0.1307576093171604,0.2526249556963206,0.772111228214572,0.24451333252042745,179.99981601485058,4.126046554724531e-07,runs/improve_screen_post_off_b1000_ph90
screen,post_off,1000,90,0.8,7,0.08096712042560118,0.15172585925347928,0.23269297967824523,0.8740615181218521,0.23599856677129513,-179.9997898525353,3.8755608689543e-07,runs/improve_screen_post_off_b1000_ph90
screen,post_off,1000,90,0.8,8,0.06675095194006753,0.09757101105213878,0.16432196299150914,0.9161819677002013,0.12251825506900639,179.99979821406828,8.077381254324466e-07,runs/improve_screen_post_off_b1000_ph90
screen,prephaser100,1000,0,0.8,1,0.49180482939331915,0.49187312220710416,0.001044607944439868,0.002251165957276076,0.9978873830590309,86.31224556640893,6.000765853849649e-09,runs/improve_screen_prephaser100_b1000_ph0
screen,prephaser100,1000,0,0.8,2,0.4057055567868058,0.40573902380857985,0.004746806164707121,0.013375758519814323,0.9867056290146181,-89.931207395177,1.6449979646196904e-07,runs/improve_screen_prephaser100_b1000_ph0
screen,prephaser100,1000,0,0.8,3,0.2696559490921523,0.3462580692004537,0.07706073738157992,0.24601452795183962,0.9681727943905637,7.090259091287017,3.325911025460641e-08,runs/improve_screen_prephaser100_b1000_ph0
screen,prephaser100,1000,0,0.8,4,0.22240206076564548,0.2655799153445109,0.04384609161356863,0.4468416576170845,0.6605502900306649,-10.95469732500483,2.92230494370384e-07,runs/improve_screen_prephaser100_b1000_ph0
screen,prephaser100,1000,0,0.8,5,0.1477911655099139,0.2458771480726679,0.0982494759542636,0.6681636501180309,0.5520693679782191,4.265106875743789,2.8749602197746095e-07,runs/improve_screen_prephaser100_b1000_ph0
screen,prephaser100,1000,0,0.8,6,0.12186750070315966,0.17492371559202521,0.053120158513925236,0.7730208630073477,0.3257967364189708,-3.3689085272573727,1.290826561090036e-07,runs/improve_screen_prephaser100_b1000_ph0
screen,prephaser100,1000,0,0.8,7,0.08096700838474859,0.16976772351023944,0.08880153480814092,0.8746105360272585,0.2629105888372094,0.3564716581145745,3.806535536841364e-07,runs/improve_screen_prephaser100_b1000_ph0
screen,prephaser100,1000,0,0.8,8,0.06675103261428855,0.1205188926537159,0.05379605898179312,0.9165633788173342,0.1506446986342195,2.4930847716515316,2.1716571609971338e-07,runs/improve_screen_prephaser100_b1000_ph0
screen,prephaser100,1000,90,0.8,1,0.4918048293933192,0.49069519713740994,0.001109632255913633,0.002251165957276076,0.995497668085457,-179.9998387059819,2.2772466351656164e-08,runs/improve_screen_prephaser100_b1000_ph90
screen,prephaser100,1000,90,0.8,2,0.4057055567868058,0.4009146267969255,0.004790929989897368,0.013375758519814323,0.9749733099408521,179.99984773383025,1.7970156690531264e-07,runs/improve_screen_prephaser100_b1000_ph90
screen,prephaser100,1000,90,0.8,3,0.26965594909215235,0.18292386404747926,0.08673208504626795,0.2460145279518396,0.5114737369861574,-179.99971382133296,3.8405764521244327e-07,runs/improve_screen_prephaser100_b1000_ph90
screen,prephaser100,1000,90,0.8,4,0.22240206076564542,0.052252444210346256,0.17014961655930472,0.4468416576170845,0.12996226440234362,179.99980943766565,1.3768832976603538e-06,runs/improve_screen_prephaser100_b1000_ph90
screen,prephaser100,1000,90,0.8,5,0.1477911655099138,0.09626827582155269,0.24405944132887403,0.6681636501180311,0.2161517107456045,-179.9997868601013,3.669357673403854e-07,runs/improve_screen_prephaser100_b1000_ph90
screen,prephaser100,1000,90,0.8,6,0.12186750070315963,0.13144681656555415,0.2533143172675038,0.7730208630073477,0.24482068486128725,179.99981607732664,1.741367183736741e-07,runs/improve_screen_prephaser100_b1000_ph90
screen,prephaser100,1000,90,0.8,7,0.0809670083847486,0.15211456341038365,0.2330815717942987,0.8746105360272585,0.2355720428478672,-179.99978997285186,3.381340997070224e-07,runs/improve_screen_prephaser100_b1000_ph90
screen,prephaser100,1000,90,0.8,8,0.06675103261428855,0.09755869092126412,0.16430972353485515,0.9165633788173341,0.12194519273596784,179.999798167999,4.702821706723667e-07,runs/improve_screen_prephaser100_b1000_ph90
screen,varying,1000,0,0.8,1,0.4918055093740136,0.4918741430933228,0.0009290215216440692,0.0020176698429233207,0.9981216031782567,85.81724151890087,5.1906272226903744e-08,runs/improve_screen_varying_b1000_ph0
screen,varying,1000,0,0.8,2,0.4057050440478791,0.40560346278717363,0.004484851893381074,0.012487635937756534,0.9872651086919311,-91.61447954506623,1.859208790729636e-07,runs/improve_screen_varying_b1000_ph0
screen,varying,1000,0,0.8,3,0.2696563571817968,0.2534102202384172,0.016420398465006644,0.0850333393633335,0.8598421539397649,171.90270301290505,4.327262364847788e-07,runs/improve_screen_varying_b1000_ph0
screen,varying,1000,0,0.8,4,0.22240177793513785,0.21478338594118512,0.007677383506528309,0.10196450443724904,0.8672732125756251,173.01613138826445,1.4851466791560004e-07,runs/improve_screen_varying_b1000_ph0
screen,varying,1000,0,0.8,5,0.14779139691730803,0.15126581231110434,0.005002721131491587,0.21164481718708467,0.806888557827138,46.70587685214169,2.0662477167149117e-07,runs/improve_screen_varying_b1000_ph0
screen,varying,1000,0,0.8,6,0.12186734247129122,0.13326558994250853,0.01327783283014977,0.299635787783506,0.7658692478474164,-32.423264313182045,2.347839574472484e-07,runs/improve_screen_varying_b1000_ph0
screen,varying,1000,0,0.8,7,0.08096706185027554,0.08875122056921435,0.011061615097692448,0.4075750444935986,0.6493805838488221,47.99257274372132,6.248811620953068e-08,runs/improve_screen_varying_b1000_ph0
screen,varying,1000,0,0.8,8,0.06675094542250075,0.06274558517085396,0.006634762133162069,0.5008288507095406,0.46921861052892,-129.44066876824232,6.094358148507163e-06,runs/improve_screen_varying_b1000_ph0
screen,varying,1000,90,0.8,1,0.49180550937401357,0.4908112020452584,0.0009943073287591413,0.002017669842923321,0.9959646603141618,-179.99983755027523,6.3054302272902574e-09,runs/improve_screen_varying_b1000_ph90
screen,varying,1000,90,0.8,2,0.405705044047879,0.4012838267020751,0.004421217345818789,0.012487635937756538,0.9767508345785909,179.99985226131946,2.320349861952916e-07,runs/improve_screen_varying_b1000_ph90
screen,varying,1000,90,0.8,3,0.26965635718179676,0.283269443973861,0.013613086792284044,0.08503333936333352,0.9611570070956409,0.0003337051702590272,3.467133068122221e-07,runs/improve_screen_varying_b1000_ph90
screen,varying,1000,90,0.8,4,0.22240177793513774,0.24088200026295678,0.01848022232793893,0.10196450443724908,0.9726567318242384,-0.00021479862999083097,4.085533575194469e-07,runs/improve_screen_varying_b1000_ph90
screen,varying,1000,90,0.8,5,0.14779139691730797,0.1668105529997721,0.019019156082504,0.21164481718708475,0.8898079776513571,0.0001246529858472606,7.400958442970804e-07,runs/improve_screen_varying_b1000_ph90
screen,varying,1000,90,0.8,6,0.12186734247129115,0.12158179729108845,0.00028554518183630855,0.2996357877835061,0.6987232014163118,179.99387840304556,1.47168437866399e-07,runs/improve_screen_varying_b1000_ph90
screen,varying,1000,90,0.8,7,0.08096706185027552,0.08533440367411378,0.004367341823845315,0.4075750444935986,0.6243802003497071,-0.00010570208064194883,1.3287439782339547e-06,runs/improve_screen_varying_b1000_ph90
screen,varying,1000,90,0.8,8,0.06675094542250072,0.07384080355309748,0.007089858130654167,0.5008288507095408,0.5521899134286422,-0.00024250033965637533,1.804765532804918e-06,runs/improve_screen_varying_b1000_ph90
